7.0400000e+002 2.1849891e-003 2.1849891e-003 2.4316545e-003
7.0400899e+002 2.2642500e-003 2.2642500e-003 2.5183456e-003
7.0401798e+002 2.3430440e-003 2.3430440e-003 2.6055682e-003
7.0402697e+002 2.4214198e-003 2.4214198e-003 2.6930570e-003
7.0403596e+002 2.4994258e-003 2.4994258e-003 2.7805466e-003
7.0404495e+002 2.5771105e-003 2.5771105e-003 2.8677716e-003
7.0405395e+002 2.6545225e-003 2.6545225e-003 2.9544667e-003
7.0406294e+002 2.7316627e-003 2.7316627e-003 3.0403853e-003
7.0407193e+002 2.8083378e-003 2.8083378e-003 3.1253578e-003
7.0408092e+002 2.8843051e-003 2.8843051e-003 3.2092338e-003
7.0408991e+002 2.9593314e-003 2.9593314e-003 3.2919082e-003
7.0409890e+002 3.0332211e-003 3.0332211e-003 3.3734612e-003
7.0410789e+002 3.1057883e-003 3.1057883e-003 3.4540206e-003
7.0411688e+002 3.1769168e-003 3.1769168e-003 3.5336355e-003
7.0412587e+002 3.2467792e-003 3.2467792e-003 3.6120297e-003
7.0413486e+002 3.3156229e-003 3.3156229e-003 3.6888421e-003
7.0414386e+002 3.3835866e-003 3.3835866e-003 3.7638025e-003
7.0415285e+002 3.4503547e-003 3.4503547e-003 3.8370198e-003
7.0416184e+002 3.5154930e-003 3.5154930e-003 3.9087017e-003
7.0417083e+002 3.5786961e-003 3.5786961e-003 3.9790074e-003
7.0417982e+002 3.6402025e-003 3.6402025e-003 4.0478897e-003
7.0418881e+002 3.7003942e-003 3.7003942e-003 4.1152473e-003
7.0419780e+002 3.7595381e-003 3.7595381e-003 4.1809676e-003
7.0420679e+002 3.8174094e-003 3.8174094e-003 4.2448919e-003
7.0421578e+002 3.8736524e-003 3.8736524e-003 4.3068490e-003
7.0422478e+002 3.9280134e-003 3.9280134e-003 4.3667586e-003
7.0423377e+002 3.9806766e-003 3.9806766e-003 4.4249327e-003
7.0424276e+002 4.0319441e-003 4.0319441e-003 4.4817887e-003
7.0425175e+002 4.0820541e-003 4.0820541e-003 4.5376196e-003
7.0426074e+002 4.1309677e-003 4.1309677e-003 4.5921815e-003
7.0426973e+002 4.1785710e-003 4.1785710e-003 4.6450845e-003
7.0427872e+002 4.2247908e-003 4.2247908e-003 4.6960594e-003
7.0428771e+002 4.2697320e-003 4.2697320e-003 4.7453654e-003
7.0429670e+002 4.3135485e-003 4.3135485e-003 4.7934060e-003
7.0430569e+002 4.3563508e-003 4.3563508e-003 4.8405066e-003
7.0431469e+002 4.3980597e-003 4.3980597e-003 4.8866457e-003
7.0432368e+002 4.4385435e-003 4.4385435e-003 4.9317065e-003
7.0433267e+002 4.4777457e-003 4.4777457e-003 4.9755989e-003
7.0434166e+002 4.5159462e-003 4.5159462e-003 5.0183537e-003
7.0435065e+002 4.5535181e-003 4.5535181e-003 5.0600350e-003
7.0435964e+002 4.5907419e-003 4.5907419e-003 5.1007317e-003
7.0436863e+002 4.6274815e-003 4.6274815e-003 5.1406420e-003
7.0437762e+002 4.6634830e-003 4.6634830e-003 5.1799951e-003
7.0438661e+002 4.6985701e-003 4.6985701e-003 5.2189511e-003
7.0439560e+002 4.7329153e-003 4.7329153e-003 5.2573564e-003
7.0440459e+002 4.7667903e-003 4.7667903e-003 5.2949685e-003
7.0441359e+002 4.8004137e-003 4.8004137e-003 5.3316341e-003
7.0442258e+002 4.8337604e-003 4.8337604e-003 5.3676079e-003
7.0443157e+002 4.8667356e-003 4.8667356e-003 5.4032616e-003
7.0444056e+002 4.8992736e-003 4.8992736e-003 5.4388937e-003
7.0444955e+002 4.9314431e-003 4.9314431e-003 5.4744655e-003
7.0445854e+002 4.9633513e-003 4.9633513e-003 5.5098409e-003
7.0446753e+002 4.9950951e-003 4.9950951e-003 5.5449278e-003
7.0447652e+002 5.0267235e-003 5.0267235e-003 5.5798393e-003
7.0448551e+002 5.0582710e-003 5.0582710e-003 5.6147483e-003
7.0449451e+002 5.0897851e-003 5.0897851e-003 5.6497771e-003
7.0450350e+002 5.1213713e-003 5.1213713e-003 5.6848095e-003
7.0451249e+002 5.1531525e-003 5.1531525e-003 5.7196590e-003
7.0452148e+002 5.1852125e-003 5.1852125e-003 5.7541938e-003
7.0453047e+002 5.2174493e-003 5.2174493e-003 5.7885404e-003
7.0453946e+002 5.2497059e-003 5.2497059e-003 5.8229022e-003
7.0454845e+002 5.2818658e-003 5.2818658e-003 5.8574697e-003
7.0455744e+002 5.3140069e-003 5.3140069e-003 5.8923729e-003
7.0456643e+002 5.3462652e-003 5.3462652e-003 5.9277235e-003
7.0457542e+002 5.3787557e-003 5.3787557e-003 5.9635793e-003
7.0458442e+002 5.4114913e-003 5.4114913e-003 5.9997380e-003
7.0459341e+002 5.4444541e-003 5.4444541e-003 6.0359188e-003
7.0460240e+002 5.4776200e-003 5.4776200e-003 6.0719162e-003
7.0461139e+002 5.5109337e-003 5.5109337e-003 6.1078914e-003
7.0462038e+002 5.5443308e-003 5.5443308e-003 6.1441176e-003
7.0462937e+002 5.5777926e-003 5.5777926e-003 6.1808214e-003
7.0463836e+002 5.6115256e-003 5.6115256e-003 6.2180000e-003
7.0464735e+002 5.6458059e-003 5.6458059e-003 6.2555800e-003
7.0465634e+002 5.6808326e-003 5.6808326e-003 6.2935007e-003
7.0466533e+002 5.7164233e-003 5.7164233e-003 6.3317628e-003
7.0467432e+002 5.7522773e-003 5.7522773e-003 6.3703866e-003
7.0468332e+002 5.7881583e-003 5.7881583e-003 6.4093886e-003
7.0469231e+002 5.8241537e-003 5.8241537e-003 6.4487672e-003
7.0470130e+002 5.8604517e-003 5.8604517e-003 6.4885154e-003
7.0471029e+002 5.8972053e-003 5.8972053e-003 6.5286281e-003
7.0471928e+002 5.9343875e-003 5.9343875e-003 6.5691103e-003
7.0472827e+002 5.9719148e-003 5.9719148e-003 6.6099705e-003
7.0473726e+002 6.0097333e-003 6.0097333e-003 6.6512124e-003
7.0474625e+002 6.0479407e-003 6.0479407e-003 6.6928172e-003
7.0475524e+002 6.0866829e-003 6.0866829e-003 6.7347585e-003
7.0476423e+002 6.1260705e-003 6.1260705e-003 6.7770259e-003
7.0477323e+002 6.1660311e-003 6.1660311e-003 6.8196899e-003
7.0478222e+002 6.2064338e-003 6.2064338e-003 6.8628473e-003
7.0479121e+002 6.2471654e-003 6.2471654e-003 6.9065837e-003
7.0480020e+002 6.2882046e-003 6.2882046e-003 6.9509265e-003
7.0480919e+002 6.3295601e-003 6.3295601e-003 6.9958843e-003
7.0481818e+002 6.3712516e-003 6.3712516e-003 7.0414481e-003
7.0482717e+002 6.4133565e-003 6.4133565e-003 7.0875170e-003
7.0483616e+002 6.4559712e-003 6.4559712e-003 7.1339598e-003
7.0484515e+002 6.4991771e-003 6.4991771e-003 7.1806798e-003
7.0485415e+002 6.5429755e-003 6.5429755e-003 7.2277635e-003
7.0486314e+002 6.5873414e-003 6.5873414e-003 7.2753577e-003
7.0487213e+002 6.6322531e-003 6.6322531e-003 7.3235804e-003
7.0488112e+002 6.6777083e-003 6.6777083e-003 7.3723960e-003
7.0489011e+002 6.7237109e-003 6.7237109e-003 7.4217176e-003
7.0489910e+002 6.7702656e-003 6.7702656e-003 7.4714932e-003
7.0490809e+002 6.8173803e-003 6.8173803e-003 7.5218602e-003
7.0491708e+002 6.8650646e-003 6.8650646e-003 7.5730195e-003
7.0492607e+002 6.9133215e-003 6.9133215e-003 7.6251057e-003
7.0493506e+002 6.9621211e-003 6.9621211e-003 7.6778936e-003
7.0494406e+002 7.0114223e-003 7.0114223e-003 7.7310360e-003
7.0495305e+002 7.0612073e-003 7.0612073e-003 7.7842809e-003
7.0496204e+002 7.1115875e-003 7.1115875e-003 7.8378991e-003
7.0497103e+002 7.1627183e-003 7.1627183e-003 7.8923401e-003
7.0498002e+002 7.2147118e-003 7.2147118e-003 7.9479598e-003
7.0498901e+002 7.2674396e-003 7.2674396e-003 8.0045939e-003
7.0499800e+002 7.3206902e-003 7.3206902e-003 8.0618992e-003
7.0500699e+002 7.3743146e-003 7.3743146e-003 8.1195942e-003
7.0501598e+002 7.4285124e-003 7.4285124e-003 8.1777440e-003
7.0502497e+002 7.4836045e-003 7.4836045e-003 8.2365343e-003
7.0503396e+002 7.5398360e-003 7.5398360e-003 8.2961259e-003
7.0504296e+002 7.5970233e-003 7.5970233e-003 8.3565379e-003
7.0505195e+002 7.6548326e-003 7.6548326e-003 8.4177398e-003
7.0506094e+002 7.7130000e-003 7.7130000e-003 8.4796972e-003
7.0506993e+002 7.7716605e-003 7.7716605e-003 8.5423543e-003
7.0507892e+002 7.8310905e-003 7.8310905e-003 8.6056477e-003
7.0508791e+002 7.8915312e-003 7.8915312e-003 8.6695533e-003
7.0509690e+002 7.9530216e-003 7.9530216e-003 8.7342744e-003
7.0510589e+002 8.0155285e-003 8.0155285e-003 8.8000953e-003
7.0511488e+002 8.0790063e-003 8.0790063e-003 8.8672305e-003
7.0512388e+002 8.1433376e-003 8.1433376e-003 8.9354905e-003
7.0513287e+002 8.2083790e-003 8.2083790e-003 9.0045401e-003
7.0514186e+002 8.2740294e-003 8.2740294e-003 9.0741167e-003
7.0515085e+002 8.3404361e-003 8.3404361e-003 9.1443838e-003
7.0515984e+002 8.4078365e-003 8.4078365e-003 9.2156600e-003
7.0516883e+002 8.4764344e-003 8.4764344e-003 9.2882067e-003
7.0517782e+002 8.5462347e-003 8.5462347e-003 9.3619473e-003
7.0518681e+002 8.6171695e-003 8.6171695e-003 9.4366811e-003
7.0519580e+002 8.6891820e-003 8.6891820e-003 9.5122418e-003
7.0520479e+002 8.7622820e-003 8.7622820e-003 9.5886685e-003
7.0521379e+002 8.8365044e-003 8.8365044e-003 9.6660763e-003
7.0522278e+002 8.9118725e-003 8.9118725e-003 9.7445795e-003
7.0523177e+002 8.9883409e-003 8.9883409e-003 9.8242891e-003
7.0524076e+002 9.0658389e-003 9.0658389e-003 9.9053148e-003
7.0524975e+002 9.1443296e-003 9.1443296e-003 9.9877347e-003
7.0525874e+002 9.2239837e-003 9.2239837e-003 1.0071436e-002
7.0526773e+002 9.3050502e-003 9.3050502e-003 1.0156236e-002
7.0527672e+002 9.3877320e-003 9.3877320e-003 1.0241996e-002
7.0528571e+002 9.4719500e-003 9.4719500e-003 1.0328865e-002
7.0529470e+002 9.5575177e-003 9.5575177e-003 1.0417101e-002
7.0530369e+002 9.6442817e-003 9.6442817e-003 1.0506924e-002
7.0531269e+002 9.7322916e-003 9.7322916e-003 1.0598316e-002
7.0532168e+002 9.8216747e-003 9.8216747e-003 1.0691167e-002
7.0533067e+002 9.9125503e-003 9.9125503e-003 1.0785399e-002
7.0533966e+002 1.0004984e-002 1.0004984e-002 1.0881117e-002
7.0534865e+002 1.0099022e-002 1.0099022e-002 1.0978501e-002
7.0535764e+002 1.0194710e-002 1.0194710e-002 1.1077687e-002
7.0536663e+002 1.0292105e-002 1.0292105e-002 1.1178543e-002
7.0537562e+002 1.0391268e-002 1.0391268e-002 1.1280833e-002
7.0538461e+002 1.0492260e-002 1.0492260e-002 1.1384383e-002
7.0539360e+002 1.0595159e-002 1.0595159e-002 1.1489432e-002
7.0540260e+002 1.0700049e-002 1.0700049e-002 1.1596378e-002
7.0541159e+002 1.0807001e-002 1.0807001e-002 1.1705554e-002
7.0542058e+002 1.0916020e-002 1.0916020e-002 1.1816877e-002
7.0542957e+002 1.1027081e-002 1.1027081e-002 1.1930095e-002
7.0543856e+002 1.1140166e-002 1.1140166e-002 1.2045008e-002
7.0544755e+002 1.1255275e-002 1.1255275e-002 1.2161723e-002
7.0545654e+002 1.1372421e-002 1.1372421e-002 1.2280474e-002
7.0546553e+002 1.1491646e-002 1.1491646e-002 1.2401476e-002
7.0547452e+002 1.1613212e-002 1.1613212e-002 1.2524831e-002
7.0548352e+002 1.1737469e-002 1.1737469e-002 1.2650596e-002
7.0549251e+002 1.1864702e-002 1.1864702e-002 1.2778812e-002
7.0550150e+002 1.1994782e-002 1.1994782e-002 1.2909429e-002
7.0551049e+002 1.2127407e-002 1.2127407e-002 1.3042359e-002
7.0551948e+002 1.2262353e-002 1.2262353e-002 1.3177551e-002
7.0552847e+002 1.2399897e-002 1.2399897e-002 1.3315201e-002
7.0553746e+002 1.2540522e-002 1.2540522e-002 1.3455602e-002
7.0554645e+002 1.2684651e-002 1.2684651e-002 1.3599026e-002
7.0555544e+002 1.2832296e-002 1.2832296e-002 1.3745559e-002
7.0556443e+002 1.2983302e-002 1.2983302e-002 1.3895211e-002
7.0557343e+002 1.3137539e-002 1.3137539e-002 1.4047998e-002
7.0558242e+002 1.3295071e-002 1.3295071e-002 1.4203940e-002
7.0559141e+002 1.3456043e-002 1.3456043e-002 1.4363067e-002
7.0560040e+002 1.3620614e-002 1.3620614e-002 1.4525426e-002
7.0560939e+002 1.3789056e-002 1.3789056e-002 1.4691205e-002
7.0561838e+002 1.3961688e-002 1.3961688e-002 1.4860652e-002
7.0562737e+002 1.4138805e-002 1.4138805e-002 1.5034000e-002
7.0563636e+002 1.4320535e-002 1.4320535e-002 1.5211381e-002
7.0564535e+002 1.4506937e-002 1.4506937e-002 1.5392887e-002
7.0565434e+002 1.4698083e-002 1.4698083e-002 1.5578612e-002
7.0566333e+002 1.4894121e-002 1.4894121e-002 1.5768673e-002
7.0567233e+002 1.5095237e-002 1.5095237e-002 1.5963199e-002
7.0568132e+002 1.5301626e-002 1.5301626e-002 1.6162317e-002
7.0569031e+002 1.5513564e-002 1.5513564e-002 1.6366162e-002
7.0569930e+002 1.5731364e-002 1.5731364e-002 1.6574873e-002
7.0570829e+002 1.5955313e-002 1.5955313e-002 1.6788611e-002
7.0571728e+002 1.6185531e-002 1.6185531e-002 1.7007727e-002
7.0572627e+002 1.6422064e-002 1.6422064e-002 1.7232651e-002
7.0573526e+002 1.6665007e-002 1.6665007e-002 1.7463772e-002
7.0574425e+002 1.6914815e-002 1.6914815e-002 1.7701204e-002
7.0575324e+002 1.7172101e-002 1.7172101e-002 1.7944934e-002
7.0576224e+002 1.7437434e-002 1.7437434e-002 1.8194985e-002
7.0577123e+002 1.7711046e-002 1.7711046e-002 1.8451606e-002
7.0578022e+002 1.7993022e-002 1.7993022e-002 1.8715152e-002
7.0578921e+002 1.8283484e-002 1.8283484e-002 1.8985984e-002
7.0579820e+002 1.8582833e-002 1.8582833e-002 1.9264519e-002
7.0580719e+002 1.8891597e-002 1.8891597e-002 1.9551198e-002
7.0581618e+002 1.9210292e-002 1.9210292e-002 1.9846434e-002
7.0582517e+002 1.9539347e-002 1.9539347e-002 2.0150420e-002
7.0583416e+002 1.9879153e-002 1.9879153e-002 2.0463253e-002
7.0584316e+002 2.0230110e-002 2.0230110e-002 2.0785074e-002
7.0585215e+002 2.0592683e-002 2.0592683e-002 2.1116378e-002
7.0586114e+002 2.0967365e-002 2.0967365e-002 2.1457816e-002
7.0587013e+002 2.1354658e-002 2.1354658e-002 2.1810008e-002
7.0587912e+002 2.1755123e-002 2.1755123e-002 2.2173318e-002
7.0588811e+002 2.2169344e-002 2.2169344e-002 2.2547991e-002
7.0589710e+002 2.2597899e-002 2.2597899e-002 2.2934302e-002
7.0590609e+002 2.3041303e-002 2.3041303e-002 2.3332732e-002
7.0591508e+002 2.3500043e-002 2.3500043e-002 2.3743859e-002
7.0592407e+002 2.3974629e-002 2.3974629e-002 2.4168248e-002
7.0593306e+002 2.4465766e-002 2.4465766e-002 2.4606345e-002
7.0594206e+002 2.4974243e-002 2.4974243e-002 2.5058543e-002
7.0595105e+002 2.5500823e-002 2.5500823e-002 2.5525268e-002
7.0596004e+002 2.6046025e-002 2.6046025e-002 2.6007203e-002
7.0596903e+002 2.6610259e-002 2.6610259e-002 2.6505153e-002
7.0597802e+002 2.7193969e-002 2.7193969e-002 2.7019867e-002
7.0598701e+002 2.7797912e-002 2.7797912e-002 2.7551637e-002
7.0599600e+002 2.8422990e-002 2.8422990e-002 2.8100544e-002
7.0600499e+002 2.9070066e-002 2.9070066e-002 2.8666746e-002
7.0601398e+002 2.9739701e-002 2.9739701e-002 2.9251036e-002
7.0602297e+002 3.0432309e-002 3.0432309e-002 2.9854507e-002
7.0603197e+002 3.1148330e-002 3.1148330e-002 3.0478171e-002
7.0604096e+002 3.1888426e-002 3.1888426e-002 3.1122332e-002
7.0604995e+002 3.2653361e-002 3.2653361e-002 3.1786956e-002
7.0605894e+002 3.3443860e-002 3.3443860e-002 3.2472080e-002
7.0606793e+002 3.4260304e-002 3.4260304e-002 3.3178314e-002
7.0607692e+002 3.5102908e-002 3.5102908e-002 3.3906547e-002
7.0608591e+002 3.5971913e-002 3.5971913e-002 3.4657614e-002
7.0609490e+002 3.6867798e-002 3.6867798e-002 3.5431902e-002
7.0610389e+002 3.7791159e-002 3.7791159e-002 3.6229577e-002
7.0611289e+002 3.8742543e-002 3.8742543e-002 3.7050813e-002
7.0612188e+002 3.9722129e-002 3.9722129e-002 3.7895867e-002
7.0613087e+002 4.0729909e-002 4.0729909e-002 3.8765035e-002
7.0613986e+002 4.1765861e-002 4.1765861e-002 3.9658601e-002
7.0614885e+002 4.2829850e-002 4.2829850e-002 4.0576743e-002
7.0615784e+002 4.3921683e-002 4.3921683e-002 4.1519588e-002
7.0616683e+002 4.5041158e-002 4.5041158e-002 4.2487246e-002
7.0617582e+002 4.6187988e-002 4.6187988e-002 4.3479717e-002
7.0618481e+002 4.7361846e-002 4.7361846e-002 4.4496941e-002
7.0619380e+002 4.8562376e-002 4.8562376e-002 4.5538844e-002
7.0620280e+002 4.9788987e-002 4.9788987e-002 4.6605232e-002
7.0621179e+002 5.1040969e-002 5.1040969e-002 4.7695846e-002
7.0622078e+002 5.2317573e-002 5.2317573e-002 4.8810420e-002
7.0622977e+002 5.3617712e-002 5.3617712e-002 4.9948608e-002
7.0623876e+002 5.4940125e-002 5.4940125e-002 5.1110023e-002
7.0624775e+002 5.6283554e-002 5.6283554e-002 5.2294253e-002
7.0625674e+002 5.7646734e-002 5.7646734e-002 5.3500639e-002
7.0626573e+002 5.9028404e-002 5.9028404e-002 5.4728402e-002
7.0627472e+002 6.0427260e-002 6.0427260e-002 5.5976750e-002
7.0628371e+002 6.1841669e-002 6.1841669e-002 5.7244808e-002
7.0629270e+002 6.3269821e-002 6.3269821e-002 5.8531662e-002
7.0630170e+002 6.4709881e-002 6.4709881e-002 5.9836408e-002
7.0631069e+002 6.6159768e-002 6.6159768e-002 6.1158262e-002
7.0631968e+002 6.7617278e-002 6.7617278e-002 6.2496501e-002
7.0632867e+002 6.9080197e-002 6.9080197e-002 6.3850359e-002
7.0633766e+002 7.0546265e-002 7.0546265e-002 6.5218680e-002
7.0634665e+002 7.2013195e-002 7.2013195e-002 6.6600099e-002
7.0635564e+002 7.3478698e-002 7.3478698e-002 6.7993261e-002
7.0636463e+002 7.4940475e-002 7.4940475e-002 6.9396912e-002
7.0637362e+002 7.6396215e-002 7.6396215e-002 7.0809854e-002
7.0638261e+002 7.7843598e-002 7.7843598e-002 7.2230908e-002
7.0639161e+002 7.9280178e-002 7.9280178e-002 7.3659110e-002
7.0640060e+002 8.0703445e-002 8.0703445e-002 7.5093606e-002
7.0640959e+002 8.2110893e-002 8.2110893e-002 7.6533513e-002
7.0641858e+002 8.3500074e-002 8.3500074e-002 7.7977680e-002
7.0642757e+002 8.4868573e-002 8.4868573e-002 7.9424811e-002
7.0643656e+002 8.6214010e-002 8.6214010e-002 8.0873652e-002
7.0644555e+002 8.7534342e-002 8.7534342e-002 8.2323372e-002
7.0645454e+002 8.8827712e-002 8.8827712e-002 8.3773366e-002
7.0646353e+002 9.0092258e-002 9.0092258e-002 8.5223026e-002
7.0647253e+002 9.1326042e-002 9.1326042e-002 8.6671665e-002
7.0648152e+002 9.2527086e-002 9.2527086e-002 8.8118555e-002
7.0649051e+002 9.3693478e-002 9.3693478e-002 8.9563002e-002
7.0649950e+002 9.4823929e-002 9.4823929e-002 9.1004644e-002
7.0650849e+002 9.5917493e-002 9.5917493e-002 9.2443304e-002
7.0651748e+002 9.6973231e-002 9.6973231e-002 9.3878816e-002
7.0652647e+002 9.7990227e-002 9.7990227e-002 9.5311087e-002
7.0653546e+002 9.8967580e-002 9.8967580e-002 9.6740072e-002
7.0654445e+002 9.9904450e-002 9.9904450e-002 9.8165747e-002
7.0655344e+002 1.0080061e-001 1.0080061e-001 9.9588338e-002
7.0656244e+002 1.0165617e-001 1.0165617e-001 1.0100821e-001
7.0657143e+002 1.0247127e-001 1.0247127e-001 1.0242572e-001
7.0658042e+002 1.0324624e-001 1.0324624e-001 1.0384130e-001
7.0658941e+002 1.0398149e-001 1.0398149e-001 1.0525536e-001
7.0659840e+002 1.0467751e-001 1.0467751e-001 1.0666838e-001
7.0660739e+002 1.0533516e-001 1.0533516e-001 1.0808106e-001
7.0661638e+002 1.0595559e-001 1.0595559e-001 1.0949425e-001
7.0662537e+002 1.0653994e-001 1.0653994e-001 1.1090878e-001
7.0663436e+002 1.0708973e-001 1.0708973e-001 1.1232534e-001
7.0664335e+002 1.0760667e-001 1.0760667e-001 1.1374452e-001
7.0665234e+002 1.0809246e-001 1.0809246e-001 1.1516693e-001
7.0666134e+002 1.0854877e-001 1.0854877e-001 1.1659333e-001
7.0667033e+002 1.0897721e-001 1.0897721e-001 1.1802453e-001
7.0667932e+002 1.0937947e-001 1.0937947e-001 1.1946133e-001
7.0668831e+002 1.0975773e-001 1.0975773e-001 1.2090411e-001
7.0669730e+002 1.1011448e-001 1.1011448e-001 1.2235305e-001
7.0670629e+002 1.1045219e-001 1.1045219e-001 1.2380830e-001
7.0671528e+002 1.1077307e-001 1.1077307e-001 1.2527019e-001
7.0672427e+002 1.1107920e-001 1.1107920e-001 1.2673907e-001
7.0673326e+002 1.1137266e-001 1.1137266e-001 1.2821528e-001
7.0674226e+002 1.1165583e-001 1.1165583e-001 1.2969858e-001
7.0675125e+002 1.1193124e-001 1.1193124e-001 1.3118843e-001
7.0676024e+002 1.1220139e-001 1.1220139e-001 1.3268426e-001
7.0676923e+002 1.1246835e-001 1.1246835e-001 1.3418540e-001
7.0677822e+002 1.1273394e-001 1.1273394e-001 1.3569111e-001
7.0678721e+002 1.1300001e-001 1.1300001e-001 1.3720063e-001
7.0679620e+002 1.1326847e-001 1.1326847e-001 1.3871286e-001
7.0680519e+002 1.1354133e-001 1.1354133e-001 1.4022649e-001
7.0681418e+002 1.1382057e-001 1.1382057e-001 1.4174019e-001
7.0682317e+002 1.1410795e-001 1.1410795e-001 1.4325234e-001
7.0683217e+002 1.1440511e-001 1.1440511e-001 1.4476116e-001
7.0684116e+002 1.1471366e-001 1.1471366e-001 1.4626487e-001
7.0685015e+002 1.1503513e-001 1.1503513e-001 1.4776161e-001
7.0685914e+002 1.1537095e-001 1.1537095e-001 1.4924948e-001
7.0686813e+002 1.1572254e-001 1.1572254e-001 1.5072653e-001
7.0687712e+002 1.1609113e-001 1.1609113e-001 1.5219055e-001
7.0688611e+002 1.1647781e-001 1.1647781e-001 1.5363912e-001
7.0689510e+002 1.1688367e-001 1.1688367e-001 1.5506984e-001
7.0690409e+002 1.1730962e-001 1.1730962e-001 1.5648050e-001
7.0691308e+002 1.1775651e-001 1.1775651e-001 1.5786899e-001
7.0692207e+002 1.1822517e-001 1.1822517e-001 1.5923325e-001
7.0693107e+002 1.1871663e-001 1.1871663e-001 1.6057138e-001
7.0694006e+002 1.1923200e-001 1.1923200e-001 1.6188165e-001
7.0694905e+002 1.1977237e-001 1.1977237e-001 1.6316231e-001
7.0695804e+002 1.2033880e-001 1.2033880e-001 1.6441169e-001
7.0696703e+002 1.2093225e-001 1.2093225e-001 1.6562817e-001
7.0697602e+002 1.2155371e-001 1.2155371e-001 1.6681018e-001
7.0698501e+002 1.2220409e-001 1.2220409e-001 1.6795671e-001
7.0699400e+002 1.2288424e-001 1.2288424e-001 1.6906714e-001
7.0700299e+002 1.2359505e-001 1.2359505e-001 1.7014088e-001
7.0701198e+002 1.2433778e-001 1.2433778e-001 1.7117772e-001
7.0702098e+002 1.2511391e-001 1.2511391e-001 1.7217773e-001
7.0702997e+002 1.2592489e-001 1.2592489e-001 1.7314102e-001
7.0703896e+002 1.2677213e-001 1.2677213e-001 1.7406832e-001
7.0704795e+002 1.2765698e-001 1.2765698e-001 1.7496070e-001
7.0705694e+002 1.2858081e-001 1.2858081e-001 1.7581933e-001
7.0706593e+002 1.2954536e-001 1.2954536e-001 1.7664572e-001
7.0707492e+002 1.3055266e-001 1.3055266e-001 1.7744164e-001
7.0708391e+002 1.3160468e-001 1.3160468e-001 1.7820896e-001
7.0709290e+002 1.3270326e-001 1.3270326e-001 1.7895033e-001
7.0710190e+002 1.3385009e-001 1.3385009e-001 1.7966896e-001
7.0711089e+002 1.3504691e-001 1.3504691e-001 1.8036807e-001
7.0711988e+002 1.3629576e-001 1.3629576e-001 1.8105102e-001
7.0712887e+002 1.3759888e-001 1.3759888e-001 1.8172128e-001
7.0713786e+002 1.3895849e-001 1.3895849e-001 1.8238236e-001
7.0714685e+002 1.4037662e-001 1.4037662e-001 1.8303827e-001
7.0715584e+002 1.4185513e-001 1.4185513e-001 1.8369332e-001
7.0716483e+002 1.4339589e-001 1.4339589e-001 1.8435188e-001
7.0717382e+002 1.4500068e-001 1.4500068e-001 1.8501848e-001
7.0718281e+002 1.4667121e-001 1.4667121e-001 1.8569777e-001
7.0719181e+002 1.4840917e-001 1.4840917e-001 1.8639442e-001
7.0720080e+002 1.5021600e-001 1.5021600e-001 1.8711311e-001
7.0720979e+002 1.5209293e-001 1.5209293e-001 1.8785859e-001
7.0721878e+002 1.5404118e-001 1.5404118e-001 1.8863557e-001
7.0722777e+002 1.5606168e-001 1.5606168e-001 1.8944864e-001
7.0723676e+002 1.5815512e-001 1.5815512e-001 1.9030228e-001
7.0724575e+002 1.6032219e-001 1.6032219e-001 1.9120097e-001
7.0725474e+002 1.6256292e-001 1.6256292e-001 1.9214882e-001
7.0726373e+002 1.6487693e-001 1.6487693e-001 1.9314975e-001
7.0727272e+002 1.6726382e-001 1.6726382e-001 1.9420765e-001
7.0728171e+002 1.6972282e-001 1.6972282e-001 1.9532620e-001
7.0729071e+002 1.7225292e-001 1.7225292e-001 1.9650894e-001
7.0729970e+002 1.7485306e-001 1.7485306e-001 1.9775935e-001
7.0730869e+002 1.7752126e-001 1.7752126e-001 1.9908020e-001
7.0731768e+002 1.8025497e-001 1.8025497e-001 2.0047375e-001
7.0732667e+002 1.8305155e-001 1.8305155e-001 2.0194223e-001
7.0733566e+002 1.8590792e-001 1.8590792e-001 2.0348743e-001
7.0734465e+002 1.8882069e-001 1.8882069e-001 2.0511084e-001
7.0735364e+002 1.9178641e-001 1.9178641e-001 2.0681390e-001
7.0736263e+002 1.9480104e-001 1.9480104e-001 2.0859739e-001
7.0737162e+002 1.9786013e-001 1.9786013e-001 2.1046160e-001
7.0738062e+002 2.0095918e-001 2.0095918e-001 2.1240680e-001
7.0738961e+002 2.0409298e-001 2.0409298e-001 2.1443285e-001
7.0739860e+002 2.0725582e-001 2.0725582e-001 2.1653932e-001
7.0740759e+002 2.1044196e-001 2.1044196e-001 2.1872573e-001
7.0741658e+002 2.1364559e-001 2.1364559e-001 2.2099102e-001
7.0742557e+002 2.1686084e-001 2.1686084e-001 2.2333369e-001
7.0743456e+002 2.2008179e-001 2.2008179e-001 2.2575221e-001
7.0744355e+002 2.2330193e-001 2.2330193e-001 2.2824452e-001
7.0745254e+002 2.2651429e-001 2.2651429e-001 2.3080824e-001
7.0746154e+002 2.2971192e-001 2.2971192e-001 2.3344093e-001
7.0747053e+002 2.3288813e-001 2.3288813e-001 2.3614013e-001
7.0747952e+002 2.3603643e-001 2.3603643e-001 2.3890336e-001
7.0748851e+002 2.3915031e-001 2.3915031e-001 2.4172808e-001
7.0749750e+002 2.4222324e-001 2.4222324e-001 2.4461145e-001
7.0750649e+002 2.4524866e-001 2.4524866e-001 2.4755036e-001
7.0751548e+002 2.4822002e-001 2.4822002e-001 2.5054171e-001
7.0752447e+002 2.5113131e-001 2.5113131e-001 2.5358235e-001
7.0753346e+002 2.5397688e-001 2.5397688e-001 2.5666911e-001
7.0754245e+002 2.5675111e-001 2.5675111e-001 2.5979884e-001
7.0755144e+002 2.5944882e-001 2.5944882e-001 2.6296843e-001
7.0756044e+002 2.6206517e-001 2.6206517e-001 2.6617482e-001
7.0756943e+002 2.6459535e-001 2.6459535e-001 2.6941497e-001
7.0757842e+002 2.6703535e-001 2.6703535e-001 2.7268602e-001
7.0758741e+002 2.6938175e-001 2.6938175e-001 2.7598528e-001
7.0759640e+002 2.7163119e-001 2.7163119e-001 2.7931006e-001
7.0760539e+002 2.7378096e-001 2.7378096e-001 2.8265782e-001
7.0761438e+002 2.7582881e-001 2.7582881e-001 2.8602619e-001
7.0762337e+002 2.7777261e-001 2.7777261e-001 2.8941276e-001
7.0763236e+002 2.7961124e-001 2.7961124e-001 2.9281531e-001
7.0764135e+002 2.8134440e-001 2.8134440e-001 2.9623170e-001
7.0765035e+002 2.8297184e-001 2.8297184e-001 2.9965983e-001
7.0765934e+002 2.8449388e-001 2.8449388e-001 3.0309783e-001
7.0766833e+002 2.8591128e-001 2.8591128e-001 3.0654403e-001
7.0767732e+002 2.8722486e-001 2.8722486e-001 3.0999677e-001
7.0768631e+002 2.8843653e-001 2.8843653e-001 3.1345467e-001
7.0769530e+002 2.8954901e-001 2.8954901e-001 3.1691658e-001
7.0770429e+002 2.9056509e-001 2.9056509e-001 3.2038135e-001
7.0771328e+002 2.9148786e-001 2.9148786e-001 3.2384785e-001
7.0772227e+002 2.9232066e-001 2.9232066e-001 3.2731496e-001
7.0773127e+002 2.9306689e-001 2.9306689e-001 3.3078155e-001
7.0774026e+002 2.9373078e-001 2.9373078e-001 3.3424657e-001
7.0774925e+002 2.9431718e-001 2.9431718e-001 3.3770902e-001
7.0775824e+002 2.9483096e-001 2.9483096e-001 3.4116789e-001
7.0776723e+002 2.9527698e-001 2.9527698e-001 3.4462232e-001
7.0777622e+002 2.9566008e-001 2.9566008e-001 3.4807154e-001
7.0778521e+002 2.9598513e-001 2.9598513e-001 3.5151476e-001
7.0779420e+002 2.9625743e-001 2.9625743e-001 3.5495104e-001
7.0780319e+002 2.9648264e-001 2.9648264e-001 3.5837929e-001
7.0781218e+002 2.9666641e-001 2.9666641e-001 3.6179840e-001
7.0782118e+002 2.9681424e-001 2.9681424e-001 3.6520727e-001
7.0783017e+002 2.9693150e-001 2.9693150e-001 3.6860477e-001
7.0783916e+002 2.9702351e-001 2.9702351e-001 3.7198976e-001
7.0784815e+002 2.9709525e-001 2.9709525e-001 3.7536096e-001
7.0785714e+002 2.9715138e-001 2.9715138e-001 3.7871696e-001
7.0786613e+002 2.9719655e-001 2.9719655e-001 3.8205632e-001
7.0787512e+002 2.9723530e-001 2.9723530e-001 3.8537748e-001
7.0788411e+002 2.9727209e-001 2.9727209e-001 3.8867874e-001
7.0789310e+002 2.9731134e-001 2.9731134e-001 3.9195838e-001
7.0790209e+002 2.9735691e-001 2.9735691e-001 3.9521448e-001
7.0791108e+002 2.9741220e-001 2.9741220e-001 3.9844491e-001
7.0792008e+002 2.9748058e-001 2.9748058e-001 4.0164755e-001
7.0792907e+002 2.9756484e-001 2.9756484e-001 4.0482014e-001
7.0793806e+002 2.9766728e-001 2.9766728e-001 4.0796033e-001
7.0794705e+002 2.9779016e-001 2.9779016e-001 4.1106575e-001
7.0795604e+002 2.9793534e-001 2.9793534e-001 4.1413398e-001
7.0796503e+002 2.9810430e-001 2.9810430e-001 4.1716256e-001
7.0797402e+002 2.9829850e-001 2.9829850e-001 4.2014898e-001
7.0798301e+002 2.9851875e-001 2.9851875e-001 4.2309035e-001
7.0799200e+002 2.9876536e-001 2.9876536e-001 4.2598342e-001
7.0800099e+002 2.9903860e-001 2.9903860e-001 4.2882492e-001
7.0800999e+002 2.9933839e-001 2.9933839e-001 4.3161179e-001
7.0801898e+002 2.9966431e-001 2.9966431e-001 4.3434105e-001
7.0802797e+002 3.0001593e-001 3.0001593e-001 4.3700976e-001
7.0803696e+002 3.0039220e-001 3.0039220e-001 4.3961471e-001
7.0804595e+002 3.0079152e-001 3.0079152e-001 4.4215249e-001
7.0805494e+002 3.0121228e-001 3.0121228e-001 4.4461970e-001
7.0806393e+002 3.0165284e-001 3.0165284e-001 4.4701296e-001
7.0807292e+002 3.0211159e-001 3.0211159e-001 4.4932893e-001
7.0808191e+002 3.0258685e-001 3.0258685e-001 4.5156427e-001
7.0809091e+002 3.0307649e-001 3.0307649e-001 4.5371554e-001
7.0809990e+002 3.0357799e-001 3.0357799e-001 4.5577918e-001
7.0810889e+002 3.0408880e-001 3.0408880e-001 4.5775166e-001
7.0811788e+002 3.0460655e-001 3.0460655e-001 4.5962964e-001
7.0812687e+002 3.0512907e-001 3.0512907e-001 4.6140997e-001
7.0813586e+002 3.0565416e-001 3.0565416e-001 4.6308951e-001
7.0814485e+002 3.0617954e-001 3.0617954e-001 4.6466535e-001
7.0815384e+002 3.0670283e-001 3.0670283e-001 4.6613481e-001
7.0816283e+002 3.0722167e-001 3.0722167e-001 4.6749521e-001
7.0817182e+002 3.0773389e-001 3.0773389e-001 4.6874383e-001
7.0818081e+002 3.0823752e-001 3.0823752e-001 4.6987793e-001
7.0818981e+002 3.0873060e-001 3.0873060e-001 4.7089479e-001
7.0819880e+002 3.0921158e-001 3.0921158e-001 4.7179234e-001
7.0820779e+002 3.0967926e-001 3.0967926e-001 4.7256907e-001
7.0821678e+002 3.1013247e-001 3.1013247e-001 4.7322350e-001
7.0822577e+002 3.1057009e-001 3.1057009e-001 4.7375426e-001
7.0823476e+002 3.1099106e-001 3.1099106e-001 4.7416003e-001
7.0824375e+002 3.1139434e-001 3.1139434e-001 4.7443958e-001
7.0825274e+002 3.1177976e-001 3.1177976e-001 4.7459228e-001
7.0826173e+002 3.1214793e-001 3.1214793e-001 4.7461810e-001
7.0827072e+002 3.1249950e-001 3.1249950e-001 4.7451704e-001
7.0827972e+002 3.1283514e-001 3.1283514e-001 4.7428941e-001
7.0828871e+002 3.1315558e-001 3.1315558e-001 4.7393577e-001
7.0829770e+002 3.1346157e-001 3.1346157e-001 4.7345672e-001
7.0830669e+002 3.1375449e-001 3.1375449e-001 4.7285346e-001
7.0831568e+002 3.1403635e-001 3.1403635e-001 4.7212772e-001
7.0832467e+002 3.1430917e-001 3.1430917e-001 4.7128128e-001
7.0833366e+002 3.1457530e-001 3.1457530e-001 4.7031619e-001
7.0834265e+002 3.1483738e-001 3.1483738e-001 4.6923482e-001
7.0835164e+002 3.1509808e-001 3.1509808e-001 4.6803953e-001
7.0836064e+002 3.1536056e-001 3.1536056e-001 4.6673313e-001
7.0836963e+002 3.1562841e-001 3.1562841e-001 4.6531879e-001
7.0837862e+002 3.1590528e-001 3.1590528e-001 4.6379976e-001
7.0838761e+002 3.1619472e-001 3.1619472e-001 4.6217964e-001
7.0839660e+002 3.1650026e-001 3.1650026e-001 4.6046243e-001
7.0840559e+002 3.1682544e-001 3.1682544e-001 4.5865216e-001
7.0841458e+002 3.1717425e-001 3.1717425e-001 4.5675281e-001
7.0842357e+002 3.1755113e-001 3.1755113e-001 4.5476841e-001
7.0843256e+002 3.1796052e-001 3.1796052e-001 4.5270296e-001
7.0844155e+002 3.1840672e-001 3.1840672e-001 4.5056083e-001
7.0845055e+002 3.1889389e-001 3.1889389e-001 4.4834673e-001
7.0845954e+002 3.1942617e-001 3.1942617e-001 4.4606535e-001
7.0846853e+002 3.2000767e-001 3.2000767e-001 4.4372129e-001
7.0847752e+002 3.2064246e-001 3.2064246e-001 4.4131902e-001
7.0848651e+002 3.2133458e-001 3.2133458e-001 4.3886299e-001
7.0849550e+002 3.2208787e-001 3.2208787e-001 4.3635765e-001
7.0850449e+002 3.2290594e-001 3.2290594e-001 4.3380736e-001
7.0851348e+002 3.2379236e-001 3.2379236e-001 4.3121650e-001
7.0852247e+002 3.2475043e-001 3.2475043e-001 4.2858939e-001
7.0853146e+002 3.2578311e-001 3.2578311e-001 4.2593025e-001
7.0854045e+002 3.2689337e-001 3.2689337e-001 4.2324328e-001
7.0854945e+002 3.2808362e-001 3.2808362e-001 4.2053253e-001
7.0855844e+002 3.2935578e-001 3.2935578e-001 4.1780184e-001
7.0856743e+002 3.3071172e-001 3.3071172e-001 4.1505502e-001
7.0857642e+002 3.3215286e-001 3.3215286e-001 4.1229567e-001
7.0858541e+002 3.3368013e-001 3.3368013e-001 4.0952713e-001
7.0859440e+002 3.3529443e-001 3.3529443e-001 4.0675272e-001
7.0860339e+002 3.3699584e-001 3.3699584e-001 4.0397550e-001
7.0861238e+002 3.3878361e-001 3.3878361e-001 4.0119826e-001
7.0862137e+002 3.4065694e-001 3.4065694e-001 3.9842375e-001
7.0863036e+002 3.4261434e-001 3.4261434e-001 3.9565448e-001
7.0863936e+002 3.4465362e-001 3.4465362e-001 3.9289262e-001
7.0864835e+002 3.4677252e-001 3.4677252e-001 3.9014037e-001
7.0865734e+002 3.4896814e-001 3.4896814e-001 3.8739952e-001
7.0866633e+002 3.5123690e-001 3.5123690e-001 3.8467149e-001
7.0867532e+002 3.5357515e-001 3.5357515e-001 3.8195767e-001
7.0868431e+002 3.5597818e-001 3.5597818e-001 3.7925911e-001
7.0869330e+002 3.5844021e-001 3.5844021e-001 3.7657655e-001
7.0870229e+002 3.6095539e-001 3.6095539e-001 3.7391070e-001
7.0871128e+002 3.6351712e-001 3.6351712e-001 3.7126200e-001
7.0872028e+002 3.6611807e-001 3.6611807e-001 3.6863066e-001
7.0872927e+002 3.6875082e-001 3.6875082e-001 3.6601681e-001
7.0873826e+002 3.7140724e-001 3.7140724e-001 3.6342006e-001
7.0874725e+002 3.7407841e-001 3.7407841e-001 3.6083937e-001
7.0875624e+002 3.7675538e-001 3.7675538e-001 3.5827370e-001
7.0876523e+002 3.7942850e-001 3.7942850e-001 3.5572195e-001
7.0877422e+002 3.8208744e-001 3.8208744e-001 3.5318298e-001
7.0878321e+002 3.8472180e-001 3.8472180e-001 3.5065561e-001
7.0879220e+002 3.8732063e-001 3.8732063e-001 3.4813806e-001
7.0880119e+002 3.8987237e-001 3.8987237e-001 3.4562788e-001
7.0881019e+002 3.9236544e-001 3.9236544e-001 3.4312261e-001
7.0881918e+002 3.9478808e-001 3.9478808e-001 3.4061971e-001
7.0882817e+002 3.9712830e-001 3.9712830e-001 3.3811655e-001
7.0883716e+002 3.9937412e-001 3.9937412e-001 3.3561051e-001
7.0884615e+002 4.0151350e-001 4.0151350e-001 3.3309882e-001
7.0885514e+002 4.0353430e-001 4.0353430e-001 3.3057858e-001
7.0886413e+002 4.0542441e-001 4.0542441e-001 3.2804684e-001
7.0887312e+002 4.0717199e-001 4.0717199e-001 3.2550045e-001
7.0888211e+002 4.0876552e-001 4.0876552e-001 3.2293604e-001
7.0889110e+002 4.1019350e-001 4.1019350e-001 3.2035020e-001
7.0890009e+002 4.1144490e-001 4.1144490e-001 3.1773969e-001
7.0890909e+002 4.1250915e-001 4.1250915e-001 3.1510148e-001
7.0891808e+002 4.1337575e-001 4.1337575e-001 3.1243251e-001
7.0892707e+002 4.1403517e-001 4.1403517e-001 3.0972981e-001
7.0893606e+002 4.1447892e-001 4.1447892e-001 3.0699049e-001
7.0894505e+002 4.1469865e-001 4.1469865e-001 3.0421169e-001
7.0895404e+002 4.1468684e-001 4.1468684e-001 3.0139073e-001
7.0896303e+002 4.1443705e-001 4.1443705e-001 2.9852520e-001
7.0897202e+002 4.1394288e-001 4.1394288e-001 2.9561271e-001
7.0898101e+002 4.1319923e-001 4.1319923e-001 2.9265143e-001
7.0899001e+002 4.1220243e-001 4.1220243e-001 2.8964017e-001
7.0899900e+002 4.1094893e-001 4.1094893e-001 2.8657778e-001
7.0900799e+002 4.0943667e-001 4.0943667e-001 2.8346329e-001
7.0901698e+002 4.0766528e-001 4.0766528e-001 2.8029599e-001
7.0902597e+002 4.0563453e-001 4.0563453e-001 2.7707517e-001
7.0903496e+002 4.0334522e-001 4.0334522e-001 2.7380077e-001
7.0904395e+002 4.0079936e-001 4.0079936e-001 2.7047344e-001
7.0905294e+002 3.9799910e-001 3.9799910e-001 2.6709389e-001
7.0906193e+002 3.9494829e-001 3.9494829e-001 2.6366324e-001
7.0907092e+002 3.9165276e-001 3.9165276e-001 2.6018307e-001
7.0907992e+002 3.8811849e-001 3.8811849e-001 2.5665504e-001
7.0908891e+002 3.8435222e-001 3.8435222e-001 2.5308128e-001
7.0909790e+002 3.8036160e-001 3.8036160e-001 2.4946455e-001
7.0910689e+002 3.7615435e-001 3.7615435e-001 2.4580766e-001
7.0911588e+002 3.7173945e-001 3.7173945e-001 2.4211370e-001
7.0912487e+002 3.6712735e-001 3.6712735e-001 2.3838609e-001
7.0913386e+002 3.6232861e-001 3.6232861e-001 2.3462832e-001
7.0914285e+002 3.5735451e-001 3.5735451e-001 2.3084426e-001
7.0915184e+002 3.5221717e-001 3.5221717e-001 2.2703834e-001
7.0916083e+002 3.4692880e-001 3.4692880e-001 2.2321499e-001
7.0916982e+002 3.4150180e-001 3.4150180e-001 2.1937874e-001
7.0917882e+002 3.3594892e-001 3.3594892e-001 2.1553422e-001
7.0918781e+002 3.3028288e-001 3.3028288e-001 2.1168605e-001
7.0919680e+002 3.2451686e-001 3.2451686e-001 2.0783909e-001
7.0920579e+002 3.1866448e-001 3.1866448e-001 2.0399842e-001
7.0921478e+002 3.1273943e-001 3.1273943e-001 2.0016913e-001
7.0922377e+002 3.0675510e-001 3.0675510e-001 1.9635622e-001
7.0923276e+002 3.0072458e-001 3.0072458e-001 1.9256458e-001
7.0924175e+002 2.9466090e-001 2.9466090e-001 1.8879909e-001
7.0925074e+002 2.8857682e-001 2.8857682e-001 1.8506447e-001
7.0925973e+002 2.8248477e-001 2.8248477e-001 1.8136531e-001
7.0926873e+002 2.7639711e-001 2.7639711e-001 1.7770619e-001
7.0927772e+002 2.7032574e-001 2.7032574e-001 1.7409150e-001
7.0928671e+002 2.6428193e-001 2.6428193e-001 1.7052540e-001
7.0929570e+002 2.5827690e-001 2.5827690e-001 1.6701204e-001
7.0930469e+002 2.5232113e-001 2.5232113e-001 1.6355531e-001
7.0931368e+002 2.4642417e-001 2.4642417e-001 1.6015878e-001
7.0932267e+002 2.4059548e-001 2.4059548e-001 1.5682599e-001
7.0933166e+002 2.3484378e-001 2.3484378e-001 1.5356013e-001
7.0934065e+002 2.2917679e-001 2.2917679e-001 1.5036391e-001
7.0934965e+002 2.2360217e-001 2.2360217e-001 1.4724005e-001
7.0935864e+002 2.1812686e-001 2.1812686e-001 1.4419089e-001
7.0936763e+002 2.1275691e-001 2.1275691e-001 1.4121834e-001
7.0937662e+002 2.0749830e-001 2.0749830e-001 1.3832428e-001
7.0938561e+002 2.0235607e-001 2.0235607e-001 1.3551031e-001
7.0939460e+002 1.9733414e-001 1.9733414e-001 1.3277766e-001
7.0940359e+002 1.9243628e-001 1.9243628e-001 1.3012751e-001
7.0941258e+002 1.8766571e-001 1.8766571e-001 1.2756071e-001
7.0942157e+002 1.8302487e-001 1.8302487e-001 1.2507758e-001
7.0943056e+002 1.7851613e-001 1.7851613e-001 1.2267843e-001
7.0943956e+002 1.7414114e-001 1.7414114e-001 1.2036334e-001
7.0944855e+002 1.6990064e-001 1.6990064e-001 1.1813212e-001
7.0945754e+002 1.6579532e-001 1.6579532e-001 1.1598453e-001
7.0946653e+002 1.6182527e-001 1.6182527e-001 1.1392008e-001
7.0947552e+002 1.5798988e-001 1.5798988e-001 1.1193786e-001
7.0948451e+002 1.5428844e-001 1.5428844e-001 1.1003697e-001
7.0949350e+002 1.5071989e-001 1.5071989e-001 1.0821634e-001
7.0950249e+002 1.4728257e-001 1.4728257e-001 1.0647466e-001
7.0951148e+002 1.4397483e-001 1.4397483e-001 1.0481065e-001
7.0952047e+002 1.4079474e-001 1.4079474e-001 1.0322287e-001
7.0952946e+002 1.3774008e-001 1.3774008e-001 1.0170967e-001
7.0953846e+002 1.3480859e-001 1.3480859e-001 1.0026941e-001
7.0954745e+002 1.3199757e-001 1.3199757e-001 9.8900420e-002
7.0955644e+002 1.2930368e-001 1.2930368e-001 9.7600977e-002
7.0956543e+002 1.2672357e-001 1.2672357e-001 9.6369356e-002
7.0957442e+002 1.2425412e-001 1.2425412e-001 9.5203802e-002
7.0958341e+002 1.2189256e-001 1.2189256e-001 9.4102517e-002
7.0959240e+002 1.1963613e-001 1.1963613e-001 9.3063698e-002
7.0960139e+002 1.1748168e-001 1.1748168e-001 9.2085555e-002
7.0961038e+002 1.1542552e-001 1.1542552e-001 9.1166306e-002
7.0961937e+002 1.1346396e-001 1.1346396e-001 9.0304173e-002
7.0962837e+002 1.1159355e-001 1.1159355e-001 8.9497371e-002
7.0963736e+002 1.0981118e-001 1.0981118e-001 8.8744111e-002
7.0964635e+002 1.0811381e-001 1.0811381e-001 8.8042611e-002
7.0965534e+002 1.0649844e-001 1.0649844e-001 8.7391387e-002
7.0966433e+002 1.0496221e-001 1.0496221e-001 8.6789376e-002
7.0967332e+002 1.0350225e-001 1.0350225e-001 8.6235542e-002
7.0968231e+002 1.0211570e-001 1.0211570e-001 8.5728679e-002
7.0969130e+002 1.0079975e-001 1.0079975e-001 8.5267336e-002
7.0970029e+002 9.9551566e-002 9.9551566e-002 8.4850057e-002
7.0970929e+002 9.8368631e-002 9.8368631e-002 8.4475767e-002
7.0971828e+002 9.7248825e-002 9.7248825e-002 8.4143937e-002
7.0972727e+002 9.6190068e-002 9.6190068e-002 8.3854080e-002
7.0973626e+002 9.5190402e-002 9.5190402e-002 8.3605644e-002
7.0974525e+002 9.4248053e-002 9.4248053e-002 8.3397989e-002
7.0975424e+002 9.3361259e-002 9.3361259e-002 8.3230469e-002
7.0976323e+002 9.2528331e-002 9.2528331e-002 8.3102596e-002
7.0977222e+002 9.1747688e-002 9.1747688e-002 8.3014109e-002
7.0978121e+002 9.1017759e-002 9.1017759e-002 8.2964767e-002
7.0979020e+002 9.0337275e-002 9.0337275e-002 8.2954478e-002
7.0979919e+002 8.9705402e-002 8.9705402e-002 8.2983375e-002
7.0980819e+002 8.9121342e-002 8.9121342e-002 8.3051603e-002
7.0981718e+002 8.8584307e-002 8.8584307e-002 8.3159261e-002
7.0982617e+002 8.8093530e-002 8.8093530e-002 8.3306379e-002
7.0983516e+002 8.7648247e-002 8.7648247e-002 8.3492980e-002
7.0984415e+002 8.7247768e-002 8.7247768e-002 8.3719128e-002
7.0985314e+002 8.6891519e-002 8.6891519e-002 8.3984947e-002
7.0986213e+002 8.6578933e-002 8.6578933e-002 8.4290567e-002
7.0987112e+002 8.6309551e-002 8.6309551e-002 8.4636143e-002
7.0988011e+002 8.6083072e-002 8.6083072e-002 8.5021874e-002
7.0988910e+002 8.5899203e-002 8.5899203e-002 8.5447959e-002
7.0989810e+002 8.5757579e-002 8.5757579e-002 8.5914447e-002
7.0990709e+002 8.5657718e-002 8.5657718e-002 8.6421159e-002
7.0991608e+002 8.5599132e-002 8.5599132e-002 8.6967897e-002
7.0992507e+002 8.5581389e-002 8.5581389e-002 8.7554338e-002
7.0993406e+002 8.5604148e-002 8.5604148e-002 8.8179976e-002
7.0994305e+002 8.5667070e-002 8.5667070e-002 8.8844285e-002
7.0995204e+002 8.5769660e-002 8.5769660e-002 8.9546688e-002
7.0996103e+002 8.5911186e-002 8.5911186e-002 9.0286530e-002
7.0997002e+002 8.6090891e-002 8.6090891e-002 9.1063141e-002
7.0997902e+002 8.6307899e-002 8.6307899e-002 9.1875494e-002
7.0998801e+002 8.6561142e-002 8.6561142e-002 9.2722011e-002
7.0999700e+002 8.6849536e-002 8.6849536e-002 9.3601067e-002
7.1000599e+002 8.7171958e-002 8.7171958e-002 9.4511010e-002
7.1001498e+002 8.7527220e-002 8.7527220e-002 9.5450140e-002
7.1002397e+002 8.7914125e-002 8.7914125e-002 9.6416753e-002
7.1003296e+002 8.8331216e-002 8.8331216e-002 9.7408790e-002
7.1004195e+002 8.8776627e-002 8.8776627e-002 9.8423653e-002
7.1005094e+002 8.9248455e-002 8.9248455e-002 9.9458692e-002
7.1005993e+002 8.9744797e-002 8.9744797e-002 1.0051119e-001
7.1006893e+002 9.0263742e-002 9.0263742e-002 1.0157830e-001
7.1007792e+002 9.0803378e-002 9.0803378e-002 1.0265717e-001
7.1008691e+002 9.1361523e-002 9.1361523e-002 1.0374466e-001
7.1009590e+002 9.1935568e-002 9.1935568e-002 1.0483710e-001
7.1010489e+002 9.2522867e-002 9.2522867e-002 1.0593082e-001
7.1011388e+002 9.3120775e-002 9.3120775e-002 1.0702221e-001
7.1012287e+002 9.3726645e-002 9.3726645e-002 1.0810782e-001
7.1013186e+002 9.4337828e-002 9.4337828e-002 1.0918421e-001
7.1014085e+002 9.4951542e-002 9.4951542e-002 1.1024761e-001
7.1014984e+002 9.5564793e-002 9.5564793e-002 1.1129373e-001
7.1015883e+002 9.6174566e-002 9.6174566e-002 1.1231822e-001
7.1016783e+002 9.6777845e-002 9.6777845e-002 1.1331702e-001
7.1017682e+002 9.7371610e-002 9.7371610e-002 1.1428654e-001
7.1018581e+002 9.7952844e-002 9.7952844e-002 1.1522322e-001
7.1019480e+002 9.8518668e-002 9.8518668e-002 1.1612334e-001
7.1020379e+002 9.9066429e-002 9.9066429e-002 1.1698301e-001
7.1021278e+002 9.9593491e-002 9.9593491e-002 1.1779827e-001
7.1022177e+002 1.0009707e-001 1.0009707e-001 1.1856546e-001
7.1023076e+002 1.0057411e-001 1.0057411e-001 1.1928132e-001
7.1023975e+002 1.0102156e-001 1.0102156e-001 1.1994265e-001
7.1024874e+002 1.0143670e-001 1.0143670e-001 1.2054639e-001
7.1025774e+002 1.0181740e-001 1.0181740e-001 1.2108971e-001
7.1026673e+002 1.0216156e-001 1.0216156e-001 1.2156984e-001
7.1027572e+002 1.0246718e-001 1.0246718e-001 1.2198431e-001
7.1028471e+002 1.0273235e-001 1.0273235e-001 1.2233120e-001
7.1029370e+002 1.0295517e-001 1.0295517e-001 1.2260863e-001
7.1030269e+002 1.0313393e-001 1.0313393e-001 1.2281498e-001
7.1031168e+002 1.0326718e-001 1.0326718e-001 1.2294905e-001
7.1032067e+002 1.0335349e-001 1.0335349e-001 1.2300967e-001
7.1032966e+002 1.0339176e-001 1.0339176e-001 1.2299605e-001
7.1033866e+002 1.0338138e-001 1.0338138e-001 1.2290802e-001
7.1034765e+002 1.0332181e-001 1.0332181e-001 1.2274548e-001
7.1035664e+002 1.0321267e-001 1.0321267e-001 1.2250853e-001
7.1036563e+002 1.0305384e-001 1.0305384e-001 1.2219761e-001
7.1037462e+002 1.0284525e-001 1.0284525e-001 1.2181319e-001
7.1038361e+002 1.0258702e-001 1.0258702e-001 1.2135626e-001
7.1039260e+002 1.0227961e-001 1.0227961e-001 1.2082862e-001
7.1040159e+002 1.0192354e-001 1.0192354e-001 1.2023217e-001
7.1041058e+002 1.0151949e-001 1.0151949e-001 1.1956881e-001
7.1041957e+002 1.0106844e-001 1.0106844e-001 1.1884044e-001
7.1042856e+002 1.0057141e-001 1.0057141e-001 1.1804895e-001
7.1043756e+002 1.0002966e-001 1.0002966e-001 1.1719665e-001
7.1044655e+002 9.9444839e-002 9.9444839e-002 1.1628654e-001
7.1045554e+002 9.8818652e-002 9.8818652e-002 1.1532170e-001
7.1046453e+002 9.8152825e-002 9.8152825e-002 1.1430522e-001
7.1047352e+002 9.7449142e-002 9.7449142e-002 1.1324026e-001
7.1048251e+002 9.6709394e-002 9.6709394e-002 1.1212998e-001
7.1049150e+002 9.5935516e-002 9.5935516e-002 1.1097764e-001
7.1050049e+002 9.5129705e-002 9.5129705e-002 1.0978674e-001
7.1050948e+002 9.4294184e-002 9.4294184e-002 1.0856078e-001
7.1051847e+002 9.3431182e-002 9.3431182e-002 1.0730328e-001
7.1052747e+002 9.2542941e-002 9.2542941e-002 1.0601770e-001
7.1053646e+002 9.1631700e-002 9.1631700e-002 1.0470753e-001
7.1054545e+002 9.0699657e-002 9.0699657e-002 1.0337617e-001
7.1055444e+002 8.9748922e-002 8.9748922e-002 1.0202688e-001
7.1056343e+002 8.8781601e-002 8.8781601e-002 1.0066293e-001
7.1057242e+002 8.7799851e-002 8.7799851e-002 9.9287503e-002
7.1058141e+002 8.6805930e-002 8.6805930e-002 9.7903690e-002
7.1059040e+002 8.5802104e-002 8.5802104e-002 9.6514568e-002
7.1059939e+002 8.4790470e-002 8.4790470e-002 9.5123034e-002
7.1060839e+002 8.3772810e-002 8.3772810e-002 9.3731654e-002
7.1061738e+002 8.2750873e-002 8.2750873e-002 9.2342956e-002
7.1062637e+002 8.1726428e-002 8.1726428e-002 9.0959400e-002
7.1063536e+002 8.0701290e-002 8.0701290e-002 8.9583310e-002
7.1064435e+002 7.9677273e-002 7.9677273e-002 8.8216997e-002
7.1065334e+002 7.8656035e-002 7.8656035e-002 8.6862513e-002
7.1066233e+002 7.7638929e-002 7.7638929e-002 8.5521429e-002
7.1067132e+002 7.6627276e-002 7.6627276e-002 8.4195264e-002
7.1068031e+002 7.5622300e-002 7.5622300e-002 8.2885437e-002
7.1068930e+002 7.4625043e-002 7.4625043e-002 8.1593186e-002
7.1069830e+002 7.3636527e-002 7.3636527e-002 8.0319725e-002
7.1070729e+002 7.2657723e-002 7.2657723e-002 7.9066082e-002
7.1071628e+002 7.1689513e-002 7.1689513e-002 7.7832932e-002
7.1072527e+002 7.0732764e-002 7.0732764e-002 7.6620905e-002
7.1073426e+002 6.9788165e-002 6.9788165e-002 7.5430534e-002
7.1074325e+002 6.8856054e-002 6.8856054e-002 7.4262154e-002
7.1075224e+002 6.7936732e-002 6.7936732e-002 7.3116078e-002
7.1076123e+002 6.7030568e-002 6.7030568e-002 7.1992506e-002
7.1077022e+002 6.6138061e-002 6.6138061e-002 7.0891423e-002
7.1077921e+002 6.5259729e-002 6.5259729e-002 6.9812787e-002
7.1078820e+002 6.4395876e-002 6.4395876e-002 6.8756524e-002
7.1079720e+002 6.3546400e-002 6.3546400e-002 6.7722491e-002
7.1080619e+002 6.2711152e-002 6.2711152e-002 6.6710538e-002
7.1081518e+002 6.1890054e-002 6.1890054e-002 6.5720416e-002
7.1082417e+002 6.1083175e-002 6.1083175e-002 6.4751679e-002
7.1083316e+002 6.0290598e-002 6.0290598e-002 6.3803859e-002
7.1084215e+002 5.9512323e-002 5.9512323e-002 6.2876459e-002
7.1085114e+002 5.8748182e-002 5.8748182e-002 6.1968923e-002
7.1086013e+002 5.7997986e-002 5.7997986e-002 6.1080688e-002
7.1086912e+002 5.7261468e-002 5.7261468e-002 6.0211294e-002
7.1087811e+002 5.6538209e-002 5.6538209e-002 5.9360480e-002
7.1088711e+002 5.5827772e-002 5.5827772e-002 5.8528013e-002
7.1089610e+002 5.5129882e-002 5.5129882e-002 5.7713510e-002
7.1090509e+002 5.4444596e-002 5.4444596e-002 5.6916291e-002
7.1091408e+002 5.3772006e-002 5.3772006e-002 5.6135645e-002
7.1092307e+002 5.3111971e-002 5.3111971e-002 5.5371003e-002
7.1093206e+002 5.2463868e-002 5.2463868e-002 5.4622098e-002
7.1094105e+002 5.1827015e-002 5.1827015e-002 5.3888702e-002
7.1095004e+002 5.1200953e-002 5.1200953e-002 5.3170588e-002
7.1095903e+002 5.0585674e-002 5.0585674e-002 5.2467545e-002
7.1096803e+002 4.9981226e-002 4.9981226e-002 5.1779363e-002
7.1097702e+002 4.9387457e-002 4.9387457e-002 5.1105772e-002
7.1098601e+002 4.8803796e-002 4.8803796e-002 5.0446382e-002
7.1099500e+002 4.8229619e-002 4.8229619e-002 4.9800791e-002
7.1100399e+002 4.7664558e-002 4.7664558e-002 4.9168709e-002
7.1101298e+002 4.7108777e-002 4.7108777e-002 4.8550088e-002
7.1102197e+002 4.6562504e-002 4.6562504e-002 4.7944909e-002
7.1103096e+002 4.6025703e-002 4.6025703e-002 4.7353193e-002
7.1103995e+002 4.5497779e-002 4.5497779e-002 4.6775036e-002
7.1104894e+002 4.4978068e-002 4.4978068e-002 4.6210546e-002
7.1105794e+002 4.4466165e-002 4.4466165e-002 4.5659676e-002
7.1106693e+002 4.3962217e-002 4.3962217e-002 4.5122056e-002
7.1107592e+002 4.3466437e-002 4.3466437e-002 4.4597277e-002
7.1108491e+002 4.2978813e-002 4.2978813e-002 4.4085174e-002
7.1109390e+002 4.2498838e-002 4.2498838e-002 4.3586109e-002
7.1110289e+002 4.2025942e-002 4.2025942e-002 4.3100512e-002
7.1111188e+002 4.1559784e-002 4.1559784e-002 4.2628630e-002
7.1112087e+002 4.1100520e-002 4.1100520e-002 4.2170310e-002
7.1112986e+002 4.0648368e-002 4.0648368e-002 4.1725345e-002
7.1113885e+002 4.0203397e-002 4.0203397e-002 4.1293596e-002
7.1114784e+002 3.9765340e-002 3.9765340e-002 4.0875067e-002
7.1115684e+002 3.9333887e-002 3.9333887e-002 4.0469780e-002
7.1116583e+002 3.8908790e-002 3.8908790e-002 4.0077783e-002
7.1117482e+002 3.8489947e-002 3.8489947e-002 3.9699187e-002
7.1118381e+002 3.8077269e-002 3.8077269e-002 3.9334106e-002
7.1119280e+002 3.7670674e-002 3.7670674e-002 3.8982591e-002
7.1120179e+002 3.7270075e-002 3.7270075e-002 3.8644542e-002
7.1121078e+002 3.6875388e-002 3.6875388e-002 3.8319841e-002
7.1121977e+002 3.6486570e-002 3.6486570e-002 3.8008400e-002
7.1122876e+002 3.6103660e-002 3.6103660e-002 3.7710198e-002
7.1123775e+002 3.5726713e-002 3.5726713e-002 3.7425226e-002
7.1124675e+002 3.5355731e-002 3.5355731e-002 3.7153522e-002
7.1125574e+002 3.4990599e-002 3.4990599e-002 3.6895230e-002
7.1126473e+002 3.4631189e-002 3.4631189e-002 3.6650511e-002
7.1127372e+002 3.4277434e-002 3.4277434e-002 3.6419406e-002
7.1128271e+002 3.3929409e-002 3.3929409e-002 3.6201693e-002
7.1129170e+002 3.3587209e-002 3.3587209e-002 3.5997111e-002
7.1130069e+002 3.3250937e-002 3.3250937e-002 3.5805511e-002
7.1130968e+002 3.2920708e-002 3.2920708e-002 3.5627002e-002
7.1131867e+002 3.2596638e-002 3.2596638e-002 3.5461726e-002
7.1132767e+002 3.2278862e-002 3.2278862e-002 3.5309803e-002
7.1133666e+002 3.1967546e-002 3.1967546e-002 3.5171296e-002
7.1134565e+002 3.1662867e-002 3.1662867e-002 3.5046265e-002
7.1135464e+002 3.1364928e-002 3.1364928e-002 3.4934749e-002
7.1136363e+002 3.1073679e-002 3.1073679e-002 3.4836751e-002
7.1137262e+002 3.0789046e-002 3.0789046e-002 3.4752269e-002
7.1138161e+002 3.0511108e-002 3.0511108e-002 3.4681388e-002
7.1139060e+002 3.0240306e-002 3.0240306e-002 3.4624402e-002
7.1139959e+002 2.9977132e-002 2.9977132e-002 3.4581633e-002
7.1140858e+002 2.9721933e-002 2.9721933e-002 3.4553268e-002
7.1141757e+002 2.9474708e-002 2.9474708e-002 3.4539173e-002
7.1142657e+002 2.9235409e-002 2.9235409e-002 3.4539165e-002
7.1143556e+002 2.9004117e-002 2.9004117e-002 3.4553219e-002
7.1144455e+002 2.8781233e-002 2.8781233e-002 3.4581686e-002
7.1145354e+002 2.8567201e-002 2.8567201e-002 3.4624971e-002
7.1146253e+002 2.8362379e-002 2.8362379e-002 3.4683382e-002
7.1147152e+002 2.8166913e-002 2.8166913e-002 3.4756991e-002
7.1148051e+002 2.7980915e-002 2.7980915e-002 3.4845834e-002
7.1148950e+002 2.7804525e-002 2.7804525e-002 3.4949986e-002
7.1149849e+002 2.7637940e-002 2.7637940e-002 3.5069622e-002
7.1150748e+002 2.7481368e-002 2.7481368e-002 3.5204926e-002
7.1151648e+002 2.7335004e-002 2.7335004e-002 3.5356026e-002
7.1152547e+002 2.7199020e-002 2.7199020e-002 3.5522898e-002
7.1153446e+002 2.7073579e-002 2.7073579e-002 3.5705499e-002
7.1154345e+002 2.6958772e-002 2.6958772e-002 3.5903793e-002
7.1155244e+002 2.6854495e-002 2.6854495e-002 3.6117768e-002
7.1156143e+002 2.6760615e-002 2.6760615e-002 3.6347418e-002
7.1157042e+002 2.6677128e-002 2.6677128e-002 3.6592659e-002
7.1157941e+002 2.6604349e-002 2.6604349e-002 3.6853228e-002
7.1158840e+002 2.6542642e-002 2.6542642e-002 3.7128830e-002
7.1159740e+002 2.6492128e-002 2.6492128e-002 3.7419172e-002
7.1160639e+002 2.6452316e-002 2.6452316e-002 3.7723959e-002
7.1161538e+002 2.6422619e-002 2.6422619e-002 3.8042895e-002
7.1162437e+002 2.6402636e-002 2.6402636e-002 3.8375572e-002
7.1163336e+002 2.6392426e-002 2.6392426e-002 3.8721293e-002
7.1164235e+002 2.6392127e-002 2.6392127e-002 3.9079318e-002
7.1165134e+002 2.6401664e-002 2.6401664e-002 3.9448890e-002
7.1166033e+002 2.6420428e-002 2.6420428e-002 3.9829214e-002
7.1166932e+002 2.6447727e-002 2.6447727e-002 4.0219486e-002
7.1167831e+002 2.6482962e-002 2.6482962e-002 4.0618801e-002
7.1168731e+002 2.6525776e-002 2.6525776e-002 4.1025981e-002
7.1169630e+002 2.6575855e-002 2.6575855e-002 4.1439807e-002
7.1170529e+002 2.6632803e-002 2.6632803e-002 4.1859123e-002
7.1171428e+002 2.6696029e-002 2.6696029e-002 4.2282936e-002
7.1172327e+002 2.6764907e-002 2.6764907e-002 4.2710280e-002
7.1173226e+002 2.6838749e-002 2.6838749e-002 4.3139952e-002
7.1174125e+002 2.6916708e-002 2.6916708e-002 4.3570119e-002
7.1175024e+002 2.6997910e-002 2.6997910e-002 4.3998847e-002
7.1175923e+002 2.7081528e-002 2.7081528e-002 4.4424364e-002
7.1176822e+002 2.7166864e-002 2.7166864e-002 4.4845334e-002
7.1177721e+002 2.7253239e-002 2.7253239e-002 4.5260490e-002
7.1178621e+002 2.7339935e-002 2.7339935e-002 4.5668423e-002
7.1179520e+002 2.7426126e-002 2.7426126e-002 4.6067331e-002
7.1180419e+002 2.7510965e-002 2.7510965e-002 4.6455346e-002
7.1181318e+002 2.7593633e-002 2.7593633e-002 4.6830666e-002
7.1182217e+002 2.7673376e-002 2.7673376e-002 4.7191653e-002
7.1183116e+002 2.7749453e-002 2.7749453e-002 4.7536699e-002
7.1184015e+002 2.7821063e-002 2.7821063e-002 4.7864180e-002
7.1184914e+002 2.7887245e-002 2.7887245e-002 4.8172434e-002
7.1185813e+002 2.7947011e-002 2.7947011e-002 4.8459792e-002
7.1186712e+002 2.7999494e-002 2.7999494e-002 4.8724670e-002
7.1187612e+002 2.8044162e-002 2.8044162e-002 4.8965711e-002
7.1188511e+002 2.8080542e-002 2.8080542e-002 4.9181600e-002
7.1189410e+002 2.8108080e-002 2.8108080e-002 4.9371049e-002
7.1190309e+002 2.8126007e-002 2.8126007e-002 4.9532856e-002
7.1191208e+002 2.8133518e-002 2.8133518e-002 4.9665828e-002
7.1192107e+002 2.8129909e-002 2.8129909e-002 4.9768835e-002
7.1193006e+002 2.8114768e-002 2.8114768e-002 4.9840909e-002
7.1193905e+002 2.8087733e-002 2.8087733e-002 4.9881115e-002
7.1194804e+002 2.8048451e-002 2.8048451e-002 4.9888677e-002
7.1195704e+002 2.7996585e-002 2.7996585e-002 4.9863287e-002
7.1196603e+002 2.7931805e-002 2.7931805e-002 4.9804716e-002
7.1197502e+002 2.7853818e-002 2.7853818e-002 4.9712705e-002
7.1198401e+002 2.7762446e-002 2.7762446e-002 4.9586904e-002
7.1199300e+002 2.7657531e-002 2.7657531e-002 4.9426949e-002
7.1200199e+002 2.7539000e-002 2.7539000e-002 4.9232689e-002
7.1201098e+002 2.7407039e-002 2.7407039e-002 4.9004595e-002
7.1201997e+002 2.7261874e-002 2.7261874e-002 4.8743251e-002
7.1202896e+002 2.7103679e-002 2.7103679e-002 4.8449246e-002
7.1203795e+002 2.6932467e-002 2.6932467e-002 4.8123198e-002
7.1204694e+002 2.6748221e-002 2.6748221e-002 4.7765730e-002
7.1205594e+002 2.6551057e-002 2.6551057e-002 4.7377547e-002
7.1206493e+002 2.6341481e-002 2.6341481e-002 4.6959594e-002
7.1207392e+002 2.6120070e-002 2.6120070e-002 4.6512865e-002
7.1208291e+002 2.5887339e-002 2.5887339e-002 4.6038422e-002
7.1209190e+002 2.5643614e-002 2.5643614e-002 4.5537549e-002
7.1210089e+002 2.5389191e-002 2.5389191e-002 4.5011567e-002
7.1210988e+002 2.5124481e-002 2.5124481e-002 4.4461832e-002
7.1211887e+002 2.4850252e-002 2.4850252e-002 4.3889801e-002
7.1212786e+002 2.4567335e-002 2.4567335e-002 4.3296949e-002
7.1213685e+002 2.4276476e-002 2.4276476e-002 4.2684787e-002
7.1214585e+002 2.3978165e-002 2.3978165e-002 4.2054935e-002
7.1215484e+002 2.3672840e-002 2.3672840e-002 4.1409030e-002
7.1216383e+002 2.3361007e-002 2.3361007e-002 4.0748696e-002
7.1217282e+002 2.3043358e-002 2.3043358e-002 4.0075513e-002
7.1218181e+002 2.2720621e-002 2.2720621e-002 3.9391052e-002
7.1219080e+002 2.2393521e-002 2.2393521e-002 3.8696906e-002
7.1219979e+002 2.2062766e-002 2.2062766e-002 3.7994741e-002
7.1220878e+002 2.1729064e-002 2.1729064e-002 3.7286235e-002
7.1221777e+002 2.1393078e-002 2.1393078e-002 3.6572990e-002
7.1222677e+002 2.1055340e-002 2.1055340e-002 3.5856367e-002
7.1223576e+002 2.0716358e-002 2.0716358e-002 3.5137680e-002
7.1224475e+002 2.0376656e-002 2.0376656e-002 3.4418297e-002
7.1225374e+002 2.0036812e-002 2.0036812e-002 3.3699739e-002
7.1226273e+002 1.9697413e-002 1.9697413e-002 3.2983558e-002
7.1227172e+002 1.9359023e-002 1.9359023e-002 3.2271186e-002
7.1228071e+002 1.9022120e-002 1.9022120e-002 3.1563663e-002
7.1228970e+002 1.8687168e-002 1.8687168e-002 3.0861956e-002
7.1229869e+002 1.8354642e-002 1.8354642e-002 3.0167009e-002
7.1230768e+002 1.8025045e-002 1.8025045e-002 2.9479695e-002
7.1231668e+002 1.7698889e-002 1.7698889e-002 2.8800874e-002
7.1232567e+002 1.7376597e-002 1.7376597e-002 2.8131385e-002
7.1233466e+002 1.7058300e-002 1.7058300e-002 2.7472007e-002
7.1234365e+002 1.6744074e-002 1.6744074e-002 2.6823507e-002
7.1235264e+002 1.6434039e-002 1.6434039e-002 2.6186598e-002
7.1236163e+002 1.6128462e-002 1.6128462e-002 2.5561821e-002
7.1237062e+002 1.5827635e-002 1.5827635e-002 2.4949678e-002
7.1237961e+002 1.5531840e-002 1.5531840e-002 2.4350608e-002
7.1238860e+002 1.5241309e-002 1.5241309e-002 2.3764823e-002
7.1239759e+002 1.4956267e-002 1.4956267e-002 2.3192490e-002
7.1240658e+002 1.4676877e-002 1.4676877e-002 2.2633806e-002
7.1241558e+002 1.4403095e-002 1.4403095e-002 2.2089052e-002
7.1242457e+002 1.4134841e-002 1.4134841e-002 2.1558528e-002
7.1243356e+002 1.3872067e-002 1.3872067e-002 2.1042424e-002
7.1244255e+002 1.3614858e-002 1.3614858e-002 2.0540553e-002
7.1245154e+002 1.3363321e-002 1.3363321e-002 2.0052652e-002
7.1246053e+002 1.3117548e-002 1.3117548e-002 1.9578515e-002
7.1246952e+002 1.2877568e-002 1.2877568e-002 1.9118113e-002
7.1247851e+002 1.2643399e-002 1.2643399e-002 1.8671458e-002
7.1248750e+002 1.2415020e-002 1.2415020e-002 1.8238531e-002
7.1249649e+002 1.2192280e-002 1.2192280e-002 1.7819200e-002
7.1250549e+002 1.1974998e-002 1.1974998e-002 1.7413314e-002
7.1251448e+002 1.1763023e-002 1.1763023e-002 1.7020650e-002
7.1252347e+002 1.1556297e-002 1.1556297e-002 1.6640750e-002
7.1253246e+002 1.1354781e-002 1.1354781e-002 1.6273105e-002
7.1254145e+002 1.1158438e-002 1.1158438e-002 1.5917301e-002
7.1255044e+002 1.0967230e-002 1.0967230e-002 1.5573239e-002
7.1255943e+002 1.0781120e-002 1.0781120e-002 1.5240889e-002
7.1256842e+002 1.0600041e-002 1.0600041e-002 1.4920134e-002
7.1257741e+002 1.0423835e-002 1.0423835e-002 1.4610561e-002
7.1258641e+002 1.0252321e-002 1.0252321e-002 1.4311689e-002
7.1259540e+002 1.0085357e-002 1.0085357e-002 1.4023081e-002
7.1260439e+002 9.9229344e-003 9.9229344e-003 1.3744435e-002
7.1261338e+002 9.7650731e-003 9.7650731e-003 1.3475484e-002
7.1262237e+002 9.6117390e-003 9.6117390e-003 1.3215953e-002
7.1263136e+002 9.4627042e-003 9.4627042e-003 1.2965556e-002
7.1264035e+002 9.3176981e-003 9.3176981e-003 1.2724002e-002
7.1264934e+002 9.1764922e-003 9.1764922e-003 1.2490978e-002
7.1265833e+002 9.0390072e-003 9.0390072e-003 1.2266086e-002
7.1266732e+002 8.9051968e-003 8.9051968e-003 1.2048909e-002
7.1267631e+002 8.7750392e-003 8.7750392e-003 1.1839130e-002
7.1268531e+002 8.6486010e-003 8.6486010e-003 1.1636777e-002
7.1269430e+002 8.5259681e-003 8.5259681e-003 1.1441962e-002
7.1270329e+002 8.4071560e-003 8.4071560e-003 1.1254634e-002
7.1271228e+002 8.2919246e-003 8.2919246e-003 1.1074164e-002
7.1272127e+002 8.1799755e-003 8.1799755e-003 1.0899791e-002
7.1273026e+002 8.0710648e-003 8.0710648e-003 1.0730955e-002
7.1273925e+002 7.9651461e-003 7.9651461e-003 1.0567837e-002
7.1274824e+002 7.8622182e-003 7.8622182e-003 1.0410786e-002
7.1275723e+002 7.7622680e-003 7.7622680e-003 1.0259973e-002
7.1276622e+002 7.6652394e-003 7.6652394e-003 1.0114914e-002
7.1277522e+002 7.5710660e-003 7.5710660e-003 9.9749767e-003
7.1278421e+002 7.4796750e-003 7.4796750e-003 9.8396347e-003
7.1279320e+002 7.3909691e-003 7.3909691e-003 9.7087655e-003
7.1280219e+002 7.3048456e-003 7.3048456e-003 9.5823400e-003
7.1281118e+002 7.2212391e-003 7.2212391e-003 9.4603363e-003
7.1282017e+002 7.1402249e-003 7.1402249e-003 9.3427596e-003
7.1282916e+002 7.0619115e-003 7.0619115e-003 9.2296213e-003
7.1283815e+002 6.9863301e-003 6.9863301e-003 9.1208630e-003
7.1284714e+002 6.9132191e-003 6.9132191e-003 9.0161613e-003
7.1285613e+002 6.8422477e-003 6.8422477e-003 8.9151304e-003
7.1286513e+002 6.7731614e-003 6.7731614e-003 8.8174611e-003
7.1287412e+002 6.7059976e-003 6.7059976e-003 8.7231386e-003
7.1288311e+002 6.6408635e-003 6.6408635e-003 8.6322184e-003
7.1289210e+002 6.5778309e-003 6.5778309e-003 8.5447110e-003
7.1290109e+002 6.5168348e-003 6.5168348e-003 8.4604530e-003
7.1291008e+002 6.4577774e-003 6.4577774e-003 8.3792394e-003
7.1291907e+002 6.4005629e-003 6.4005629e-003 8.3009048e-003
7.1292806e+002 6.3451044e-003 6.3451044e-003 8.2254380e-003
7.1293705e+002 6.2913170e-003 6.2913170e-003 8.1528654e-003
7.1294605e+002 6.2391418e-003 6.2391418e-003 8.0831631e-003
7.1295504e+002 6.1886220e-003 6.1886220e-003 8.0161098e-003
7.1296403e+002 6.1398254e-003 6.1398254e-003 7.9514360e-003
7.1297302e+002 6.0927773e-003 6.0927773e-003 7.8889079e-003
7.1298201e+002 6.0473324e-003 6.0473324e-003 7.8284347e-003
7.1299100e+002 6.0033033e-003 6.0033033e-003 7.7699612e-003
7.1299999e+002 5.9605243e-003 5.9605243e-003 7.7134614e-003
7.1300898e+002 5.9189168e-003 5.9189168e-003 7.6590278e-003
7.1301797e+002 5.8784239e-003 5.8784239e-003 7.6067821e-003
7.1302696e+002 5.8390058e-003 5.8390058e-003 7.5567547e-003
7.1303595e+002 5.8006908e-003 5.8006908e-003 7.5086068e-003
7.1304495e+002 5.7635242e-003 5.7635242e-003 7.4619063e-003
7.1305394e+002 5.7275236e-003 5.7275236e-003 7.4163133e-003
7.1306293e+002 5.6925930e-003 5.6925930e-003 7.3718614e-003
7.1307192e+002 5.6586073e-003 5.6586073e-003 7.3286796e-003
7.1308091e+002 5.6254757e-003 5.6254757e-003 7.2868621e-003
7.1308990e+002 5.5932474e-003 5.5932474e-003 7.2463619e-003
7.1309889e+002 5.5620078e-003 5.5620078e-003 7.2070951e-003
7.1310788e+002 5.5317935e-003 5.5317935e-003 7.1689654e-003
7.1311687e+002 5.5024407e-003 5.5024407e-003 7.1318230e-003
7.1312586e+002 5.4737332e-003 5.4737332e-003 7.0955044e-003
7.1313486e+002 5.4454959e-003 5.4454959e-003 7.0598719e-003
7.1314385e+002 5.4177245e-003 5.4177245e-003 7.0248965e-003
7.1315284e+002 5.3904594e-003 5.3904594e-003 6.9905774e-003
7.1316183e+002 5.3637434e-003 5.3637434e-003 6.9568819e-003
7.1317082e+002 5.3376282e-003 5.3376282e-003 6.9236429e-003
7.1317981e+002 5.3121679e-003 5.3121679e-003 6.8906577e-003
7.1318880e+002 5.2873681e-003 5.2873681e-003 6.8577666e-003
7.1319779e+002 5.2630268e-003 5.2630268e-003 6.8249939e-003
7.1320678e+002 5.2388867e-003 5.2388867e-003 6.7924125e-003
7.1321578e+002 5.2147672e-003 5.2147672e-003 6.7600703e-003
7.1322477e+002 5.1908160e-003 5.1908160e-003 6.7279070e-003
7.1323376e+002 5.1672694e-003 5.1672694e-003 6.6958330e-003
7.1324275e+002 5.1442784e-003 5.1442784e-003 6.6637597e-003
7.1325174e+002 5.1216249e-003 5.1216249e-003 6.6316017e-003
7.1326073e+002 5.0989906e-003 5.0989906e-003 6.5992746e-003
7.1326972e+002 5.0761511e-003 5.0761511e-003 6.5667157e-003
7.1327871e+002 5.0532923e-003 5.0532923e-003 6.5339569e-003
7.1328770e+002 5.0307125e-003 5.0307125e-003 6.5010561e-003
7.1329669e+002 5.0086446e-003 5.0086446e-003 6.4680402e-003
7.1330569e+002 4.9870319e-003 4.9870319e-003 6.4347999e-003
7.1331468e+002 4.9657383e-003 4.9657383e-003 6.4011880e-003
7.1332367e+002 4.9446294e-003 4.9446294e-003 6.3671036e-003
7.1333266e+002 4.9235805e-003 4.9235805e-003 6.3326507e-003
7.1334165e+002 4.9024693e-003 4.9024693e-003 6.2979903e-003
7.1335064e+002 4.8812295e-003 4.8812295e-003 6.2632407e-003
7.1335963e+002 4.8600464e-003 4.8600464e-003 6.2283280e-003
7.1336862e+002 4.8391759e-003 4.8391759e-003 6.1931240e-003
7.1337761e+002 4.8188125e-003 4.8188125e-003 6.1575169e-003
7.1338660e+002 4.7988724e-003 4.7988724e-003 6.1214678e-003
7.1339559e+002 4.7791924e-003 4.7791924e-003 6.0849586e-003
7.1340459e+002 4.7596373e-003 4.7596373e-003 6.0480030e-003
7.1341358e+002 4.7401975e-003 4.7401975e-003 6.0107598e-003
7.1342257e+002 4.7208996e-003 4.7208996e-003 5.9734292e-003
7.1343156e+002 4.7017744e-003 4.7017744e-003 5.9361764e-003
7.1344055e+002 4.6828730e-003 4.6828730e-003 5.8990038e-003
7.1344954e+002 4.6642521e-003 4.6642521e-003 5.8618665e-003
7.1345853e+002 4.6459768e-003 4.6459768e-003 5.8247232e-003
7.1346752e+002 4.6281514e-003 4.6281514e-003 5.7875479e-003
7.1347651e+002 4.6108915e-003 4.6108915e-003 5.7503189e-003
7.1348550e+002 4.5942754e-003 4.5942754e-003 5.7130362e-003
7.1349450e+002 4.5782048e-003 4.5782048e-003 5.6758011e-003
7.1350349e+002 4.5625294e-003 4.5625294e-003 5.6387447e-003
7.1351248e+002 4.5471364e-003 4.5471364e-003 5.6019611e-003
7.1352147e+002 4.5320890e-003 4.5320890e-003 5.5653689e-003
7.1353046e+002 4.5175029e-003 4.5175029e-003 5.5288344e-003
7.1353945e+002 4.5034857e-003 4.5034857e-003 5.4922984e-003
7.1354844e+002 4.4901057e-003 4.4901057e-003 5.4560576e-003
7.1355743e+002 4.4774197e-003 4.4774197e-003 5.4205150e-003
7.1356642e+002 4.4654803e-003 4.4654803e-003 5.3859676e-003
7.1357542e+002 4.4543202e-003 4.4543202e-003 5.3521993e-003
7.1358441e+002 4.4439661e-003 4.4439661e-003 5.3188387e-003
7.1359340e+002 4.4344190e-003 4.4344190e-003 5.2856117e-003
7.1360239e+002 4.4255536e-003 4.4255536e-003 5.2527174e-003
7.1361138e+002 4.4172062e-003 4.4172062e-003 5.2204989e-003
7.1362037e+002 4.4092698e-003 4.4092698e-003 5.1892178e-003
7.1362936e+002 4.4019174e-003 4.4019174e-003 5.1587345e-003
7.1363835e+002 4.3954077e-003 4.3954077e-003 5.1287859e-003
7.1364734e+002 4.3899475e-003 4.3899475e-003 5.0991891e-003
7.1365633e+002 4.3854839e-003 4.3854839e-003 5.0701604e-003
7.1366532e+002 4.3818839e-003 4.3818839e-003 5.0420398e-003
7.1367432e+002 4.3790193e-003 4.3790193e-003 5.0150753e-003
7.1368331e+002 4.3767867e-003 4.3767867e-003 4.9890528e-003
7.1369230e+002 4.3750907e-003 4.3750907e-003 4.9636140e-003
7.1370129e+002 4.3738674e-003 4.3738674e-003 4.9384934e-003
7.1371028e+002 4.3732121e-003 4.3732121e-003 4.9138977e-003
7.1371927e+002 4.3732710e-003 4.3732710e-003 4.8901824e-003
7.1372826e+002 4.3741555e-003 4.3741555e-003 4.8676148e-003
7.1373725e+002 4.3758026e-003 4.3758026e-003 4.8460132e-003
7.1374624e+002 4.3780933e-003 4.3780933e-003 4.8250527e-003
7.1375523e+002 4.3809188e-003 4.3809188e-003 4.8044764e-003
7.1376423e+002 4.3842229e-003 4.3842229e-003 4.7843774e-003
7.1377322e+002 4.3879659e-003 4.3879659e-003 4.7649613e-003
7.1378221e+002 4.3921017e-003 4.3921017e-003 4.7463915e-003
7.1379120e+002 4.3965493e-003 4.3965493e-003 4.7286108e-003
7.1380019e+002 4.4012166e-003 4.4012166e-003 4.7114908e-003
7.1380918e+002 4.4060277e-003 4.4060277e-003 4.6949113e-003
7.1381817e+002 4.4109936e-003 4.4109936e-003 4.6787971e-003
7.1382716e+002 4.4161530e-003 4.4161530e-003 4.6630874e-003
7.1383615e+002 4.4215324e-003 4.4215324e-003 4.6477293e-003
7.1384515e+002 4.4270901e-003 4.4270901e-003 4.6327114e-003
7.1385414e+002 4.4327624e-003 4.4327624e-003 4.6180357e-003
7.1386313e+002 4.4384744e-003 4.4384744e-003 4.6037108e-003
7.1387212e+002 4.4440928e-003 4.4440928e-003 4.5897775e-003
7.1388111e+002 4.4494647e-003 4.4494647e-003 4.5762878e-003
7.1389010e+002 4.4544480e-003 4.4544480e-003 4.5632618e-003
7.1389909e+002 4.4589600e-003 4.4589600e-003 4.5505472e-003
7.1390808e+002 4.4629375e-003 4.4629375e-003 4.5379343e-003
7.1391707e+002 4.4663294e-003 4.4663294e-003 4.5252444e-003
7.1392606e+002 4.4691496e-003 4.4691496e-003 4.5124690e-003
7.1393506e+002 4.4714339e-003 4.4714339e-003 4.4996575e-003
7.1394405e+002 4.4732042e-003 4.4732042e-003 4.4868547e-003
7.1395304e+002 4.4744063e-003 4.4744063e-003 4.4740817e-003
7.1396203e+002 4.4749600e-003 4.4749600e-003 4.4613509e-003
7.1397102e+002 4.4747845e-003 4.4747845e-003 4.4486618e-003
7.1398001e+002 4.4737968e-003 4.4737968e-003 4.4359400e-003
7.1398900e+002 4.4719126e-003 4.4719126e-003 4.4230854e-003
7.1399799e+002 4.4690634e-003 4.4690634e-003 4.4100120e-003
7.1400698e+002 4.4652665e-003 4.4652665e-003 4.3967107e-003
7.1401597e+002 4.4605689e-003 4.4605689e-003 4.3831992e-003
7.1402496e+002 4.4550003e-003 4.4550003e-003 4.3694966e-003
7.1403396e+002 4.4484908e-003 4.4484908e-003 4.3556292e-003
7.1404295e+002 4.4409358e-003 4.4409358e-003 4.3416259e-003
7.1405194e+002 4.4322429e-003 4.4322429e-003 4.3274970e-003
7.1406093e+002 4.4223896e-003 4.4223896e-003 4.3131467e-003
7.1406992e+002 4.4113784e-003 4.4113784e-003 4.2984417e-003
7.1407891e+002 4.3992222e-003 4.3992222e-003 4.2832792e-003
7.1408790e+002 4.3859943e-003 4.3859943e-003 4.2677317e-003
7.1409689e+002 4.3717899e-003 4.3717899e-003 4.2519344e-003
7.1410588e+002 4.3566917e-003 4.3566917e-003 4.2360031e-003
7.1411487e+002 4.3407120e-003 4.3407120e-003 4.2199402e-003
7.1412387e+002 4.3238376e-003 4.3238376e-003 4.2037071e-003
7.1413286e+002 4.3060519e-003 4.3060519e-003 4.1872718e-003
7.1414185e+002 4.2873198e-003 4.2873198e-003 4.1706394e-003
7.1415084e+002 4.2675994e-003 4.2675994e-003 4.1538287e-003
7.1415983e+002 4.2468732e-003 4.2468732e-003 4.1368524e-003
7.1416882e+002 4.2252690e-003 4.2252690e-003 4.1196871e-003
7.1417781e+002 4.2029681e-003 4.2029681e-003 4.1022962e-003
7.1418680e+002 4.1801380e-003 4.1801380e-003 4.0846610e-003
7.1419579e+002 4.1568645e-003 4.1568645e-003 4.0668695e-003
7.1420479e+002 4.1332035e-003 4.1332035e-003 4.0490497e-003
7.1421378e+002 4.1092008e-003 4.1092008e-003 4.0313042e-003
7.1422277e+002 4.0848437e-003 4.0848437e-003 4.0135841e-003
7.1423176e+002 4.0600973e-003 4.0600973e-003 3.9957844e-003
7.1424075e+002 4.0349396e-003 4.0349396e-003 3.9778422e-003
7.1424974e+002 4.0094250e-003 4.0094250e-003 3.9599534e-003
7.1425873e+002 3.9836371e-003 3.9836371e-003 3.9424114e-003
7.1426772e+002 3.9576579e-003 3.9576579e-003 3.9254437e-003
7.1427671e+002 3.9315607e-003 3.9315607e-003 3.9088740e-003
7.1428570e+002 3.9054157e-003 3.9054157e-003 3.8923729e-003
7.1429469e+002 3.8792859e-003 3.8792859e-003 3.8756751e-003
7.1430369e+002 3.8531931e-003 3.8531931e-003 3.8589146e-003
7.1431268e+002 3.8271434e-003 3.8271434e-003 3.8423779e-003
7.1432167e+002 3.8011704e-003 3.8011704e-003 3.8263140e-003
7.1433066e+002 3.7754824e-003 3.7754824e-003 3.8107352e-003
7.1433965e+002 3.7503553e-003 3.7503553e-003 3.7955624e-003
7.1434864e+002 3.7259986e-003 3.7259986e-003 3.7807275e-003
7.1435763e+002 3.7022046e-003 3.7022046e-003 3.7662332e-003
7.1436662e+002 3.6786028e-003 3.6786028e-003 3.7521097e-003
7.1437561e+002 3.6549076e-003 3.6549076e-003 3.7383799e-003
7.1438460e+002 3.6313744e-003 3.6313744e-003 3.7250203e-003
7.1439360e+002 3.6084712e-003 3.6084712e-003 3.7119894e-003
7.1440259e+002 3.5865800e-003 3.5865800e-003 3.6992631e-003
7.1441158e+002 3.5655262e-003 3.5655262e-003 3.6869326e-003
7.1442057e+002 3.5449149e-003 3.5449149e-003 3.6751345e-003
7.1442956e+002 3.5244269e-003 3.5244269e-003 3.6639787e-003
7.1443855e+002 3.5042388e-003 3.5042388e-003 3.6533993e-003
7.1444754e+002 3.4847247e-003 3.4847247e-003 3.6432604e-003
7.1445653e+002 3.4661871e-003 3.4661871e-003 3.6334428e-003
7.1446552e+002 3.4484525e-003 3.4484525e-003 3.6239398e-003
7.1447452e+002 3.4311562e-003 3.4311562e-003 3.6147899e-003
7.1448351e+002 3.4140018e-003 3.4140018e-003 3.6060260e-003
7.1449250e+002 3.3971511e-003 3.3971511e-003 3.5976449e-003
7.1450149e+002 3.3809519e-003 3.3809519e-003 3.5896289e-003
7.1451048e+002 3.3656913e-003 3.3656913e-003 3.5819648e-003
7.1451947e+002 3.3512479e-003 3.3512479e-003 3.5746724e-003
7.1452846e+002 3.3373331e-003 3.3373331e-003 3.5677848e-003
7.1453745e+002 3.3236919e-003 3.3236919e-003 3.5613211e-003
7.1454644e+002 3.3102987e-003 3.3102987e-003 3.5552058e-003
7.1455543e+002 3.2972233e-003 3.2972233e-003 3.5493245e-003
7.1456443e+002 3.2845297e-003 3.2845297e-003 3.5435786e-003
7.1457342e+002 3.2722438e-003 3.2722438e-003 3.5379785e-003
7.1458241e+002 3.2603755e-003 3.2603755e-003 3.5325802e-003
7.1459140e+002 3.2489237e-003 3.2489237e-003 3.5274243e-003
7.1460039e+002 3.2378111e-003 3.2378111e-003 3.5224458e-003
7.1460938e+002 3.2269287e-003 3.2269287e-003 3.5175351e-003
7.1461837e+002 3.2161824e-003 3.2161824e-003 3.5125940e-003
7.1462736e+002 3.2055849e-003 3.2055849e-003 3.5076023e-003
7.1463635e+002 3.1951939e-003 3.1951939e-003 3.5025734e-003
7.1464534e+002 3.1850509e-003 3.1850509e-003 3.4975244e-003
7.1465433e+002 3.1750829e-003 3.1750829e-003 3.4924999e-003
7.1466333e+002 3.1651676e-003 3.1651676e-003 3.4875562e-003
7.1467232e+002 3.1551993e-003 3.1551993e-003 3.4827231e-003
7.1468131e+002 3.1451894e-003 3.1451894e-003 3.4778430e-003
7.1469030e+002 3.1352001e-003 3.1352001e-003 3.4726781e-003
7.1469929e+002 3.1252769e-003 3.1252769e-003 3.4670251e-003
7.1470828e+002 3.1153453e-003 3.1153453e-003 3.4609329e-003
7.1471727e+002 3.1052786e-003 3.1052786e-003 3.4545598e-003
7.1472626e+002 3.0949679e-003 3.0949679e-003 3.4480482e-003
7.1473525e+002 3.0844325e-003 3.0844325e-003 3.4414226e-003
7.1474424e+002 3.0737478e-003 3.0737478e-003 3.4346558e-003
7.1475324e+002 3.0629678e-003 3.0629678e-003 3.4277185e-003
7.1476223e+002 3.0519870e-003 3.0519870e-003 3.4205678e-003
7.1477122e+002 3.0406293e-003 3.0406293e-003 3.4131544e-003
7.1478021e+002 3.0287559e-003 3.0287559e-003 3.4054210e-003
7.1478920e+002 3.0165036e-003 3.0165036e-003 3.3972495e-003
7.1479819e+002 3.0041322e-003 3.0041322e-003 3.3884946e-003
7.1480718e+002 2.9918689e-003 2.9918689e-003 3.3790455e-003
7.1481617e+002 2.9796977e-003 2.9796977e-003 3.3690476e-003
7.1482516e+002 2.9674929e-003 2.9674929e-003 3.3587620e-003
7.1483416e+002 2.9551287e-003 2.9551287e-003 3.3484145e-003
7.1484315e+002 2.9424796e-003 2.9424796e-003 3.3379646e-003
7.1485214e+002 2.9294207e-003 2.9294207e-003 3.3272512e-003
7.1486113e+002 2.9158588e-003 2.9158588e-003 3.3161270e-003
7.1487012e+002 2.9019403e-003 2.9019403e-003 3.3045574e-003
7.1487911e+002 2.8879213e-003 2.8879213e-003 3.2925588e-003
7.1488810e+002 2.8740238e-003 2.8740238e-003 3.2801544e-003
7.1489709e+002 2.8602070e-003 2.8602070e-003 3.2674163e-003
7.1490608e+002 2.8463085e-003 2.8463085e-003 3.2544392e-003
7.1491507e+002 2.8321809e-003 2.8321809e-003 3.2413080e-003
7.1492406e+002 2.8177946e-003 2.8177946e-003 3.2280316e-003
7.1493306e+002 2.8031751e-003 2.8031751e-003 3.2145835e-003
7.1494205e+002 2.7883510e-003 2.7883510e-003 3.2009401e-003
7.1495104e+002 2.7733719e-003 2.7733719e-003 3.1871020e-003
7.1496003e+002 2.7582976e-003 2.7582976e-003 3.1730811e-003
7.1496902e+002 2.7431915e-003 2.7431915e-003 3.1588866e-003
7.1497801e+002 2.7281446e-003 2.7281446e-003 3.1445073e-003
7.1498700e+002 2.7132612e-003 2.7132612e-003 3.1299222e-003
7.1499599e+002 2.6986289e-003 2.6986289e-003 3.1151177e-003
7.1500498e+002 2.6842033e-003 2.6842033e-003 3.1001381e-003
7.1501397e+002 2.6698772e-003 2.6698772e-003 3.0850552e-003
7.1502297e+002 2.6555480e-003 2.6555480e-003 3.0699434e-003
7.1503196e+002 2.6411532e-003 2.6411532e-003 3.0548958e-003
7.1504095e+002 2.6266499e-003 2.6266499e-003 3.0400141e-003
7.1504994e+002 2.6120200e-003 2.6120200e-003 3.0253838e-003
7.1505893e+002 2.5974449e-003 2.5974449e-003 3.0109590e-003
7.1506792e+002 2.5832032e-003 2.5832032e-003 2.9966298e-003
7.1507691e+002 2.5695275e-003 2.5695275e-003 2.9822919e-003
7.1508590e+002 2.5562700e-003 2.5562700e-003 2.9678910e-003
7.1509489e+002 2.5430968e-003 2.5430968e-003 2.9533969e-003
7.1510388e+002 2.5297221e-003 2.5297221e-003 2.9387993e-003
7.1511288e+002 2.5162666e-003 2.5162666e-003 2.9242483e-003
7.1512187e+002 2.5030519e-003 2.5030519e-003 2.9099731e-003
7.1513086e+002 2.4903607e-003 2.4903607e-003 2.8961754e-003
7.1513985e+002 2.4781424e-003 2.4781424e-003 2.8828219e-003
7.1514884e+002 2.4661807e-003 2.4661807e-003 2.8697626e-003
7.1515783e+002 2.4542870e-003 2.4542870e-003 2.8568581e-003
7.1516682e+002 2.4425163e-003 2.4425163e-003 2.8440643e-003
7.1517581e+002 2.4310458e-003 2.4310458e-003 2.8313854e-003
7.1518480e+002 2.4200317e-003 2.4200317e-003 2.8188350e-003
7.1519380e+002 2.4094434e-003 2.4094434e-003 2.8065061e-003
7.1520279e+002 2.3991561e-003 2.3991561e-003 2.7945316e-003
7.1521178e+002 2.3890500e-003 2.3890500e-003 2.7830235e-003
7.1522077e+002 2.3790546e-003 2.3790546e-003 2.7719084e-003
7.1522976e+002 2.3691248e-003 2.3691248e-003 2.7610184e-003
7.1523875e+002 2.3592405e-003 2.3592405e-003 2.7502093e-003
7.1524774e+002 2.3495958e-003 2.3495958e-003 2.7395443e-003
7.1525673e+002 2.3404952e-003 2.3404952e-003 2.7291939e-003
7.1526572e+002 2.3321921e-003 2.3321921e-003 2.7193072e-003
7.1527471e+002 2.3244861e-003 2.3244861e-003 2.7098386e-003
7.1528370e+002 2.3169412e-003 2.3169412e-003 2.7006416e-003
7.1529270e+002 2.3091730e-003 2.3091730e-003 2.6915826e-003
7.1530169e+002 2.3012704e-003 2.3012704e-003 2.6826470e-003
7.1531068e+002 2.2935697e-003 2.2935697e-003 2.6738829e-003
7.1531967e+002 2.2863745e-003 2.2863745e-003 2.6653323e-003
7.1532866e+002 2.2796739e-003 2.2796739e-003 2.6569791e-003
7.1533765e+002 2.2732921e-003 2.2732921e-003 2.6487772e-003
7.1534664e+002 2.2670638e-003 2.2670638e-003 2.6406922e-003
7.1535563e+002 2.2609324e-003 2.2609324e-003 2.6328021e-003
7.1536462e+002 2.2548996e-003 2.2548996e-003 2.6252445e-003
7.1537361e+002 2.2489785e-003 2.2489785e-003 2.6181392e-003
7.1538261e+002 2.2432835e-003 2.2432835e-003 2.6114398e-003
7.1539160e+002 2.2379835e-003 2.2379835e-003 2.6050104e-003
7.1540059e+002 2.2332163e-003 2.2332163e-003 2.5987260e-003
7.1540958e+002 2.2288299e-003 2.2288299e-003 2.5925677e-003
7.1541857e+002 2.2245160e-003 2.2245160e-003 2.5865738e-003
7.1542756e+002 2.2200060e-003 2.2200060e-003 2.5807795e-003
7.1543655e+002 2.2154192e-003 2.2154192e-003 2.5751850e-003
7.1544554e+002 2.2110854e-003 2.2110854e-003 2.5697711e-003
7.1545453e+002 2.2072978e-003 2.2072978e-003 2.5645223e-003
7.1546353e+002 2.2039806e-003 2.2039806e-003 2.5594574e-003
7.1547252e+002 2.2008558e-003 2.2008558e-003 2.5546144e-003
7.1548151e+002 2.1976643e-003 2.1976643e-003 2.5500204e-003
7.1549050e+002 2.1943448e-003 2.1943448e-003 2.5456000e-003
7.1549949e+002 2.1909458e-003 2.1909458e-003 2.5412209e-003
7.1550848e+002 2.1875189e-003 2.1875189e-003 2.5367663e-003
7.1551747e+002 2.1841350e-003 2.1841350e-003 2.5322735e-003
7.1552646e+002 2.1808755e-003 2.1808755e-003 2.5278658e-003
7.1553545e+002 2.1778164e-003 2.1778164e-003 2.5236600e-003
7.1554444e+002 2.1749812e-003 2.1749812e-003 2.5197018e-003
7.1555344e+002 2.1723636e-003 2.1723636e-003 2.5159971e-003
7.1556243e+002 2.1699541e-003 2.1699541e-003 2.5125420e-003
7.1557142e+002 2.1677140e-003 2.1677140e-003 2.5092426e-003
7.1558041e+002 2.1655885e-003 2.1655885e-003 2.5059541e-003
7.1558940e+002 2.1635171e-003 2.1635171e-003 2.5025523e-003
7.1559839e+002 2.1613877e-003 2.1613877e-003 2.4991229e-003
7.1560738e+002 2.1590588e-003 2.1590588e-003 2.4958714e-003
7.1561637e+002 2.1564120e-003 2.1564120e-003 2.4929741e-003
7.1562536e+002 2.1535637e-003 2.1535637e-003 2.4902978e-003
7.1563435e+002 2.1507660e-003 2.1507660e-003 2.4875313e-003
7.1564334e+002 2.1482498e-003 2.1482498e-003 2.4843974e-003
7.1565234e+002 2.1460161e-003 2.1460161e-003 2.4809878e-003
7.1566133e+002 2.1439328e-003 2.1439328e-003 2.4776079e-003
7.1567032e+002 2.1418686e-003 2.1418686e-003 2.4745376e-003
7.1567931e+002 2.1397199e-003 2.1397199e-003 2.4717676e-003
7.1568830e+002 2.1373994e-003 2.1373994e-003 2.4691195e-003
7.1569729e+002 2.1348313e-003 2.1348313e-003 2.4664254e-003
7.1570628e+002 2.1320583e-003 2.1320583e-003 2.4636509e-003
7.1571527e+002 2.1291928e-003 2.1291928e-003 2.4608404e-003
7.1572426e+002 2.1263422e-003 2.1263422e-003 2.4580365e-003
7.1573325e+002 2.1235484e-003 2.1235484e-003 2.4552550e-003
7.1574225e+002 2.1208145e-003 2.1208145e-003 2.4524954e-003
7.1575124e+002 2.1181359e-003 2.1181359e-003 2.4497547e-003
7.1576023e+002 2.1154341e-003 2.1154341e-003 2.4470052e-003
7.1576922e+002 2.1125860e-003 2.1125860e-003 2.4442044e-003
7.1577821e+002 2.1094813e-003 2.1094813e-003 2.4413215e-003
7.1578720e+002 2.1061545e-003 2.1061545e-003 2.4384509e-003
7.1579619e+002 2.1027275e-003 2.1027275e-003 2.4357628e-003
7.1580518e+002 2.0993168e-003 2.0993168e-003 2.4334047e-003
7.1581417e+002 2.0959671e-003 2.0959671e-003 2.4312636e-003
7.1582317e+002 2.0926798e-003 2.0926798e-003 2.4290684e-003
7.1583216e+002 2.0894485e-003 2.0894485e-003 2.4265699e-003
7.1584115e+002 2.0861938e-003 2.0861938e-003 2.4237861e-003
7.1585014e+002 2.0827909e-003 2.0827909e-003 2.4208988e-003
7.1585913e+002 2.0791279e-003 2.0791279e-003 2.4180776e-003
7.1586812e+002 2.0752427e-003 2.0752427e-003 2.4153301e-003
7.1587711e+002 2.0712655e-003 2.0712655e-003 2.4125633e-003
7.1588610e+002 2.0673196e-003 2.0673196e-003 2.4096977e-003
7.1589509e+002 2.0634330e-003 2.0634330e-003 2.4068209e-003
7.1590408e+002 2.0595740e-003 2.0595740e-003 2.4041248e-003
7.1591307e+002 2.0557119e-003 2.0557119e-003 2.4017768e-003
7.1592207e+002 2.0518333e-003 2.0518333e-003 2.3996533e-003
7.1593106e+002 2.0479363e-003 2.0479363e-003 2.3974470e-003
7.1594005e+002 2.0440212e-003 2.0440212e-003 2.3948795e-003
7.1594904e+002 2.0401122e-003 2.0401122e-003 2.3920286e-003
7.1595803e+002 2.0362491e-003 2.0362491e-003 2.3891989e-003
7.1596702e+002 2.0324617e-003 2.0324617e-003 2.3866738e-003
7.1597601e+002 2.0286665e-003 2.0286665e-003 2.3844537e-003
7.1598500e+002 2.0247069e-003 2.0247069e-003 2.3823576e-003
7.1599399e+002 2.0204440e-003 2.0204440e-003 2.3802138e-003
7.1600298e+002 2.0159565e-003 2.0159565e-003 2.3779890e-003
7.1601198e+002 2.0114636e-003 2.0114636e-003 2.3757399e-003
7.1602097e+002 2.0071762e-003 2.0071762e-003 2.3735193e-003
7.1602996e+002 2.0031849e-003 2.0031849e-003 2.3713192e-003
7.1603895e+002 1.9995015e-003 1.9995015e-003 2.3690920e-003
7.1604794e+002 1.9961232e-003 1.9961232e-003 2.3667983e-003
7.1605693e+002 1.9928911e-003 1.9928911e-003 2.3645033e-003
7.1606592e+002 1.9895433e-003 1.9895433e-003 2.3623406e-003
7.1607491e+002 1.9858434e-003 1.9858434e-003 2.3604331e-003
7.1608390e+002 1.9818785e-003 1.9818785e-003 2.3587569e-003
7.1609290e+002 1.9779498e-003 1.9779498e-003 2.3571918e-003
7.1610189e+002 1.9743377e-003 1.9743377e-003 2.3556205e-003
7.1611088e+002 1.9710259e-003 1.9710259e-003 2.3539863e-003
7.1611987e+002 1.9678002e-003 1.9678002e-003 2.3522731e-003
7.1612886e+002 1.9644623e-003 1.9644623e-003 2.3504745e-003
7.1613785e+002 1.9610480e-003 1.9610480e-003 2.3486974e-003
7.1614684e+002 1.9577509e-003 1.9577509e-003 2.3471247e-003
7.1615583e+002 1.9547496e-003 1.9547496e-003 2.3459163e-003
7.1616482e+002 1.9519991e-003 1.9519991e-003 2.3449290e-003
7.1617381e+002 1.9493033e-003 1.9493033e-003 2.3438138e-003
7.1618281e+002 1.9464822e-003 1.9464822e-003 2.3422560e-003
7.1619180e+002 1.9435982e-003 1.9435982e-003 2.3404139e-003
7.1620079e+002 1.9408784e-003 1.9408784e-003 2.3387688e-003
7.1620978e+002 1.9385276e-003 1.9385276e-003 2.3377652e-003
7.1621877e+002 1.9364223e-003 1.9364223e-003 2.3372981e-003
7.1622776e+002 1.9342133e-003 1.9342133e-003 2.3368851e-003
7.1623675e+002 1.9315819e-003 1.9315819e-003 2.3360733e-003
7.1624574e+002 1.9286569e-003 1.9286569e-003 2.3348888e-003
7.1625473e+002 1.9258774e-003 1.9258774e-003 2.3336898e-003
7.1626372e+002 1.9236558e-003 1.9236558e-003 2.3328153e-003
7.1627271e+002 1.9219770e-003 1.9219770e-003 2.3322721e-003
7.1628171e+002 1.9205273e-003 1.9205273e-003 2.3318345e-003
7.1629070e+002 1.9190045e-003 1.9190045e-003 2.3312895e-003
7.1629969e+002 1.9173377e-003 1.9173377e-003 2.3306577e-003
7.1630868e+002 1.9156192e-003 1.9156192e-003 2.3301235e-003
7.1631767e+002 1.9139380e-003 1.9139380e-003 2.3298605e-003
7.1632666e+002 1.9122951e-003 1.9122951e-003 2.3298538e-003
7.1633565e+002 1.9106293e-003 1.9106293e-003 2.3299543e-003
7.1634464e+002 1.9088867e-003 1.9088867e-003 2.3300183e-003
7.1635363e+002 1.9071344e-003 1.9071344e-003 2.3300144e-003
7.1636262e+002 1.9055256e-003 1.9055256e-003 2.3299915e-003
7.1637162e+002 1.9042016e-003 1.9042016e-003 2.3299961e-003
7.1638061e+002 1.9031136e-003 1.9031136e-003 2.3300188e-003
7.1638960e+002 1.9020758e-003 1.9020758e-003 2.3300102e-003
7.1639859e+002 1.9009161e-003 1.9009161e-003 2.3299279e-003
7.1640758e+002 1.8996937e-003 1.8996937e-003 2.3298404e-003
7.1641657e+002 1.8986357e-003 1.8986357e-003 2.3298972e-003
7.1642556e+002 1.8979497e-003 1.8979497e-003 2.3302359e-003
7.1643455e+002 1.8975154e-003 1.8975154e-003 2.3308101e-003
7.1644354e+002 1.8969723e-003 1.8969723e-003 2.3314383e-003
7.1645254e+002 1.8959878e-003 1.8959878e-003 2.3319513e-003
7.1646153e+002 1.8947005e-003 1.8947005e-003 2.3324009e-003
7.1647052e+002 1.8935965e-003 1.8935965e-003 2.3330016e-003
7.1647951e+002 1.8931322e-003 1.8931322e-003 2.3339513e-003
7.1648850e+002 1.8932187e-003 1.8932187e-003 2.3351540e-003
7.1649749e+002 1.8933617e-003 1.8933617e-003 2.3362952e-003
7.1650648e+002 1.8930917e-003 1.8930917e-003 2.3370796e-003
7.1651547e+002 1.8924389e-003 1.8924389e-003 2.3375607e-003
7.1652446e+002 1.8918084e-003 1.8918084e-003 2.3380539e-003
7.1653345e+002 1.8915840e-003 1.8915840e-003 2.3388607e-003
7.1654244e+002 1.8916994e-003 1.8916994e-003 2.3399835e-003
7.1655144e+002 1.8917481e-003 1.8917481e-003 2.3411985e-003
7.1656043e+002 1.8913490e-003 1.8913490e-003 2.3422931e-003
7.1656942e+002 1.8906194e-003 1.8906194e-003 2.3433009e-003
7.1657841e+002 1.8900559e-003 1.8900559e-003 2.3444436e-003
7.1658740e+002 1.8901287e-003 1.8901287e-003 2.3459282e-003
7.1659639e+002 1.8907635e-003 1.8907635e-003 2.3476745e-003
7.1660538e+002 1.8914679e-003 1.8914679e-003 2.3493816e-003
7.1661437e+002 1.8917706e-003 1.8917706e-003 2.3507632e-003
7.1662336e+002 1.8916851e-003 1.8916851e-003 2.3518380e-003
7.1663235e+002 1.8916003e-003 1.8916003e-003 2.3528615e-003
7.1664135e+002 1.8918885e-003 1.8918885e-003 2.3540861e-003
7.1665034e+002 1.8925195e-003 1.8925195e-003 2.3556234e-003
7.1665933e+002 1.8931488e-003 1.8931488e-003 2.3574751e-003
7.1666832e+002 1.8934453e-003 1.8934453e-003 2.3596313e-003
7.1667731e+002 1.8934125e-003 1.8934125e-003 2.3619453e-003
7.1668630e+002 1.8933173e-003 1.8933173e-003 2.3641634e-003
7.1669529e+002 1.8934240e-003 1.8934240e-003 2.3660474e-003
7.1670428e+002 1.8938491e-003 1.8938491e-003 2.3676499e-003
7.1671327e+002 1.8945911e-003 1.8945911e-003 2.3692543e-003
7.1672226e+002 1.8956373e-003 1.8956373e-003 2.3711353e-003
7.1673126e+002 1.8968413e-003 1.8968413e-003 2.3733267e-003
7.1674025e+002 1.8979502e-003 1.8979502e-003 2.3756704e-003
7.1674924e+002 1.8987259e-003 1.8987259e-003 2.3780080e-003
7.1675823e+002 1.8992191e-003 1.8992191e-003 2.3802653e-003
7.1676722e+002 1.8997129e-003 1.8997129e-003 2.3824358e-003
7.1677621e+002 1.9004823e-003 1.9004823e-003 2.3845213e-003
7.1678520e+002 1.9015630e-003 1.9015630e-003 2.3866212e-003
7.1679419e+002 1.9027959e-003 1.9027959e-003 2.3889145e-003
7.1680318e+002 1.9040219e-003 1.9040219e-003 2.3915657e-003
7.1681218e+002 1.9051674e-003 1.9051674e-003 2.3944589e-003
7.1682117e+002 1.9062297e-003 1.9062297e-003 2.3972492e-003
7.1683016e+002 1.9072131e-003 1.9072131e-003 2.3996115e-003
7.1683915e+002 1.9082105e-003 1.9082105e-003 2.4016593e-003
7.1684814e+002 1.9093878e-003 1.9093878e-003 2.4038687e-003
7.1685713e+002 1.9108987e-003 1.9108987e-003 2.4066961e-003
7.1686612e+002 1.9126512e-003 1.9126512e-003 2.4100897e-003
7.1687511e+002 1.9143491e-003 1.9143491e-003 2.4135749e-003
7.1688410e+002 1.9157083e-003 1.9157083e-003 2.4166897e-003
7.1689309e+002 1.9167599e-003 1.9167599e-003 2.4194109e-003
7.1690208e+002 1.9177986e-003 1.9177986e-003 2.4220829e-003
7.1691108e+002 1.9191132e-003 1.9191132e-003 2.4250448e-003
7.1692007e+002 1.9207468e-003 1.9207468e-003 2.4283493e-003
7.1692906e+002 1.9225349e-003 1.9225349e-003 2.4318072e-003
7.1693805e+002 1.9243117e-003 1.9243117e-003 2.4352293e-003
7.1694704e+002 1.9260063e-003 1.9260063e-003 2.4385603e-003
7.1695603e+002 1.9276279e-003 1.9276279e-003 2.4418590e-003
7.1696502e+002 1.9291919e-003 1.9291919e-003 2.4451845e-003
7.1697401e+002 1.9307706e-003 1.9307706e-003 2.4485365e-003
7.1698300e+002 1.9324855e-003 1.9324855e-003 2.4518639e-003
7.1699199e+002 1.9344524e-003 1.9344524e-003 2.4551197e-003
7.1700099e+002 1.9366545e-003 1.9366545e-003 2.4583602e-003
7.1700998e+002 1.9389605e-003 1.9389605e-003 2.4617312e-003
7.1701897e+002 1.9412405e-003 1.9412405e-003 2.4653722e-003
7.1702796e+002 1.9434580e-003 1.9434580e-003 2.4692586e-003
7.1703695e+002 1.9456585e-003 1.9456585e-003 2.4732227e-003
7.1704594e+002 1.9478870e-003 1.9478870e-003 2.4771014e-003
7.1705493e+002 1.9501352e-003 1.9501352e-003 2.4809074e-003
7.1706392e+002 1.9523475e-003 1.9523475e-003 2.4848079e-003
7.1707291e+002 1.9544735e-003 1.9544735e-003 2.4889666e-003
7.1708191e+002 1.9565829e-003 1.9565829e-003 2.4933846e-003
7.1709090e+002 1.9588522e-003 1.9588522e-003 2.4979191e-003
7.1709989e+002 1.9614488e-003 1.9614488e-003 2.5024278e-003
7.1710888e+002 1.9643001e-003 1.9643001e-003 2.5068678e-003
7.1711787e+002 1.9671196e-003 1.9671196e-003 2.5112852e-003
7.1712686e+002 1.9696276e-003 1.9696276e-003 2.5157266e-003
7.1713585e+002 1.9718229e-003 1.9718229e-003 2.5201891e-003
7.1714484e+002 1.9739544e-003 1.9739544e-003 2.5246252e-003
7.1715383e+002 1.9762734e-003 1.9762734e-003 2.5289906e-003
7.1716282e+002 1.9789021e-003 1.9789021e-003 2.5333401e-003
7.1717181e+002 1.9818457e-003 1.9818457e-003 2.5378179e-003
7.1718081e+002 1.9850982e-003 1.9850982e-003 2.5425634e-003
7.1718980e+002 1.9885227e-003 1.9885227e-003 2.5475563e-003
7.1719879e+002 1.9918622e-003 1.9918622e-003 2.5526306e-003
7.1720778e+002 1.9948694e-003 1.9948694e-003 2.5576233e-003
7.1721677e+002 1.9975801e-003 1.9975801e-003 2.5625413e-003
7.1722576e+002 2.0002910e-003 2.0002910e-003 2.5675478e-003
7.1723475e+002 2.0032952e-003 2.0032952e-003 2.5728042e-003
7.1724374e+002 2.0066219e-003 2.0066219e-003 2.5783209e-003
7.1725273e+002 2.0100553e-003 2.0100553e-003 2.5839679e-003
7.1726172e+002 2.0133809e-003 2.0133809e-003 2.5896131e-003
7.1727072e+002 2.0166076e-003 2.0166076e-003 2.5951931e-003
7.1727971e+002 2.0199523e-003 2.0199523e-003 2.6007086e-003
7.1728870e+002 2.0236276e-003 2.0236276e-003 2.6061656e-003
7.1729769e+002 2.0275841e-003 2.0275841e-003 2.6116290e-003
7.1730668e+002 2.0315251e-003 2.0315251e-003 2.6172194e-003
7.1731567e+002 2.0351577e-003 2.0351577e-003 2.6230541e-003
7.1732466e+002 2.0384677e-003 2.0384677e-003 2.6291280e-003
7.1733365e+002 2.0417058e-003 2.0417058e-003 2.6353207e-003
7.1734264e+002 2.0451272e-003 2.0451272e-003 2.6415099e-003
7.1735163e+002 2.0488593e-003 2.0488593e-003 2.6476391e-003
7.1736063e+002 2.0529068e-003 2.0529068e-003 2.6537146e-003
7.1736962e+002 2.0572634e-003 2.0572634e-003 2.6597468e-003
7.1737861e+002 2.0617964e-003 2.0617964e-003 2.6657862e-003
7.1738760e+002 2.0662504e-003 2.0662504e-003 2.6719214e-003
7.1739659e+002 2.0703775e-003 2.0703775e-003 2.6782404e-003
7.1740558e+002 2.0742036e-003 2.0742036e-003 2.6847877e-003
7.1741457e+002 2.0780206e-003 2.0780206e-003 2.6915646e-003
7.1742356e+002 2.0821202e-003 2.0821202e-003 2.6985690e-003
7.1743255e+002 2.0865445e-003 2.0865445e-003 2.7057558e-003
7.1744155e+002 2.0910907e-003 2.0910907e-003 2.7130374e-003
7.1745054e+002 2.0955542e-003 2.0955542e-003 2.7203264e-003
7.1745953e+002 2.0999198e-003 2.0999198e-003 2.7275723e-003
7.1746852e+002 2.1043594e-003 2.1043594e-003 2.7347611e-003
7.1747751e+002 2.1090463e-003 2.1090463e-003 2.7418838e-003
7.1748650e+002 2.1140014e-003 2.1140014e-003 2.7490037e-003
7.1749549e+002 2.1190938e-003 2.1190938e-003 2.7562559e-003
7.1750448e+002 2.1241887e-003 2.1241887e-003 2.7637725e-003
7.1751347e+002 2.1292176e-003 2.1292176e-003 2.7715371e-003
7.1752246e+002 2.1341786e-003 2.1341786e-003 2.7793840e-003
7.1753145e+002 2.1390753e-003 2.1390753e-003 2.7871481e-003
7.1754045e+002 2.1439745e-003 2.1439745e-003 2.7948326e-003
7.1754944e+002 2.1490076e-003 2.1490076e-003 2.8026111e-003
7.1755843e+002 2.1543024e-003 2.1543024e-003 2.8106574e-003
7.1756742e+002 2.1598440e-003 2.1598440e-003 2.8189727e-003
7.1757641e+002 2.1654710e-003 2.1654710e-003 2.8273821e-003
7.1758540e+002 2.1710223e-003 2.1710223e-003 2.8357099e-003
7.1759439e+002 2.1764951e-003 2.1764951e-003 2.8439523e-003
7.1760338e+002 2.1820500e-003 2.1820500e-003 2.8522821e-003
7.1761237e+002 2.1878491e-003 2.1878491e-003 2.8608733e-003
7.1762136e+002 2.1939120e-003 2.1939120e-003 2.8697343e-003
7.1763036e+002 2.2001112e-003 2.2001112e-003 2.8787017e-003
7.1763935e+002 2.2063146e-003 2.2063146e-003 2.8876100e-003
7.1764834e+002 2.2124538e-003 2.2124538e-003 2.8964372e-003
7.1765733e+002 2.2185265e-003 2.2185265e-003 2.9053116e-003
7.1766632e+002 2.2245362e-003 2.2245362e-003 2.9143658e-003
7.1767531e+002 2.2305468e-003 2.2305468e-003 2.9236694e-003
7.1768430e+002 2.2366860e-003 2.2366860e-003 2.9332252e-003
7.1769329e+002 2.2430795e-003 2.2430795e-003 2.9430307e-003
7.1770228e+002 2.2497200e-003 2.2497200e-003 2.9530209e-003
7.1771128e+002 2.2564595e-003 2.2564595e-003 2.9630644e-003
7.1772027e+002 2.2631480e-003 2.2631480e-003 2.9730321e-003
7.1772926e+002 2.2697624e-003 2.2697624e-003 2.9829355e-003
7.1773825e+002 2.2764157e-003 2.2764157e-003 2.9929361e-003
7.1774724e+002 2.2832262e-003 2.2832262e-003 3.0031966e-003
7.1775623e+002 2.2902782e-003 2.2902782e-003 3.0137230e-003
7.1776522e+002 2.2976195e-003 2.2976195e-003 3.0243522e-003
7.1777421e+002 2.3052901e-003 2.3052901e-003 3.0349180e-003
7.1778320e+002 2.3131695e-003 2.3131695e-003 3.0454013e-003
7.1779219e+002 2.3209629e-003 2.3209629e-003 3.0559420e-003
7.1780119e+002 2.3283792e-003 2.3283792e-003 3.0666851e-003
7.1781018e+002 2.3354624e-003 2.3354624e-003 3.0776839e-003
7.1781917e+002 2.3426234e-003 2.3426234e-003 3.0888916e-003
7.1782816e+002 2.3502795e-003 2.3502795e-003 3.1002585e-003
7.1783715e+002 2.3585128e-003 2.3585128e-003 3.1117849e-003
7.1784614e+002 2.3670356e-003 2.3670356e-003 3.1235269e-003
7.1785513e+002 2.3755469e-003 2.3755469e-003 3.1355393e-003
7.1786412e+002 2.3839119e-003 2.3839119e-003 3.1477671e-003
7.1787311e+002 2.3921801e-003 2.3921801e-003 3.1600330e-003
7.1788210e+002 2.4004108e-003 2.4004108e-003 3.1721613e-003
7.1789109e+002 2.4086684e-003 2.4086684e-003 3.1841973e-003
7.1790009e+002 2.4170226e-003 2.4170226e-003 3.1964344e-003
7.1790908e+002 2.4255430e-003 2.4255430e-003 3.2091693e-003
7.1791807e+002 2.4342808e-003 2.4342808e-003 3.2224249e-003
7.1792706e+002 2.4432667e-003 2.4432667e-003 3.2359143e-003
7.1793605e+002 2.4525267e-003 2.4525267e-003 3.2493412e-003
7.1794504e+002 2.4619897e-003 2.4619897e-003 3.2626210e-003
7.1795403e+002 2.4714736e-003 2.4714736e-003 3.2759092e-003
7.1796302e+002 2.4807985e-003 2.4807985e-003 3.2893722e-003
7.1797201e+002 2.4900257e-003 2.4900257e-003 3.3030999e-003
7.1798100e+002 2.4994935e-003 2.4994935e-003 3.3170943e-003
7.1799000e+002 2.5095431e-003 2.5095431e-003 3.3313507e-003
7.1799899e+002 2.5201424e-003 2.5201424e-003 3.3457950e-003
7.1800798e+002 2.5308284e-003 2.5308284e-003 3.3602734e-003
7.1801697e+002 2.5411278e-003 2.5411278e-003 3.3746336e-003
7.1802596e+002 2.5509981e-003 2.5509981e-003 3.3889113e-003
7.1803495e+002 2.5608985e-003 2.5608985e-003 3.4033605e-003
7.1804394e+002 2.5713046e-003 2.5713046e-003 3.4182417e-003
7.1805293e+002 2.5823214e-003 2.5823214e-003 3.4336236e-003
7.1806192e+002 2.5936189e-003 2.5936189e-003 3.4493497e-003
7.1807092e+002 2.6048496e-003 2.6048496e-003 3.4652533e-003
7.1807991e+002 2.6159064e-003 2.6159064e-003 3.4812605e-003
7.1808890e+002 2.6269670e-003 2.6269670e-003 3.4974070e-003
7.1809789e+002 2.6382221e-003 2.6382221e-003 3.5137341e-003
7.1810688e+002 2.6497552e-003 2.6497552e-003 3.5302657e-003
7.1811587e+002 2.6615217e-003 2.6615217e-003 3.5470046e-003
7.1812486e+002 2.6734706e-003 2.6734706e-003 3.5639519e-003
7.1813385e+002 2.6855793e-003 2.6855793e-003 3.5810868e-003
7.1814284e+002 2.6978598e-003 2.6978598e-003 3.5983621e-003
7.1815183e+002 2.7103258e-003 2.7103258e-003 3.6157323e-003
7.1816082e+002 2.7229834e-003 2.7229834e-003 3.6332563e-003
7.1816982e+002 2.7358291e-003 2.7358291e-003 3.6511194e-003
7.1817881e+002 2.7488590e-003 2.7488590e-003 3.6695078e-003
7.1818780e+002 2.7620718e-003 2.7620718e-003 3.6883722e-003
7.1819679e+002 2.7754692e-003 2.7754692e-003 3.7073760e-003
7.1820578e+002 2.7890532e-003 2.7890532e-003 3.7261756e-003
7.1821477e+002 2.8028232e-003 2.8028232e-003 3.7447864e-003
7.1822376e+002 2.8167753e-003 2.8167753e-003 3.7636659e-003
7.1823275e+002 2.8309057e-003 2.8309057e-003 3.7832874e-003
7.1824174e+002 2.8452184e-003 2.8452184e-003 3.8037138e-003
7.1825073e+002 2.8597267e-003 2.8597267e-003 3.8244997e-003
7.1825973e+002 2.8744439e-003 2.8744439e-003 3.8451771e-003
7.1826872e+002 2.8893551e-003 2.8893551e-003 3.8656148e-003
7.1827771e+002 2.9044107e-003 2.9044107e-003 3.8861032e-003
7.1828670e+002 2.9195615e-003 2.9195615e-003 3.9069547e-003
7.1829569e+002 2.9348622e-003 2.9348622e-003 3.9283264e-003
7.1830468e+002 2.9504983e-003 2.9504983e-003 3.9501795e-003
7.1831367e+002 2.9666574e-003 2.9666574e-003 3.9724622e-003
7.1832266e+002 2.9832969e-003 2.9832969e-003 3.9950971e-003
7.1833165e+002 3.0000814e-003 3.0000814e-003 4.0179745e-003
7.1834064e+002 3.0166661e-003 3.0166661e-003 4.0409855e-003
7.1834964e+002 3.0330567e-003 3.0330567e-003 4.0641216e-003
7.1835863e+002 3.0497086e-003 3.0497086e-003 4.0875031e-003
7.1836762e+002 3.0670959e-003 3.0670959e-003 4.1112569e-003
7.1837661e+002 3.0852927e-003 3.0852927e-003 4.1354423e-003
7.1838560e+002 3.1038568e-003 3.1038568e-003 4.1600312e-003
7.1839459e+002 3.1223201e-003 3.1223201e-003 4.1849901e-003
7.1840358e+002 3.1405417e-003 3.1405417e-003 4.2103026e-003
7.1841257e+002 3.1588067e-003 3.1588067e-003 4.2359737e-003
7.1842156e+002 3.1774249e-003 3.1774249e-003 4.2620104e-003
7.1843056e+002 3.1965608e-003 3.1965608e-003 4.2884194e-003
7.1843955e+002 3.2161882e-003 3.2161882e-003 4.3152075e-003
7.1844854e+002 3.2362667e-003 3.2362667e-003 4.3423812e-003
7.1845753e+002 3.2567076e-003 3.2567076e-003 4.3699300e-003
7.1846652e+002 3.2773585e-003 3.2773585e-003 4.3978215e-003
7.1847551e+002 3.2980670e-003 3.2980670e-003 4.4260231e-003
7.1848450e+002 3.3188661e-003 3.3188661e-003 4.4545692e-003
7.1849349e+002 3.3400363e-003 3.3400363e-003 4.4835831e-003
7.1850248e+002 3.3618691e-003 3.3618691e-003 4.5131919e-003
7.1851147e+002 3.3844159e-003 3.3844159e-003 4.5434234e-003
7.1852046e+002 3.4074049e-003 3.4074049e-003 4.5741727e-003
7.1852946e+002 3.4305459e-003 3.4305459e-003 4.6053261e-003
7.1853845e+002 3.4537249e-003 3.4537249e-003 4.6367994e-003
7.1854744e+002 3.4770665e-003 3.4770665e-003 4.6685488e-003
7.1855643e+002 3.5007117e-003 3.5007117e-003 4.7005363e-003
7.1856542e+002 3.5247839e-003 3.5247839e-003 4.7328522e-003
7.1857441e+002 3.5493827e-003 3.5493827e-003 4.7657626e-003
7.1858340e+002 3.5746032e-003 3.5746032e-003 4.7995404e-003
7.1859239e+002 3.6004366e-003 3.6004366e-003 4.8342132e-003
7.1860138e+002 3.6267303e-003 3.6267303e-003 4.8694710e-003
7.1861037e+002 3.6533243e-003 3.6533243e-003 4.9049851e-003
7.1861937e+002 3.6801973e-003 3.6801973e-003 4.9406878e-003
7.1862836e+002 3.7075203e-003 3.7075203e-003 4.9768736e-003
7.1863735e+002 3.7354746e-003 3.7354746e-003 5.0138586e-003
7.1864634e+002 3.7640863e-003 3.7640863e-003 5.0517487e-003
7.1865533e+002 3.7931641e-003 3.7931641e-003 5.0903549e-003
7.1866432e+002 3.8225047e-003 3.8225047e-003 5.1294697e-003
7.1867331e+002 3.8520950e-003 3.8520950e-003 5.1690287e-003
7.1868230e+002 3.8821907e-003 3.8821907e-003 5.2091692e-003
7.1869129e+002 3.9130639e-003 3.9130639e-003 5.2500422e-003
7.1870029e+002 3.9448170e-003 3.9448170e-003 5.2917271e-003
7.1870928e+002 3.9773115e-003 3.9773115e-003 5.3342015e-003
7.1871827e+002 4.0103920e-003 4.0103920e-003 5.3774354e-003
7.1872726e+002 4.0439569e-003 4.0439569e-003 5.4213980e-003
7.1873625e+002 4.0779823e-003 4.0779823e-003 5.4660568e-003
7.1874524e+002 4.1124522e-003 4.1124522e-003 5.5113810e-003
7.1875423e+002 4.1474461e-003 4.1474461e-003 5.5574144e-003
7.1876322e+002 4.1831822e-003 4.1831822e-003 5.6043079e-003
7.1877221e+002 4.2198859e-003 4.2198859e-003 5.6522181e-003
7.1878120e+002 4.2576338e-003 4.2576338e-003 5.7011485e-003
7.1879019e+002 4.2962846e-003 4.2962846e-003 5.7508803e-003
7.1879919e+002 4.3356819e-003 4.3356819e-003 5.8011820e-003
7.1880818e+002 4.3757428e-003 4.3757428e-003 5.8520731e-003
7.1881717e+002 4.4164933e-003 4.4164933e-003 5.9039408e-003
7.1882616e+002 4.4579678e-003 4.4579678e-003 5.9571965e-003
7.1883515e+002 4.5001952e-003 4.5001952e-003 6.0119687e-003
7.1884414e+002 4.5431962e-003 4.5431962e-003 6.0679690e-003
7.1885313e+002 4.5869926e-003 4.5869926e-003 6.1248786e-003
7.1886212e+002 4.6316953e-003 4.6316953e-003 6.1825518e-003
7.1887111e+002 4.6775477e-003 4.6775477e-003 6.2411009e-003
7.1888010e+002 4.7248004e-003 4.7248004e-003 6.3006593e-003
7.1888910e+002 4.7734945e-003 4.7734945e-003 6.3613700e-003
7.1889809e+002 4.8233572e-003 4.8233572e-003 6.4233899e-003
7.1890708e+002 4.8740929e-003 4.8740929e-003 6.4868758e-003
7.1891607e+002 4.9255949e-003 4.9255949e-003 6.5519149e-003
7.1892506e+002 4.9780418e-003 4.9780418e-003 6.6184887e-003
7.1893405e+002 5.0316362e-003 5.0316362e-003 6.6865698e-003
7.1894304e+002 5.0865901e-003 5.0865901e-003 6.7561227e-003
7.1895203e+002 5.1431300e-003 5.1431300e-003 6.8270992e-003
7.1896102e+002 5.2014800e-003 5.2014800e-003 6.8994520e-003
7.1897001e+002 5.2616394e-003 5.2616394e-003 6.9732354e-003
7.1897901e+002 5.3232628e-003 5.3232628e-003 7.0486596e-003
7.1898800e+002 5.3859808e-003 5.3859808e-003 7.1259464e-003
7.1899699e+002 5.4497605e-003 5.4497605e-003 7.2051948e-003
7.1900598e+002 5.5150905e-003 5.5150905e-003 7.2863142e-003
7.1901497e+002 5.5824995e-003 5.5824995e-003 7.3691991e-003
7.1902396e+002 5.6522155e-003 5.6522155e-003 7.4538593e-003
7.1903295e+002 5.7239976e-003 5.7239976e-003 7.5404841e-003
7.1904194e+002 5.7975668e-003 5.7975668e-003 7.6292771e-003
7.1905093e+002 5.8728299e-003 5.8728299e-003 7.7203767e-003
7.1905993e+002 5.9499859e-003 5.9499859e-003 7.8138185e-003
7.1906892e+002 6.0292589e-003 6.0292589e-003 7.9096288e-003
7.1907791e+002 6.1108354e-003 6.1108354e-003 8.0078462e-003
7.1908690e+002 6.1948422e-003 6.1948422e-003 8.1085280e-003
7.1909589e+002 6.2814003e-003 6.2814003e-003 8.2117335e-003
7.1910488e+002 6.3705968e-003 6.3705968e-003 8.3175392e-003
7.1911387e+002 6.4624643e-003 6.4624643e-003 8.4260496e-003
7.1912286e+002 6.5570314e-003 6.5570314e-003 8.5373723e-003
7.1913185e+002 6.6543654e-003 6.6543654e-003 8.6516672e-003
7.1914084e+002 6.7545972e-003 6.7545972e-003 8.7691788e-003
7.1914983e+002 6.8578631e-003 6.8578631e-003 8.8901577e-003
7.1915883e+002 6.9643101e-003 6.9643101e-003 9.0147618e-003
7.1916782e+002 7.0741017e-003 7.0741017e-003 9.1429975e-003
7.1917681e+002 7.1874021e-003 7.1874021e-003 9.2748582e-003
7.1918580e+002 7.3042956e-003 7.3042956e-003 9.4103922e-003
7.1919479e+002 7.4247356e-003 7.4247356e-003 9.5497379e-003
7.1920378e+002 7.5486660e-003 7.5486660e-003 9.6930421e-003
7.1921277e+002 7.6762068e-003 7.6762068e-003 9.8404560e-003
7.1922176e+002 7.8077692e-003 7.8077692e-003 9.9921378e-003
7.1923075e+002 7.9437888e-003 7.9437888e-003 1.0148247e-002
7.1923974e+002 8.0844693e-003 8.0844693e-003 1.0309003e-002
7.1924874e+002 8.2296287e-003 8.2296287e-003 1.0474720e-002
7.1925773e+002 8.3790511e-003 8.3790511e-003 1.0645723e-002
7.1926672e+002 8.5327506e-003 8.5327506e-003 1.0822228e-002
7.1927571e+002 8.6911263e-003 8.6911263e-003 1.1004269e-002
7.1928470e+002 8.8546125e-003 8.8546125e-003 1.1191865e-002
7.1929369e+002 9.0234740e-003 9.0234740e-003 1.1385149e-002
7.1930268e+002 9.1976892e-003 9.1976892e-003 1.1584445e-002
7.1931167e+002 9.3772092e-003 9.3772092e-003 1.1790098e-002
7.1932066e+002 9.5620480e-003 9.5620480e-003 1.2002360e-002
7.1932966e+002 9.7523258e-003 9.7523258e-003 1.2221329e-002
7.1933865e+002 9.9481741e-003 9.9481741e-003 1.2447089e-002
7.1934764e+002 1.0149770e-002 1.0149770e-002 1.2679845e-002
7.1935663e+002 1.0357371e-002 1.0357371e-002 1.2920008e-002
7.1936562e+002 1.0571241e-002 1.0571241e-002 1.3168008e-002
7.1937461e+002 1.0791523e-002 1.0791523e-002 1.3424141e-002
7.1938360e+002 1.1018156e-002 1.1018156e-002 1.3688466e-002
7.1939259e+002 1.1251059e-002 1.1251059e-002 1.3961019e-002
7.1940158e+002 1.1490200e-002 1.1490200e-002 1.4242007e-002
7.1941057e+002 1.1735634e-002 1.1735634e-002 1.4531936e-002
7.1941956e+002 1.1987425e-002 1.1987425e-002 1.4831336e-002
7.1942856e+002 1.2245683e-002 1.2245683e-002 1.5140575e-002
7.1943755e+002 1.2510594e-002 1.2510594e-002 1.5459727e-002
7.1944654e+002 1.2782354e-002 1.2782354e-002 1.5788835e-002
7.1945553e+002 1.3061054e-002 1.3061054e-002 1.6128065e-002
7.1946452e+002 1.3346606e-002 1.3346606e-002 1.6477794e-002
7.1947351e+002 1.3638904e-002 1.3638904e-002 1.6838417e-002
7.1948250e+002 1.3937831e-002 1.3937831e-002 1.7210269e-002
7.1949149e+002 1.4243250e-002 1.4243250e-002 1.7593574e-002
7.1950048e+002 1.4555026e-002 1.4555026e-002 1.7988543e-002
7.1950947e+002 1.4873164e-002 1.4873164e-002 1.8395394e-002
7.1951847e+002 1.5197924e-002 1.5197924e-002 1.8814361e-002
7.1952746e+002 1.5529593e-002 1.5529593e-002 1.9245678e-002
7.1953645e+002 1.5868145e-002 1.5868145e-002 1.9689611e-002
7.1954544e+002 1.6212997e-002 1.6212997e-002 2.0146483e-002
7.1955443e+002 1.6563507e-002 1.6563507e-002 2.0616622e-002
7.1956342e+002 1.6919393e-002 1.6919393e-002 2.1100224e-002
7.1957241e+002 1.7281026e-002 1.7281026e-002 2.1597239e-002
7.1958140e+002 1.7648847e-002 1.7648847e-002 2.2107594e-002
7.1959039e+002 1.8022903e-002 1.8022903e-002 2.2631350e-002
7.1959938e+002 1.8402511e-002 1.8402511e-002 2.3168822e-002
7.1960838e+002 1.8786917e-002 1.8786917e-002 2.3720349e-002
7.1961737e+002 1.9175734e-002 1.9175734e-002 2.4286100e-002
7.1962636e+002 1.9569266e-002 1.9569266e-002 2.4865930e-002
7.1963535e+002 1.9967889e-002 1.9967889e-002 2.5459656e-002
7.1964434e+002 2.0371613e-002 2.0371613e-002 2.6067161e-002
7.1965333e+002 2.0779754e-002 2.0779754e-002 2.6688450e-002
7.1966232e+002 2.1191556e-002 2.1191556e-002 2.7323536e-002
7.1967131e+002 2.1606527e-002 2.1606527e-002 2.7972349e-002
7.1968030e+002 2.2024686e-002 2.2024686e-002 2.8634655e-002
7.1968930e+002 2.2446104e-002 2.2446104e-002 2.9310202e-002
7.1969829e+002 2.2870744e-002 2.2870744e-002 2.9998661e-002
7.1970728e+002 2.3298356e-002 2.3298356e-002 3.0699567e-002
7.1971627e+002 2.3728669e-002 2.3728669e-002 3.1412435e-002
7.1972526e+002 2.4161348e-002 2.4161348e-002 3.2136809e-002
7.1973425e+002 2.4595948e-002 2.4595948e-002 3.2872285e-002
7.1974324e+002 2.5032008e-002 2.5032008e-002 3.3618462e-002
7.1975223e+002 2.5469183e-002 2.5469183e-002 3.4374791e-002
7.1976122e+002 2.5907344e-002 2.5907344e-002 3.5140430e-002
7.1977021e+002 2.6346393e-002 2.6346393e-002 3.5914503e-002
7.1977920e+002 2.6786182e-002 2.6786182e-002 3.6696245e-002
7.1978820e+002 2.7226478e-002 2.7226478e-002 3.7485101e-002
7.1979719e+002 2.7667036e-002 2.7667036e-002 3.8280536e-002
7.1980618e+002 2.8107563e-002 2.8107563e-002 3.9081739e-002
7.1981517e+002 2.8547671e-002 2.8547671e-002 3.9887341e-002
7.1982416e+002 2.8986962e-002 2.8986962e-002 4.0695910e-002
7.1983315e+002 2.9425159e-002 2.9425159e-002 4.1506225e-002
7.1984214e+002 2.9862229e-002 2.9862229e-002 4.2317484e-002
7.1985113e+002 3.0298167e-002 3.0298167e-002 4.3128935e-002
7.1986012e+002 3.0732871e-002 3.0732871e-002 4.3939604e-002
7.1986911e+002 3.1166041e-002 3.1166041e-002 4.4748076e-002
7.1987811e+002 3.1597354e-002 3.1597354e-002 4.5552880e-002
7.1988710e+002 3.2026531e-002 3.2026531e-002 4.6352653e-002
7.1989609e+002 3.2453381e-002 3.2453381e-002 4.7146245e-002
7.1990508e+002 3.2877727e-002 3.2877727e-002 4.7932535e-002
7.1991407e+002 3.3299534e-002 3.3299534e-002 4.8710418e-002
7.1992306e+002 3.3719071e-002 3.3719071e-002 4.9478839e-002
7.1993205e+002 3.4136639e-002 3.4136639e-002 5.0236744e-002
7.1994104e+002 3.4552361e-002 3.4552361e-002 5.0983000e-002
7.1995003e+002 3.4965986e-002 3.4965986e-002 5.1716316e-002
7.1995903e+002 3.5377221e-002 3.5377221e-002 5.2435379e-002
7.1996802e+002 3.5786012e-002 3.5786012e-002 5.3139057e-002
7.1997701e+002 3.6192807e-002 3.6192807e-002 5.3826593e-002
7.1998600e+002 3.6598117e-002 3.6598117e-002 5.4497276e-002
7.1999499e+002 3.7002330e-002 3.7002330e-002 5.5150416e-002
7.2000398e+002 3.7405575e-002 3.7405575e-002 5.5785362e-002
7.2001297e+002 3.7807951e-002 3.7807951e-002 5.6401470e-002
7.2002196e+002 3.8209698e-002 3.8209698e-002 5.6998166e-002
7.2003095e+002 3.8611353e-002 3.8611353e-002 5.7575031e-002
7.2003994e+002 3.9013491e-002 3.9013491e-002 5.8131662e-002
7.2004894e+002 3.9416680e-002 3.9416680e-002 5.8667787e-002
7.2005793e+002 3.9821480e-002 3.9821480e-002 5.9183408e-002
7.2006692e+002 4.0228447e-002 4.0228447e-002 5.9678561e-002
7.2007591e+002 4.0638235e-002 4.0638235e-002 6.0153455e-002
7.2008490e+002 4.1051710e-002 4.1051710e-002 6.0608669e-002
7.2009389e+002 4.1469763e-002 4.1469763e-002 6.1044830e-002
7.2010288e+002 4.1893223e-002 4.1893223e-002 6.1462503e-002
7.2011187e+002 4.2322784e-002 4.2322784e-002 6.1862113e-002
7.2012086e+002 4.2759123e-002 4.2759123e-002 6.2244072e-002
7.2012985e+002 4.3203068e-002 4.3203068e-002 6.2609082e-002
7.2013884e+002 4.3655781e-002 4.3655781e-002 6.2958490e-002
7.2014784e+002 4.4118463e-002 4.4118463e-002 6.3293725e-002
7.2015683e+002 4.4592200e-002 4.4592200e-002 6.3616168e-002
7.2016582e+002 4.5077811e-002 4.5077811e-002 6.3927088e-002
7.2017481e+002 4.5576080e-002 4.5576080e-002 6.4227740e-002
7.2018380e+002 4.6087911e-002 4.6087911e-002 6.4519498e-002
7.2019279e+002 4.6614464e-002 4.6614464e-002 6.4804002e-002
7.2020178e+002 4.7156937e-002 4.7156937e-002 6.5082927e-002
7.2021077e+002 4.7716387e-002 4.7716387e-002 6.5357941e-002
7.2021976e+002 4.8293561e-002 4.8293561e-002 6.5630690e-002
7.2022875e+002 4.8889162e-002 4.8889162e-002 6.5902818e-002
7.2023775e+002 4.9504022e-002 4.9504022e-002 6.6176094e-002
7.2024674e+002 5.0139259e-002 5.0139259e-002 6.6452568e-002
7.2025573e+002 5.0796032e-002 5.0796032e-002 6.6734326e-002
7.2026472e+002 5.1475231e-002 5.1475231e-002 6.7023278e-002
7.2027371e+002 5.2177142e-002 5.2177142e-002 6.7320933e-002
7.2028270e+002 5.2901965e-002 5.2901965e-002 6.7628743e-002
7.2029169e+002 5.3650018e-002 5.3650018e-002 6.7948229e-002
7.2030068e+002 5.4421888e-002 5.4421888e-002 6.8281075e-002
7.2030967e+002 5.5218200e-002 5.5218200e-002 6.8628986e-002
7.2031867e+002 5.6039374e-002 5.6039374e-002 6.8993561e-002
7.2032766e+002 5.6885363e-002 5.6885363e-002 6.9376165e-002
7.2033665e+002 5.7756050e-002 5.7756050e-002 6.9778125e-002
7.2034564e+002 5.8651306e-002 5.8651306e-002 7.0200709e-002
7.2035463e+002 5.9570974e-002 5.9570974e-002 7.0645042e-002
7.2036362e+002 6.0514890e-002 6.0514890e-002 7.1112226e-002
7.2037261e+002 6.1482741e-002 6.1482741e-002 7.1603312e-002
7.2038160e+002 6.2473870e-002 6.2473870e-002 7.2119219e-002
7.2039059e+002 6.3487568e-002 6.3487568e-002 7.2660850e-002
7.2039958e+002 6.4523029e-002 6.4523029e-002 7.3228985e-002
7.2040857e+002 6.5579224e-002 6.5579224e-002 7.3824126e-002
7.2041757e+002 6.6655091e-002 6.6655091e-002 7.4446732e-002
7.2042656e+002 6.7749596e-002 6.7749596e-002 7.5097197e-002
7.2043555e+002 6.8861783e-002 6.8861783e-002 7.5775759e-002
7.2044454e+002 6.9990701e-002 6.9990701e-002 7.6482632e-002
7.2045353e+002 7.1135181e-002 7.1135181e-002 7.7218017e-002
7.2046252e+002 7.2293508e-002 7.2293508e-002 7.7982076e-002
7.2047151e+002 7.3463888e-002 7.3463888e-002 7.8774969e-002
7.2048050e+002 7.4644611e-002 7.4644611e-002 7.9596784e-002
7.2048949e+002 7.5834168e-002 7.5834168e-002 8.0447435e-002
7.2049848e+002 7.7031083e-002 7.7031083e-002 8.1326813e-002
7.2050748e+002 7.8233863e-002 7.8233863e-002 8.2234813e-002
7.2051647e+002 7.9440988e-002 7.9440988e-002 8.3171347e-002
7.2052546e+002 8.0650933e-002 8.0650933e-002 8.4136325e-002
7.2053445e+002 8.1862042e-002 8.1862042e-002 8.5129707e-002
7.2054344e+002 8.3072345e-002 8.3072345e-002 8.6151567e-002
7.2055243e+002 8.4279823e-002 8.4279823e-002 8.7202000e-002
7.2056142e+002 8.5482691e-002 8.5482691e-002 8.8281095e-002
7.2057041e+002 8.6679756e-002 8.6679756e-002 8.9388939e-002
7.2057940e+002 8.7869911e-002 8.7869911e-002 9.0525618e-002
7.2058839e+002 8.9051905e-002 8.9051905e-002 9.1691273e-002
7.2059739e+002 9.0224108e-002 9.0224108e-002 9.2886185e-002
7.2060638e+002 9.1384835e-002 9.1384835e-002 9.4110658e-002
7.2061537e+002 9.2532665e-002 9.2532665e-002 9.5365151e-002
7.2062436e+002 9.3666849e-002 9.3666849e-002 9.6650520e-002
7.2063335e+002 9.4786742e-002 9.4786742e-002 9.7967681e-002
7.2064234e+002 9.5891634e-002 9.5891634e-002 9.9317530e-002
7.2065133e+002 9.6980644e-002 9.6980644e-002 1.0070090e-001
7.2066032e+002 9.8052863e-002 9.8052863e-002 1.0211863e-001
7.2066931e+002 9.9107571e-002 9.9107571e-002 1.0357165e-001
7.2067831e+002 1.0014454e-001 1.0014454e-001 1.0506123e-001
7.2068730e+002 1.0116361e-001 1.0116361e-001 1.0658870e-001
7.2069629e+002 1.0216469e-001 1.0216469e-001 1.0815545e-001
7.2070528e+002 1.0314779e-001 1.0314779e-001 1.0976311e-001
7.2071427e+002 1.0411295e-001 1.0411295e-001 1.1141333e-001
7.2072326e+002 1.0506030e-001 1.0506030e-001 1.1310778e-001
7.2073225e+002 1.0599015e-001 1.0599015e-001 1.1484810e-001
7.2074124e+002 1.0690287e-001 1.0690287e-001 1.1663594e-001
7.2075023e+002 1.0779891e-001 1.0779891e-001 1.1847296e-001
7.2075922e+002 1.0867897e-001 1.0867897e-001 1.2036088e-001
7.2076821e+002 1.0954379e-001 1.0954379e-001 1.2230143e-001
7.2077721e+002 1.1039411e-001 1.1039411e-001 1.2429625e-001
7.2078620e+002 1.1123067e-001 1.1123067e-001 1.2634681e-001
7.2079519e+002 1.1205420e-001 1.1205420e-001 1.2845452e-001
7.2080418e+002 1.1286555e-001 1.1286555e-001 1.3062072e-001
7.2081317e+002 1.1366576e-001 1.1366576e-001 1.3284653e-001
7.2082216e+002 1.1445594e-001 1.1445594e-001 1.3513303e-001
7.2083115e+002 1.1523711e-001 1.1523711e-001 1.3748118e-001
7.2084014e+002 1.1601007e-001 1.1601007e-001 1.3989156e-001
7.2084913e+002 1.1677558e-001 1.1677558e-001 1.4236469e-001
7.2085812e+002 1.1753440e-001 1.1753440e-001 1.4490094e-001
7.2086712e+002 1.1828715e-001 1.1828715e-001 1.4750013e-001
7.2087611e+002 1.1903448e-001 1.1903448e-001 1.5016204e-001
7.2088510e+002 1.1977704e-001 1.1977704e-001 1.5288605e-001
7.2089409e+002 1.2051559e-001 1.2051559e-001 1.5567055e-001
7.2090308e+002 1.2125091e-001 1.2125091e-001 1.5851378e-001
7.2091207e+002 1.2198349e-001 1.2198349e-001 1.6141384e-001
7.2092106e+002 1.2271306e-001 1.2271306e-001 1.6436854e-001
7.2093005e+002 1.2343924e-001 1.2343924e-001 1.6737565e-001
7.2093904e+002 1.2416174e-001 1.2416174e-001 1.7043242e-001
7.2094804e+002 1.2488057e-001 1.2488057e-001 1.7353471e-001
7.2095703e+002 1.2559581e-001 1.2559581e-001 1.7667809e-001
7.2096602e+002 1.2630720e-001 1.2630720e-001 1.7985808e-001
7.2097501e+002 1.2701354e-001 1.2701354e-001 1.8306982e-001
7.2098400e+002 1.2771343e-001 1.2771343e-001 1.8630842e-001
7.2099299e+002 1.2840555e-001 1.2840555e-001 1.8956852e-001
7.2100198e+002 1.2908867e-001 1.2908867e-001 1.9284329e-001
7.2101097e+002 1.2976157e-001 1.2976157e-001 1.9612570e-001
7.2101996e+002 1.3042289e-001 1.3042289e-001 1.9940857e-001
7.2102895e+002 1.3107080e-001 1.3107080e-001 2.0268446e-001
7.2103794e+002 1.3170339e-001 1.3170339e-001 2.0594586e-001
7.2104694e+002 1.3231860e-001 1.3231860e-001 2.0918499e-001
7.2105593e+002 1.3291390e-001 1.3291390e-001 2.1239329e-001
7.2106492e+002 1.3348671e-001 1.3348671e-001 2.1556206e-001
7.2107391e+002 1.3403445e-001 1.3403445e-001 2.1868246e-001
7.2108290e+002 1.3455464e-001 1.3455464e-001 2.2174517e-001
7.2109189e+002 1.3504483e-001 1.3504483e-001 2.2474082e-001
7.2110088e+002 1.3550242e-001 1.3550242e-001 2.2766007e-001
7.2110987e+002 1.3592441e-001 1.3592441e-001 2.3049374e-001
7.2111886e+002 1.3630772e-001 1.3630772e-001 2.3323267e-001
7.2112785e+002 1.3664939e-001 1.3664939e-001 2.3586773e-001
7.2113685e+002 1.3694676e-001 1.3694676e-001 2.3838991e-001
7.2114584e+002 1.3719725e-001 1.3719725e-001 2.4079019e-001
7.2115483e+002 1.3739823e-001 1.3739823e-001 2.4305979e-001
7.2116382e+002 1.3754689e-001 1.3754689e-001 2.4519060e-001
7.2117281e+002 1.3764040e-001 1.3764040e-001 2.4717461e-001
7.2118180e+002 1.3767613e-001 1.3767613e-001 2.4900406e-001
7.2119079e+002 1.3765199e-001 1.3765199e-001 2.5067178e-001
7.2119978e+002 1.3756598e-001 1.3756598e-001 2.5217073e-001
7.2120877e+002 1.3741617e-001 1.3741617e-001 2.5349434e-001
7.2121776e+002 1.3720073e-001 1.3720073e-001 2.5463749e-001
7.2122676e+002 1.3691789e-001 1.3691789e-001 2.5559534e-001
7.2123575e+002 1.3656606e-001 1.3656606e-001 2.5636340e-001
7.2124474e+002 1.3614428e-001 1.3614428e-001 2.5693834e-001
7.2125373e+002 1.3565173e-001 1.3565173e-001 2.5731703e-001
7.2126272e+002 1.3508773e-001 1.3508773e-001 2.5749685e-001
7.2127171e+002 1.3445213e-001 1.3445213e-001 2.5747673e-001
7.2128070e+002 1.3374486e-001 1.3374486e-001 2.5725590e-001
7.2128969e+002 1.3296602e-001 1.3296602e-001 2.5683404e-001
7.2129868e+002 1.3211622e-001 1.3211622e-001 2.5621225e-001
7.2130768e+002 1.3119618e-001 1.3119618e-001 2.5539194e-001
7.2131667e+002 1.3020682e-001 1.3020682e-001 2.5437497e-001
7.2132566e+002 1.2914962e-001 1.2914962e-001 2.5316473e-001
7.2133465e+002 1.2802621e-001 1.2802621e-001 2.5176493e-001
7.2134364e+002 1.2683837e-001 1.2683837e-001 2.5017966e-001
7.2135263e+002 1.2558840e-001 1.2558840e-001 2.4841425e-001
7.2136162e+002 1.2427872e-001 1.2427872e-001 2.4647428e-001
7.2137061e+002 1.2291181e-001 1.2291181e-001 2.4436566e-001
7.2137960e+002 1.2149039e-001 1.2149039e-001 2.4209539e-001
7.2138859e+002 1.2001720e-001 1.2001720e-001 2.3967065e-001
7.2139758e+002 1.1849515e-001 1.1849515e-001 2.3709891e-001
7.2140658e+002 1.1692771e-001 1.1692771e-001 2.3438843e-001
7.2141557e+002 1.1531844e-001 1.1531844e-001 2.3154767e-001
7.2142456e+002 1.1367092e-001 1.1367092e-001 2.2858516e-001
7.2143355e+002 1.1198881e-001 1.1198881e-001 2.2550969e-001
7.2144254e+002 1.1027576e-001 1.1027576e-001 2.2233015e-001
7.2145153e+002 1.0853540e-001 1.0853540e-001 2.1905554e-001
7.2146052e+002 1.0677135e-001 1.0677135e-001 2.1569540e-001
7.2146951e+002 1.0498720e-001 1.0498720e-001 2.1225935e-001
7.2147850e+002 1.0318658e-001 1.0318658e-001 2.0875684e-001
7.2148749e+002 1.0137321e-001 1.0137321e-001 2.0519674e-001
7.2149649e+002 9.9550826e-002 9.9550826e-002 2.0158781e-001
7.2150548e+002 9.7723077e-002 9.7723077e-002 1.9793875e-001
7.2151447e+002 9.5893256e-002 9.5893256e-002 1.9425814e-001
7.2152346e+002 9.4064586e-002 9.4064586e-002 1.9055455e-001
7.2153245e+002 9.2240234e-002 9.2240234e-002 1.8683635e-001
7.2154144e+002 9.0423178e-002 9.0423178e-002 1.8311128e-001
7.2155043e+002 8.8616353e-002 8.8616353e-002 1.7938695e-001
7.2155942e+002 8.6822591e-002 8.6822591e-002 1.7567069e-001
7.2156841e+002 8.5044358e-002 8.5044358e-002 1.7196875e-001
7.2157741e+002 8.3284042e-002 8.3284042e-002 1.6828718e-001
7.2158640e+002 8.1543939e-002 8.1543939e-002 1.6463185e-001
7.2159539e+002 7.9826034e-002 7.9826034e-002 1.6100804e-001
7.2160438e+002 7.8132243e-002 7.8132243e-002 1.5742087e-001
7.2161337e+002 7.6464313e-002 7.6464313e-002 1.5387521e-001
7.2162236e+002 7.4823404e-002 7.4823404e-002 1.5037497e-001
7.2163135e+002 7.3210541e-002 7.3210541e-002 1.4692384e-001
7.2164034e+002 7.1626746e-002 7.1626746e-002 1.4352530e-001
7.2164933e+002 7.0073015e-002 7.0073015e-002 1.4018214e-001
7.2165832e+002 6.8550336e-002 6.8550336e-002 1.3689697e-001
7.2166731e+002 6.7059552e-002 6.7059552e-002 1.3367209e-001
7.2167631e+002 6.5600963e-002 6.5600963e-002 1.3050875e-001
7.2168530e+002 6.4174753e-002 6.4174753e-002 1.2740794e-001
7.2169429e+002 6.2781025e-002 6.2781025e-002 1.2437064e-001
7.2170328e+002 6.1419602e-002 6.1419602e-002 1.2139763e-001
7.2171227e+002 6.0090243e-002 6.0090243e-002 1.1848970e-001
7.2172126e+002 5.8792692e-002 5.8792692e-002 1.1564741e-001
7.2173025e+002 5.7526637e-002 5.7526637e-002 1.1287053e-001
7.2173924e+002 5.6291750e-002 5.6291750e-002 1.1015867e-001
7.2174823e+002 5.5087645e-002 5.5087645e-002 1.0751134e-001
7.2175722e+002 5.3913702e-002 5.3913702e-002 1.0492757e-001
7.2176622e+002 5.2769249e-002 5.2769249e-002 1.0240631e-001
7.2177521e+002 5.1653612e-002 5.1653612e-002 9.9946520e-002
7.2178420e+002 5.0566115e-002 5.0566115e-002 9.7547263e-002
7.2179319e+002 4.9506081e-002 4.9506081e-002 9.5207616e-002
7.2180218e+002 4.8472765e-002 4.8472765e-002 9.2926547e-002
7.2181117e+002 4.7465177e-002 4.7465177e-002 9.0702621e-002
7.2182016e+002 4.6482270e-002 4.6482270e-002 8.8534305e-002
7.2182915e+002 4.5523060e-002 4.5523060e-002 8.6420081e-002
7.2183814e+002 4.4586822e-002 4.4586822e-002 8.4358496e-002
7.2184713e+002 4.3672887e-002 4.3672887e-002 8.2348107e-002
7.2185613e+002 4.2780582e-002 4.2780582e-002 8.0387517e-002
7.2186512e+002 4.1909198e-002 4.1909198e-002 7.8475489e-002
7.2187411e+002 4.1058021e-002 4.1058021e-002 7.6610828e-002
7.2188310e+002 4.0226303e-002 4.0226303e-002 7.4792280e-002
7.2189209e+002 3.9413169e-002 3.9413169e-002 7.3018370e-002
7.2190108e+002 3.8617717e-002 3.8617717e-002 7.1287572e-002
7.2191007e+002 3.7839178e-002 3.7839178e-002 6.9598479e-002
7.2191906e+002 3.7077325e-002 3.7077325e-002 6.7950159e-002
7.2192805e+002 3.6332058e-002 3.6332058e-002 6.6341793e-002
7.2193705e+002 3.5603141e-002 3.5603141e-002 6.4772514e-002
7.2194604e+002 3.4889790e-002 3.4889790e-002 6.3241260e-002
7.2195503e+002 3.4191085e-002 3.4191085e-002 6.1746925e-002
7.2196402e+002 3.3506277e-002 3.3506277e-002 6.0288474e-002
7.2197301e+002 3.2835280e-002 3.2835280e-002 5.8865177e-002
7.2198200e+002 3.2178172e-002 3.2178172e-002 5.7476379e-002
7.2199099e+002 3.1534935e-002 3.1534935e-002 5.6121417e-002
7.2199998e+002 3.0905162e-002 3.0905162e-002 5.4799599e-002
7.2200897e+002 3.0288349e-002 3.0288349e-002 5.3510223e-002
7.2201796e+002 2.9684089e-002 2.9684089e-002 5.2252606e-002
7.2202695e+002 2.9092374e-002 2.9092374e-002 5.1026125e-002
7.2203595e+002 2.8513297e-002 2.8513297e-002 4.9830176e-002
7.2204494e+002 2.7946896e-002 2.7946896e-002 4.8664219e-002
7.2205393e+002 2.7392993e-002 2.7392993e-002 4.7527984e-002
7.2206292e+002 2.6851357e-002 2.6851357e-002 4.6421271e-002
7.2207191e+002 2.6321809e-002 2.6321809e-002 4.5343781e-002
7.2208090e+002 2.5804391e-002 2.5804391e-002 4.4294810e-002
7.2208989e+002 2.5299200e-002 2.5299200e-002 4.3273553e-002
7.2209888e+002 2.4806295e-002 2.4806295e-002 4.2279348e-002
7.2210787e+002 2.4325558e-002 2.4325558e-002 4.1312142e-002
7.2211686e+002 2.3856828e-002 2.3856828e-002 4.0372040e-002
7.2212586e+002 2.3399998e-002 2.3399998e-002 3.9459015e-002
7.2213485e+002 2.2955185e-002 2.2955185e-002 3.8572492e-002
7.2214384e+002 2.2522569e-002 2.2522569e-002 3.7711755e-002
7.2215283e+002 2.2102271e-002 2.2102271e-002 3.6876168e-002
7.2216182e+002 2.1694172e-002 2.1694172e-002 3.6065452e-002
7.2217081e+002 2.1298092e-002 2.1298092e-002 3.5279417e-002
7.2217980e+002 2.0913905e-002 2.0913905e-002 3.4517846e-002
7.2218879e+002 2.0541725e-002 2.0541725e-002 3.3780396e-002
7.2219778e+002 2.0181730e-002 2.0181730e-002 3.3066692e-002
7.2220677e+002 1.9834044e-002 1.9834044e-002 3.2376335e-002
7.2221577e+002 1.9498569e-002 1.9498569e-002 3.1708827e-002
7.2222476e+002 1.9175146e-002 1.9175146e-002 3.1063644e-002
7.2223375e+002 1.8863655e-002 1.8863655e-002 3.0440325e-002
7.2224274e+002 1.8564139e-002 1.8564139e-002 2.9838684e-002
7.2225173e+002 1.8276687e-002 1.8276687e-002 2.9258608e-002
7.2226072e+002 1.8001343e-002 1.8001343e-002 2.8699925e-002
7.2226971e+002 1.7737965e-002 1.7737965e-002 2.8162203e-002
7.2227870e+002 1.7486359e-002 1.7486359e-002 2.7644939e-002
7.2228769e+002 1.7246351e-002 1.7246351e-002 2.7147635e-002
7.2229669e+002 1.7017867e-002 1.7017867e-002 2.6669826e-002
7.2230568e+002 1.6800856e-002 1.6800856e-002 2.6211052e-002
7.2231467e+002 1.6595280e-002 1.6595280e-002 2.5770886e-002
7.2232366e+002 1.6401148e-002 1.6401148e-002 2.5349042e-002
7.2233265e+002 1.6218484e-002 1.6218484e-002 2.4945275e-002
7.2234164e+002 1.6047245e-002 1.6047245e-002 2.4559315e-002
7.2235063e+002 1.5887103e-002 1.5887103e-002 2.4190788e-002
7.2235962e+002 1.5737644e-002 1.5737644e-002 2.3839291e-002
7.2236861e+002 1.5598539e-002 1.5598539e-002 2.3504428e-002
7.2237760e+002 1.5469829e-002 1.5469829e-002 2.3185834e-002
7.2238659e+002 1.5351662e-002 1.5351662e-002 2.2883151e-002
7.2239559e+002 1.5244084e-002 1.5244084e-002 2.2596020e-002
7.2240458e+002 1.5146682e-002 1.5146682e-002 2.2324059e-002
7.2241357e+002 1.5058909e-002 1.5058909e-002 2.2066881e-002
7.2242256e+002 1.4980326e-002 1.4980326e-002 2.1824109e-002
7.2243155e+002 1.4910981e-002 1.4910981e-002 2.1595419e-002
7.2244054e+002 1.4851062e-002 1.4851062e-002 2.1380501e-002
7.2244953e+002 1.4800648e-002 1.4800648e-002 2.1179059e-002
7.2245852e+002 1.4759311e-002 1.4759311e-002 2.0990854e-002
7.2246751e+002 1.4726471e-002 1.4726471e-002 2.0815666e-002
7.2247650e+002 1.4701619e-002 1.4701619e-002 2.0653212e-002
7.2248550e+002 1.4684568e-002 1.4684568e-002 2.0502924e-002
7.2249449e+002 1.4675229e-002 1.4675229e-002 2.0364149e-002
7.2250348e+002 1.4673447e-002 1.4673447e-002 2.0236309e-002
7.2251247e+002 1.4678776e-002 1.4678776e-002 2.0119176e-002
7.2252146e+002 1.4690681e-002 1.4690681e-002 2.0012631e-002
7.2253045e+002 1.4708703e-002 1.4708703e-002 1.9916522e-002
7.2253944e+002 1.4732747e-002 1.4732747e-002 1.9830553e-002
7.2254843e+002 1.4762827e-002 1.4762827e-002 1.9754384e-002
7.2255742e+002 1.4798867e-002 1.4798867e-002 1.9687621e-002
7.2256642e+002 1.4840370e-002 1.4840370e-002 1.9629607e-002
7.2257541e+002 1.4886709e-002 1.4886709e-002 1.9579608e-002
7.2258440e+002 1.4937280e-002 1.4937280e-002 1.9536981e-002
7.2259339e+002 1.4991588e-002 1.4991588e-002 1.9501546e-002
7.2260238e+002 1.5049172e-002 1.5049172e-002 1.9473260e-002
7.2261137e+002 1.5109616e-002 1.5109616e-002 1.9452009e-002
7.2262036e+002 1.5172738e-002 1.5172738e-002 1.9437329e-002
7.2262935e+002 1.5238427e-002 1.5238427e-002 1.9428646e-002
7.2263834e+002 1.5306510e-002 1.5306510e-002 1.9425380e-002
7.2264733e+002 1.5376511e-002 1.5376511e-002 1.9426923e-002
7.2265632e+002 1.5447861e-002 1.5447861e-002 1.9432654e-002
7.2266532e+002 1.5519990e-002 1.5519990e-002 1.9442001e-002
7.2267431e+002 1.5592334e-002 1.5592334e-002 1.9454618e-002
7.2268330e+002 1.5664331e-002 1.5664331e-002 1.9470232e-002
7.2269229e+002 1.5735474e-002 1.5735474e-002 1.9488539e-002
7.2270128e+002 1.5805540e-002 1.5805540e-002 1.9509085e-002
7.2271027e+002 1.5874395e-002 1.5874395e-002 1.9531368e-002
7.2271926e+002 1.5941874e-002 1.5941874e-002 1.9554864e-002
7.2272825e+002 1.6007648e-002 1.6007648e-002 1.9578936e-002
7.2273724e+002 1.6071338e-002 1.6071338e-002 1.9602912e-002
7.2274623e+002 1.6132541e-002 1.6132541e-002 1.9626187e-002
7.2275523e+002 1.6190732e-002 1.6190732e-002 1.9648517e-002
7.2276422e+002 1.6245350e-002 1.6245350e-002 1.9669772e-002
7.2277321e+002 1.6295909e-002 1.6295909e-002 1.9689756e-002
7.2278220e+002 1.6342323e-002 1.6342323e-002 1.9707926e-002
7.2279119e+002 1.6384639e-002 1.6384639e-002 1.9723630e-002
7.2280018e+002 1.6422850e-002 1.6422850e-002 1.9736270e-002
7.2280917e+002 1.6456687e-002 1.6456687e-002 1.9745539e-002
7.2281816e+002 1.6485795e-002 1.6485795e-002 1.9751228e-002
7.2282715e+002 1.6509847e-002 1.6509847e-002 1.9753109e-002
7.2283614e+002 1.6528693e-002 1.6528693e-002 1.9750860e-002
7.2284514e+002 1.6542232e-002 1.6542232e-002 1.9744130e-002
7.2285413e+002 1.6550383e-002 1.6550383e-002 1.9732582e-002
7.2286312e+002 1.6553127e-002 1.6553127e-002 1.9715961e-002
7.2287211e+002 1.6550474e-002 1.6550474e-002 1.9694038e-002
7.2288110e+002 1.6542437e-002 1.6542437e-002 1.9666632e-002
7.2289009e+002 1.6529072e-002 1.6529072e-002 1.9633815e-002
7.2289908e+002 1.6510446e-002 1.6510446e-002 1.9595745e-002
7.2290807e+002 1.6486629e-002 1.6486629e-002 1.9552512e-002
7.2291706e+002 1.6457708e-002 1.6457708e-002 1.9503838e-002
7.2292606e+002 1.6423772e-002 1.6423772e-002 1.9449322e-002
7.2293505e+002 1.6384939e-002 1.6384939e-002 1.9388650e-002
7.2294404e+002 1.6341468e-002 1.6341468e-002 1.9321999e-002
7.2295303e+002 1.6293666e-002 1.6293666e-002 1.9249709e-002
7.2296202e+002 1.6241823e-002 1.6241823e-002 1.9172099e-002
7.2297101e+002 1.6186129e-002 1.6186129e-002 1.9089356e-002
7.2298000e+002 1.6126740e-002 1.6126740e-002 1.9001622e-002
7.2298899e+002 1.6063812e-002 1.6063812e-002 1.8909045e-002
7.2299798e+002 1.5997520e-002 1.5997520e-002 1.8811810e-002
7.2300697e+002 1.5928043e-002 1.5928043e-002 1.8710119e-002
7.2301596e+002 1.5855610e-002 1.5855610e-002 1.8604166e-002
7.2302496e+002 1.5780727e-002 1.5780727e-002 1.8494127e-002
7.2303395e+002 1.5704000e-002 1.5704000e-002 1.8380170e-002
7.2304294e+002 1.5625963e-002 1.5625963e-002 1.8262513e-002
7.2305193e+002 1.5546744e-002 1.5546744e-002 1.8141661e-002
7.2306092e+002 1.5466330e-002 1.5466330e-002 1.8018217e-002
7.2306991e+002 1.5384772e-002 1.5384772e-002 1.7892718e-002
7.2307890e+002 1.5302495e-002 1.5302495e-002 1.7765302e-002
7.2308789e+002 1.5220058e-002 1.5220058e-002 1.7635969e-002
7.2309688e+002 1.5137955e-002 1.5137955e-002 1.7504773e-002
7.2310587e+002 1.5056315e-002 1.5056315e-002 1.7372105e-002
7.2311487e+002 1.4975132e-002 1.4975132e-002 1.7238477e-002
7.2312386e+002 1.4894423e-002 1.4894423e-002 1.7104362e-002
7.2313285e+002 1.4814342e-002 1.4814342e-002 1.6970013e-002
7.2314184e+002 1.4735089e-002 1.4735089e-002 1.6835601e-002
7.2315083e+002 1.4656879e-002 1.4656879e-002 1.6701311e-002
7.2315982e+002 1.4579992e-002 1.4579992e-002 1.6567395e-002
7.2316881e+002 1.4504734e-002 1.4504734e-002 1.6434130e-002
7.2317780e+002 1.4431341e-002 1.4431341e-002 1.6301784e-002
7.2318679e+002 1.4359648e-002 1.4359648e-002 1.6170573e-002
7.2319579e+002 1.4289340e-002 1.4289340e-002 1.6040692e-002
7.2320478e+002 1.4220161e-002 1.4220161e-002 1.5912321e-002
7.2321377e+002 1.4152197e-002 1.4152197e-002 1.5785543e-002
7.2322276e+002 1.4085663e-002 1.4085663e-002 1.5660409e-002
7.2323175e+002 1.4020731e-002 1.4020731e-002 1.5536960e-002
7.2324074e+002 1.3957322e-002 1.3957322e-002 1.5415190e-002
7.2324973e+002 1.3895259e-002 1.3895259e-002 1.5295078e-002
7.2325872e+002 1.3834357e-002 1.3834357e-002 1.5176606e-002
7.2326771e+002 1.3774388e-002 1.3774388e-002 1.5059802e-002
7.2327670e+002 1.3715102e-002 1.3715102e-002 1.4944706e-002
7.2328569e+002 1.3656246e-002 1.3656246e-002 1.4831340e-002
7.2329469e+002 1.3597525e-002 1.3597525e-002 1.4719607e-002
7.2330368e+002 1.3538632e-002 1.3538632e-002 1.4609365e-002
7.2331267e+002 1.3479289e-002 1.3479289e-002 1.4500465e-002
7.2332166e+002 1.3419424e-002 1.3419424e-002 1.4392713e-002
7.2333065e+002 1.3359044e-002 1.3359044e-002 1.4285899e-002
7.2333964e+002 1.3298106e-002 1.3298106e-002 1.4179821e-002
7.2334863e+002 1.3236273e-002 1.3236273e-002 1.4074334e-002
7.2335762e+002 1.3173092e-002 1.3173092e-002 1.3969314e-002
7.2336661e+002 1.3108150e-002 1.3108150e-002 1.3864648e-002
7.2337560e+002 1.3041305e-002 1.3041305e-002 1.3760278e-002
7.2338460e+002 1.2972520e-002 1.2972520e-002 1.3656168e-002
7.2339359e+002 1.2901712e-002 1.2901712e-002 1.3552238e-002
7.2340258e+002 1.2828494e-002 1.2828494e-002 1.3448128e-002
7.2341157e+002 1.2752357e-002 1.2752357e-002 1.3343366e-002
7.2342056e+002 1.2672867e-002 1.2672867e-002 1.3237533e-002
7.2342955e+002 1.2590057e-002 1.2590057e-002 1.3130566e-002
7.2343854e+002 1.2504146e-002 1.2504146e-002 1.3022546e-002
7.2344753e+002 1.2415297e-002 1.2415297e-002 1.2913521e-002
7.2345652e+002 1.2323290e-002 1.2323290e-002 1.2803355e-002
7.2346551e+002 1.2227751e-002 1.2227751e-002 1.2691834e-002
7.2347451e+002 1.2128360e-002 1.2128360e-002 1.2578770e-002
7.2348350e+002 1.2025141e-002 1.2025141e-002 1.2464132e-002
7.2349249e+002 1.1918262e-002 1.1918262e-002 1.2347957e-002
7.2350148e+002 1.1807880e-002 1.1807880e-002 1.2230249e-002
7.2351047e+002 1.1694094e-002 1.1694094e-002 1.2110795e-002
7.2351946e+002 1.1576983e-002 1.1576983e-002 1.1989297e-002
7.2352845e+002 1.1456604e-002 1.1456604e-002 1.1865523e-002
7.2353744e+002 1.1332904e-002 1.1332904e-002 1.1739706e-002
7.2354643e+002 1.1205777e-002 1.1205777e-002 1.1612272e-002
7.2355543e+002 1.1075164e-002 1.1075164e-002 1.1483578e-002
7.2356442e+002 1.0941282e-002 1.0941282e-002 1.1353522e-002
7.2357341e+002 1.0804467e-002 1.0804467e-002 1.1221809e-002
7.2358240e+002 1.0665046e-002 1.0665046e-002 1.1088207e-002
7.2359139e+002 1.0523281e-002 1.0523281e-002 1.0952919e-002
7.2360038e+002 1.0379410e-002 1.0379410e-002 1.0816331e-002
7.2360937e+002 1.0233665e-002 1.0233665e-002 1.0678782e-002
7.2361836e+002 1.0086253e-002 1.0086253e-002 1.0540270e-002
7.2362735e+002 9.9373678e-003 9.9373678e-003 1.0400654e-002
7.2363634e+002 9.7871962e-003 9.7871962e-003 1.0259854e-002
7.2364533e+002 9.6358571e-003 9.6358571e-003 1.0118234e-002
7.2365433e+002 9.4834419e-003 9.4834419e-003 9.9763512e-003
7.2366332e+002 9.3300825e-003 9.3300825e-003 9.8346904e-003
7.2367231e+002 9.1762018e-003 9.1762018e-003 9.6932332e-003
7.2368130e+002 9.0223478e-003 9.0223478e-003 9.5517437e-003
7.2369029e+002 8.8690143e-003 8.8690143e-003 9.4100409e-003
7.2369928e+002 8.7163025e-003 8.7163025e-003 9.2683415e-003
7.2370827e+002 8.5641436e-003 8.5641436e-003 9.1270349e-003
7.2371726e+002 8.4125150e-003 8.4125150e-003 8.9864905e-003
7.2372625e+002 8.2617356e-003 8.2617356e-003 8.8469273e-003
7.2373524e+002 8.1122735e-003 8.1122735e-003 8.7084985e-003
7.2374424e+002 7.9645605e-003 7.9645605e-003 8.5713528e-003
7.2375323e+002 7.8187572e-003 7.8187572e-003 8.4356096e-003
7.2376222e+002 7.6749046e-003 7.6749046e-003 8.3013752e-003
7.2377121e+002 7.5330489e-003 7.5330489e-003 8.1687607e-003
7.2378020e+002 7.3932789e-003 7.3932789e-003 8.0379112e-003
7.2378919e+002 7.2557029e-003 7.2557029e-003 7.9089868e-003
7.2379818e+002 7.1204425e-003 7.1204425e-003 7.7821336e-003
7.2380717e+002 6.9877181e-003 6.9877181e-003 7.6573906e-003
7.2381616e+002 6.8577950e-003 6.8577950e-003 7.5347489e-003
7.2382516e+002 6.7309110e-003 6.7309110e-003 7.4142207e-003
7.2383415e+002 6.6070981e-003 6.6070981e-003 7.2959785e-003
7.2384314e+002 6.4862949e-003 6.4862949e-003 7.1802678e-003
7.2385213e+002 6.3684433e-003 6.3684433e-003 7.0672941e-003
7.2386112e+002 6.2535126e-003 6.2535126e-003 6.9569615e-003
7.2387011e+002 6.1414846e-003 6.1414846e-003 6.8490355e-003
7.2387910e+002 6.0323539e-003 6.0323539e-003 6.7433274e-003
7.2388809e+002 5.9262102e-003 5.9262102e-003 6.6399991e-003
7.2389708e+002 5.8231871e-003 5.8231871e-003 6.5393745e-003
7.2390607e+002 5.7233958e-003 5.7233958e-003 6.4417258e-003
7.2391506e+002 5.6267703e-003 5.6267703e-003 6.3469175e-003
7.2392406e+002 5.5331628e-003 5.5331628e-003 6.2546249e-003
7.2393305e+002 5.4424440e-003 5.4424440e-003 6.1645674e-003
7.2394204e+002 5.3546340e-003 5.3546340e-003 6.0768185e-003
7.2395103e+002 5.2698229e-003 5.2698229e-003 5.9916171e-003
7.2396002e+002 5.1880772e-003 5.1880772e-003 5.9091632e-003
7.2396901e+002 5.1092733e-003 5.1092733e-003 5.8293417e-003
7.2397800e+002 5.0331981e-003 5.0331981e-003 5.7518883e-003
7.2398699e+002 4.9596567e-003 4.9596567e-003 5.6765650e-003
7.2399598e+002 4.8886033e-003 4.8886033e-003 5.6033501e-003
7.2400497e+002 4.8200634e-003 4.8200634e-003 5.5323251e-003
7.2401397e+002 4.7540410e-003 4.7540410e-003 5.4635609e-003
7.2402296e+002 4.6903624e-003 4.6903624e-003 5.3970379e-003
7.2403195e+002 4.6287690e-003 4.6287690e-003 5.3326933e-003
7.2404094e+002 4.5690422e-003 4.5690422e-003 5.2704535e-003
7.2404993e+002 4.5112936e-003 4.5112936e-003 5.2101609e-003
7.2405892e+002 4.4557950e-003 4.4557950e-003 5.1516170e-003
7.2406791e+002 4.4027634e-003 4.4027634e-003 5.0946470e-003
7.2407690e+002 4.3519605e-003 4.3519605e-003 5.0392736e-003
7.2408589e+002 4.3029252e-003 4.3029252e-003 4.9856160e-003
7.2409488e+002 4.2552372e-003 4.2552372e-003 4.9337639e-003
7.2410388e+002 4.2088241e-003 4.2088241e-003 4.8835599e-003
7.2411287e+002 4.1637849e-003 4.1637849e-003 4.8347246e-003
7.2412186e+002 4.1202172e-003 4.1202172e-003 4.7870178e-003
7.2413085e+002 4.0781941e-003 4.0781941e-003 4.7405346e-003
7.2413984e+002 4.0377770e-003 4.0377770e-003 4.6955365e-003
7.2414883e+002 3.9989971e-003 3.9989971e-003 4.6522375e-003
7.2415782e+002 3.9616361e-003 3.9616361e-003 4.6104430e-003
7.2416681e+002 3.9253499e-003 3.9253499e-003 4.5697531e-003
7.2417580e+002 3.8898340e-003 3.8898340e-003 4.5298124e-003
7.2418480e+002 3.8551247e-003 3.8551247e-003 4.4906566e-003
7.2419379e+002 3.8214312e-003 3.8214312e-003 4.4525191e-003
7.2420278e+002 3.7889395e-003 3.7889395e-003 4.4156060e-003
7.2421177e+002 3.7576289e-003 3.7576289e-003 4.3798755e-003
7.2422076e+002 3.7273732e-003 3.7273732e-003 4.3451597e-003
7.2422975e+002 3.6980492e-003 3.6980492e-003 4.3113063e-003
7.2423874e+002 3.6695681e-003 3.6695681e-003 4.2783111e-003
7.2424773e+002 3.6418583e-003 3.6418583e-003 4.2462454e-003
7.2425672e+002 3.6148566e-003 3.6148566e-003 4.2151680e-003
7.2426571e+002 3.5885695e-003 3.5885695e-003 4.1850207e-003
7.2427470e+002 3.5630392e-003 3.5630392e-003 4.1556850e-003
7.2428370e+002 3.5382988e-003 3.5382988e-003 4.1270524e-003
7.2429269e+002 3.5142942e-003 3.5142942e-003 4.0991084e-003
7.2430168e+002 3.4909263e-003 3.4909263e-003 4.0718878e-003
7.2431067e+002 3.4681011e-003 3.4681011e-003 4.0454218e-003
7.2431966e+002 3.4457776e-003 3.4457776e-003 4.0197074e-003
7.2432865e+002 3.4239422e-003 3.4239422e-003 3.9947232e-003
7.2433764e+002 3.4025929e-003 3.4025929e-003 3.9704525e-003
7.2434663e+002 3.3818284e-003 3.3818284e-003 3.9469227e-003
7.2435562e+002 3.3618003e-003 3.3618003e-003 3.9241841e-003
7.2436461e+002 3.3426360e-003 3.3426360e-003 3.9022722e-003
7.2437361e+002 3.3242327e-003 3.3242327e-003 3.8810816e-003
7.2438260e+002 3.3063643e-003 3.3063643e-003 3.8604315e-003
7.2439159e+002 3.2888197e-003 3.2888197e-003 3.8401724e-003
7.2440058e+002 3.2715359e-003 3.2715359e-003 3.8204496e-003
7.2440957e+002 3.2545300e-003 3.2545300e-003 3.8015671e-003
7.2441856e+002 3.2378285e-003 3.2378285e-003 3.7837913e-003
7.2442755e+002 3.2215418e-003 3.2215418e-003 3.7670212e-003
7.2443654e+002 3.2058256e-003 3.2058256e-003 3.7509556e-003
7.2444553e+002 3.1908086e-003 3.1908086e-003 3.7353216e-003
7.2445452e+002 3.1763609e-003 3.1763609e-003 3.7201300e-003
7.2446352e+002 3.1622109e-003 3.1622109e-003 3.7055472e-003
7.2447251e+002 3.1481152e-003 3.1481152e-003 3.6917307e-003
7.2448150e+002 3.1341133e-003 3.1341133e-003 3.6787369e-003
7.2449049e+002 3.1204017e-003 3.1204017e-003 3.6665667e-003
7.2449948e+002 3.1071566e-003 3.1071566e-003 3.6552098e-003
7.2450847e+002 3.0943461e-003 3.0943461e-003 3.6445545e-003
7.2451746e+002 3.0818220e-003 3.0818220e-003 3.6344325e-003
7.2452645e+002 3.0694460e-003 3.0694460e-003 3.6247043e-003
7.2453544e+002 3.0571874e-003 3.0571874e-003 3.6155142e-003
7.2454444e+002 3.0450756e-003 3.0450756e-003 3.6071664e-003
7.2455343e+002 3.0331409e-003 3.0331409e-003 3.5999288e-003
7.2456242e+002 3.0214122e-003 3.0214122e-003 3.5936983e-003
7.2457141e+002 3.0099178e-003 3.0099178e-003 3.5881611e-003
7.2458040e+002 2.9986757e-003 2.9986757e-003 3.5830333e-003
7.2458939e+002 2.9876015e-003 2.9876015e-003 3.5783503e-003
7.2459838e+002 2.9765527e-003 2.9765527e-003 3.5743302e-003
7.2460737e+002 2.9654048e-003 2.9654048e-003 3.5711684e-003
7.2461636e+002 2.9542230e-003 2.9542230e-003 3.5688137e-003
7.2462535e+002 2.9431821e-003 2.9431821e-003 3.5670727e-003
7.2463434e+002 2.9324365e-003 2.9324365e-003 3.5657730e-003
7.2464334e+002 2.9219229e-003 2.9219229e-003 3.5649709e-003
7.2465233e+002 2.9114519e-003 2.9114519e-003 3.5648557e-003
7.2466132e+002 2.9008558e-003 2.9008558e-003 3.5655960e-003
7.2467031e+002 2.8902103e-003 2.8902103e-003 3.5671290e-003
7.2467930e+002 2.8797329e-003 2.8797329e-003 3.5692569e-003
7.2468829e+002 2.8696127e-003 2.8696127e-003 3.5718050e-003
7.2469728e+002 2.8597214e-003 2.8597214e-003 3.5748572e-003
7.2470627e+002 2.8497439e-003 2.8497439e-003 3.5786495e-003
7.2471526e+002 2.8393981e-003 2.8393981e-003 3.5833850e-003
7.2472425e+002 2.8287727e-003 2.8287727e-003 3.5889009e-003
7.2473325e+002 2.8181773e-003 2.8181773e-003 3.5948160e-003
7.2474224e+002 2.8078962e-003 2.8078962e-003 3.6007785e-003
7.2475123e+002 2.7979164e-003 2.7979164e-003 3.6067730e-003
7.2476022e+002 2.7880467e-003 2.7880467e-003 3.6129863e-003
7.2476921e+002 2.7781093e-003 2.7781093e-003 3.6195972e-003
7.2477820e+002 2.7680940e-003 2.7680940e-003 3.6266706e-003
7.2478719e+002 2.7580924e-003 2.7580924e-003 3.6342028e-003
7.2479618e+002 2.7481827e-003 2.7481827e-003 3.6421800e-003
7.2480517e+002 2.7382849e-003 2.7382849e-003 3.6504916e-003
7.2481417e+002 2.7282221e-003 2.7282221e-003 3.6589685e-003
7.2482316e+002 2.7178390e-003 2.7178390e-003 3.6674466e-003
7.2483215e+002 2.7072303e-003 2.7072303e-003 3.6758304e-003
7.2484114e+002 2.6966442e-003 2.6966442e-003 3.6840663e-003
7.2485013e+002 2.6863136e-003 2.6863136e-003 3.6921045e-003
7.2485912e+002 2.6762759e-003 2.6762759e-003 3.6999342e-003
7.2486811e+002 2.6664476e-003 2.6664476e-003 3.7075680e-003
7.2487710e+002 2.6567333e-003 2.6567333e-003 3.7150184e-003
7.2488609e+002 2.6469257e-003 2.6469257e-003 3.7222907e-003
7.2489508e+002 2.6367472e-003 2.6367472e-003 3.7293852e-003
7.2490407e+002 2.6259576e-003 2.6259576e-003 3.7362826e-003
7.2491307e+002 2.6147438e-003 2.6147438e-003 3.7427411e-003
7.2492206e+002 2.6035623e-003 2.6035623e-003 3.7483789e-003
7.2493105e+002 2.5928273e-003 2.5928273e-003 3.7528530e-003
7.2494004e+002 2.5824238e-003 2.5824238e-003 3.7562892e-003
7.2494903e+002 2.5719007e-003 2.5719007e-003 3.7591110e-003
7.2495802e+002 2.5608376e-003 2.5608376e-003 3.7616955e-003
7.2496701e+002 2.5492242e-003 2.5492242e-003 3.7638340e-003
7.2497600e+002 2.5373129e-003 2.5373129e-003 3.7649425e-003
7.2498499e+002 2.5253379e-003 2.5253379e-003 3.7644827e-003
7.2499398e+002 2.5132702e-003 2.5132702e-003 3.7625160e-003
7.2500298e+002 2.5009115e-003 2.5009115e-003 3.7594905e-003
7.2501197e+002 2.4880790e-003 2.4880790e-003 3.7558149e-003
7.2502096e+002 2.4748079e-003 2.4748079e-003 3.7513569e-003
7.2502995e+002 2.4612746e-003 2.4612746e-003 3.7456320e-003
7.2503894e+002 2.4476426e-003 2.4476426e-003 3.7381928e-003
7.2504793e+002 2.4338900e-003 2.4338900e-003 3.7290993e-003
7.2505692e+002 2.4198733e-003 2.4198733e-003 3.7187445e-003
7.2506591e+002 2.4054553e-003 2.4054553e-003 3.7074911e-003
7.2507490e+002 2.3906015e-003 2.3906015e-003 3.6952656e-003
7.2508389e+002 2.3753445e-003 2.3753445e-003 3.6817070e-003
7.2509289e+002 2.3597174e-003 2.3597174e-003 3.6664812e-003
7.2510188e+002 2.3437390e-003 2.3437390e-003 3.6496488e-003
7.2511087e+002 2.3274187e-003 2.3274187e-003 3.6315334e-003
7.2511986e+002 2.3107623e-003 2.3107623e-003 3.6124382e-003
7.2512885e+002 2.2937295e-003 2.2937295e-003 3.5923633e-003
7.2513784e+002 2.2762497e-003 2.2762497e-003 3.5711045e-003
7.2514683e+002 2.2582671e-003 2.2582671e-003 3.5484696e-003
7.2515582e+002 2.2399226e-003 2.2399226e-003 3.5244593e-003
7.2516481e+002 2.2214898e-003 2.2214898e-003 3.4992049e-003
7.2517381e+002 2.2032193e-003 2.2032193e-003 3.4728360e-003
7.2518280e+002 2.1850399e-003 2.1850399e-003 3.4454306e-003
7.2519179e+002 2.1666614e-003 2.1666614e-003 3.4170313e-003
7.2520078e+002 2.1478092e-003 2.1478092e-003 3.3876814e-003
7.2520977e+002 2.1284668e-003 2.1284668e-003 3.3574382e-003
7.2521876e+002 2.1087945e-003 2.1087945e-003 3.3263690e-003
7.2522775e+002 2.0889495e-003 2.0889495e-003 3.2945408e-003
7.2523674e+002 2.0690017e-003 2.0690017e-003 3.2620149e-003
7.2524573e+002 2.0489603e-003 2.0489603e-003 3.2288491e-003
7.2525472e+002 2.0288406e-003 2.0288406e-003 3.1951015e-003
7.2526371e+002 2.0087498e-003 2.0087498e-003 3.1608380e-003
7.2527271e+002 1.9888596e-003 1.9888596e-003 3.1261304e-003
7.2528170e+002 1.9693214e-003 1.9693214e-003 3.0910485e-003
7.2529069e+002 1.9500065e-003 1.9500065e-003 3.0556358e-003
7.2529968e+002 1.9305883e-003 1.9305883e-003 3.0199173e-003
7.2530867e+002 1.9107674e-003 1.9107674e-003 2.9839251e-003
7.2531766e+002 1.8906558e-003 1.8906558e-003 2.9477877e-003
7.2532665e+002 1.8706583e-003 1.8706583e-003 2.9117025e-003
7.2533564e+002 1.8511605e-003 1.8511605e-003 2.8758567e-003
7.2534463e+002 1.8322065e-003 1.8322065e-003 2.8402824e-003
7.2535362e+002 1.8135965e-003 1.8135965e-003 2.8049009e-003
7.2536262e+002 1.7951354e-003 1.7951354e-003 2.7696394e-003
7.2537161e+002 1.7767636e-003 1.7767636e-003 2.7345395e-003
7.2538060e+002 1.7585194e-003 1.7585194e-003 2.6997255e-003
7.2538959e+002 1.7404436e-003 1.7404436e-003 2.6653163e-003
7.2539858e+002 1.7225781e-003 1.7225781e-003 2.6313317e-003
7.2540757e+002 1.7049660e-003 1.7049660e-003 2.5977194e-003
7.2541656e+002 1.6876549e-003 1.6876549e-003 2.5644311e-003
7.2542555e+002 1.6707545e-003 1.6707545e-003 2.5314974e-003
7.2543454e+002 1.6544201e-003 1.6544201e-003 2.4990065e-003
7.2544354e+002 1.6387904e-003 1.6387904e-003 2.4670469e-003
7.2545253e+002 1.6237546e-003 1.6237546e-003 2.4356938e-003
7.2546152e+002 1.6090178e-003 1.6090178e-003 2.4050125e-003
7.2547051e+002 1.5943038e-003 1.5943038e-003 2.3750663e-003
7.2547950e+002 1.5796645e-003 1.5796645e-003 2.3458936e-003
7.2548849e+002 1.5653963e-003 1.5653963e-003 2.3175145e-003
7.2549748e+002 1.5517835e-003 1.5517835e-003 2.2899423e-003
7.2550647e+002 1.5388531e-003 1.5388531e-003 2.2631020e-003
7.2551546e+002 1.5264387e-003 1.5264387e-003 2.2368518e-003
7.2552445e+002 1.5143763e-003 1.5143763e-003 2.2110606e-003
7.2553344e+002 1.5026011e-003 1.5026011e-003 2.1857751e-003
7.2554244e+002 1.4911237e-003 1.4911237e-003 2.1611761e-003
7.2555143e+002 1.4799605e-003 1.4799605e-003 2.1374330e-003
7.2556042e+002 1.4691868e-003 1.4691868e-003 2.1144940e-003
7.2556941e+002 1.4589227e-003 1.4589227e-003 2.0921387e-003
7.2557840e+002 1.4492804e-003 1.4492804e-003 2.0701631e-003
7.2558739e+002 1.4402376e-003 1.4402376e-003 2.0486701e-003
7.2559638e+002 1.4316692e-003 1.4316692e-003 2.0279985e-003
7.2560537e+002 1.4234525e-003 1.4234525e-003 2.0084661e-003
7.2561436e+002 1.4155450e-003 1.4155450e-003 1.9899817e-003
7.2562335e+002 1.4079666e-003 1.4079666e-003 1.9721372e-003
7.2563235e+002 1.4007396e-003 1.4007396e-003 1.9545384e-003
7.2564134e+002 1.3938971e-003 1.3938971e-003 1.9371279e-003
7.2565033e+002 1.3874811e-003 1.3874811e-003 1.9201112e-003
7.2565932e+002 1.3815255e-003 1.3815255e-003 1.9036913e-003
7.2566831e+002 1.3759408e-003 1.3759408e-003 1.8879233e-003
7.2567730e+002 1.3705396e-003 1.3705396e-003 1.8727454e-003
7.2568629e+002 1.3651505e-003 1.3651505e-003 1.8580968e-003
7.2569528e+002 1.3598881e-003 1.3598881e-003 1.8439756e-003
7.2570427e+002 1.3550940e-003 1.3550940e-003 1.8304269e-003
7.2571326e+002 1.3510889e-003 1.3510889e-003 1.8174916e-003
7.2572226e+002 1.3477633e-003 1.3477633e-003 1.8051217e-003
7.2573125e+002 1.3446638e-003 1.3446638e-003 1.7931982e-003
7.2574024e+002 1.3413559e-003 1.3413559e-003 1.7816065e-003
7.2574923e+002 1.3378593e-003 1.3378593e-003 1.7703317e-003
7.2575822e+002 1.3345596e-003 1.3345596e-003 1.7594397e-003
7.2576721e+002 1.3318279e-003 1.3318279e-003 1.7489915e-003
7.2577620e+002 1.3296242e-003 1.3296242e-003 1.7389324e-003
7.2578519e+002 1.3275747e-003 1.3275747e-003 1.7291134e-003
7.2579418e+002 1.3253210e-003 1.3253210e-003 1.7193935e-003
7.2580318e+002 1.3229157e-003 1.3229157e-003 1.7097994e-003
7.2581217e+002 1.3207477e-003 1.3207477e-003 1.7004957e-003
7.2582116e+002 1.3191882e-003 1.3191882e-003 1.6916409e-003
7.2583015e+002 1.3181522e-003 1.3181522e-003 1.6832248e-003
7.2583914e+002 1.3171775e-003 1.3171775e-003 1.6750977e-003
7.2584813e+002 1.3158174e-003 1.3158174e-003 1.6671133e-003
7.2585712e+002 1.3140740e-003 1.3140740e-003 1.6592452e-003
7.2586611e+002 1.3123227e-003 1.3123227e-003 1.6515672e-003
7.2587510e+002 1.3109284e-003 1.3109284e-003 1.6441490e-003
7.2588409e+002 1.3098802e-003 1.3098802e-003 1.6369406e-003
7.2589308e+002 1.3088527e-003 1.3088527e-003 1.6297917e-003
7.2590208e+002 1.3075273e-003 1.3075273e-003 1.6225586e-003
7.2591107e+002 1.3058707e-003 1.3058707e-003 1.6152639e-003
7.2592006e+002 1.3040908e-003 1.3040908e-003 1.6080707e-003
7.2592905e+002 1.3023922e-003 1.3023922e-003 1.6011375e-003
7.2593804e+002 1.3007865e-003 1.3007865e-003 1.5944594e-003
7.2594703e+002 1.2991215e-003 1.2991215e-003 1.5878933e-003
7.2595602e+002 1.2972455e-003 1.2972455e-003 1.5812971e-003
7.2596501e+002 1.2951115e-003 1.2951115e-003 1.5746330e-003
7.2597400e+002 1.2927618e-003 1.2927618e-003 1.5679524e-003
7.2598299e+002 1.2902400e-003 1.2902400e-003 1.5613061e-003
7.2599199e+002 1.2875539e-003 1.2875539e-003 1.5546813e-003
7.2600098e+002 1.2846800e-003 1.2846800e-003 1.5480104e-003
7.2600997e+002 1.2815963e-003 1.2815963e-003 1.5412322e-003
7.2601896e+002 1.2783196e-003 1.2783196e-003 1.5344352e-003
7.2602795e+002 1.2749001e-003 1.2749001e-003 1.5278387e-003
7.2603694e+002 1.2713831e-003 1.2713831e-003 1.5216473e-003
7.2604593e+002 1.2676946e-003 1.2676946e-003 1.5157200e-003
7.2605492e+002 1.2636561e-003 1.2636561e-003 1.5096115e-003
7.2606391e+002 1.2590987e-003 1.2590987e-003 1.5028921e-003
7.2607290e+002 1.2541022e-003 1.2541022e-003 1.4956125e-003
7.2608190e+002 1.2489669e-003 1.2489669e-003 1.4882484e-003
7.2609089e+002 1.2439839e-003 1.2439839e-003 1.4812669e-003
7.2609988e+002 1.2391317e-003 1.2391317e-003 1.4746844e-003
7.2610887e+002 1.2341100e-003 1.2341100e-003 1.4681158e-003
7.2611786e+002 1.2286216e-003 1.2286216e-003 1.4611820e-003
7.2612685e+002 1.2226243e-003 1.2226243e-003 1.4538906e-003
7.2613584e+002 1.2163048e-003 1.2163048e-003 1.4465974e-003
7.2614483e+002 1.2098501e-003 1.2098501e-003 1.4396522e-003
7.2615382e+002 1.2032995e-003 1.2032995e-003 1.4330520e-003
7.2616281e+002 1.1965582e-003 1.1965582e-003 1.4264741e-003
7.2617181e+002 1.1895342e-003 1.1895342e-003 1.4195985e-003
7.2618080e+002 1.1822875e-003 1.1822875e-003 1.4123881e-003
7.2618979e+002 1.1750171e-003 1.1750171e-003 1.4050643e-003
7.2619878e+002 1.1679134e-003 1.1679134e-003 1.3978467e-003
7.2620777e+002 1.1608917e-003 1.1608917e-003 1.3907302e-003
7.2621676e+002 1.1536138e-003 1.1536138e-003 1.3835023e-003
7.2622575e+002 1.1457516e-003 1.1457516e-003 1.3759554e-003
7.2623474e+002 1.1373723e-003 1.1373723e-003 1.3681300e-003
7.2624373e+002 1.1289097e-003 1.1289097e-003 1.3602977e-003
7.2625272e+002 1.1207925e-003 1.1207925e-003 1.3527279e-003
7.2626172e+002 1.1130618e-003 1.1130618e-003 1.3454713e-003
7.2627071e+002 1.1053962e-003 1.1053962e-003 1.3383735e-003
7.2627970e+002 1.0974716e-003 1.0974716e-003 1.3312763e-003
7.2628869e+002 1.0892067e-003 1.0892067e-003 1.3241009e-003
7.2629768e+002 1.0807483e-003 1.0807483e-003 1.3168434e-003
7.2630667e+002 1.0722507e-003 1.0722507e-003 1.3095066e-003
7.2631566e+002 1.0638313e-003 1.0638313e-003 1.3021757e-003
7.2632465e+002 1.0555726e-003 1.0555726e-003 1.2950133e-003
7.2633364e+002 1.0475514e-003 1.0475514e-003 1.2881751e-003
7.2634263e+002 1.0397502e-003 1.0397502e-003 1.2815913e-003
7.2635163e+002 1.0320614e-003 1.0320614e-003 1.2749771e-003
7.2636062e+002 1.0243762e-003 1.0243762e-003 1.2680514e-003
7.2636961e+002 1.0166373e-003 1.0166373e-003 1.2608083e-003
7.2637860e+002 1.0088371e-003 1.0088371e-003 1.2535071e-003
7.2638759e+002 1.0009732e-003 1.0009732e-003 1.2464108e-003
7.2639658e+002 9.9311051e-004 9.9311051e-004 1.2396279e-003
7.2640557e+002 9.8537983e-004 9.8537983e-004 1.2331161e-003
7.2641456e+002 9.7790815e-004 9.7790815e-004 1.2268262e-003
7.2642355e+002 9.7068113e-004 9.7068113e-004 1.2206959e-003
7.2643255e+002 9.6354575e-004 9.6354575e-004 1.2146492e-003
7.2644154e+002 9.5634941e-004 9.5634941e-004 1.2086112e-003
7.2645053e+002 9.4908000e-004 9.4908000e-004 1.2025363e-003
7.2645952e+002 9.4186432e-004 9.4186432e-004 1.1964075e-003
7.2646851e+002 9.3483218e-004 9.3483218e-004 1.1902126e-003
7.2647750e+002 9.2804847e-004 9.2804847e-004 1.1840133e-003
7.2648649e+002 9.2151334e-004 9.2151334e-004 1.1779448e-003
7.2649548e+002 9.1522172e-004 9.1522172e-004 1.1721392e-003
7.2650447e+002 9.0911132e-004 9.0911132e-004 1.1665815e-003
7.2651346e+002 9.0306250e-004 9.0306250e-004 1.1611094e-003
7.2652245e+002 8.9695803e-004 8.9695803e-004 1.1555606e-003
7.2653145e+002 8.9079703e-004 8.9079703e-004 1.1499336e-003
7.2654044e+002 8.8469632e-004 8.8469632e-004 1.1443893e-003
7.2654943e+002 8.7877560e-004 8.7877560e-004 1.1390899e-003
7.2655842e+002 8.7309817e-004 8.7309817e-004 1.1340539e-003
7.2656741e+002 8.6766982e-004 8.6766982e-004 1.1291537e-003
7.2657640e+002 8.6249108e-004 8.6249108e-004 1.1242574e-003
7.2658539e+002 8.5749719e-004 8.5749719e-004 1.1192969e-003
7.2659438e+002 8.5255629e-004 8.5255629e-004 1.1142691e-003
7.2660337e+002 8.4753929e-004 8.4753929e-004 1.1091766e-003
7.2661236e+002 8.4245925e-004 8.4245925e-004 1.1040851e-003
7.2662136e+002 8.3747649e-004 8.3747649e-004 1.0991263e-003
7.2663035e+002 8.3275191e-004 8.3275191e-004 1.0944290e-003
7.2663934e+002 8.2829098e-004 8.2829098e-004 1.0899797e-003
7.2664833e+002 8.2393691e-004 8.2393691e-004 1.0856166e-003
7.2665732e+002 8.1953056e-004 8.1953056e-004 1.0811771e-003
7.2666631e+002 8.1504618e-004 8.1504618e-004 1.0766577e-003
7.2667530e+002 8.1059832e-004 8.1059832e-004 1.0722218e-003
7.2668429e+002 8.0630691e-004 8.0630691e-004 1.0680354e-003
7.2669328e+002 8.0225815e-004 8.0225815e-004 1.0641154e-003
7.2670227e+002 7.9850247e-004 7.9850247e-004 1.0603214e-003
7.2671127e+002 7.9508208e-004 7.9508208e-004 1.0565088e-003
7.2672026e+002 7.9187028e-004 7.9187028e-004 1.0526257e-003
7.2672925e+002 7.8855984e-004 7.8855984e-004 1.0487186e-003
7.2673824e+002 7.8484856e-004 7.8484856e-004 1.0448372e-003
7.2674723e+002 7.8079996e-004 7.8079996e-004 1.0409805e-003
7.2675622e+002 7.7687150e-004 7.7687150e-004 1.0370934e-003
7.2676521e+002 7.7352369e-004 7.7352369e-004 1.0331217e-003
7.2677420e+002 7.7077570e-004 7.7077570e-004 1.0291211e-003
7.2678319e+002 7.6816746e-004 7.6816746e-004 1.0252664e-003
7.2679219e+002 7.6522890e-004 7.6522890e-004 1.0217300e-003
7.2680118e+002 7.6187218e-004 7.6187218e-004 1.0184671e-003
7.2681017e+002 7.5842773e-004 7.5842773e-004 1.0151945e-003
7.2681916e+002 7.5523841e-004 7.5523841e-004 1.0116264e-003
7.2682815e+002 7.5240308e-004 7.5240308e-004 1.0077302e-003
7.2683714e+002 7.4975140e-004 7.4975140e-004 1.0037530e-003
7.2684613e+002 7.4710244e-004 7.4710244e-004 9.9995191e-004
7.2685512e+002 7.4436590e-004 7.4436590e-004 9.9645982e-004
7.2686411e+002 7.4155231e-004 7.4155231e-004 9.9327158e-004
7.2687310e+002 7.3867913e-004 7.3867913e-004 9.9037168e-004
7.2688209e+002 7.3581133e-004 7.3581133e-004 9.8765440e-004
7.2689109e+002 7.3306716e-004 7.3306716e-004 9.8491300e-004
7.2690008e+002 7.3056374e-004 7.3056374e-004 9.8194058e-004
7.2690907e+002 7.2830502e-004 7.2830502e-004 9.7868053e-004
7.2691806e+002 7.2616712e-004 7.2616712e-004 9.7524599e-004
7.2692705e+002 7.2402180e-004 7.2402180e-004 9.7175872e-004
7.2693604e+002 7.2181392e-004 7.2181392e-004 9.6832716e-004
7.2694503e+002 7.1957161e-004 7.1957161e-004 9.6504462e-004
7.2695402e+002 7.1732698e-004 7.1732698e-004 9.6200036e-004
7.2696301e+002 7.1509776e-004 7.1509776e-004 9.5918766e-004
7.2697200e+002 7.1288511e-004 7.1288511e-004 9.5648972e-004
7.2698100e+002 7.1068878e-004 7.1068878e-004 9.5378591e-004
7.2698999e+002 7.0849350e-004 7.0849350e-004 9.5102331e-004
7.2699898e+002 7.0626659e-004 7.0626659e-004 9.4822725e-004
7.2700797e+002 7.0397682e-004 7.0397682e-004 9.4542703e-004
7.2701696e+002 7.0166717e-004 7.0166717e-004 9.4264069e-004
7.2702595e+002 6.9946705e-004 6.9946705e-004 9.3987308e-004
7.2703494e+002 6.9750697e-004 6.9750697e-004 9.3712760e-004
7.2704393e+002 6.9579933e-004 6.9579933e-004 9.3438555e-004
7.2705292e+002 6.9421777e-004 6.9421777e-004 9.3160230e-004
7.2706192e+002 6.9263032e-004 6.9263032e-004 9.2873481e-004
7.2707091e+002 6.9097852e-004 6.9097852e-004 9.2583929e-004
7.2707990e+002 6.8929089e-004 6.8929089e-004 9.2308937e-004
7.2708889e+002 6.8760056e-004 6.8760056e-004 9.2065890e-004
7.2709788e+002 6.8592601e-004 6.8592601e-004 9.1850956e-004
7.2710687e+002 6.8426826e-004 6.8426826e-004 9.1634989e-004
7.2711586e+002 6.8262685e-004 6.8262685e-004 9.1388168e-004
7.2712485e+002 6.8098680e-004 6.8098680e-004 9.1107256e-004
7.2713384e+002 6.7931557e-004 6.7931557e-004 9.0820979e-004
7.2714283e+002 6.7758179e-004 6.7758179e-004 9.0559334e-004
7.2715182e+002 6.7582655e-004 6.7582655e-004 9.0331301e-004
7.2716082e+002 6.7417879e-004 6.7417879e-004 9.0120398e-004
7.2716981e+002 6.7276932e-004 6.7276932e-004 8.9908896e-004
7.2717880e+002 6.7161360e-004 6.7161360e-004 8.9688749e-004
7.2718779e+002 6.7058617e-004 6.7058617e-004 8.9463745e-004
7.2719678e+002 6.6955504e-004 6.6955504e-004 8.9238332e-004
7.2720577e+002 6.6845962e-004 6.6845962e-004 8.9015027e-004
7.2721476e+002 6.6732718e-004 6.6732718e-004 8.8793972e-004
7.2722375e+002 6.6619003e-004 6.6619003e-004 8.8575105e-004
7.2723274e+002 6.6506799e-004 6.6506799e-004 8.8356460e-004
7.2724173e+002 6.6396536e-004 6.6396536e-004 8.8133704e-004
7.2725073e+002 6.6288488e-004 6.6288488e-004 8.7902623e-004
7.2725972e+002 6.6180837e-004 6.6180837e-004 8.7668506e-004
7.2726871e+002 6.6069150e-004 6.6069150e-004 8.7448530e-004
7.2727770e+002 6.5949091e-004 6.5949091e-004 8.7260061e-004
7.2728669e+002 6.5825892e-004 6.5825892e-004 8.7100106e-004
7.2729568e+002 6.5716843e-004 6.5716843e-004 8.6940005e-004
7.2730467e+002 6.5639453e-004 6.5639453e-004 8.6750137e-004
7.2731366e+002 6.5590729e-004 6.5590729e-004 8.6525974e-004
7.2732265e+002 6.5541635e-004 6.5541635e-004 8.6294874e-004
7.2733164e+002 6.5462134e-004 6.5462134e-004 8.6085778e-004
7.2734064e+002 6.5347992e-004 6.5347992e-004 8.5909667e-004
7.2734963e+002 6.5228019e-004 6.5228019e-004 8.5754527e-004
7.2735862e+002 6.5132639e-004 6.5132639e-004 8.5606851e-004
7.2736761e+002 6.5071349e-004 6.5071349e-004 8.5453656e-004
7.2737660e+002 6.5026622e-004 6.5026622e-004 8.5282634e-004
7.2738559e+002 6.4979453e-004 6.4979453e-004 8.5081927e-004
7.2739458e+002 6.4922707e-004 6.4922707e-004 8.4855377e-004
7.2740357e+002 6.4864703e-004 6.4864703e-004 8.4627259e-004
7.2741256e+002 6.4814505e-004 6.4814505e-004 8.4422778e-004
7.2742156e+002 6.4769867e-004 6.4769867e-004 8.4249784e-004
7.2743055e+002 6.4713697e-004 6.4713697e-004 8.4093360e-004
7.2743954e+002 6.4628349e-004 6.4628349e-004 8.3937251e-004
7.2744853e+002 6.4514311e-004 6.4514311e-004 8.3773289e-004
7.2745752e+002 6.4396043e-004 6.4396043e-004 8.3604002e-004
7.2746651e+002 6.4299268e-004 6.4299268e-004 8.3432653e-004
7.2747550e+002 6.4233957e-004 6.4233957e-004 8.3262567e-004
7.2748449e+002 6.4189094e-004 6.4189094e-004 8.3097149e-004
7.2749348e+002 6.4152201e-004 6.4152201e-004 8.2939614e-004
7.2750247e+002 6.4110526e-004 6.4110526e-004 8.2784920e-004
7.2751146e+002 6.4050953e-004 6.4050953e-004 8.2616938e-004
7.2752046e+002 6.3960730e-004 6.3960730e-004 8.2419180e-004
7.2752945e+002 6.3843788e-004 6.3843788e-004 8.2193027e-004
7.2753844e+002 6.3726637e-004 6.3726637e-004 8.1964054e-004
7.2754743e+002 6.3636899e-004 6.3636899e-004 8.1759134e-004
7.2755642e+002 6.3580633e-004 6.3580633e-004 8.1586746e-004
7.2756541e+002 6.3534486e-004 6.3534486e-004 8.1430278e-004
7.2757440e+002 6.3473219e-004 6.3473219e-004 8.1271565e-004
7.2758339e+002 6.3381751e-004 6.3381751e-004 8.1103597e-004
7.2759238e+002 6.3258972e-004 6.3258972e-004 8.0934703e-004
7.2760137e+002 6.3105013e-004 6.3105013e-004 8.0774072e-004
7.2761037e+002 6.2930345e-004 6.2930345e-004 8.0619420e-004
7.2761936e+002 6.2759763e-004 6.2759763e-004 8.0452557e-004
7.2762835e+002 6.2618642e-004 6.2618642e-004 8.0254558e-004
7.2763734e+002 6.2510435e-004 6.2510435e-004 8.0026484e-004
7.2764633e+002 6.2407968e-004 6.2407968e-004 7.9797328e-004
7.2765532e+002 6.2282188e-004 6.2282188e-004 7.9597640e-004
7.2766431e+002 6.2122799e-004 6.2122799e-004 7.9433461e-004
7.2767330e+002 6.1945922e-004 6.1945922e-004 7.9276318e-004
7.2768229e+002 6.1769469e-004 6.1769469e-004 7.9095553e-004
7.2769128e+002 6.1601867e-004 6.1601867e-004 7.8880296e-004
7.2770028e+002 6.1438083e-004 6.1438083e-004 7.8647772e-004
7.2770927e+002 6.1272155e-004 6.1272155e-004 7.8417111e-004
7.2771826e+002 6.1102877e-004 6.1102877e-004 7.8196198e-004
7.2772725e+002 6.0935854e-004 6.0935854e-004 7.7976821e-004
7.2773624e+002 6.0777021e-004 6.0777021e-004 7.7749748e-004
7.2774523e+002 6.0622768e-004 6.0622768e-004 7.7516577e-004
7.2775422e+002 6.0455718e-004 6.0455718e-004 7.7294531e-004
7.2776321e+002 6.0257795e-004 6.0257795e-004 7.7101702e-004
7.2777220e+002 6.0029932e-004 6.0029932e-004 7.6938477e-004
7.2778119e+002 5.9800697e-004 5.9800697e-004 7.6779499e-004
7.2779019e+002 5.9600381e-004 5.9600381e-004 7.6597717e-004
7.2779918e+002 5.9435662e-004 5.9435662e-004 7.6383232e-004
7.2780817e+002 5.9278618e-004 5.9278618e-004 7.6151279e-004
7.2781716e+002 5.9098920e-004 5.9098920e-004 7.5918937e-004
7.2782615e+002 5.8884902e-004 5.8884902e-004 7.5694920e-004
7.2783514e+002 5.8652467e-004 5.8652467e-004 7.5475581e-004
7.2784413e+002 5.8419572e-004 5.8419572e-004 7.5256318e-004
7.2785312e+002 5.8195428e-004 5.8195428e-004 7.5034805e-004
7.2786211e+002 5.7976218e-004 5.7976218e-004 7.4812098e-004
7.2787110e+002 5.7757105e-004 5.7757105e-004 7.4589515e-004
7.2788010e+002 5.7535627e-004 5.7535627e-004 7.4367611e-004
7.2788909e+002 5.7312885e-004 5.7312885e-004 7.4145794e-004
7.2789808e+002 5.7090258e-004 5.7090258e-004 7.3923391e-004
7.2790707e+002 5.6868340e-004 5.6868340e-004 7.3700520e-004
7.2791606e+002 5.6646533e-004 5.6646533e-004 7.3478496e-004
7.2792505e+002 5.6424157e-004 5.6424157e-004 7.3258692e-004
7.2793404e+002 5.6201309e-004 5.6201309e-004 7.3040090e-004
7.2794303e+002 5.5979278e-004 5.5979278e-004 7.2818026e-004
7.2795202e+002 5.5759410e-004 5.5759410e-004 7.2587679e-004
7.2796101e+002 5.5540730e-004 5.5540730e-004 7.2352955e-004
7.2797001e+002 5.5318686e-004 5.5318686e-004 7.2131178e-004
7.2797900e+002 5.5088565e-004 5.5088565e-004 7.1940506e-004
7.2798799e+002 5.4854130e-004 5.4854130e-004 7.1780412e-004
7.2799698e+002 5.4632283e-004 5.4632283e-004 7.1621413e-004
7.2800597e+002 5.4440766e-004 5.4440766e-004 7.1431943e-004
7.2801496e+002 5.4279498e-004 5.4279498e-004 7.1205316e-004
7.2802395e+002 5.4120552e-004 5.4120552e-004 7.0973725e-004
7.2803294e+002 5.3933931e-004 5.3933931e-004 7.0772326e-004
7.2804193e+002 5.3711565e-004 5.3711565e-004 7.0609876e-004
7.2805093e+002 5.3479927e-004 5.3479927e-004 7.0453553e-004
7.2805992e+002 5.3268282e-004 5.3268282e-004 7.0267297e-004
7.2806891e+002 5.3090097e-004 5.3090097e-004 7.0041628e-004
7.2807790e+002 5.2933762e-004 5.2933762e-004 6.9809271e-004
7.2808689e+002 5.2785454e-004 5.2785454e-004 6.9606303e-004
7.2809588e+002 5.2632349e-004 5.2632349e-004 6.9442693e-004
7.2810487e+002 5.2463222e-004 5.2463222e-004 6.9286620e-004
7.2811386e+002 5.2267168e-004 5.2267168e-004 6.9102873e-004
7.2812285e+002 5.2044926e-004 5.2044926e-004 6.8880581e-004
7.2813184e+002 5.1816020e-004 5.1816020e-004 6.8648148e-004
7.2814083e+002 5.1601574e-004 5.1601574e-004 6.8437282e-004
7.2814983e+002 5.1415100e-004 5.1415100e-004 6.8261618e-004
7.2815882e+002 5.1257735e-004 5.1257735e-004 6.8105400e-004
7.2816781e+002 5.1129374e-004 5.1129374e-004 6.7950290e-004
7.2817680e+002 5.1022341e-004 5.1022341e-004 6.7786285e-004
7.2818579e+002 5.0916548e-004 5.0916548e-004 6.7617040e-004
7.2819478e+002 5.0790915e-004 5.0790915e-004 6.7447448e-004
7.2820377e+002 5.0635824e-004 5.0635824e-004 6.7280218e-004
7.2821276e+002 5.0460601e-004 5.0460601e-004 6.7114451e-004
7.2822175e+002 5.0276364e-004 5.0276364e-004 6.6948913e-004
7.2823074e+002 5.0095162e-004 5.0095162e-004 6.6782820e-004
7.2823974e+002 4.9930597e-004 4.9930597e-004 6.6616132e-004
7.2824873e+002 4.9796221e-004 4.9796221e-004 6.6448888e-004
7.2825772e+002 4.9690542e-004 4.9690542e-004 6.6281501e-004
7.2826671e+002 4.9586802e-004 4.9586802e-004 6.6115022e-004
7.2827570e+002 4.9456083e-004 4.9456083e-004 6.5950535e-004
7.2828469e+002 4.9289777e-004 4.9289777e-004 6.5787179e-004
7.2829368e+002 4.9113673e-004 4.9113673e-004 6.5620803e-004
7.2830267e+002 4.8956701e-004 4.8956701e-004 6.5447027e-004
7.2831166e+002 4.8833052e-004 4.8833052e-004 6.5268834e-004
7.2832065e+002 4.8731753e-004 4.8731753e-004 6.5101769e-004
7.2832965e+002 4.8639372e-004 4.8639372e-004 6.4962429e-004
7.2833864e+002 4.8542870e-004 4.8542870e-004 6.4852779e-004
7.2834763e+002 4.8429878e-004 4.8429878e-004 6.4749601e-004
7.2835662e+002 4.8288254e-004 4.8288254e-004 6.4627345e-004
7.2836561e+002 4.8118867e-004 4.8118867e-004 6.4473439e-004
7.2837460e+002 4.7945176e-004 4.7945176e-004 6.4297831e-004
7.2838359e+002 4.7792726e-004 4.7792726e-004 6.4112726e-004
7.2839258e+002 4.7672622e-004 4.7672622e-004 6.3930889e-004
7.2840157e+002 4.7570712e-004 4.7570712e-004 6.3766059e-004
7.2841056e+002 4.7470374e-004 4.7470374e-004 6.3631904e-004
7.2841956e+002 4.7362049e-004 4.7362049e-004 6.3527044e-004
7.2842855e+002 4.7248636e-004 4.7248636e-004 6.3423553e-004
7.2843754e+002 4.7134291e-004 4.7134291e-004 6.3291048e-004
7.2844653e+002 4.7021772e-004 4.7021772e-004 6.3121165e-004
7.2845552e+002 4.6911358e-004 4.6911358e-004 6.2944698e-004
7.2846451e+002 4.6803057e-004 4.6803057e-004 6.2796224e-004
7.2847350e+002 4.6695444e-004 4.6695444e-004 6.2687023e-004
7.2848249e+002 4.6584522e-004 4.6584522e-004 6.2586607e-004
7.2849148e+002 4.6466104e-004 4.6466104e-004 6.2460374e-004
7.2850047e+002 4.6343080e-004 4.6343080e-004 6.2295489e-004
7.2850947e+002 4.6231132e-004 4.6231132e-004 6.2118469e-004
7.2851846e+002 4.6147138e-004 4.6147138e-004 6.1959814e-004
7.2852745e+002 4.6093454e-004 4.6093454e-004 6.1835296e-004
7.2853644e+002 4.6045969e-004 4.6045969e-004 6.1733839e-004
7.2854543e+002 4.5977905e-004 4.5977905e-004 6.1641521e-004
7.2855442e+002 4.5876848e-004 4.5876848e-004 6.1545099e-004
7.2856341e+002 4.5756774e-004 4.5756774e-004 6.1432570e-004
7.2857240e+002 4.5634426e-004 4.5634426e-004 6.1292179e-004
7.2858139e+002 4.5519956e-004 4.5519956e-004 6.1124040e-004
7.2859038e+002 4.5411304e-004 4.5411304e-004 6.0950249e-004
7.2859938e+002 4.5305082e-004 4.5305082e-004 6.0795172e-004
7.2860837e+002 4.5197947e-004 4.5197947e-004 6.0671276e-004
7.2861736e+002 4.5086621e-004 4.5086621e-004 6.0568798e-004
7.2862635e+002 4.4967898e-004 4.4967898e-004 6.0475539e-004
7.2863534e+002 4.4844929e-004 4.4844929e-004 6.0379166e-004
7.2864433e+002 4.4732842e-004 4.4732842e-004 6.0267089e-004
7.2865332e+002 4.4647967e-004 4.4647967e-004 6.0126803e-004
7.2866231e+002 4.4593153e-004 4.4593153e-004 5.9958095e-004
7.2867130e+002 4.4545643e-004 4.4545643e-004 5.9784094e-004
7.2868030e+002 4.4479923e-004 4.4479923e-004 5.9630422e-004
7.2868929e+002 4.4382518e-004 4.4382518e-004 5.9509249e-004
7.2869828e+002 4.4262993e-004 4.4262993e-004 5.9406997e-004
7.2870727e+002 4.4133519e-004 4.4133519e-004 5.9307235e-004
7.2871626e+002 4.4006808e-004 4.4006808e-004 5.9199786e-004
7.2872525e+002 4.3896619e-004 4.3896619e-004 5.9086549e-004
7.2873424e+002 4.3816713e-004 4.3816713e-004 5.8970798e-004
7.2874323e+002 4.3766814e-004 4.3766814e-004 5.8855844e-004
7.2875222e+002 4.3719317e-004 4.3719317e-004 5.8745063e-004
7.2876121e+002 4.3643637e-004 4.3643637e-004 5.8641790e-004
7.2877020e+002 4.3529831e-004 4.3529831e-004 5.8543044e-004
7.2877920e+002 4.3408455e-004 4.3408455e-004 5.8433454e-004
7.2878819e+002 4.3314610e-004 4.3314610e-004 5.8296310e-004
7.2879718e+002 4.3261101e-004 4.3261101e-004 5.8128498e-004
7.2880617e+002 4.3216631e-004 4.3216631e-004 5.7953802e-004
7.2881516e+002 4.3144886e-004 4.3144886e-004 5.7799066e-004
7.2882415e+002 4.3032178e-004 4.3032178e-004 5.7677531e-004
7.2883314e+002 4.2909956e-004 4.2909956e-004 5.7575304e-004
7.2884213e+002 4.2814860e-004 4.2814860e-004 5.7475317e-004
7.2885112e+002 4.2760926e-004 4.2760926e-004 5.7367163e-004
7.2886011e+002 4.2716719e-004 4.2716719e-004 5.7253822e-004
7.2886911e+002 4.2645513e-004 4.2645513e-004 5.7139867e-004
7.2887810e+002 4.2533063e-004 4.2533063e-004 5.7028101e-004
7.2888709e+002 4.2410735e-004 4.2410735e-004 5.6917727e-004
7.2889608e+002 4.2315262e-004 4.2315262e-004 5.6807518e-004
7.2890507e+002 4.2261060e-004 4.2261060e-004 5.6696721e-004
7.2891406e+002 4.2216908e-004 4.2216908e-004 5.6585554e-004
7.2892305e+002 4.2146148e-004 4.2146148e-004 5.6474352e-004
7.2893204e+002 4.2034169e-004 4.2034169e-004 5.6363313e-004
7.2894103e+002 4.1911833e-004 4.1911833e-004 5.6252361e-004
7.2895002e+002 4.1815478e-004 4.1815478e-004 5.6141383e-004
7.2895902e+002 4.1760005e-004 4.1760005e-004 5.6030337e-004
7.2896801e+002 4.1715724e-004 4.1715724e-004 5.5919315e-004
7.2897700e+002 4.1647509e-004 4.1647509e-004 5.5808430e-004
7.2898599e+002 4.1539808e-004 4.1539808e-004 5.5697659e-004
7.2899498e+002 4.1418113e-004 4.1418113e-004 5.5586702e-004
7.2900397e+002 4.1313009e-004 4.1313009e-004 5.5475225e-004
7.2901296e+002 4.1242036e-004 4.1242036e-004 5.5363357e-004
7.2902195e+002 4.1195154e-004 4.1195154e-004 5.5252207e-004
7.2903094e+002 4.1158815e-004 4.1158815e-004 5.5142998e-004
7.2903994e+002 4.1119515e-004 4.1119515e-004 5.5035243e-004
7.2904893e+002 4.1063847e-004 4.1063847e-004 5.4924818e-004
7.2905792e+002 4.0978484e-004 4.0978484e-004 5.4807162e-004
7.2906691e+002 4.0862795e-004 4.0862795e-004 5.4684047e-004
7.2907590e+002 4.0743450e-004 4.0743450e-004 5.4570850e-004
7.2908489e+002 4.0650559e-004 4.0650559e-004 5.4484649e-004
7.2909388e+002 4.0595781e-004 4.0595781e-004 5.4429734e-004
7.2910287e+002 4.0550767e-004 4.0550767e-004 5.4382679e-004
7.2911186e+002 4.0482023e-004 4.0482023e-004 5.4316495e-004
7.2912085e+002 4.0374407e-004 4.0374407e-004 5.4216914e-004
7.2912984e+002 4.0252906e-004 4.0252906e-004 5.4097484e-004
7.2913884e+002 4.0147749e-004 4.0147749e-004 5.3975400e-004
7.2914783e+002 4.0076605e-004 4.0076605e-004 5.3861535e-004
7.2915682e+002 4.0029443e-004 4.0029443e-004 5.3752828e-004
7.2916581e+002 3.9992539e-004 3.9992539e-004 5.3644365e-004
7.2917480e+002 3.9952570e-004 3.9952570e-004 5.3533327e-004
7.2918379e+002 3.9897105e-004 3.9897105e-004 5.3421554e-004
7.2919278e+002 3.9813883e-004 3.9813883e-004 5.3311502e-004
7.2920177e+002 3.9701439e-004 3.9701439e-004 5.3203544e-004
7.2921076e+002 3.9582523e-004 3.9582523e-004 5.3093370e-004
7.2921975e+002 3.9483124e-004 3.9483124e-004 5.2976063e-004
7.2922875e+002 3.9416914e-004 3.9416914e-004 5.2852930e-004
7.2923774e+002 3.9369706e-004 3.9369706e-004 5.2739349e-004
7.2924673e+002 3.9323520e-004 3.9323520e-004 5.2652579e-004
7.2925572e+002 3.9267899e-004 3.9267899e-004 5.2597471e-004
7.2926471e+002 3.9209544e-004 3.9209544e-004 5.2550570e-004
7.2927370e+002 3.9157509e-004 3.9157509e-004 5.2484551e-004
7.2928269e+002 3.9113288e-004 3.9113288e-004 5.2384698e-004
7.2929168e+002 3.9060997e-004 3.9060997e-004 5.2265298e-004
7.2930067e+002 3.8982367e-004 3.8982367e-004 5.2144673e-004
7.2930967e+002 3.8871611e-004 3.8871611e-004 5.2033627e-004
7.2931866e+002 3.8751902e-004 3.8751902e-004 5.1925526e-004
7.2932765e+002 3.8650459e-004 3.8650459e-004 5.1811300e-004
7.2933664e+002 3.8582495e-004 3.8582495e-004 5.1689259e-004
7.2934563e+002 3.8535125e-004 3.8535125e-004 5.1574983e-004
7.2935462e+002 3.8491475e-004 3.8491475e-004 5.1486474e-004
7.2936361e+002 3.8440149e-004 3.8440149e-004 5.1429798e-004
7.2937260e+002 3.8382667e-004 3.8382667e-004 5.1382857e-004
7.2938159e+002 3.8322414e-004 3.8322414e-004 5.1319531e-004
7.2939058e+002 3.8262767e-004 3.8262767e-004 5.1224127e-004
7.2939957e+002 3.8207086e-004 3.8207086e-004 5.1105763e-004
7.2940857e+002 3.8158709e-004 3.8158709e-004 5.0977168e-004
7.2941756e+002 3.8115605e-004 3.8115605e-004 5.0850921e-004
7.2942655e+002 3.8062856e-004 3.8062856e-004 5.0739241e-004
7.2943554e+002 3.7983685e-004 3.7983685e-004 5.0654265e-004
7.2944453e+002 3.7872891e-004 3.7872891e-004 5.0598441e-004
7.2945352e+002 3.7753287e-004 3.7753287e-004 5.0550777e-004
7.2946251e+002 3.7651805e-004 3.7651805e-004 5.0486832e-004
7.2947150e+002 3.7583780e-004 3.7583780e-004 5.0391701e-004
7.2948049e+002 3.7536248e-004 3.7536248e-004 5.0273761e-004
7.2948948e+002 3.7492024e-004 3.7492024e-004 5.0144875e-004
7.2949848e+002 3.7439686e-004 3.7439686e-004 5.0017449e-004
7.2950747e+002 3.7382007e-004 3.7382007e-004 4.9905233e-004
7.2951646e+002 3.7323894e-004 3.7323894e-004 4.9822145e-004
7.2952545e+002 3.7268351e-004 3.7268351e-004 4.9770542e-004
7.2953444e+002 3.7213641e-004 3.7213641e-004 4.9724062e-004
7.2954343e+002 3.7157310e-004 3.7157310e-004 4.9652012e-004
7.2955242e+002 3.7098799e-004 3.7098799e-004 4.9540623e-004
7.2956141e+002 3.7042299e-004 3.7042299e-004 4.9418524e-004
7.2957040e+002 3.6992717e-004 3.6992717e-004 4.9320827e-004
7.2957939e+002 3.6949311e-004 3.6949311e-004 4.9264486e-004
7.2958839e+002 3.6897074e-004 3.6897074e-004 4.9220595e-004
7.2959738e+002 3.6818807e-004 3.6818807e-004 4.9153161e-004
7.2960637e+002 3.6708522e-004 3.6708522e-004 4.9044209e-004
7.2961536e+002 3.6588792e-004 3.6588792e-004 4.8921672e-004
7.2962435e+002 3.6486647e-004 3.6486647e-004 4.8820646e-004
7.2963334e+002 3.6418009e-004 3.6418009e-004 4.8759696e-004
7.2964233e+002 3.6370257e-004 3.6370257e-004 4.8714899e-004
7.2965132e+002 3.6326257e-004 3.6326257e-004 4.8655623e-004
7.2966031e+002 3.6274302e-004 3.6274302e-004 4.8562287e-004
7.2966931e+002 3.6216736e-004 3.6216736e-004 4.8443940e-004
7.2967830e+002 3.6158151e-004 3.6158151e-004 4.8314209e-004
7.2968729e+002 3.6101696e-004 3.6101696e-004 4.8186584e-004
7.2969628e+002 3.6046747e-004 3.6046747e-004 4.8074191e-004
7.2970527e+002 3.5992075e-004 3.5992075e-004 4.7990077e-004
7.2971426e+002 3.5936833e-004 3.5936833e-004 4.7936958e-004
7.2972325e+002 3.5881186e-004 3.5881186e-004 4.7890300e-004
7.2973224e+002 3.5825464e-004 3.5825464e-004 4.7821154e-004
7.2974123e+002 3.5769895e-004 3.5769895e-004 4.7714710e-004
7.2975022e+002 3.5714435e-004 3.5714435e-004 4.7593757e-004
7.2975921e+002 3.5658994e-004 3.5658994e-004 4.7487253e-004
7.2976821e+002 3.5603513e-004 3.5603513e-004 4.7413972e-004
7.2977720e+002 3.5548003e-004 3.5548003e-004 4.7365381e-004
7.2978619e+002 3.5492488e-004 3.5492488e-004 4.7328411e-004
7.2979518e+002 3.5436983e-004 3.5436983e-004 4.7289860e-004
7.2980417e+002 3.5381486e-004 3.5381486e-004 4.7236161e-004
7.2981316e+002 3.5325990e-004 3.5325990e-004 4.7153701e-004
7.2982215e+002 3.5270492e-004 3.5270492e-004 4.7039429e-004
7.2983114e+002 3.5214992e-004 3.5214992e-004 4.6919126e-004
7.2984013e+002 3.5159491e-004 3.5159491e-004 4.6823421e-004
7.2984912e+002 3.5103991e-004 3.5103991e-004 4.6767377e-004
7.2985812e+002 3.5048491e-004 3.5048491e-004 4.6723175e-004
7.2986711e+002 3.4992992e-004 3.4992992e-004 4.6655701e-004
7.2987610e+002 3.4937492e-004 3.4937492e-004 4.6546560e-004
7.2988509e+002 3.4881992e-004 3.4881992e-004 4.6423788e-004
7.2989408e+002 3.4826493e-004 3.4826493e-004 4.6323403e-004
7.2990307e+002 3.4770993e-004 3.4770993e-004 4.6264824e-004
7.2991206e+002 3.4715493e-004 3.4715493e-004 4.6220980e-004
7.2992105e+002 3.4659993e-004 3.4659993e-004 4.6156730e-004
7.2993004e+002 3.4604494e-004 3.4604494e-004 4.6052176e-004
7.2993903e+002 3.4548994e-004 3.4548994e-004 4.5930499e-004
7.2994803e+002 3.4493494e-004 3.4493494e-004 4.5822427e-004
7.2995702e+002 3.4437994e-004 3.4437994e-004 4.5748433e-004
7.2996601e+002 3.4382495e-004 3.4382495e-004 4.5699746e-004
7.2997500e+002 3.4326995e-004 3.4326995e-004 4.5662418e-004
7.2998399e+002 3.4271495e-004 3.4271495e-004 4.5622974e-004
7.2999298e+002 3.4215996e-004 3.4215996e-004 4.5569301e-004
7.3000197e+002 3.4160496e-004 3.4160496e-004 4.5489537e-004
7.3001096e+002 3.4104996e-004 3.4104996e-004 4.5380039e-004
7.3001995e+002 3.4049496e-004 3.4049496e-004 4.5261005e-004
7.3002894e+002 3.3993997e-004 3.3993997e-004 4.5156927e-004
7.3003794e+002 3.3938497e-004 3.3938497e-004 4.5084054e-004
7.3004693e+002 3.3882997e-004 3.3882997e-004 4.5034502e-004
7.3005592e+002 3.3827498e-004 3.3827498e-004 4.4995993e-004
7.3006491e+002 3.3771997e-004 3.3771997e-004 4.4956243e-004
7.3007390e+002 3.3716498e-004 3.3716498e-004 4.4902937e-004
7.3008289e+002 3.3660998e-004 3.3660998e-004 4.4823765e-004
7.3009188e+002 3.3605500e-004 3.3605500e-004 4.4714567e-004
7.3010087e+002 3.3550001e-004 3.3550001e-004 4.4595459e-004
7.3010986e+002 3.3494499e-004 3.3494499e-004 4.4491058e-004
7.3011885e+002 3.3438995e-004 3.3438995e-004 4.4417893e-004
7.3012785e+002 3.3383493e-004 3.3383493e-004 4.4368199e-004
7.3013684e+002 3.3328001e-004 3.3328001e-004 4.4329665e-004
7.3014583e+002 3.3272518e-004 3.3272518e-004 4.4289982e-004
7.3015482e+002 3.3217025e-004 3.3217025e-004 4.4236848e-004
7.3016381e+002 3.3161496e-004 3.3161496e-004 4.4157967e-004
7.3017280e+002 3.3105934e-004 3.3105934e-004 4.4048989e-004
7.3018179e+002 3.3050412e-004 3.3050412e-004 4.3929869e-004
7.3019078e+002 3.2995018e-004 3.2995018e-004 4.3825192e-004
7.3019977e+002 3.2939752e-004 3.2939752e-004 4.3751681e-004
7.3020876e+002 3.2884337e-004 3.2884337e-004 4.3701802e-004
7.3021776e+002 3.2828443e-004 3.2828443e-004 4.3663356e-004
7.3022675e+002 3.2772072e-004 3.2772072e-004 4.3624035e-004
7.3023574e+002 3.2716253e-004 3.2716253e-004 4.3571185e-004
7.3024473e+002 3.2662217e-004 3.2662217e-004 4.3492092e-004
7.3025372e+002 3.2609969e-004 3.2609969e-004 4.3382210e-004
7.3026271e+002 3.2555672e-004 3.2555672e-004 4.3262663e-004
7.3027170e+002 3.2494737e-004 3.2494737e-004 4.3159597e-004
7.3028069e+002 3.2427104e-004 3.2427104e-004 4.3089945e-004
7.3028968e+002 3.2367068e-004 3.2367068e-004 4.3041451e-004
7.3029868e+002 3.2331758e-004 3.2331758e-004 4.2996088e-004
7.3030767e+002 3.2329172e-004 3.2329172e-004 4.2941429e-004
7.3031666e+002 3.2338124e-004 3.2338124e-004 4.2882937e-004
7.3032565e+002 3.2331607e-004 3.2331607e-004 4.2829645e-004
7.3033464e+002 3.2291653e-004 3.2291653e-004 4.2785017e-004
7.3034363e+002 3.2229446e-004 3.2229446e-004 4.2734562e-004
7.3035262e+002 3.2162034e-004 3.2162034e-004 4.2660174e-004
7.3036161e+002 3.2102131e-004 3.2102131e-004 4.2552816e-004
7.3037060e+002 3.2048336e-004 3.2048336e-004 4.2432964e-004
7.3037959e+002 3.1996380e-004 3.1996380e-004 4.2327082e-004
7.3038858e+002 3.1942861e-004 3.1942861e-004 4.2253491e-004
7.3039758e+002 3.1887218e-004 3.1887218e-004 4.2203760e-004
7.3040657e+002 3.1829471e-004 3.1829471e-004 4.2163976e-004
7.3041556e+002 3.1770475e-004 3.1770475e-004 4.2121460e-004
7.3042455e+002 3.1713843e-004 3.1713843e-004 4.2067626e-004
7.3043354e+002 3.1663761e-004 3.1663761e-004 4.1994733e-004
7.3044253e+002 3.1620257e-004 3.1620257e-004 4.1898156e-004
7.3045152e+002 3.1569469e-004 3.1569469e-004 4.1783671e-004
7.3046051e+002 3.1494635e-004 3.1494635e-004 4.1659229e-004
7.3046950e+002 3.1387395e-004 3.1387395e-004 4.1533747e-004
7.3047849e+002 3.1267720e-004 3.1267720e-004 4.1419406e-004
7.3048749e+002 3.1161546e-004 3.1161546e-004 4.1329070e-004
7.3049648e+002 3.1087187e-004 3.1087187e-004 4.1268708e-004
7.3050547e+002 3.1037019e-004 3.1037019e-004 4.1220817e-004
7.3051446e+002 3.0997910e-004 3.0997910e-004 4.1162909e-004
7.3052345e+002 3.0957267e-004 3.0957267e-004 4.1077470e-004
7.3053244e+002 3.0904365e-004 3.0904365e-004 4.0964079e-004
7.3054143e+002 3.0828883e-004 3.0828883e-004 4.0825977e-004
7.3055042e+002 3.0725832e-004 3.0725832e-004 4.0667611e-004
7.3055941e+002 3.0608718e-004 3.0608718e-004 4.0497599e-004
7.3056840e+002 3.0495046e-004 3.0495046e-004 4.0325465e-004
7.3057740e+002 3.0394661e-004 3.0394661e-004 4.0158083e-004
7.3058639e+002 3.0290637e-004 3.0290637e-004 3.9993066e-004
7.3059538e+002 3.0160202e-004 3.0160202e-004 3.9826012e-004
7.3060437e+002 2.9991787e-004 2.9991787e-004 3.9654872e-004
7.3061336e+002 2.9813347e-004 2.9813347e-004 3.9485912e-004
7.3062235e+002 2.9661540e-004 2.9661540e-004 3.9327234e-004
7.3063134e+002 2.9556825e-004 2.9556825e-004 3.9180189e-004
7.3064033e+002 2.9462004e-004 2.9462004e-004 3.9022122e-004
7.3064932e+002 2.9327059e-004 2.9327059e-004 3.8825042e-004
7.3065831e+002 2.9120996e-004 2.9120996e-004 3.8571705e-004
7.3066731e+002 2.8881124e-004 2.8881124e-004 3.8283472e-004
7.3067630e+002 2.8660072e-004 2.8660072e-004 3.7990364e-004
7.3068529e+002 2.8491669e-004 2.8491669e-004 3.7713536e-004
7.3069428e+002 2.8341604e-004 2.8341604e-004 3.7442020e-004
7.3070327e+002 2.8160144e-004 2.8160144e-004 3.7157576e-004
7.3071226e+002 2.7913082e-004 2.7913082e-004 3.6846383e-004
7.3072125e+002 2.7622979e-004 2.7622979e-004 3.6510762e-004
7.3073024e+002 2.7325361e-004 2.7325361e-004 3.6156727e-004
7.3073923e+002 2.7045999e-004 2.7045999e-004 3.5788156e-004
7.3074822e+002 2.6774664e-004 2.6774664e-004 3.5401053e-004
7.3075722e+002 2.6492831e-004 2.6492831e-004 3.4989610e-004
7.3076621e+002 2.6185583e-004 2.6185583e-004 3.4552140e-004
7.3077520e+002 2.5851446e-004 2.5851446e-004 3.4102299e-004
7.3078419e+002 2.5492070e-004 2.5492070e-004 3.3657311e-004
7.3079318e+002 2.5110928e-004 2.5110928e-004 3.3226705e-004
7.3080217e+002 2.4718337e-004 2.4718337e-004 3.2791100e-004
7.3081116e+002 2.4326220e-004 2.4326220e-004 3.2324333e-004
7.3082015e+002 2.3942221e-004 2.3942221e-004 3.1807227e-004
7.3082914e+002 2.3557762e-004 2.3557762e-004 3.1247092e-004
7.3083813e+002 2.3160429e-004 2.3160429e-004 3.0657509e-004
7.3084713e+002 2.2740110e-004 2.2740110e-004 3.0051222e-004
7.3085612e+002 2.2295516e-004 2.2295516e-004 2.9437759e-004
7.3086511e+002 2.1827466e-004 2.1827466e-004 2.8825883e-004
7.3087410e+002 2.1338216e-004 2.1338216e-004 2.8220822e-004
7.3088309e+002 2.0835571e-004 2.0835571e-004 2.7614158e-004
7.3089208e+002 2.0328673e-004 2.0328673e-004 2.6994186e-004
7.3090107e+002 1.9825020e-004 1.9825020e-004 2.6351397e-004
7.3091006e+002 1.9325708e-004 1.9325708e-004 2.5684846e-004
7.3091905e+002 1.8830274e-004 1.8830274e-004 2.4995671e-004
7.3092805e+002 1.8337097e-004 1.8337097e-004 2.4286028e-004
7.3093704e+002 1.7840002e-004 1.7840002e-004 2.3562092e-004
7.3094603e+002 1.7331696e-004 1.7331696e-004 2.2831020e-004
7.3095502e+002 1.6804887e-004 1.6804887e-004 2.2099969e-004
7.3096401e+002 1.6252282e-004 1.6252282e-004 2.1376098e-004
7.3097300e+002 1.5666588e-004 1.5666588e-004 2.0666563e-004