7.0600000e+002 2.2049809e-003 2.2049809e-003 2.2049809e-003
7.0601132e+002 2.3027075e-003 2.3027075e-003 2.3027076e-003
7.0602264e+002 2.4001743e-003 2.4001743e-003 2.4001743e-003
7.0603397e+002 2.4971879e-003 2.4971879e-003 2.4971879e-003
7.0604529e+002 2.5935553e-003 2.5935553e-003 2.5935552e-003
7.0605661e+002 2.6890832e-003 2.6890832e-003 2.6890832e-003
7.0606793e+002 2.7835785e-003 2.7835785e-003 2.7835785e-003
7.0607925e+002 2.8768262e-003 2.8768262e-003 2.8768263e-003
7.0609058e+002 2.9685224e-003 2.9685224e-003 2.9685225e-003
7.0610190e+002 3.0583405e-003 3.0583405e-003 3.0583405e-003
7.0611322e+002 3.1460107e-003 3.1460107e-003 3.1460103e-003
7.0612454e+002 3.2314954e-003 3.2314954e-003 3.2314948e-003
7.0613586e+002 3.3148168e-003 3.3148168e-003 3.3148168e-003
7.0614719e+002 3.3959724e-003 3.3959724e-003 3.3959738e-003
7.0615851e+002 3.4748572e-003 3.4748572e-003 3.4748594e-003
7.0616983e+002 3.5513398e-003 3.5513398e-003 3.5513399e-003
7.0618115e+002 3.6253016e-003 3.6253016e-003 3.6252962e-003
7.0619247e+002 3.6966783e-003 3.6966783e-003 3.6966702e-003
7.0620380e+002 3.7654199e-003 3.7654199e-003 3.7654196e-003
7.0621512e+002 3.8315075e-003 3.8315075e-003 3.8315275e-003
7.0622644e+002 3.8950534e-003 3.8950534e-003 3.8950837e-003
7.0623776e+002 3.9562049e-003 3.9562049e-003 3.9562061e-003
7.0624908e+002 4.0150883e-003 4.0150883e-003 4.0150138e-003
7.0626041e+002 4.0717427e-003 4.0717427e-003 4.0716297e-003
7.0627173e+002 4.1261834e-003 4.1261834e-003 4.1261782e-003
7.0628305e+002 4.1784485e-003 4.1784485e-003 4.1787546e-003
7.0629437e+002 4.2286721e-003 4.2286721e-003 4.2293313e-003
7.0630569e+002 4.2770143e-003 4.2770143e-003 4.2778475e-003
7.0631702e+002 4.3236233e-003 4.3236233e-003 4.3242984e-003
7.0632834e+002 4.3685957e-003 4.3685957e-003 4.3689217e-003
7.0633966e+002 4.4120144e-003 4.4120144e-003 4.4120212e-003
7.0635098e+002 4.4539591e-003 4.4539591e-003 4.4538472e-003
7.0636230e+002 4.4944961e-003 4.4944961e-003 4.4944175e-003
7.0637363e+002 4.5336883e-003 4.5336883e-003 4.5336863e-003
7.0638495e+002 4.5716221e-003 4.5716221e-003 4.5716520e-003
7.0639627e+002 4.6084886e-003 4.6084886e-003 4.6085097e-003
7.0640759e+002 4.6445081e-003 4.6445081e-003 4.6445087e-003
7.0641891e+002 4.6798647e-003 4.6798647e-003 4.6798568e-003
7.0643024e+002 4.7145830e-003 4.7145830e-003 4.7145774e-003
7.0644156e+002 4.7486428e-003 4.7486428e-003 4.7486426e-003
7.0645288e+002 4.7820611e-003 4.7820611e-003 4.7820629e-003
7.0646420e+002 4.8150205e-003 4.8150205e-003 4.8150214e-003
7.0647552e+002 4.8477502e-003 4.8477502e-003 4.8477502e-003
7.0648685e+002 4.8804228e-003 4.8804228e-003 4.8804236e-003
7.0649817e+002 4.9129527e-003 4.9129527e-003 4.9129545e-003
7.0650949e+002 4.9451817e-003 4.9451817e-003 4.9451818e-003
7.0652081e+002 4.9770060e-003 4.9770060e-003 4.9770009e-003
7.0653213e+002 5.0085738e-003 5.0085738e-003 5.0085658e-003
7.0654346e+002 5.0401051e-003 5.0401051e-003 5.0401043e-003
7.0655478e+002 5.0717907e-003 5.0717907e-003 5.0718101e-003
7.0656610e+002 5.1036865e-003 5.1036865e-003 5.1037168e-003
7.0657742e+002 5.1358092e-003 5.1358092e-003 5.1358121e-003
7.0658874e+002 5.1681587e-003 5.1681587e-003 5.1680864e-003
7.0660007e+002 5.2006553e-003 5.2006553e-003 5.2005420e-003
7.0661139e+002 5.2331964e-003 5.2331964e-003 5.2331847e-003
7.0662271e+002 5.2657232e-003 5.2657232e-003 5.2660181e-003
7.0663403e+002 5.2983843e-003 5.2983843e-003 5.2990343e-003
7.0664535e+002 5.3313892e-003 5.3313892e-003 5.3322219e-003
7.0665668e+002 5.3648930e-003 5.3648930e-003 5.3655767e-003
7.0666800e+002 5.3987909e-003 5.3987909e-003 5.3991281e-003
7.0667932e+002 5.4329014e-003 5.4329014e-003 5.4329153e-003
7.0669064e+002 5.4670885e-003 5.4670885e-003 5.4669774e-003
7.0670196e+002 5.5014343e-003 5.5014343e-003 5.5013535e-003
7.0671329e+002 5.5360864e-003 5.5360864e-003 5.5360825e-003
7.0672461e+002 5.5711667e-003 5.5711667e-003 5.5711964e-003
7.0673593e+002 5.6066734e-003 5.6066734e-003 5.6066950e-003
7.0674725e+002 5.6425670e-003 5.6425670e-003 5.6425681e-003
7.0675857e+002 5.6788151e-003 5.6788151e-003 5.6788072e-003
7.0676990e+002 5.7154174e-003 5.7154174e-003 5.7154115e-003
7.0678122e+002 5.7523833e-003 5.7523833e-003 5.7523829e-003
7.0679254e+002 5.7897212e-003 5.7897212e-003 5.7897234e-003
7.0680386e+002 5.8274341e-003 5.8274341e-003 5.8274357e-003
7.0681518e+002 5.8655228e-003 5.8655228e-003 5.8655229e-003
7.0682651e+002 5.9039864e-003 5.9039864e-003 5.9039859e-003
7.0683783e+002 5.9428144e-003 5.9428144e-003 5.9428140e-003
7.0684915e+002 5.9819930e-003 5.9819930e-003 5.9819930e-003
7.0686047e+002 6.0215176e-003 6.0215176e-003 6.0215177e-003
7.0687179e+002 6.0614276e-003 6.0614276e-003 6.0614277e-003
7.0688312e+002 6.1017767e-003 6.1017767e-003 6.1017767e-003
7.0689444e+002 6.1426092e-003 6.1426092e-003 6.1426091e-003
7.0690576e+002 6.1839239e-003 6.1839239e-003 6.1839238e-003
7.0691708e+002 6.2257050e-003 6.2257050e-003 6.2257050e-003
7.0692840e+002 6.2679403e-003 6.2679403e-003 6.2679403e-003
7.0693973e+002 6.3106336e-003 6.3106336e-003 6.3106336e-003
7.0695105e+002 6.3537942e-003 6.3537942e-003 6.3537942e-003
7.0696237e+002 6.3974275e-003 6.3974275e-003 6.3974275e-003
7.0697369e+002 6.4415186e-003 6.4415186e-003 6.4415186e-003
7.0698501e+002 6.4860460e-003 6.4860460e-003 6.4860460e-003
7.0699634e+002 6.5310009e-003 6.5310009e-003 6.5310009e-003
7.0700766e+002 6.5764385e-003 6.5764385e-003 6.5764385e-003
7.0701898e+002 6.6224353e-003 6.6224353e-003 6.6224353e-003
7.0703030e+002 6.6690455e-003 6.6690455e-003 6.6690455e-003
7.0704162e+002 6.7162077e-003 6.7162077e-003 6.7162077e-003
7.0705295e+002 6.7638225e-003 6.7638225e-003 6.7638225e-003
7.0706427e+002 6.8118201e-003 6.8118201e-003 6.8118201e-003
7.0707559e+002 6.8602854e-003 6.8602854e-003 6.8602854e-003
7.0708691e+002 6.9093546e-003 6.9093546e-003 6.9093546e-003
7.0709823e+002 6.9591376e-003 6.9591376e-003 6.9591376e-003
7.0710956e+002 7.0096049e-003 7.0096049e-003 7.0096049e-003
7.0712088e+002 7.0606803e-003 7.0606803e-003 7.0606803e-003
7.0713220e+002 7.1122951e-003 7.1122951e-003 7.1122951e-003
7.0714352e+002 7.1644197e-003 7.1644197e-003 7.1644197e-003
7.0715484e+002 7.2170379e-003 7.2170379e-003 7.2170379e-003
7.0716617e+002 7.2701523e-003 7.2701523e-003 7.2701523e-003
7.0717749e+002 7.3238691e-003 7.3238691e-003 7.3238691e-003
7.0718881e+002 7.3783296e-003 7.3783296e-003 7.3783296e-003
7.0720013e+002 7.4336368e-003 7.4336368e-003 7.4336368e-003
7.0721145e+002 7.4896830e-003 7.4896830e-003 7.4896830e-003
7.0722278e+002 7.5462890e-003 7.5462890e-003 7.5462890e-003
7.0723410e+002 7.6033211e-003 7.6033211e-003 7.6033211e-003
7.0724542e+002 7.6608990e-003 7.6608990e-003 7.6608990e-003
7.0725674e+002 7.7192297e-003 7.7192297e-003 7.7192297e-003
7.0726806e+002 7.7784850e-003 7.7784850e-003 7.7784850e-003
7.0727939e+002 7.8386386e-003 7.8386386e-003 7.8386386e-003
7.0729071e+002 7.8995953e-003 7.8995953e-003 7.8995953e-003
7.0730203e+002 7.9612698e-003 7.9612698e-003 7.9612698e-003
7.0731335e+002 8.0236316e-003 8.0236316e-003 8.0236316e-003
7.0732467e+002 8.0866699e-003 8.0866699e-003 8.0866699e-003
7.0733600e+002 8.1503909e-003 8.1503909e-003 8.1503909e-003
7.0734732e+002 8.2148989e-003 8.2148989e-003 8.2148989e-003
7.0735864e+002 8.2803327e-003 8.2803327e-003 8.2803327e-003
7.0736996e+002 8.3467956e-003 8.3467956e-003 8.3467956e-003
7.0738128e+002 8.4141855e-003 8.4141855e-003 8.4141855e-003
7.0739261e+002 8.4823266e-003 8.4823266e-003 8.4823266e-003
7.0740393e+002 8.5510851e-003 8.5510851e-003 8.5510851e-003
7.0741525e+002 8.6205681e-003 8.6205681e-003 8.6205681e-003
7.0742657e+002 8.6909700e-003 8.6909700e-003 8.6909700e-003
7.0743789e+002 8.7624583e-003 8.7624583e-003 8.7624583e-003
7.0744922e+002 8.8350423e-003 8.8350423e-003 8.8350423e-003
7.0746054e+002 8.9086741e-003 8.9086741e-003 8.9086741e-003
7.0747186e+002 8.9833108e-003 8.9833108e-003 8.9833108e-003
7.0748318e+002 9.0589391e-003 9.0589391e-003 9.0589391e-003
7.0749450e+002 9.1355566e-003 9.1355566e-003 9.1355566e-003
7.0750583e+002 9.2131674e-003 9.2131674e-003 9.2131674e-003
7.0751715e+002 9.2918147e-003 9.2918147e-003 9.2918147e-003
7.0752847e+002 9.3715558e-003 9.3715558e-003 9.3715558e-003
7.0753979e+002 9.4524374e-003 9.4524374e-003 9.4524374e-003
7.0755111e+002 9.5344410e-003 9.5344410e-003 9.5344410e-003
7.0756244e+002 9.6175239e-003 9.6175239e-003 9.6175239e-003
7.0757376e+002 9.7016599e-003 9.7016599e-003 9.7016599e-003
7.0758508e+002 9.7869245e-003 9.7869245e-003 9.7869245e-003
7.0759640e+002 9.8734314e-003 9.8734314e-003 9.8734314e-003
7.0760772e+002 9.9612776e-003 9.9612776e-003 9.9612776e-003
7.0761905e+002 1.0050459e-002 1.0050459e-002 1.0050459e-002
7.0763037e+002 1.0140933e-002 1.0140933e-002 1.0140933e-002
7.0764169e+002 1.0232668e-002 1.0232668e-002 1.0232668e-002
7.0765301e+002 1.0325695e-002 1.0325695e-002 1.0325695e-002
7.0766433e+002 1.0420072e-002 1.0420072e-002 1.0420072e-002
7.0767566e+002 1.0515849e-002 1.0515849e-002 1.0515849e-002
7.0768698e+002 1.0613040e-002 1.0613040e-002 1.0613040e-002
7.0769830e+002 1.0711646e-002 1.0711646e-002 1.0711646e-002
7.0770962e+002 1.0811679e-002 1.0811679e-002 1.0811679e-002
7.0772094e+002 1.0913236e-002 1.0913236e-002 1.0913236e-002
7.0773227e+002 1.1016444e-002 1.1016444e-002 1.1016444e-002
7.0774359e+002 1.1121404e-002 1.1121404e-002 1.1121404e-002
7.0775491e+002 1.1228041e-002 1.1228041e-002 1.1228041e-002
7.0776623e+002 1.1336214e-002 1.1336214e-002 1.1336214e-002
7.0777755e+002 1.1445818e-002 1.1445818e-002 1.1445818e-002
7.0778888e+002 1.1557012e-002 1.1557012e-002 1.1557012e-002
7.0780020e+002 1.1670053e-002 1.1670053e-002 1.1670053e-002
7.0781152e+002 1.1785160e-002 1.1785160e-002 1.1785160e-002
7.0782284e+002 1.1902284e-002 1.1902284e-002 1.1902284e-002
7.0783416e+002 1.2021269e-002 1.2021269e-002 1.2021269e-002
7.0784549e+002 1.2141992e-002 1.2141992e-002 1.2141992e-002
7.0785681e+002 1.2264546e-002 1.2264546e-002 1.2264546e-002
7.0786813e+002 1.2389112e-002 1.2389112e-002 1.2389112e-002
7.0787945e+002 1.2515852e-002 1.2515852e-002 1.2515852e-002
7.0789077e+002 1.2644803e-002 1.2644803e-002 1.2644803e-002
7.0790210e+002 1.2775952e-002 1.2775952e-002 1.2775952e-002
7.0791342e+002 1.2909292e-002 1.2909292e-002 1.2909292e-002
7.0792474e+002 1.3044863e-002 1.3044863e-002 1.3044863e-002
7.0793606e+002 1.3182721e-002 1.3182721e-002 1.3182721e-002
7.0794738e+002 1.3322935e-002 1.3322935e-002 1.3322935e-002
7.0795871e+002 1.3465630e-002 1.3465630e-002 1.3465630e-002
7.0797003e+002 1.3610956e-002 1.3610956e-002 1.3610956e-002
7.0798135e+002 1.3759041e-002 1.3759041e-002 1.3759041e-002
7.0799267e+002 1.3909845e-002 1.3909845e-002 1.3909845e-002
7.0800399e+002 1.4063264e-002 1.4063264e-002 1.4063264e-002
7.0801532e+002 1.4219226e-002 1.4219226e-002 1.4219226e-002
7.0802664e+002 1.4377904e-002 1.4377904e-002 1.4377904e-002
7.0803796e+002 1.4539572e-002 1.4539572e-002 1.4539572e-002
7.0804928e+002 1.4704474e-002 1.4704474e-002 1.4704473e-002
7.0806060e+002 1.4872632e-002 1.4872632e-002 1.4872631e-002
7.0807193e+002 1.5043976e-002 1.5043976e-002 1.5043976e-002
7.0808325e+002 1.5218458e-002 1.5218458e-002 1.5218460e-002
7.0809457e+002 1.5396201e-002 1.5396201e-002 1.5396204e-002
7.0810589e+002 1.5577398e-002 1.5577398e-002 1.5577399e-002
7.0811721e+002 1.5762228e-002 1.5762228e-002 1.5762223e-002
7.0812854e+002 1.5950769e-002 1.5950769e-002 1.5950761e-002
7.0813986e+002 1.6143057e-002 1.6143057e-002 1.6143054e-002
7.0815118e+002 1.6339142e-002 1.6339142e-002 1.6339159e-002
7.0816250e+002 1.6539195e-002 1.6539195e-002 1.6539226e-002
7.0817382e+002 1.6743436e-002 1.6743436e-002 1.6743446e-002
7.0818515e+002 1.6952067e-002 1.6952067e-002 1.6952006e-002
7.0819647e+002 1.7165153e-002 1.7165153e-002 1.7165039e-002
7.0820779e+002 1.7382698e-002 1.7382698e-002 1.7382659e-002
7.0821911e+002 1.7604734e-002 1.7604734e-002 1.7604977e-002
7.0823043e+002 1.7831488e-002 1.7831488e-002 1.7832094e-002
7.0824176e+002 1.8063278e-002 1.8063278e-002 1.8064103e-002
7.0825308e+002 1.8300392e-002 1.8300392e-002 1.8301114e-002
7.0826440e+002 1.8542939e-002 1.8542939e-002 1.8543329e-002
7.0827572e+002 1.8790943e-002 1.8790943e-002 1.8790993e-002
7.0828704e+002 1.9044454e-002 1.9044454e-002 1.9044349e-002
7.0829837e+002 1.9303712e-002 1.9303712e-002 1.9303621e-002
7.0830969e+002 1.9569040e-002 1.9569040e-002 1.9569026e-002
7.0832101e+002 1.9840749e-002 1.9840749e-002 1.9840777e-002
7.0833233e+002 2.0119041e-002 2.0119041e-002 2.0119066e-002
7.0834365e+002 2.0404072e-002 2.0404072e-002 2.0404076e-002
7.0835498e+002 2.0696011e-002 2.0696011e-002 2.0696003e-002
7.0836630e+002 2.0995153e-002 2.0995153e-002 2.0995146e-002
7.0837762e+002 2.1301850e-002 2.1301850e-002 2.1301849e-002
7.0838894e+002 2.1616449e-002 2.1616449e-002 2.1616452e-002
7.0840026e+002 2.1939253e-002 2.1939253e-002 2.1939257e-002
7.0841159e+002 2.2270546e-002 2.2270546e-002 2.2270547e-002
7.0842291e+002 2.2610616e-002 2.2610616e-002 2.2610611e-002
7.0843423e+002 2.2959802e-002 2.2959802e-002 2.2959793e-002
7.0844555e+002 2.3318467e-002 2.3318467e-002 2.3318464e-002
7.0845687e+002 2.3686982e-002 2.3686982e-002 2.3686998e-002
7.0846820e+002 2.4065795e-002 2.4065795e-002 2.4065826e-002
7.0847952e+002 2.4455392e-002 2.4455392e-002 2.4455403e-002
7.0849084e+002 2.4856253e-002 2.4856253e-002 2.4856194e-002
7.0850216e+002 2.5268855e-002 2.5268855e-002 2.5268742e-002
7.0851348e+002 2.5693668e-002 2.5693668e-002 2.5693625e-002
7.0852481e+002 2.6131186e-002 2.6131186e-002 2.6131420e-002
7.0853613e+002 2.6582090e-002 2.6582090e-002 2.6582687e-002
7.0854745e+002 2.7047154e-002 2.7047154e-002 2.7047978e-002
7.0855877e+002 2.7527129e-002 2.7527129e-002 2.7527858e-002
7.0857009e+002 2.8022598e-002 2.8022598e-002 2.8022998e-002
7.0858142e+002 2.8534061e-002 2.8534061e-002 2.8534118e-002
7.0859274e+002 2.9062065e-002 2.9062065e-002 2.9061961e-002
7.0860406e+002 2.9607531e-002 2.9607531e-002 2.9607439e-002
7.0861538e+002 3.0171558e-002 3.0171558e-002 3.0171542e-002
7.0862670e+002 3.0755227e-002 3.0755227e-002 3.0755254e-002
7.0863803e+002 3.1359440e-002 3.1359440e-002 3.1359465e-002
7.0864935e+002 3.1985015e-002 3.1985015e-002 3.1985019e-002
7.0866067e+002 3.2632807e-002 3.2632807e-002 3.2632800e-002
7.0867199e+002 3.3304009e-002 3.3304009e-002 3.3304002e-002
7.0868331e+002 3.3999977e-002 3.3999977e-002 3.3999976e-002
7.0869464e+002 3.4722055e-002 3.4722055e-002 3.4722057e-002
7.0870596e+002 3.5471446e-002 3.5471446e-002 3.5471448e-002
7.0871728e+002 3.6249285e-002 3.6249285e-002 3.6249285e-002
7.0872860e+002 3.7056746e-002 3.7056746e-002 3.7056746e-002
7.0873992e+002 3.7895334e-002 3.7895334e-002 3.7895334e-002
7.0875125e+002 3.8766721e-002 3.8766721e-002 3.8766721e-002
7.0876257e+002 3.9672573e-002 3.9672573e-002 3.9672574e-002
7.0877389e+002 4.0614508e-002 4.0614508e-002 4.0614508e-002
7.0878521e+002 4.1594116e-002 4.1594116e-002 4.1594116e-002
7.0879653e+002 4.2613000e-002 4.2613000e-002 4.2613000e-002
7.0880786e+002 4.3672859e-002 4.3672859e-002 4.3672859e-002
7.0881918e+002 4.4775438e-002 4.4775438e-002 4.4775438e-002
7.0883050e+002 4.5922484e-002 4.5922484e-002 4.5922484e-002
7.0884182e+002 4.7115755e-002 4.7115755e-002 4.7115755e-002
7.0885314e+002 4.8357013e-002 4.8357013e-002 4.8357013e-002
7.0886447e+002 4.9648032e-002 4.9648032e-002 4.9648032e-002
7.0887579e+002 5.0990675e-002 5.0990675e-002 5.0990675e-002
7.0888711e+002 5.2386854e-002 5.2386854e-002 5.2386854e-002
7.0889843e+002 5.3838450e-002 5.3838450e-002 5.3838450e-002
7.0890975e+002 5.5347085e-002 5.5347085e-002 5.5347086e-002
7.0892108e+002 5.6914247e-002 5.6914247e-002 5.6914247e-002
7.0893240e+002 5.8541412e-002 5.8541412e-002 5.8541411e-002
7.0894372e+002 6.0229995e-002 6.0229995e-002 6.0229994e-002
7.0895504e+002 6.1981374e-002 6.1981374e-002 6.1981373e-002
7.0896636e+002 6.3796897e-002 6.3796897e-002 6.3796900e-002
7.0897769e+002 6.5677648e-002 6.5677648e-002 6.5677655e-002
7.0898901e+002 6.7624569e-002 6.7624569e-002 6.7624572e-002
7.0900033e+002 6.9638564e-002 6.9638564e-002 6.9638552e-002
7.0901165e+002 7.1720209e-002 7.1720209e-002 7.1720185e-002
7.0902297e+002 7.3869903e-002 7.3869903e-002 7.3869893e-002
7.0903430e+002 7.6087999e-002 7.6087999e-002 7.6088042e-002
7.0904562e+002 7.8374414e-002 7.8374414e-002 7.8374503e-002
7.0905694e+002 8.0728833e-002 8.0728833e-002 8.0728873e-002
7.0906826e+002 8.3150896e-002 8.3150896e-002 8.3150723e-002
7.0907958e+002 8.5639846e-002 8.5639846e-002 8.5639357e-002
7.0909091e+002 8.8194713e-002 8.8194713e-002 8.8193936e-002
7.0910223e+002 9.0814477e-002 9.0814477e-002 9.0813561e-002
7.0911355e+002 9.3497682e-002 9.3497682e-002 9.3496767e-002
7.0912487e+002 9.6242635e-002 9.6242635e-002 9.6241784e-002
7.0913619e+002 9.9047606e-002 9.9047606e-002 9.9046805e-002
7.0914752e+002 1.0191056e-001 1.0191056e-001 1.0190977e-001
7.0915884e+002 1.0482928e-001 1.0482928e-001 1.0482846e-001
7.0917016e+002 1.0780153e-001 1.0780153e-001 1.0780065e-001
7.0918148e+002 1.1082474e-001 1.1082474e-001 1.1082382e-001
7.0919280e+002 1.1389616e-001 1.1389616e-001 1.1389528e-001
7.0920413e+002 1.1701302e-001 1.1701302e-001 1.1701236e-001
7.0921545e+002 1.2017266e-001 1.2017266e-001 1.2017232e-001
7.0922677e+002 1.2337243e-001 1.2337243e-001 1.2337237e-001
7.0923809e+002 1.2660966e-001 1.2660966e-001 1.2660974e-001
7.0924941e+002 1.2988167e-001 1.2988167e-001 1.2988174e-001
7.0926074e+002 1.3318574e-001 1.3318574e-001 1.3318576e-001
7.0927206e+002 1.3651922e-001 1.3651922e-001 1.3651920e-001
7.0928338e+002 1.3987997e-001 1.3987997e-001 1.3987995e-001
7.0929470e+002 1.4326618e-001 1.4326618e-001 1.4326618e-001
7.0930602e+002 1.4667607e-001 1.4667607e-001 1.4667609e-001
7.0931735e+002 1.5010830e-001 1.5010830e-001 1.5010833e-001
7.0932867e+002 1.5356177e-001 1.5356177e-001 1.5356178e-001
7.0933999e+002 1.5703547e-001 1.5703547e-001 1.5703543e-001
7.0935131e+002 1.6052920e-001 1.6052920e-001 1.6052911e-001
7.0936263e+002 1.6404323e-001 1.6404323e-001 1.6404319e-001
7.0937396e+002 1.6757795e-001 1.6757795e-001 1.6757811e-001
7.0938528e+002 1.7113474e-001 1.7113474e-001 1.7113522e-001
7.0939660e+002 1.7471563e-001 1.7471563e-001 1.7471640e-001
7.0940792e+002 1.7832271e-001 1.7832271e-001 1.7832364e-001
7.0941924e+002 1.8195894e-001 1.8195894e-001 1.8195988e-001
7.0943057e+002 1.8562780e-001 1.8562780e-001 1.8562866e-001
7.0944189e+002 1.8933286e-001 1.8933286e-001 1.8933361e-001
7.0945321e+002 1.9307878e-001 1.9307878e-001 1.9307947e-001
7.0946453e+002 1.9687086e-001 1.9687086e-001 1.9687163e-001
7.0947585e+002 2.0071451e-001 2.0071451e-001 2.0071557e-001
7.0948718e+002 2.0461616e-001 2.0461616e-001 2.0461759e-001
7.0949850e+002 2.0858282e-001 2.0858282e-001 2.0858449e-001
7.0950982e+002 2.1262161e-001 2.1262161e-001 2.1262315e-001
7.0952114e+002 2.1674022e-001 2.1674022e-001 2.1674138e-001
7.0953246e+002 2.2094671e-001 2.2094671e-001 2.2094758e-001
7.0954379e+002 2.2524925e-001 2.2524925e-001 2.2525015e-001
7.0955511e+002 2.2965674e-001 2.2965674e-001 2.2965798e-001
7.0956643e+002 2.3417859e-001 2.3417859e-001 2.3418019e-001
7.0957775e+002 2.3882422e-001 2.3882422e-001 2.3882595e-001
7.0958907e+002 2.4360309e-001 2.4360309e-001 2.4360477e-001
7.0960040e+002 2.4852470e-001 2.4852470e-001 2.4852634e-001
7.0961172e+002 2.5359857e-001 2.5359857e-001 2.5360037e-001
7.0962304e+002 2.5883428e-001 2.5883428e-001 2.5883639e-001
7.0963436e+002 2.6424144e-001 2.6424144e-001 2.6424387e-001
7.0964568e+002 2.6982964e-001 2.6982964e-001 2.6983222e-001
7.0965701e+002 2.7560777e-001 2.7560777e-001 2.7561035e-001
7.0966833e+002 2.8158433e-001 2.8158433e-001 2.8158685e-001
7.0967965e+002 2.8776775e-001 2.8776775e-001 2.8777024e-001
7.0969097e+002 2.9416557e-001 2.9416557e-001 2.9416807e-001
7.0970229e+002 3.0078479e-001 3.0078479e-001 3.0078729e-001
7.0971362e+002 3.0763224e-001 3.0763224e-001 3.0763471e-001
7.0972494e+002 3.1471315e-001 3.1471315e-001 3.1471557e-001
7.0973626e+002 3.2203172e-001 3.2203172e-001 3.2203417e-001
7.0974758e+002 3.2959194e-001 3.2959194e-001 3.2959460e-001
7.0975890e+002 3.3739606e-001 3.3739606e-001 3.3739903e-001
7.0977023e+002 3.4544516e-001 3.4544516e-001 3.4544842e-001
7.0978155e+002 3.5374008e-001 3.5374008e-001 3.5374349e-001
7.0979287e+002 3.6227908e-001 3.6227908e-001 3.6228248e-001
7.0980419e+002 3.7105871e-001 3.7105871e-001 3.7106206e-001
7.0981551e+002 3.8007529e-001 3.8007529e-001 3.8007862e-001
7.0982684e+002 3.8932249e-001 3.8932249e-001 3.8932584e-001
7.0983816e+002 3.9879225e-001 3.9879225e-001 3.9879559e-001
7.0984948e+002 4.0847619e-001 4.0847619e-001 4.0847948e-001
7.0986080e+002 4.1836266e-001 4.1836266e-001 4.1836589e-001
7.0987212e+002 4.2843787e-001 4.2843787e-001 4.2844114e-001
7.0988345e+002 4.3868772e-001 4.3868772e-001 4.3869124e-001
7.0989477e+002 4.4909514e-001 4.4909514e-001 4.4909903e-001
7.0990609e+002 4.5964110e-001 4.5964110e-001 4.5964524e-001
7.0991741e+002 4.7030625e-001 4.7030625e-001 4.7031035e-001
7.0992873e+002 4.8106794e-001 4.8106794e-001 4.8107174e-001
7.0994006e+002 4.9190132e-001 4.9190132e-001 4.9190476e-001
7.0995138e+002 5.0278130e-001 5.0278130e-001 5.0278450e-001
7.0996270e+002 5.1368019e-001 5.1368019e-001 5.1368334e-001
7.0997402e+002 5.2456858e-001 5.2456858e-001 5.2457184e-001
7.0998534e+002 5.3541683e-001 5.3541683e-001 5.3542033e-001
7.0999667e+002 5.4619306e-001 5.4619306e-001 5.4619685e-001
7.1000799e+002 5.5686384e-001 5.5686384e-001 5.5686792e-001
7.1001931e+002 5.6739563e-001 5.6739563e-001 5.6739991e-001
7.1003063e+002 5.7775367e-001 5.7775367e-001 5.7775802e-001
7.1004195e+002 5.8790238e-001 5.8790238e-001 5.8790663e-001
7.1005328e+002 5.9780611e-001 5.9780611e-001 5.9781007e-001
7.1006460e+002 6.0742874e-001 6.0742874e-001 6.0743234e-001
7.1007592e+002 6.1673382e-001 6.1673382e-001 6.1673717e-001
7.1008724e+002 6.2568495e-001 6.2568495e-001 6.2568836e-001
7.1009856e+002 6.3424683e-001 6.3424683e-001 6.3425055e-001
7.1010989e+002 6.4238489e-001 6.4238489e-001 6.4238896e-001
7.1012121e+002 6.5006472e-001 6.5006472e-001 6.5006898e-001
7.1013253e+002 6.5725379e-001 6.5725379e-001 6.5725805e-001
7.1014385e+002 6.6392091e-001 6.6392091e-001 6.6392510e-001
7.1015517e+002 6.7003517e-001 6.7003517e-001 6.7003931e-001
7.1016650e+002 6.7556896e-001 6.7556896e-001 6.7557311e-001
7.1017782e+002 6.8049703e-001 6.8049703e-001 6.8050120e-001
7.1018914e+002 6.8479449e-001 6.8479449e-001 6.8479865e-001
7.1020046e+002 6.8844058e-001 6.8844058e-001 6.8844472e-001
7.1021178e+002 6.9141753e-001 6.9141753e-001 6.9142168e-001
7.1022311e+002 6.9370797e-001 6.9370797e-001 6.9371219e-001
7.1023443e+002 6.9529952e-001 6.9529952e-001 6.9530381e-001
7.1024575e+002 6.9618335e-001 6.9618335e-001 6.9618759e-001
7.1025707e+002 6.9635107e-001 6.9635107e-001 6.9635505e-001
7.1026839e+002 6.9579953e-001 6.9579953e-001 6.9580313e-001
7.1027972e+002 6.9452936e-001 6.9452936e-001 6.9453270e-001
7.1029104e+002 6.9254162e-001 6.9254162e-001 6.9254507e-001
7.1030236e+002 6.8984288e-001 6.8984288e-001 6.8984668e-001
7.1031368e+002 6.8644362e-001 6.8644362e-001 6.8644774e-001
7.1032500e+002 6.8235479e-001 6.8235479e-001 6.8235889e-001
7.1033633e+002 6.7759212e-001 6.7759212e-001 6.7759591e-001
7.1034765e+002 6.7217489e-001 6.7217489e-001 6.7217832e-001
7.1035897e+002 6.6612275e-001 6.6612275e-001 6.6612602e-001
7.1037029e+002 6.5945956e-001 6.5945956e-001 6.5946287e-001
7.1038161e+002 6.5221225e-001 6.5221225e-001 6.5221560e-001
7.1039294e+002 6.4440806e-001 6.4440806e-001 6.4441128e-001
7.1040426e+002 6.3607729e-001 6.3607729e-001 6.3608020e-001
7.1041558e+002 6.2725253e-001 6.2725253e-001 6.2725513e-001
7.1042690e+002 6.1796657e-001 6.1796657e-001 6.1796899e-001
7.1043822e+002 6.0825416e-001 6.0825416e-001 6.0825655e-001
7.1044955e+002 5.9815152e-001 5.9815152e-001 5.9815398e-001
7.1046087e+002 5.8769497e-001 5.8769497e-001 5.8769751e-001
7.1047219e+002 5.7692153e-001 5.7692153e-001 5.7692411e-001
7.1048351e+002 5.6586875e-001 5.6586875e-001 5.6587130e-001
7.1049483e+002 5.5457417e-001 5.5457417e-001 5.5457656e-001
7.1050616e+002 5.4307473e-001 5.4307473e-001 5.4307686e-001
7.1051748e+002 5.3140694e-001 5.3140694e-001 5.3140874e-001
7.1052880e+002 5.1960719e-001 5.1960719e-001 5.1960865e-001
7.1054012e+002 5.0771053e-001 5.0771053e-001 5.0771167e-001
7.1055144e+002 4.9575091e-001 4.9575091e-001 4.9575182e-001
7.1056277e+002 4.8376215e-001 4.8376215e-001 4.8376292e-001
7.1057409e+002 4.7177587e-001 4.7177587e-001 4.7177662e-001
7.1058541e+002 4.5982199e-001 4.5982199e-001 4.5982279e-001
7.1059673e+002 4.4793026e-001 4.4793026e-001 4.4793114e-001
7.1060805e+002 4.3612777e-001 4.3612777e-001 4.3612870e-001
7.1061938e+002 4.2443959e-001 4.2443959e-001 4.2444049e-001
7.1063070e+002 4.1289057e-001 4.1289057e-001 4.1289126e-001
7.1064202e+002 4.0150273e-001 4.0150273e-001 4.0150311e-001
7.1065334e+002 3.9029592e-001 3.9029592e-001 3.9029601e-001
7.1066466e+002 3.7928976e-001 3.7928976e-001 3.7928969e-001
7.1067599e+002 3.6850129e-001 3.6850129e-001 3.6850122e-001
7.1068731e+002 3.5794551e-001 3.5794551e-001 3.5794549e-001
7.1069863e+002 3.4763722e-001 3.4763722e-001 3.4763723e-001
7.1070995e+002 3.3758865e-001 3.3758865e-001 3.3758865e-001
7.1072127e+002 3.2781002e-001 3.2781002e-001 3.2781001e-001
7.1073260e+002 3.1831136e-001 3.1831136e-001 3.1831139e-001
7.1074392e+002 3.0910075e-001 3.0910075e-001 3.0910083e-001
7.1075524e+002 3.0018472e-001 3.0018472e-001 3.0018478e-001
7.1076656e+002 2.9156966e-001 2.9156966e-001 2.9156952e-001
7.1077788e+002 2.8326024e-001 2.8326024e-001 2.8325977e-001
7.1078921e+002 2.7525971e-001 2.7525971e-001 2.7525895e-001
7.1080053e+002 2.6757125e-001 2.6757125e-001 2.6757039e-001
7.1081185e+002 2.6019688e-001 2.6019688e-001 2.6019608e-001
7.1082317e+002 2.5313773e-001 2.5313773e-001 2.5313695e-001
7.1083449e+002 2.4639484e-001 2.4639484e-001 2.4639386e-001
7.1084582e+002 2.3996826e-001 2.3996826e-001 2.3996690e-001
7.1085714e+002 2.3385725e-001 2.3385725e-001 2.3385561e-001
7.1086846e+002 2.2806101e-001 2.2806101e-001 2.2805943e-001
7.1087978e+002 2.2257836e-001 2.2257836e-001 2.2257712e-001
7.1089110e+002 2.1740778e-001 2.1740778e-001 2.1740689e-001
7.1090243e+002 2.1254774e-001 2.1254774e-001 2.1254688e-001
7.1091375e+002 2.0799624e-001 2.0799624e-001 2.0799510e-001
7.1092507e+002 2.0375091e-001 2.0375091e-001 2.0374938e-001
7.1093639e+002 1.9980935e-001 1.9980935e-001 1.9980755e-001
7.1094771e+002 1.9616895e-001 1.9616895e-001 1.9616709e-001
7.1095904e+002 1.9282692e-001 1.9282692e-001 1.9282516e-001
7.1097036e+002 1.8978044e-001 1.8978044e-001 1.8977893e-001
7.1098168e+002 1.8702671e-001 1.8702671e-001 1.8702551e-001
7.1099300e+002 1.8456288e-001 1.8456288e-001 1.8456196e-001
7.1100432e+002 1.8238610e-001 1.8238610e-001 1.8238533e-001
7.1101565e+002 1.8049312e-001 1.8049312e-001 1.8049236e-001
7.1102697e+002 1.7888038e-001 1.7888038e-001 1.7887957e-001
7.1103829e+002 1.7754428e-001 1.7754428e-001 1.7754343e-001
7.1104961e+002 1.7648107e-001 1.7648107e-001 1.7648022e-001
7.1106093e+002 1.7568690e-001 1.7568690e-001 1.7568606e-001
7.1107226e+002 1.7515786e-001 1.7515786e-001 1.7515703e-001
7.1108358e+002 1.7488951e-001 1.7488951e-001 1.7488867e-001
7.1109490e+002 1.7487692e-001 1.7487692e-001 1.7487608e-001
7.1110622e+002 1.7511513e-001 1.7511513e-001 1.7511430e-001
7.1111754e+002 1.7559856e-001 1.7559856e-001 1.7559775e-001
7.1112887e+002 1.7632115e-001 1.7632115e-001 1.7632033e-001
7.1114019e+002 1.7727673e-001 1.7727673e-001 1.7727587e-001
7.1115151e+002 1.7845832e-001 1.7845832e-001 1.7845741e-001
7.1116283e+002 1.7985819e-001 1.7985819e-001 1.7985729e-001
7.1117415e+002 1.8146850e-001 1.8146850e-001 1.8146779e-001
7.1118548e+002 1.8328056e-001 1.8328056e-001 1.8328016e-001
7.1119680e+002 1.8528484e-001 1.8528484e-001 1.8528474e-001
7.1120812e+002 1.8747174e-001 1.8747174e-001 1.8747181e-001
7.1121944e+002 1.8983059e-001 1.8983059e-001 1.8983067e-001
7.1123076e+002 1.9234979e-001 1.9234979e-001 1.9234982e-001
7.1124209e+002 1.9501765e-001 1.9501765e-001 1.9501763e-001
7.1125341e+002 1.9782145e-001 1.9782145e-001 1.9782143e-001
7.1126473e+002 2.0074755e-001 2.0074755e-001 2.0074754e-001
7.1127605e+002 2.0378221e-001 2.0378221e-001 2.0378221e-001
7.1128737e+002 2.0691094e-001 2.0691094e-001 2.0691094e-001
7.1129870e+002 2.1011853e-001 2.1011853e-001 2.1011853e-001
7.1131002e+002 2.1338971e-001 2.1338971e-001 2.1338971e-001
7.1132134e+002 2.1670855e-001 2.1670855e-001 2.1670855e-001
7.1133266e+002 2.2005847e-001 2.2005847e-001 2.2005847e-001
7.1134398e+002 2.2342290e-001 2.2342290e-001 2.2342290e-001
7.1135531e+002 2.2678511e-001 2.2678511e-001 2.2678511e-001
7.1136663e+002 2.3012827e-001 2.3012827e-001 2.3012827e-001
7.1137795e+002 2.3343555e-001 2.3343555e-001 2.3343555e-001
7.1138927e+002 2.3669039e-001 2.3669039e-001 2.3669039e-001
7.1140059e+002 2.3987646e-001 2.3987646e-001 2.3987646e-001
7.1141192e+002 2.4297751e-001 2.4297751e-001 2.4297751e-001
7.1142324e+002 2.4597786e-001 2.4597786e-001 2.4597786e-001
7.1143456e+002 2.4886245e-001 2.4886245e-001 2.4886244e-001
7.1144588e+002 2.5161628e-001 2.5161628e-001 2.5161628e-001
7.1145720e+002 2.5422572e-001 2.5422572e-001 2.5422573e-001
7.1146853e+002 2.5667844e-001 2.5667844e-001 2.5667844e-001
7.1147985e+002 2.5896220e-001 2.5896220e-001 2.5896219e-001
7.1149117e+002 2.6106617e-001 2.6106617e-001 2.6106615e-001
7.1150249e+002 2.6298085e-001 2.6298085e-001 2.6298083e-001
7.1151381e+002 2.6469689e-001 2.6469689e-001 2.6469692e-001
7.1152514e+002 2.6620686e-001 2.6620686e-001 2.6620694e-001
7.1153646e+002 2.6750516e-001 2.6750516e-001 2.6750523e-001
7.1154778e+002 2.6858638e-001 2.6858638e-001 2.6858627e-001
7.1155910e+002 2.6944681e-001 2.6944681e-001 2.6944639e-001
7.1157042e+002 2.7008444e-001 2.7008444e-001 2.7008371e-001
7.1158175e+002 2.7049741e-001 2.7049741e-001 2.7049651e-001
7.1159307e+002 2.7068578e-001 2.7068578e-001 2.7068487e-001
7.1160439e+002 2.7065151e-001 2.7065151e-001 2.7065065e-001
7.1161571e+002 2.7039667e-001 2.7039667e-001 2.7039585e-001
7.1162703e+002 2.6992475e-001 2.6992475e-001 2.6992392e-001
7.1163836e+002 2.6924061e-001 2.6924061e-001 2.6923977e-001
7.1164968e+002 2.6834923e-001 2.6834923e-001 2.6834842e-001
7.1166100e+002 2.6725690e-001 2.6725690e-001 2.6725614e-001
7.1167232e+002 2.6597121e-001 2.6597121e-001 2.6597044e-001
7.1168364e+002 2.6449984e-001 2.6449984e-001 2.6449890e-001
7.1169497e+002 2.6285119e-001 2.6285119e-001 2.6284995e-001
7.1170629e+002 2.6103440e-001 2.6103440e-001 2.6103285e-001
7.1171761e+002 2.5905864e-001 2.5905864e-001 2.5905690e-001
7.1172893e+002 2.5693339e-001 2.5693339e-001 2.5693162e-001
7.1174025e+002 2.5466843e-001 2.5466843e-001 2.5466672e-001
7.1175158e+002 2.5227356e-001 2.5227356e-001 2.5227194e-001
7.1176290e+002 2.4975868e-001 2.4975868e-001 2.4975712e-001
7.1177422e+002 2.4713377e-001 2.4713377e-001 2.4713218e-001
7.1178554e+002 2.4440882e-001 2.4440882e-001 2.4440704e-001
7.1179686e+002 2.4159330e-001 2.4159330e-001 2.4159121e-001
7.1180819e+002 2.3869615e-001 2.3869615e-001 2.3869376e-001
7.1181951e+002 2.3572628e-001 2.3572628e-001 2.3572372e-001
7.1183083e+002 2.3269208e-001 2.3269208e-001 2.3268950e-001
7.1184215e+002 2.2960142e-001 2.2960142e-001 2.2959890e-001
7.1185347e+002 2.2646215e-001 2.2646215e-001 2.2645966e-001
7.1186480e+002 2.2328138e-001 2.2328138e-001 2.2327888e-001
7.1187612e+002 2.2006554e-001 2.2006554e-001 2.2006302e-001
7.1188744e+002 2.1682095e-001 2.1682095e-001 2.1681848e-001
7.1189876e+002 2.1355328e-001 2.1355328e-001 2.1355088e-001
7.1191008e+002 2.1026741e-001 2.1026741e-001 2.1026499e-001
7.1192141e+002 2.0696819e-001 2.0696819e-001 2.0696556e-001
7.1193273e+002 2.0365973e-001 2.0365973e-001 2.0365674e-001
7.1194405e+002 2.0034542e-001 2.0034542e-001 2.0034214e-001
7.1195537e+002 1.9702857e-001 1.9702857e-001 1.9702528e-001
7.1196669e+002 1.9371211e-001 1.9371211e-001 1.9370909e-001
7.1197802e+002 1.9039852e-001 1.9039852e-001 1.9039587e-001
7.1198934e+002 1.8709027e-001 1.8709027e-001 1.8708785e-001
7.1200066e+002 1.8378938e-001 1.8378938e-001 1.8378700e-001
7.1201198e+002 1.8049741e-001 1.8049741e-001 1.8049496e-001
7.1202330e+002 1.7721589e-001 1.7721589e-001 1.7721336e-001
7.1203463e+002 1.7394617e-001 1.7394617e-001 1.7394361e-001
7.1204595e+002 1.7068946e-001 1.7068946e-001 1.7068692e-001
7.1205727e+002 1.6744692e-001 1.6744692e-001 1.6744446e-001
7.1206859e+002 1.6421972e-001 1.6421972e-001 1.6421733e-001
7.1207991e+002 1.6100898e-001 1.6100898e-001 1.6100657e-001
7.1209124e+002 1.5781583e-001 1.5781583e-001 1.5781320e-001
7.1210256e+002 1.5464140e-001 1.5464140e-001 1.5463841e-001
7.1211388e+002 1.5148685e-001 1.5148685e-001 1.5148356e-001
7.1212520e+002 1.4835333e-001 1.4835333e-001 1.4835004e-001
7.1213652e+002 1.4524214e-001 1.4524214e-001 1.4523915e-001
7.1214785e+002 1.4215474e-001 1.4215474e-001 1.4215212e-001
7.1215917e+002 1.3909262e-001 1.3909262e-001 1.3909016e-001
7.1217049e+002 1.3605731e-001 1.3605731e-001 1.3605481e-001
7.1218181e+002 1.3305046e-001 1.3305046e-001 1.3304791e-001
7.1219313e+002 1.3007371e-001 1.3007371e-001 1.3007132e-001
7.1220446e+002 1.2712884e-001 1.2712884e-001 1.2712682e-001
7.1221578e+002 1.2421778e-001 1.2421778e-001 1.2421606e-001
7.1222710e+002 1.2134246e-001 1.2134246e-001 1.2134074e-001
7.1223842e+002 1.1850471e-001 1.1850471e-001 1.1850266e-001
7.1224974e+002 1.1570621e-001 1.1570621e-001 1.1570380e-001
7.1226107e+002 1.1294865e-001 1.1294865e-001 1.1294617e-001
7.1227239e+002 1.1023378e-001 1.1023378e-001 1.1023156e-001
7.1228371e+002 1.0756347e-001 1.0756347e-001 1.0756164e-001
7.1229503e+002 1.0493960e-001 1.0493960e-001 1.0493801e-001
7.1230635e+002 1.0236379e-001 1.0236379e-001 1.0236224e-001
7.1231768e+002 9.9837416e-002 9.9837416e-002 9.9835793e-002
7.1232900e+002 9.7361836e-002 9.7361836e-002 9.7360148e-002
7.1234032e+002 9.4938244e-002 9.4938244e-002 9.4936547e-002
7.1235164e+002 9.2567657e-002 9.2567657e-002 9.2565978e-002
7.1236296e+002 9.0251073e-002 9.0251073e-002 9.0249412e-002
7.1237429e+002 8.7989281e-002 8.7989281e-002 8.7987623e-002
7.1238561e+002 8.5782821e-002 8.5782821e-002 8.5781157e-002
7.1239693e+002 8.3632211e-002 8.3632211e-002 8.3630543e-002
7.1240825e+002 8.1537754e-002 8.1537754e-002 8.1536085e-002
7.1241957e+002 7.9499493e-002 7.9499493e-002 7.9497826e-002
7.1243090e+002 7.7517457e-002 7.7517457e-002 7.7515791e-002
7.1244222e+002 7.5591536e-002 7.5591536e-002 7.5589870e-002
7.1245354e+002 7.3721463e-002 7.3721463e-002 7.3719796e-002
7.1246486e+002 7.1906952e-002 7.1906952e-002 7.1905286e-002
7.1247618e+002 7.0147510e-002 7.0147510e-002 7.0145843e-002
7.1248751e+002 6.8442383e-002 6.8442383e-002 6.8440716e-002
7.1249883e+002 6.6790803e-002 6.6790803e-002 6.6789137e-002
7.1251015e+002 6.5191944e-002 6.5191944e-002 6.5190278e-002
7.1252147e+002 6.3644907e-002 6.3644907e-002 6.3643241e-002
7.1253279e+002 6.2148788e-002 6.2148788e-002 6.2147121e-002
7.1254412e+002 6.0702650e-002 6.0702650e-002 6.0700984e-002
7.1255544e+002 5.9305523e-002 5.9305523e-002 5.9303856e-002
7.1256676e+002 5.7956428e-002 5.7956428e-002 5.7954761e-002
7.1257808e+002 5.6654334e-002 5.6654334e-002 5.6652668e-002
7.1258940e+002 5.5398141e-002 5.5398141e-002 5.5396474e-002
7.1260073e+002 5.4186744e-002 5.4186744e-002 5.4185077e-002
7.1261205e+002 5.3019055e-002 5.3019055e-002 5.3017388e-002
7.1262337e+002 5.1894004e-002 5.1894004e-002 5.1892336e-002
7.1263469e+002 5.0810522e-002 5.0810522e-002 5.0808856e-002
7.1264601e+002 4.9767616e-002 4.9767616e-002 4.9765951e-002
7.1265734e+002 4.8764385e-002 4.8764385e-002 4.8762720e-002
7.1266866e+002 4.7799932e-002 4.7799932e-002 4.7798263e-002
7.1267998e+002 4.6873284e-002 4.6873284e-002 4.6871610e-002
7.1269130e+002 4.5983376e-002 4.5983376e-002 4.5981702e-002
7.1270262e+002 4.5129136e-002 4.5129136e-002 4.5127478e-002
7.1271395e+002 4.4309646e-002 4.4309646e-002 4.4308008e-002
7.1272527e+002 4.3524170e-002 4.3524170e-002 4.3522530e-002
7.1273659e+002 4.2771984e-002 4.2771984e-002 4.2770287e-002
7.1274791e+002 4.2052237e-002 4.2052237e-002 4.2050460e-002
7.1275923e+002 4.1363911e-002 4.1363911e-002 4.1362146e-002
7.1277056e+002 4.0705985e-002 4.0705985e-002 4.0704435e-002
7.1278188e+002 4.0077566e-002 4.0077566e-002 4.0076392e-002
7.1279320e+002 3.9477931e-002 3.9477931e-002 3.9477058e-002
7.1280452e+002 3.8906362e-002 3.8906362e-002 3.8905469e-002
7.1281584e+002 3.8361980e-002 3.8361980e-002 3.8360743e-002
7.1282717e+002 3.7843689e-002 3.7843689e-002 3.7842099e-002
7.1283849e+002 3.7350383e-002 3.7350383e-002 3.7348760e-002
7.1284981e+002 3.6881102e-002 3.6881102e-002 3.6879809e-002
7.1286113e+002 3.6435074e-002 3.6435074e-002 3.6434149e-002
7.1287245e+002 3.6011535e-002 3.6011535e-002 3.6010669e-002
7.1288378e+002 3.5609537e-002 3.5609537e-002 3.5608359e-002
7.1289510e+002 3.5227887e-002 3.5227887e-002 3.5226335e-002
7.1290642e+002 3.4865380e-002 3.4865380e-002 3.4863722e-002
7.1291774e+002 3.4520949e-002 3.4520949e-002 3.4519544e-002
7.1292906e+002 3.4193716e-002 3.4193716e-002 3.4192694e-002
7.1294039e+002 3.3882814e-002 3.3882814e-002 3.3882054e-002
7.1295171e+002 3.3587299e-002 3.3587299e-002 3.3586584e-002
7.1296303e+002 3.3306128e-002 3.3306128e-002 3.3305344e-002
7.1297435e+002 3.3038251e-002 3.3038251e-002 3.3037398e-002
7.1298567e+002 3.2782627e-002 3.2782627e-002 3.2781762e-002
7.1299700e+002 3.2538232e-002 3.2538232e-002 3.2537386e-002
7.1300832e+002 3.2304044e-002 3.2304044e-002 3.2303216e-002
7.1301964e+002 3.2079147e-002 3.2079147e-002 3.2078323e-002
7.1303096e+002 3.1862770e-002 3.1862770e-002 3.1861941e-002
7.1304228e+002 3.1654153e-002 3.1654153e-002 3.1653318e-002
7.1305361e+002 3.1452545e-002 3.1452545e-002 3.1451708e-002
7.1306493e+002 3.1257214e-002 3.1257214e-002 3.1256377e-002
7.1307625e+002 3.1067426e-002 3.1067426e-002 3.1066595e-002
7.1308757e+002 3.0882523e-002 3.0882523e-002 3.0881698e-002
7.1309889e+002 3.0701944e-002 3.0701944e-002 3.0701118e-002
7.1311022e+002 3.0525136e-002 3.0525136e-002 3.0524296e-002
7.1312154e+002 3.0351618e-002 3.0351618e-002 3.0350758e-002
7.1313286e+002 3.0181007e-002 3.0181007e-002 3.0180148e-002
7.1314418e+002 3.0012930e-002 3.0012930e-002 3.0012123e-002
7.1315550e+002 2.9847175e-002 2.9847175e-002 2.9846441e-002
7.1316683e+002 2.9683747e-002 2.9683747e-002 2.9683008e-002
7.1317815e+002 2.9522672e-002 2.9522672e-002 2.9521741e-002
7.1318947e+002 2.9363926e-002 2.9363926e-002 2.9362641e-002
7.1320079e+002 2.9207423e-002 2.9207423e-002 2.9205829e-002
7.1321211e+002 2.9053075e-002 2.9053075e-002 2.9051434e-002
7.1322344e+002 2.8900964e-002 2.8900964e-002 2.8899581e-002
7.1323476e+002 2.8751411e-002 2.8751411e-002 2.8750392e-002
7.1324608e+002 2.8604761e-002 2.8604761e-002 2.8603992e-002
7.1325740e+002 2.8461371e-002 2.8461371e-002 2.8460649e-002
7.1326872e+002 2.8321626e-002 2.8321626e-002 2.8320840e-002
7.1328005e+002 2.8185911e-002 2.8185911e-002 2.8185060e-002
7.1329137e+002 2.8054664e-002 2.8054664e-002 2.8053800e-002
7.1330269e+002 2.7928396e-002 2.7928396e-002 2.7927549e-002
7.1331401e+002 2.7807624e-002 2.7807624e-002 2.7806796e-002
7.1332533e+002 2.7692859e-002 2.7692859e-002 2.7692035e-002
7.1333666e+002 2.7584601e-002 2.7584601e-002 2.7583773e-002
7.1334798e+002 2.7483351e-002 2.7483351e-002 2.7482514e-002
7.1335930e+002 2.7389656e-002 2.7389656e-002 2.7388813e-002
7.1337062e+002 2.7304134e-002 2.7304134e-002 2.7303292e-002
7.1338194e+002 2.7227406e-002 2.7227406e-002 2.7226579e-002
7.1339327e+002 2.7160053e-002 2.7160053e-002 2.7159249e-002
7.1340459e+002 2.7102600e-002 2.7102600e-002 2.7101795e-002
7.1341591e+002 2.7055565e-002 2.7055565e-002 2.7054706e-002
7.1342723e+002 2.7019435e-002 2.7019435e-002 2.7018497e-002
7.1343855e+002 2.6994659e-002 2.6994659e-002 2.6993723e-002
7.1344988e+002 2.6981678e-002 2.6981678e-002 2.6980940e-002
7.1346120e+002 2.6980949e-002 2.6980949e-002 2.6980581e-002
7.1347252e+002 2.6992952e-002 2.6992952e-002 2.6992896e-002
7.1348384e+002 2.7018164e-002 2.7018164e-002 2.7018122e-002
7.1349516e+002 2.7056968e-002 2.7056968e-002 2.7056609e-002
7.1350649e+002 2.7109596e-002 2.7109596e-002 2.7108875e-002
7.1351781e+002 2.7176272e-002 2.7176272e-002 2.7175452e-002
7.1352913e+002 2.7257244e-002 2.7257244e-002 2.7256684e-002
7.1354045e+002 2.7352804e-002 2.7352804e-002 2.7352621e-002
7.1355177e+002 2.7463248e-002 2.7463248e-002 2.7463293e-002
7.1356310e+002 2.7588787e-002 2.7588787e-002 2.7588822e-002
7.1357442e+002 2.7729504e-002 2.7729504e-002 2.7729474e-002
7.1358574e+002 2.7885471e-002 2.7885471e-002 2.7885527e-002
7.1359706e+002 2.8056791e-002 2.8056791e-002 2.8057142e-002
7.1360838e+002 2.8243615e-002 2.8243615e-002 2.8244299e-002
7.1361971e+002 2.8446098e-002 2.8446098e-002 2.8446964e-002
7.1363103e+002 2.8664285e-002 2.8664285e-002 2.8665133e-002
7.1364235e+002 2.8898050e-002 2.8898050e-002 2.8898845e-002
7.1365367e+002 2.9147255e-002 2.9147255e-002 2.9148146e-002
7.1366499e+002 2.9411823e-002 2.9411823e-002 2.9413009e-002
7.1367632e+002 2.9691784e-002 2.9691784e-002 2.9693300e-002
7.1368764e+002 2.9987173e-002 2.9987173e-002 2.9988873e-002
7.1369896e+002 3.0297944e-002 3.0297944e-002 3.0299630e-002
7.1371028e+002 3.0623913e-002 3.0623913e-002 3.0625547e-002
7.1372160e+002 3.0964888e-002 3.0964888e-002 3.0966606e-002
7.1373293e+002 3.1320746e-002 3.1320746e-002 3.1322738e-002
7.1374425e+002 3.1691477e-002 3.1691477e-002 3.1693798e-002
7.1375557e+002 3.2077082e-002 3.2077082e-002 3.2079636e-002
7.1376689e+002 3.2477496e-002 3.2477496e-002 3.2480113e-002
7.1377821e+002 3.2892550e-002 3.2892550e-002 3.2895116e-002
7.1378954e+002 3.3322064e-002 3.3322064e-002 3.3324533e-002
7.1380086e+002 3.3765916e-002 3.3765916e-002 3.3768309e-002
7.1381218e+002 3.4224077e-002 3.4224077e-002 3.4226482e-002
7.1382350e+002 3.4696525e-002 3.4696525e-002 3.4699096e-002
7.1383482e+002 3.5183276e-002 3.5183276e-002 3.5186157e-002
7.1384615e+002 3.5684404e-002 3.5684404e-002 3.5687598e-002
7.1385747e+002 3.6199988e-002 3.6199988e-002 3.6203349e-002
7.1386879e+002 3.6730106e-002 3.6730106e-002 3.6733450e-002
7.1388011e+002 3.7274829e-002 3.7274829e-002 3.7278125e-002
7.1389143e+002 3.7834231e-002 3.7834231e-002 3.7837615e-002
7.1390276e+002 3.8408490e-002 3.8408490e-002 3.8412150e-002
7.1391408e+002 3.8997961e-002 3.8997961e-002 3.9001950e-002
7.1392540e+002 3.9603016e-002 3.9603016e-002 3.9607231e-002
7.1393672e+002 4.0224062e-002 4.0224062e-002 4.0228331e-002
7.1394804e+002 4.0861566e-002 4.0861566e-002 4.0865784e-002
7.1395937e+002 4.1516000e-002 4.1516000e-002 4.1520148e-002
7.1397069e+002 4.2187848e-002 4.2187848e-002 4.2191964e-002
7.1398201e+002 4.2877619e-002 4.2877619e-002 4.2881747e-002
7.1399333e+002 4.3585823e-002 4.3585823e-002 4.3590013e-002
7.1400465e+002 4.4313074e-002 4.4313074e-002 4.4317343e-002
7.1401598e+002 4.5060170e-002 4.5060170e-002 4.5064440e-002
7.1402730e+002 4.5827924e-002 4.5827924e-002 4.5832015e-002
7.1403862e+002 4.6617034e-002 4.6617034e-002 4.6620776e-002
7.1404994e+002 4.7428000e-002 4.7428000e-002 4.7431422e-002
7.1406126e+002 4.8261302e-002 4.8261302e-002 4.8264651e-002
7.1407259e+002 4.9117523e-002 4.9117523e-002 4.9121113e-002
7.1408391e+002 4.9997418e-002 4.9997418e-002 5.0001371e-002
7.1409523e+002 5.0901759e-002 5.0901759e-002 5.0905980e-002
7.1410655e+002 5.1831094e-002 5.1831094e-002 5.1835379e-002
7.1411787e+002 5.2785581e-002 5.2785581e-002 5.2789808e-002
7.1412920e+002 5.3765337e-002 5.3765337e-002 5.3769485e-002
7.1414052e+002 5.4770392e-002 5.4770392e-002 5.4774507e-002
7.1415184e+002 5.5800627e-002 5.5800627e-002 5.5804756e-002
7.1416316e+002 5.6855904e-002 5.6855904e-002 5.6860091e-002
7.1417448e+002 5.7935840e-002 5.7935840e-002 5.7940096e-002
7.1418581e+002 5.9039612e-002 5.9039612e-002 5.9043870e-002
7.1419713e+002 6.0166350e-002 6.0166350e-002 6.0170454e-002
7.1420845e+002 6.1314889e-002 6.1314889e-002 6.1318685e-002
7.1421977e+002 6.2483539e-002 6.2483539e-002 6.2487017e-002
7.1423109e+002 6.3670552e-002 6.3670552e-002 6.3673863e-002
7.1424242e+002 6.4873933e-002 6.4873933e-002 6.4877272e-002
7.1425374e+002 6.6091246e-002 6.6091246e-002 6.6094636e-002
7.1426506e+002 6.7320000e-002 6.7320000e-002 6.7323275e-002
7.1427638e+002 6.8557328e-002 6.8557328e-002 6.8560273e-002
7.1428770e+002 6.9799670e-002 6.9799670e-002 6.9802279e-002
7.1429903e+002 7.1043386e-002 7.1043386e-002 7.1045895e-002
7.1431035e+002 7.2284656e-002 7.2284656e-002 7.2287387e-002
7.1432167e+002 7.3519311e-002 7.3519311e-002 7.3522409e-002
7.1433299e+002 7.4743148e-002 7.4743148e-002 7.4746542e-002
7.1434431e+002 7.5951692e-002 7.5951692e-002 7.5955188e-002
7.1435564e+002 7.7139967e-002 7.7139967e-002 7.7143408e-002
7.1436696e+002 7.8302941e-002 7.8302941e-002 7.8306227e-002
7.1437828e+002 7.9435523e-002 7.9435523e-002 7.9438587e-002
7.1438960e+002 8.0532513e-002 8.0532513e-002 8.0535283e-002
7.1440092e+002 8.1588699e-002 8.1588699e-002 8.1591094e-002
7.1441225e+002 8.2598833e-002 8.2598833e-002 8.2600819e-002
7.1442357e+002 8.3557601e-002 8.3557601e-002 8.3559301e-002
7.1443489e+002 8.4459684e-002 8.4459684e-002 8.4461387e-002
7.1444621e+002 8.5300020e-002 8.5300020e-002 8.5302034e-002
7.1445753e+002 8.6074031e-002 8.6074031e-002 8.6076404e-002
7.1446886e+002 8.6777195e-002 8.6777195e-002 8.6779688e-002
7.1448018e+002 8.7405186e-002 8.7405186e-002 8.7407441e-002
7.1449150e+002 8.7954044e-002 8.7954044e-002 8.7955925e-002
7.1450282e+002 8.8419857e-002 8.8419857e-002 8.8421486e-002
7.1451414e+002 8.8799209e-002 8.8799209e-002 8.8800824e-002
7.1452547e+002 8.9089653e-002 8.9089653e-002 8.9091332e-002
7.1453679e+002 8.9288853e-002 8.9288853e-002 8.9290489e-002
7.1454811e+002 8.9394911e-002 8.9394911e-002 8.9396306e-002
7.1455943e+002 8.9406775e-002 8.9406775e-002 8.9407838e-002
7.1457075e+002 8.9323497e-002 8.9323497e-002 8.9324270e-002
7.1458208e+002 8.9144672e-002 8.9144672e-002 8.9145297e-002
7.1459340e+002 8.8870963e-002 8.8870963e-002 8.8871623e-002
7.1460472e+002 8.8503163e-002 8.8503163e-002 8.8504080e-002
7.1461604e+002 8.8042624e-002 8.8042624e-002 8.8043955e-002
7.1462736e+002 8.7491808e-002 8.7491808e-002 8.7493461e-002
7.1463869e+002 8.6853310e-002 8.6853310e-002 8.6854920e-002
7.1465001e+002 8.6130095e-002 8.6130095e-002 8.6131206e-002
7.1466133e+002 8.5325864e-002 8.5325864e-002 8.5326300e-002
7.1467265e+002 8.4444409e-002 8.4444409e-002 8.4444314e-002
7.1468397e+002 8.3489936e-002 8.3489936e-002 8.3489649e-002
7.1469530e+002 8.2467482e-002 8.2467482e-002 8.2467283e-002
7.1470662e+002 8.1382191e-002 8.1382191e-002 8.1382266e-002
7.1471794e+002 8.0239443e-002 8.0239443e-002 8.0239873e-002
7.1472926e+002 7.9045105e-002 7.9045105e-002 7.9045835e-002
7.1474058e+002 7.7805108e-002 7.7805108e-002 7.7805941e-002
7.1475191e+002 7.6525470e-002 7.6525470e-002 7.6526142e-002
7.1476323e+002 7.5212394e-002 7.5212394e-002 7.5212722e-002
7.1477455e+002 7.3872103e-002 7.3872103e-002 7.3872005e-002
7.1478587e+002 7.2510729e-002 7.2510729e-002 7.2510226e-002
7.1479719e+002 7.1134208e-002 7.1134208e-002 7.1133429e-002
7.1480852e+002 6.9748451e-002 6.9748451e-002 6.9747636e-002
7.1481984e+002 6.8359324e-002 6.8359324e-002 6.8358738e-002
7.1483116e+002 6.6972603e-002 6.6972603e-002 6.6972362e-002
7.1484248e+002 6.5594046e-002 6.5594046e-002 6.5594097e-002
7.1485380e+002 6.4229086e-002 6.4229086e-002 6.4229258e-002
7.1486513e+002 6.2882449e-002 6.2882449e-002 6.2882581e-002
7.1487645e+002 6.1558776e-002 6.1558776e-002 6.1558726e-002
7.1488777e+002 6.0262441e-002 6.0262441e-002 6.0262108e-002
7.1489909e+002 5.8997256e-002 5.8997256e-002 5.8996620e-002
7.1491041e+002 5.7766960e-002 5.7766960e-002 5.7766086e-002
7.1492174e+002 5.6574947e-002 5.6574947e-002 5.6573960e-002
7.1493306e+002 5.5423866e-002 5.5423866e-002 5.5422906e-002
7.1494438e+002 5.4316267e-002 5.4316267e-002 5.4315483e-002
7.1495570e+002 5.3254360e-002 5.3254360e-002 5.3253870e-002
7.1496702e+002 5.2239614e-002 5.2239614e-002 5.2239434e-002
7.1497835e+002 5.1273400e-002 5.1273400e-002 5.1273430e-002
7.1498967e+002 5.0356769e-002 5.0356769e-002 5.0356853e-002
7.1500099e+002 4.9490083e-002 4.9490083e-002 4.9490127e-002
7.1501231e+002 4.8673608e-002 4.8673608e-002 4.8673600e-002
7.1502363e+002 4.7907310e-002 4.7907310e-002 4.7907288e-002
7.1503496e+002 4.7190496e-002 4.7190496e-002 4.7190483e-002
7.1504628e+002 4.6522377e-002 4.6522377e-002 4.6522380e-002
7.1505760e+002 4.5901897e-002 4.5901897e-002 4.5901905e-002
7.1506892e+002 4.5327390e-002 4.5327390e-002 4.5327395e-002
7.1508024e+002 4.4797106e-002 4.4797106e-002 4.4797105e-002
7.1509157e+002 4.4309173e-002 4.4309173e-002 4.4309166e-002
7.1510289e+002 4.3861433e-002 4.3861433e-002 4.3861426e-002
7.1511421e+002 4.3451690e-002 4.3451690e-002 4.3451693e-002
7.1512553e+002 4.3077537e-002 4.3077537e-002 4.3077556e-002
7.1513685e+002 4.2736091e-002 4.2736091e-002 4.2736113e-002
7.1514818e+002 4.2424399e-002 4.2424399e-002 4.2424389e-002
7.1515950e+002 4.2139501e-002 4.2139501e-002 4.2139432e-002
7.1517082e+002 4.1878411e-002 4.1878411e-002 4.1878329e-002
7.1518214e+002 4.1638140e-002 4.1638140e-002 4.1638176e-002
7.1519346e+002 4.1415644e-002 4.1415644e-002 4.1415954e-002
7.1520479e+002 4.1207754e-002 4.1207754e-002 4.1208383e-002
7.1521611e+002 4.1011284e-002 4.1011284e-002 4.1012149e-002
7.1522743e+002 4.0823122e-002 4.0823122e-002 4.0824064e-002
7.1523875e+002 4.0640332e-002 4.0640332e-002 4.0641237e-002
7.1525007e+002 4.0460001e-002 4.0460001e-002 4.0460817e-002
7.1526140e+002 4.0279274e-002 4.0279274e-002 4.0280013e-002
7.1527272e+002 4.0095428e-002 4.0095428e-002 4.0096165e-002
7.1528404e+002 3.9905763e-002 3.9905763e-002 3.9906633e-002
7.1529536e+002 3.9707773e-002 3.9707773e-002 3.9708924e-002
7.1530668e+002 3.9499421e-002 3.9499421e-002 3.9500890e-002
7.1531801e+002 3.9278741e-002 3.9278741e-002 3.9280435e-002
7.1532933e+002 3.9043858e-002 3.9043858e-002 3.9045614e-002
7.1534065e+002 3.8793135e-002 3.8793135e-002 3.8794852e-002
7.1535197e+002 3.8524966e-002 3.8524966e-002 3.8526625e-002
7.1536329e+002 3.8237950e-002 3.8237950e-002 3.8239589e-002
7.1537462e+002 3.7931177e-002 3.7931177e-002 3.7932825e-002
7.1538594e+002 3.7603807e-002 3.7603807e-002 3.7605478e-002
7.1539726e+002 3.7255220e-002 3.7255220e-002 3.7256910e-002
7.1540858e+002 3.6885312e-002 3.6885312e-002 3.6887003e-002
7.1541990e+002 3.6494060e-002 3.6494060e-002 3.6495718e-002
7.1543123e+002 3.6081547e-002 3.6081547e-002 3.6083148e-002
7.1544255e+002 3.5648116e-002 3.5648116e-002 3.5649703e-002
7.1545387e+002 3.5194149e-002 3.5194149e-002 3.5195845e-002
7.1546519e+002 3.4720211e-002 3.4720211e-002 3.4722166e-002
7.1547651e+002 3.4227316e-002 3.4227316e-002 3.4229587e-002
7.1548784e+002 3.3716543e-002 3.3716543e-002 3.3719078e-002
7.1549916e+002 3.3189053e-002 3.3189053e-002 3.3191717e-002
7.1551048e+002 3.2646205e-002 3.2646205e-002 3.2648846e-002
7.1552180e+002 3.2089388e-002 3.2089388e-002 3.2091848e-002
7.1553312e+002 3.1520063e-002 3.1520063e-002 3.1522216e-002
7.1554445e+002 3.0939876e-002 3.0939876e-002 3.0941713e-002
7.1555577e+002 3.0350496e-002 3.0350496e-002 3.0352148e-002
7.1556709e+002 2.9753607e-002 2.9753607e-002 2.9755259e-002
7.1557841e+002 2.9150913e-002 2.9150913e-002 2.9152617e-002
7.1558973e+002 2.8544123e-002 2.8544123e-002 2.8545766e-002
7.1560106e+002 2.7934930e-002 2.7934930e-002 2.7936316e-002
7.1561238e+002 2.7324987e-002 2.7324987e-002 2.7326042e-002
7.1562370e+002 2.6715941e-002 2.6715941e-002 2.6716749e-002
7.1563502e+002 2.6109399e-002 2.6109399e-002 2.6110136e-002
7.1564634e+002 2.5506867e-002 2.5506867e-002 2.5507645e-002
7.1565767e+002 2.4909835e-002 2.4909835e-002 2.4910675e-002
7.1566899e+002 2.4319734e-002 2.4319734e-002 2.4320594e-002
7.1568031e+002 2.3737844e-002 2.3737844e-002 2.3738693e-002
7.1569163e+002 2.3165418e-002 2.3165418e-002 2.3166249e-002
7.1570295e+002 2.2603617e-002 2.2603617e-002 2.2604440e-002
7.1571428e+002 2.2053358e-002 2.2053358e-002 2.2054184e-002
7.1572560e+002 2.1515521e-002 2.1515521e-002 2.1516356e-002
7.1573692e+002 2.0990912e-002 2.0990912e-002 2.0991758e-002
7.1574824e+002 2.0480146e-002 2.0480146e-002 2.0480995e-002
7.1575956e+002 1.9983810e-002 1.9983810e-002 1.9984639e-002
7.1577089e+002 1.9502417e-002 1.9502417e-002 1.9503207e-002
7.1578221e+002 1.9036284e-002 1.9036284e-002 1.9037064e-002
7.1579353e+002 1.8585701e-002 1.8585701e-002 1.8586551e-002
7.1580485e+002 1.8150912e-002 1.8150912e-002 1.8151904e-002
7.1581617e+002 1.7732046e-002 1.7732046e-002 1.7733080e-002
7.1582750e+002 1.7329212e-002 1.7329212e-002 1.7329987e-002
7.1583882e+002 1.6942407e-002 1.6942407e-002 1.6942561e-002
7.1585014e+002 1.6571326e-002 1.6571326e-002 1.6570813e-002
7.1586146e+002 1.6215611e-002 1.6215611e-002 1.6214767e-002
7.1587278e+002 1.5874952e-002 1.5874952e-002 1.5874307e-002
7.1588411e+002 1.5549170e-002 1.5549170e-002 1.5548941e-002
7.1589543e+002 1.5238107e-002 1.5238107e-002 1.5238113e-002
7.1590675e+002 1.4941526e-002 1.4941526e-002 1.4941351e-002
7.1591807e+002 1.4658976e-002 1.4658976e-002 1.4658418e-002
7.1592939e+002 1.4389969e-002 1.4389969e-002 1.4389113e-002
7.1594072e+002 1.4134020e-002 1.4134020e-002 1.4133126e-002
7.1595204e+002 1.3890653e-002 1.3890653e-002 1.3889830e-002
7.1596336e+002 1.3659393e-002 1.3659393e-002 1.3658545e-002
7.1597468e+002 1.3439787e-002 1.3439787e-002 1.3438700e-002
7.1598600e+002 1.3231442e-002 1.3231442e-002 1.3230021e-002
7.1599733e+002 1.3033977e-002 1.3033977e-002 1.3032288e-002
7.1600865e+002 1.2846963e-002 1.2846963e-002 1.2845179e-002
7.1601997e+002 1.2669841e-002 1.2669841e-002 1.2668092e-002
7.1603129e+002 1.2502027e-002 1.2502027e-002 1.2500372e-002
7.1604261e+002 1.2343018e-002 1.2343018e-002 1.2341445e-002
7.1605394e+002 1.2192533e-002 1.2192533e-002 1.2190969e-002
7.1606526e+002 1.2050330e-002 1.2050330e-002 1.2048641e-002
7.1607658e+002 1.1916112e-002 1.1916112e-002 1.1914148e-002
7.1608790e+002 1.1789427e-002 1.1789427e-002 1.1787143e-002
7.1609922e+002 1.1669790e-002 1.1669790e-002 1.1667273e-002
7.1611055e+002 1.1556778e-002 1.1556778e-002 1.1554195e-002
7.1612187e+002 1.1450131e-002 1.1450131e-002 1.1447584e-002
7.1613319e+002 1.1349619e-002 1.1349619e-002 1.1347122e-002
7.1614451e+002 1.1255006e-002 1.1255006e-002 1.1252512e-002
7.1615583e+002 1.1166034e-002 1.1166034e-002 1.1163525e-002
7.1616716e+002 1.1082441e-002 1.1082441e-002 1.1079945e-002
7.1617848e+002 1.1003979e-002 1.1003979e-002 1.1001539e-002
7.1618980e+002 1.0930441e-002 1.0930441e-002 1.0928023e-002
7.1620112e+002 1.0861625e-002 1.0861625e-002 1.0859107e-002
7.1621244e+002 1.0797325e-002 1.0797325e-002 1.0794540e-002
7.1622377e+002 1.0737315e-002 1.0737315e-002 1.0734208e-002
7.1623509e+002 1.0681368e-002 1.0681368e-002 1.0678018e-002
7.1624641e+002 1.0629265e-002 1.0629265e-002 1.0625841e-002
7.1625773e+002 1.0580823e-002 1.0580823e-002 1.0577435e-002
7.1626905e+002 1.0535866e-002 1.0535866e-002 1.0532537e-002
7.1628038e+002 1.0494257e-002 1.0494257e-002 1.0490948e-002
7.1629170e+002 1.0455987e-002 1.0455987e-002 1.0452668e-002
7.1630302e+002 1.0421068e-002 1.0421068e-002 1.0417734e-002
7.1631434e+002 1.0389458e-002 1.0389458e-002 1.0386120e-002
7.1632566e+002 1.0360944e-002 1.0360944e-002 1.0357609e-002
7.1633699e+002 1.0335283e-002 1.0335283e-002 1.0331949e-002
7.1634831e+002 1.0312290e-002 1.0312290e-002 1.0308954e-002
7.1635963e+002 1.0291972e-002 1.0291972e-002 1.0288633e-002
7.1637095e+002 1.0274370e-002 1.0274370e-002 1.0271038e-002
7.1638227e+002 1.0259494e-002 1.0259494e-002 1.0256179e-002
7.1639360e+002 1.0247257e-002 1.0247257e-002 1.0243948e-002
7.1640492e+002 1.0237549e-002 1.0237549e-002 1.0234212e-002
7.1641624e+002 1.0230291e-002 1.0230291e-002 1.0226889e-002
7.1642756e+002 1.0225486e-002 1.0225486e-002 1.0222059e-002
7.1643888e+002 1.0223152e-002 1.0223152e-002 1.0219834e-002
7.1645021e+002 1.0223311e-002 1.0223311e-002 1.0220274e-002
7.1646153e+002 1.0225992e-002 1.0225992e-002 1.0223284e-002
7.1647285e+002 1.0231227e-002 1.0231227e-002 1.0228736e-002
7.1648417e+002 1.0239048e-002 1.0239048e-002 1.0236575e-002
7.1649549e+002 1.0249496e-002 1.0249496e-002 1.0246966e-002
7.1650682e+002 1.0262613e-002 1.0262613e-002 1.0260123e-002
7.1651814e+002 1.0278467e-002 1.0278467e-002 1.0276217e-002
7.1652946e+002 1.0297212e-002 1.0297212e-002 1.0295292e-002
7.1654078e+002 1.0319019e-002 1.0319019e-002 1.0317365e-002
7.1655210e+002 1.0344027e-002 1.0344027e-002 1.0342470e-002
7.1656343e+002 1.0372269e-002 1.0372269e-002 1.0370681e-002
7.1657475e+002 1.0403757e-002 1.0403757e-002 1.0402085e-002
7.1658607e+002 1.0438532e-002 1.0438532e-002 1.0436788e-002
7.1659739e+002 1.0476724e-002 1.0476724e-002 1.0474970e-002
7.1660871e+002 1.0518484e-002 1.0518484e-002 1.0516827e-002
7.1662004e+002 1.0563957e-002 1.0563957e-002 1.0562526e-002
7.1663136e+002 1.0613272e-002 1.0613272e-002 1.0612144e-002
7.1664268e+002 1.0666555e-002 1.0666555e-002 1.0665740e-002
7.1665400e+002 1.0723924e-002 1.0723924e-002 1.0723385e-002
7.1666532e+002 1.0785469e-002 1.0785469e-002 1.0785195e-002
7.1667665e+002 1.0851277e-002 1.0851277e-002 1.0851295e-002
7.1668797e+002 1.0921434e-002 1.0921434e-002 1.0921785e-002
7.1669929e+002 1.0996024e-002 1.0996024e-002 1.0996678e-002
7.1671061e+002 1.1075130e-002 1.1075130e-002 1.1075969e-002
7.1672193e+002 1.1158811e-002 1.1158811e-002 1.1159671e-002
7.1673326e+002 1.1247032e-002 1.1247032e-002 1.1247849e-002
7.1674458e+002 1.1339743e-002 1.1339743e-002 1.1340581e-002
7.1675590e+002 1.1436889e-002 1.1436889e-002 1.1437906e-002
7.1676722e+002 1.1538411e-002 1.1538411e-002 1.1539731e-002
7.1677854e+002 1.1644249e-002 1.1644249e-002 1.1645934e-002
7.1678987e+002 1.1754339e-002 1.1754339e-002 1.1756387e-002
7.1680119e+002 1.1868608e-002 1.1868608e-002 1.1870951e-002
7.1681251e+002 1.1986982e-002 1.1986982e-002 1.1989486e-002
7.1682383e+002 1.2109364e-002 1.2109364e-002 1.2111865e-002
7.1683515e+002 1.2235575e-002 1.2235575e-002 1.2238028e-002
7.1684648e+002 1.2365423e-002 1.2365423e-002 1.2367929e-002
7.1685780e+002 1.2498700e-002 1.2498700e-002 1.2501451e-002
7.1686912e+002 1.2635161e-002 1.2635161e-002 1.2638240e-002
7.1688044e+002 1.2774549e-002 1.2774549e-002 1.2777890e-002
7.1689176e+002 1.2916610e-002 1.2916610e-002 1.2920037e-002
7.1690309e+002 1.3061081e-002 1.3061081e-002 1.3064476e-002
7.1691441e+002 1.3207704e-002 1.3207704e-002 1.3211035e-002
7.1692573e+002 1.3356197e-002 1.3356197e-002 1.3359505e-002
7.1693705e+002 1.3506213e-002 1.3506213e-002 1.3509530e-002
7.1694837e+002 1.3657390e-002 1.3657390e-002 1.3660724e-002
7.1695970e+002 1.3809373e-002 1.3809373e-002 1.3812713e-002
7.1697102e+002 1.3961836e-002 1.3961836e-002 1.3965174e-002
7.1698234e+002 1.4114460e-002 1.4114460e-002 1.4117794e-002
7.1699366e+002 1.4266915e-002 1.4266915e-002 1.4270245e-002
7.1700498e+002 1.4418817e-002 1.4418817e-002 1.4422147e-002
7.1701631e+002 1.4569771e-002 1.4569771e-002 1.4573105e-002
7.1702763e+002 1.4719398e-002 1.4719398e-002 1.4722736e-002
7.1703895e+002 1.4867365e-002 1.4867365e-002 1.4870704e-002
7.1705027e+002 1.5013351e-002 1.5013351e-002 1.5016684e-002
7.1706159e+002 1.5157031e-002 1.5157031e-002 1.5160348e-002
7.1707292e+002 1.5298055e-002 1.5298055e-002 1.5301365e-002
7.1708424e+002 1.5436067e-002 1.5436067e-002 1.5439402e-002
7.1709556e+002 1.5570725e-002 1.5570725e-002 1.5574118e-002
7.1710688e+002 1.5701727e-002 1.5701727e-002 1.5705147e-002
7.1711820e+002 1.5828782e-002 1.5828782e-002 1.5832112e-002
7.1712953e+002 1.5951593e-002 1.5951593e-002 1.5954671e-002
7.1714085e+002 1.6069838e-002 1.6069838e-002 1.6072597e-002
7.1715217e+002 1.6183191e-002 1.6183191e-002 1.6185688e-002
7.1716349e+002 1.6291338e-002 1.6291338e-002 1.6293727e-002
7.1717481e+002 1.6394019e-002 1.6394019e-002 1.6396428e-002
7.1718614e+002 1.6490987e-002 1.6490987e-002 1.6493488e-002
7.1719746e+002 1.6582009e-002 1.6582009e-002 1.6584613e-002
7.1720878e+002 1.6666911e-002 1.6666911e-002 1.6669544e-002
7.1722010e+002 1.6745535e-002 1.6745535e-002 1.6748032e-002
7.1723142e+002 1.6817709e-002 1.6817709e-002 1.6819872e-002
7.1724275e+002 1.6883222e-002 1.6883222e-002 1.6885031e-002
7.1725407e+002 1.6941851e-002 1.6941851e-002 1.6943518e-002
7.1726539e+002 1.6993402e-002 1.6993402e-002 1.6995283e-002
7.1727671e+002 1.7037789e-002 1.7037789e-002 1.7040042e-002
7.1728803e+002 1.7074953e-002 1.7074953e-002 1.7077453e-002
7.1729936e+002 1.7104827e-002 1.7104827e-002 1.7107243e-002
7.1731068e+002 1.7127325e-002 1.7127325e-002 1.7129409e-002
7.1732200e+002 1.7142351e-002 1.7142351e-002 1.7144018e-002
7.1733332e+002 1.7149808e-002 1.7149808e-002 1.7151106e-002
7.1734464e+002 1.7149582e-002 1.7149582e-002 1.7150597e-002
7.1735597e+002 1.7141554e-002 1.7141554e-002 1.7142388e-002
7.1736729e+002 1.7125628e-002 1.7125628e-002 1.7126389e-002
7.1737861e+002 1.7101795e-002 1.7101795e-002 1.7102566e-002
7.1738993e+002 1.7070066e-002 1.7070066e-002 1.7070899e-002
7.1740125e+002 1.7030465e-002 1.7030465e-002 1.7031373e-002
7.1741258e+002 1.6983049e-002 1.6983049e-002 1.6983981e-002
7.1742390e+002 1.6927885e-002 1.6927885e-002 1.6928720e-002
7.1743522e+002 1.6865016e-002 1.6865016e-002 1.6865594e-002
7.1744654e+002 1.6794369e-002 1.6794369e-002 1.6794627e-002
7.1745786e+002 1.6715847e-002 1.6715847e-002 1.6715849e-002
7.1746919e+002 1.6629388e-002 1.6629388e-002 1.6629296e-002
7.1748051e+002 1.6535096e-002 1.6535096e-002 1.6535029e-002
7.1749183e+002 1.6433113e-002 1.6433113e-002 1.6433112e-002
7.1750315e+002 1.6323574e-002 1.6323574e-002 1.6323614e-002
7.1751447e+002 1.6206567e-002 1.6206567e-002 1.6206609e-002
7.1752580e+002 1.6082169e-002 1.6082169e-002 1.6082170e-002
7.1753712e+002 1.5950462e-002 1.5950462e-002 1.5950393e-002
7.1754844e+002 1.5811542e-002 1.5811542e-002 1.5811443e-002
7.1755976e+002 1.5665510e-002 1.5665510e-002 1.5665506e-002
7.1757108e+002 1.5512489e-002 1.5512489e-002 1.5512755e-002
7.1758241e+002 1.5352713e-002 1.5352713e-002 1.5353308e-002
7.1759373e+002 1.5186441e-002 1.5186441e-002 1.5187271e-002
7.1760505e+002 1.5013916e-002 1.5013916e-002 1.5014780e-002
7.1761637e+002 1.4835310e-002 1.4835310e-002 1.4836117e-002
7.1762769e+002 1.4650775e-002 1.4650775e-002 1.4651605e-002
7.1763902e+002 1.4460503e-002 1.4460503e-002 1.4461556e-002
7.1765034e+002 1.4264871e-002 1.4264871e-002 1.4266253e-002
7.1766166e+002 1.4064306e-002 1.4064306e-002 1.4065967e-002
7.1767298e+002 1.3859224e-002 1.3859224e-002 1.3860997e-002
7.1768430e+002 1.3649995e-002 1.3649995e-002 1.3651746e-002
7.1769563e+002 1.3436981e-002 1.3436981e-002 1.3438650e-002
7.1770695e+002 1.3220537e-002 1.3220537e-002 1.3222136e-002
7.1771827e+002 1.3001019e-002 1.3001019e-002 1.3002602e-002
7.1772959e+002 1.2778778e-002 1.2778778e-002 1.2780439e-002
7.1774091e+002 1.2554179e-002 1.2554179e-002 1.2556039e-002
7.1775224e+002 1.2327654e-002 1.2327654e-002 1.2329805e-002
7.1776356e+002 1.2099653e-002 1.2099653e-002 1.2102140e-002
7.1777488e+002 1.1870650e-002 1.1870650e-002 1.1873475e-002
7.1778620e+002 1.1641233e-002 1.1641233e-002 1.1644353e-002
7.1779752e+002 1.1412024e-002 1.1412024e-002 1.1415351e-002
7.1780885e+002 1.1183581e-002 1.1183581e-002 1.1186995e-002
7.1782017e+002 1.0956191e-002 1.0956191e-002 1.0959595e-002
7.1783149e+002 1.0730060e-002 1.0730060e-002 1.0733397e-002
7.1784281e+002 1.0505450e-002 1.0505450e-002 1.0508708e-002
7.1785413e+002 1.0282872e-002 1.0282872e-002 1.0286102e-002
7.1786546e+002 1.0062906e-002 1.0062906e-002 1.0066230e-002
7.1787678e+002 9.8460853e-003 9.8460853e-003 9.8496670e-003
7.1788810e+002 9.6327115e-003 9.6327115e-003 9.6366165e-003
7.1789942e+002 9.4230203e-003 9.4230203e-003 9.4271784e-003
7.1791074e+002 9.2172595e-003 9.2172595e-003 9.2214988e-003
7.1792207e+002 9.0157346e-003 9.0157346e-003 9.0199418e-003
7.1793339e+002 8.8187677e-003 8.8187677e-003 8.8229347e-003
7.1794471e+002 8.6266549e-003 8.6266549e-003 8.6308499e-003
7.1795603e+002 8.4395697e-003 8.4395697e-003 8.4438008e-003
7.1796735e+002 8.2576497e-003 8.2576497e-003 8.2618244e-003
7.1797868e+002 8.0810205e-003 8.0810205e-003 8.0849756e-003
7.1799000e+002 7.9097498e-003 7.9097498e-003 7.9133920e-003
7.1800132e+002 7.7438880e-003 7.7438880e-003 7.7472360e-003
7.1801264e+002 7.5834829e-003 7.5834829e-003 7.5866546e-003
7.1802396e+002 7.4285680e-003 7.4285680e-003 7.4317217e-003
7.1803529e+002 7.2791726e-003 7.2791726e-003 7.2824891e-003
7.1804661e+002 7.1353245e-003 7.1353245e-003 7.1389762e-003
7.1805793e+002 6.9970427e-003 6.9970427e-003 7.0010453e-003
7.1806925e+002 6.8643438e-003 6.8643438e-003 6.8685110e-003
7.1808057e+002 6.7372040e-003 6.7372040e-003 6.7412065e-003
7.1809190e+002 6.6154031e-003 6.6154031e-003 6.6190552e-003
7.1810322e+002 6.4986607e-003 6.4986607e-003 6.5020076e-003
7.1811454e+002 6.3867340e-003 6.3867340e-003 6.3899981e-003
7.1812586e+002 6.2795631e-003 6.2795631e-003 6.2828801e-003
7.1813718e+002 6.1771445e-003 6.1771445e-003 6.1804821e-003
7.1814851e+002 6.0794408e-003 6.0794408e-003 6.0826305e-003
7.1815983e+002 5.9862446e-003 5.9862446e-003 5.9891407e-003
7.1817115e+002 5.8972960e-003 5.8972960e-003 5.8998245e-003
7.1818247e+002 5.8123363e-003 5.8123363e-003 5.8144945e-003
7.1819379e+002 5.7311143e-003 5.7311143e-003 5.7329657e-003
7.1820512e+002 5.6533808e-003 5.6533808e-003 5.6550540e-003
7.1821644e+002 5.5789145e-003 5.5789145e-003 5.5805755e-003
7.1822776e+002 5.5076350e-003 5.5076350e-003 5.5093465e-003
7.1823908e+002 5.4395065e-003 5.4395065e-003 5.4411841e-003
7.1825040e+002 5.3744529e-003 5.3744529e-003 5.3759039e-003
7.1826173e+002 5.3121937e-003 5.3121937e-003 5.3133167e-003
7.1827305e+002 5.2523830e-003 5.2523830e-003 5.2532320e-003
7.1828437e+002 5.1947119e-003 5.1947119e-003 5.1954627e-003
7.1829569e+002 5.1390614e-003 5.1390614e-003 5.1398409e-003
7.1830701e+002 5.0853738e-003 5.0853738e-003 5.0862049e-003
7.1831834e+002 5.0335780e-003 5.0335780e-003 5.0344028e-003
7.1832966e+002 4.9835348e-003 4.9835348e-003 4.9843326e-003
7.1834098e+002 4.9350830e-003 4.9350830e-003 4.9359086e-003
7.1835230e+002 4.8880770e-003 4.8880770e-003 4.8890263e-003
7.1836362e+002 4.8424543e-003 4.8424543e-003 4.8434839e-003
7.1837495e+002 4.7981795e-003 4.7981795e-003 4.7990472e-003
7.1838627e+002 4.7551903e-003 4.7551903e-003 4.7555237e-003
7.1839759e+002 4.7132826e-003 4.7132826e-003 4.7129397e-003
7.1840891e+002 4.6722057e-003 4.6722057e-003 4.6713937e-003
7.1842023e+002 4.6317538e-003 4.6317538e-003 4.6309524e-003
7.1843156e+002 4.5919623e-003 4.5919623e-003 4.5915122e-003
7.1844288e+002 4.5529469e-003 4.5529469e-003 4.5529127e-003
7.1845420e+002 4.5148061e-003 4.5148061e-003 4.5150117e-003
7.1846552e+002 4.4775438e-003 4.4775438e-003 4.4777654e-003
7.1847684e+002 4.4411324e-003 4.4411324e-003 4.4411629e-003
7.1848817e+002 4.4055249e-003 4.4055249e-003 4.4051972e-003
7.1849949e+002 4.3705673e-003 4.3705673e-003 4.3698804e-003
7.1851081e+002 4.3360694e-003 4.3360694e-003 4.3352314e-003
7.1852213e+002 4.3018919e-003 4.3018919e-003 4.3012590e-003
7.1853345e+002 4.2681737e-003 4.2681737e-003 4.2679174e-003
7.1854478e+002 4.2351489e-003 4.2351489e-003 4.2351421e-003
7.1855610e+002 4.2030012e-003 4.2030012e-003 4.2028827e-003
7.1856742e+002 4.1716344e-003 4.1716344e-003 4.1711668e-003
7.1857874e+002 4.1408560e-003 4.1408560e-003 4.1400490e-003
7.1859006e+002 4.1105154e-003 4.1105154e-003 4.1095812e-003
7.1860139e+002 4.0806978e-003 4.0806978e-003 4.0797995e-003
7.1861271e+002 4.0515707e-003 4.0515707e-003 4.0507347e-003
7.1862403e+002 4.0232694e-003 4.0232694e-003 4.0224147e-003
7.1863535e+002 3.9957497e-003 3.9957497e-003 3.9948521e-003
7.1864667e+002 3.9689039e-003 3.9689039e-003 3.9680538e-003
7.1865800e+002 3.9426459e-003 3.9426459e-003 3.9420195e-003
7.1866932e+002 3.9170108e-003 3.9170108e-003 3.9167054e-003
7.1868064e+002 3.8920771e-003 3.8920771e-003 3.8920526e-003
7.1869196e+002 3.8679118e-003 3.8679118e-003 3.8680138e-003
7.1870328e+002 3.8445168e-003 3.8445168e-003 3.8446091e-003
7.1871461e+002 3.8218710e-003 3.8218710e-003 3.8218827e-003
7.1872593e+002 3.7999563e-003 3.7999563e-003 3.7998811e-003
7.1873725e+002 3.7787727e-003 3.7787727e-003 3.7786662e-003
7.1874857e+002 3.7583268e-003 3.7583268e-003 3.7583049e-003
7.1875989e+002 3.7386241e-003 3.7386241e-003 3.7388425e-003
7.1877122e+002 3.7196619e-003 3.7196619e-003 3.7201977e-003
7.1878254e+002 3.7014349e-003 3.7014349e-003 3.7022427e-003
7.1879386e+002 3.6839400e-003 3.6839400e-003 3.6848723e-003
7.1880518e+002 3.6671871e-003 3.6671871e-003 3.6681124e-003
7.1881650e+002 3.6511912e-003 3.6511912e-003 3.6520372e-003
7.1882783e+002 3.6359596e-003 3.6359596e-003 3.6367147e-003
7.1883915e+002 3.6214548e-003 3.6214548e-003 3.6221740e-003
7.1885047e+002 3.6076226e-003 3.6076226e-003 3.6084306e-003
7.1886179e+002 3.5944168e-003 3.5944168e-003 3.5954835e-003
7.1887311e+002 3.5818368e-003 3.5818368e-003 3.5832339e-003
7.1888444e+002 3.5698999e-003 3.5698999e-003 3.5715468e-003
7.1889576e+002 3.5586195e-003 3.5586195e-003 3.5603183e-003
7.1890708e+002 3.5479895e-003 3.5479895e-003 3.5496330e-003
7.1891840e+002 3.5379960e-003 3.5379960e-003 3.5396469e-003
7.1892972e+002 3.5286308e-003 3.5286308e-003 3.5304867e-003
7.1894105e+002 3.5199192e-003 3.5199192e-003 3.5221009e-003
7.1895237e+002 3.5118996e-003 3.5118996e-003 3.5143702e-003
7.1896369e+002 3.5045915e-003 3.5045915e-003 3.5071828e-003
7.1897501e+002 3.4978999e-003 3.4978999e-003 3.5004732e-003
7.1898633e+002 3.4916856e-003 3.4916856e-003 3.4941936e-003
7.1899766e+002 3.4858392e-003 3.4858392e-003 3.4883145e-003
7.1900898e+002 3.4804380e-003 3.4804380e-003 3.4829178e-003
7.1902030e+002 3.4756311e-003 3.4756311e-003 3.4781287e-003
7.1903162e+002 3.4715435e-003 3.4715435e-003 3.4740512e-003
7.1904294e+002 3.4681463e-003 3.4681463e-003 3.4706536e-003
7.1905427e+002 3.4653507e-003 3.4653507e-003 3.4678518e-003
7.1906559e+002 3.4630787e-003 3.4630787e-003 3.4655726e-003
7.1907691e+002 3.4613243e-003 3.4613243e-003 3.4638153e-003
7.1908823e+002 3.4601096e-003 3.4601096e-003 3.4626073e-003
7.1909955e+002 3.4594543e-003 3.4594543e-003 3.4619707e-003
7.1911088e+002 3.4593648e-003 3.4593648e-003 3.4618935e-003
7.1912220e+002 3.4598418e-003 3.4598418e-003 3.4623499e-003
7.1913352e+002 3.4608834e-003 3.4608834e-003 3.4633240e-003
7.1914484e+002 3.4624712e-003 3.4624712e-003 3.4648654e-003
7.1915616e+002 3.4645805e-003 3.4645805e-003 3.4670500e-003
7.1916749e+002 3.4671983e-003 3.4671983e-003 3.4699368e-003
7.1917881e+002 3.4703916e-003 3.4703916e-003 3.4734770e-003
7.1919013e+002 3.4742593e-003 3.4742593e-003 3.4775783e-003
7.1920145e+002 3.4788906e-003 3.4788906e-003 3.4821675e-003
7.1921277e+002 3.4843100e-003 3.4843100e-003 3.4873018e-003
7.1922410e+002 3.4905157e-003 3.4905157e-003 3.4930908e-003
7.1923542e+002 3.4974972e-003 3.4974972e-003 3.4996358e-003
7.1924674e+002 3.5051867e-003 3.5051867e-003 3.5069825e-003
7.1925806e+002 3.5134926e-003 3.5134926e-003 3.5151533e-003
7.1926938e+002 3.5223497e-003 3.5223497e-003 3.5241673e-003
7.1928071e+002 3.5318681e-003 3.5318681e-003 3.5340192e-003
7.1929203e+002 3.5422311e-003 3.5422311e-003 3.5446937e-003
7.1930335e+002 3.5535963e-003 3.5535963e-003 3.5561807e-003
7.1931467e+002 3.5659485e-003 3.5659485e-003 3.5685043e-003
7.1932599e+002 3.5792005e-003 3.5792005e-003 3.5817029e-003
7.1933732e+002 3.5932883e-003 3.5932883e-003 3.5958158e-003
7.1934864e+002 3.6083104e-003 3.6083104e-003 3.6108867e-003
7.1935996e+002 3.6244335e-003 3.6244335e-003 3.6269618e-003
7.1937128e+002 3.6417899e-003 3.6417899e-003 3.6440793e-003
7.1938260e+002 3.6602710e-003 3.6602710e-003 3.6622241e-003
7.1939393e+002 3.6796661e-003 3.6796661e-003 3.6813587e-003
7.1940525e+002 3.6998114e-003 3.6998114e-003 3.7014581e-003
7.1941657e+002 3.7208730e-003 3.7208730e-003 3.7225886e-003
7.1942789e+002 3.7431584e-003 3.7431584e-003 3.7448547e-003
7.1943921e+002 3.7669224e-003 3.7669224e-003 3.7683509e-003
7.1945054e+002 3.7920452e-003 3.7920452e-003 3.7930967e-003
7.1946186e+002 3.8182454e-003 3.8182454e-003 3.8190797e-003
7.1947318e+002 3.8452896e-003 3.8452896e-003 3.8462834e-003
7.1948450e+002 3.8732924e-003 3.8732924e-003 3.8746651e-003
7.1949582e+002 3.9025196e-003 3.9025196e-003 3.9041710e-003
7.1950715e+002 3.9331942e-003 3.9331942e-003 3.9347557e-003
7.1951847e+002 3.9652246e-003 3.9652246e-003 3.9664359e-003
7.1952979e+002 3.9983815e-003 3.9983815e-003 3.9992556e-003
7.1954111e+002 4.0324634e-003 4.0324634e-003 4.0332447e-003
7.1955243e+002 4.0674773e-003 4.0674773e-003 4.0683272e-003
7.1956376e+002 4.1035225e-003 4.1035225e-003 4.1043807e-003
7.1957508e+002 4.1406754e-003 4.1406754e-003 4.1412996e-003
7.1958640e+002 4.1788436e-003 4.1788436e-003 4.1791047e-003
7.1959772e+002 4.2178592e-003 4.2178592e-003 4.2178732e-003
7.1960904e+002 4.2575701e-003 4.2575701e-003 4.2576599e-003
7.1962037e+002 4.2979420e-003 4.2979420e-003 4.2983534e-003
7.1963169e+002 4.3389940e-003 4.3389940e-003 4.3397671e-003
7.1964301e+002 4.3807357e-003 4.3807357e-003 4.3817242e-003
7.1965433e+002 4.4231063e-003 4.4231063e-003 4.4241221e-003
7.1966565e+002 4.4660124e-003 4.4660124e-003 4.4668921e-003
7.1967698e+002 4.5093519e-003 4.5093519e-003 4.5099636e-003
7.1968830e+002 4.5529558e-003 4.5529558e-003 4.5532509e-003
7.1969962e+002 4.5966243e-003 4.5966243e-003 4.5966612e-003
7.1971094e+002 4.6401716e-003 4.6401716e-003 4.6401000e-003
7.1972226e+002 4.6835179e-003 4.6835179e-003 4.6834593e-003
7.1973359e+002 4.7266325e-003 4.7266325e-003 4.7266248e-003
7.1974491e+002 4.7694688e-003 4.7694688e-003 4.7694763e-003
7.1975623e+002 4.8118533e-003 4.8118533e-003 4.8118468e-003
7.1976755e+002 4.8535540e-003 4.8535540e-003 4.8535478e-003
7.1977887e+002 4.8943600e-003 4.8943600e-003 4.8944014e-003
7.1979020e+002 4.9342290e-003 4.9342290e-003 4.9343138e-003
7.1980152e+002 4.9731975e-003 4.9731975e-003 4.9732306e-003
7.1981284e+002 5.0112771e-003 5.0112771e-003 5.0110901e-003
7.1982416e+002 5.0482783e-003 5.0482783e-003 5.0477717e-003
7.1983548e+002 5.0839167e-003 5.0839167e-003 5.0831274e-003
7.1984681e+002 5.1179291e-003 5.1179291e-003 5.1170132e-003
7.1985813e+002 5.1502271e-003 5.1502271e-003 5.1493211e-003
7.1986945e+002 5.1808057e-003 5.1808057e-003 5.1799605e-003
7.1988077e+002 5.2096555e-003 5.2096555e-003 5.2088442e-003
7.1989209e+002 5.2367290e-003 5.2367290e-003 5.2359152e-003
7.1990342e+002 5.2619608e-003 5.2619608e-003 5.2611306e-003
7.1991474e+002 5.2852821e-003 5.2852821e-003 5.2844429e-003
7.1992606e+002 5.3066024e-003 5.3066024e-003 5.3057639e-003
7.1993738e+002 5.3258201e-003 5.3258201e-003 5.3249860e-003
7.1994870e+002 5.3428493e-003 5.3428493e-003 5.3420173e-003
7.1996003e+002 5.3577302e-003 5.3577302e-003 5.3568978e-003
7.1997135e+002 5.3705651e-003 5.3705651e-003 5.3697318e-003
7.1998267e+002 5.3814396e-003 5.3814396e-003 5.3806068e-003
7.1999399e+002 5.3902991e-003 5.3902991e-003 5.3894671e-003
7.2000531e+002 5.3970197e-003 5.3970197e-003 5.3961870e-003
7.2001664e+002 5.4015018e-003 5.4015018e-003 5.4006653e-003
7.2002796e+002 5.4038521e-003 5.4038521e-003 5.4030124e-003
7.2003928e+002 5.4042800e-003 5.4042800e-003 5.4034441e-003
7.2005060e+002 5.4029820e-003 5.4029820e-003 5.4021608e-003
7.2006192e+002 5.4000387e-003 5.4000387e-003 5.3992294e-003
7.2007325e+002 5.3954732e-003 5.3954732e-003 5.3946498e-003
7.2008457e+002 5.3893113e-003 5.3893113e-003 5.3884327e-003
7.2009589e+002 5.3816076e-003 5.3816076e-003 5.3806845e-003
7.2010721e+002 5.3724311e-003 5.3724311e-003 5.3715603e-003
7.2011853e+002 5.3618644e-003 5.3618644e-003 5.3612126e-003
7.2012986e+002 5.3501036e-003 5.3501036e-003 5.3497711e-003
7.2014118e+002 5.3374028e-003 5.3374028e-003 5.3373537e-003
7.2015250e+002 5.3239999e-003 5.3239999e-003 5.3240777e-003
7.2016382e+002 5.3099897e-003 5.3099897e-003 5.3100570e-003
7.2017514e+002 5.2953930e-003 5.2953930e-003 5.2954038e-003
7.2018647e+002 5.2802441e-003 5.2802441e-003 5.2802342e-003
7.2019779e+002 5.2646977e-003 5.2646977e-003 5.2647014e-003
7.2020911e+002 5.2489714e-003 5.2489714e-003 5.2489779e-003
7.2022043e+002 5.2332701e-003 5.2332701e-003 5.2332324e-003
7.2023175e+002 5.2176849e-003 5.2176849e-003 5.2176028e-003
7.2024308e+002 5.2022474e-003 5.2022474e-003 5.2022102e-003
7.2025440e+002 5.1870008e-003 5.1870008e-003 5.1871732e-003
7.2026572e+002 5.1720985e-003 5.1720985e-003 5.1725859e-003
7.2027704e+002 5.1577522e-003 5.1577522e-003 5.1585299e-003
7.2028836e+002 5.1441626e-003 5.1441626e-003 5.1450885e-003
7.2029969e+002 5.1314283e-003 5.1314283e-003 5.1323601e-003
7.2031101e+002 5.1195939e-003 5.1195939e-003 5.1204520e-003
7.2032233e+002 5.1086992e-003 5.1086992e-003 5.1094670e-003
7.2033365e+002 5.0987459e-003 5.0987459e-003 5.0994698e-003
7.2034497e+002 5.0897156e-003 5.0897156e-003 5.0905048e-003
7.2035630e+002 5.0816046e-003 5.0816046e-003 5.0826189e-003
7.2036762e+002 5.0745516e-003 5.0745516e-003 5.0758839e-003
7.2037894e+002 5.0687717e-003 5.0687717e-003 5.0703854e-003
7.2039026e+002 5.0644597e-003 5.0644597e-003 5.0662024e-003
7.2040158e+002 5.0616166e-003 5.0616166e-003 5.0633516e-003
7.2041291e+002 5.0601372e-003 5.0601372e-003 5.0618159e-003
7.2042423e+002 5.0599237e-003 5.0599237e-003 5.0615782e-003
7.2043555e+002 5.0609567e-003 5.0609567e-003 5.0626217e-003
7.2044687e+002 5.0632595e-003 5.0632595e-003 5.0649306e-003
7.2045819e+002 5.0668551e-003 5.0668551e-003 5.0684949e-003
7.2046952e+002 5.0717587e-003 5.0717587e-003 5.0733634e-003
7.2048084e+002 5.0779811e-003 5.0779811e-003 5.0796174e-003
7.2049216e+002 5.0855283e-003 5.0855283e-003 5.0873257e-003
7.2050348e+002 5.0943596e-003 5.0943596e-003 5.0964325e-003
7.2051480e+002 5.1044082e-003 5.1044082e-003 5.1068125e-003
7.2052613e+002 5.1156155e-003 5.1156155e-003 5.1183509e-003
7.2053745e+002 5.1280068e-003 5.1280068e-003 5.1310396e-003
7.2054877e+002 5.1416547e-003 5.1416547e-003 5.1449311e-003
7.2056009e+002 5.1566250e-003 5.1566250e-003 5.1600699e-003
7.2057141e+002 5.1729166e-003 5.1729166e-003 5.1764175e-003
7.2058274e+002 5.1904898e-003 5.1904898e-003 5.1938885e-003
7.2059406e+002 5.2093013e-003 5.2093013e-003 5.2124085e-003
7.2060538e+002 5.2292732e-003 5.2292732e-003 5.2320175e-003
7.2061670e+002 5.2503080e-003 5.2503080e-003 5.2528212e-003
7.2062802e+002 5.2723174e-003 5.2723174e-003 5.2749103e-003
7.2063935e+002 5.2953079e-003 5.2953079e-003 5.2982207e-003
7.2065067e+002 5.3193404e-003 5.3193404e-003 5.3225987e-003
7.2066199e+002 5.3444752e-003 5.3444752e-003 5.3479071e-003
7.2067331e+002 5.3707569e-003 5.3707569e-003 5.3741852e-003
7.2068463e+002 5.3982214e-003 5.3982214e-003 5.4015748e-003
7.2069596e+002 5.4269010e-003 5.4269010e-003 5.4302079e-003
7.2070728e+002 5.4567955e-003 5.4567955e-003 5.4601033e-003
7.2071860e+002 5.4878855e-003 5.4878855e-003 5.4912134e-003
7.2072992e+002 5.5201550e-003 5.5201550e-003 5.5234954e-003
7.2074124e+002 5.5536248e-003 5.5536248e-003 5.5569650e-003
7.2075257e+002 5.5883375e-003 5.5883375e-003 5.5916723e-003
7.2076389e+002 5.6243354e-003 5.6243354e-003 5.6276668e-003
7.2077521e+002 5.6616548e-003 5.6616548e-003 5.6649863e-003
7.2078653e+002 5.7003285e-003 5.7003285e-003 5.7036614e-003
7.2079785e+002 5.7403880e-003 5.7403880e-003 5.7437218e-003
7.2080918e+002 5.7818519e-003 5.7818519e-003 5.7851857e-003
7.2082050e+002 5.8247314e-003 5.8247314e-003 5.8280648e-003
7.2083182e+002 5.8690426e-003 5.8690426e-003 5.8723758e-003
7.2084314e+002 5.9148589e-003 5.9148589e-003 5.9181922e-003
7.2085446e+002 5.9622879e-003 5.9622879e-003 5.9656213e-003
7.2086579e+002 6.0114281e-003 6.0114281e-003 6.0147612e-003
7.2087711e+002 6.0622708e-003 6.0622708e-003 6.0656037e-003
7.2088843e+002 6.1147425e-003 6.1147425e-003 6.1180756e-003
7.2089975e+002 6.1687828e-003 6.1687828e-003 6.1721169e-003
7.2091107e+002 6.2244855e-003 6.2244855e-003 6.2278205e-003
7.2092240e+002 6.2820392e-003 6.2820392e-003 6.2853734e-003
7.2093372e+002 6.3416167e-003 6.3416167e-003 6.3449471e-003
7.2094504e+002 6.4032044e-003 6.4032044e-003 6.4065313e-003
7.2095636e+002 6.4666725e-003 6.4666725e-003 6.4700024e-003
7.2096768e+002 6.5319044e-003 6.5319044e-003 6.5352485e-003
7.2097901e+002 6.5989472e-003 6.5989472e-003 6.6023043e-003
7.2099033e+002 6.6679500e-003 6.6679500e-003 6.6712960e-003
7.2100165e+002 6.7390507e-003 6.7390507e-003 6.7423439e-003
7.2101297e+002 6.8122403e-003 6.8122403e-003 6.8154851e-003
7.2102429e+002 6.8874179e-003 6.8874179e-003 6.8907037e-003
7.2103562e+002 6.9644897e-003 6.9644897e-003 6.9679811e-003
7.2104694e+002 7.0434647e-003 7.0434647e-003 7.0472723e-003
7.2105826e+002 7.1244167e-003 7.1244167e-003 7.1285157e-003
7.2106958e+002 7.2074160e-003 7.2074160e-003 7.2116567e-003
7.2108090e+002 7.2924832e-003 7.2924832e-003 7.2967214e-003
7.2109223e+002 7.3796065e-003 7.3796065e-003 7.3837882e-003
7.2110355e+002 7.4687732e-003 7.4687732e-003 7.4729289e-003
7.2111487e+002 7.5599623e-003 7.5599623e-003 7.5641295e-003
7.2112619e+002 7.6531477e-003 7.6531477e-003 7.6573211e-003
7.2113751e+002 7.7483013e-003 7.7483013e-003 7.7524379e-003
7.2114884e+002 7.8453710e-003 7.8453710e-003 7.8494633e-003
7.2116016e+002 7.9442893e-003 7.9442893e-003 7.9484131e-003
7.2117148e+002 8.0449970e-003 8.0449970e-003 8.0493029e-003
7.2118280e+002 8.1475381e-003 8.1475381e-003 8.1521421e-003
7.2119412e+002 8.2520243e-003 8.2520243e-003 8.2569360e-003
7.2120545e+002 8.3585623e-003 8.3585623e-003 8.3636878e-003
7.2121677e+002 8.4671867e-003 8.4671867e-003 8.4723767e-003
7.2122809e+002 8.5778842e-003 8.5778842e-003 8.5829658e-003
7.2123941e+002 8.6906385e-003 8.6906385e-003 8.6954265e-003
7.2125073e+002 8.8054097e-003 8.8054097e-003 8.8098325e-003
7.2126206e+002 8.9221420e-003 8.9221420e-003 8.9263256e-003
7.2127338e+002 9.0407927e-003 9.0407927e-003 9.0450432e-003
7.2128470e+002 9.1614864e-003 9.1614864e-003 9.1660522e-003
7.2129602e+002 9.2844599e-003 9.2844599e-003 9.2893719e-003
7.2130734e+002 9.4099423e-003 9.4099423e-003 9.4150270e-003
7.2131867e+002 9.5380413e-003 9.5380413e-003 9.5431175e-003
7.2132999e+002 9.6687821e-003 9.6687821e-003 9.6737941e-003
7.2134131e+002 9.8021974e-003 9.8021974e-003 9.8072069e-003
7.2135263e+002 9.9384301e-003 9.9384301e-003 9.9434839e-003
7.2136395e+002 1.0077699e-002 1.0077699e-002 1.0082738e-002
7.2137528e+002 1.0220222e-002 1.0220222e-002 1.0225092e-002
7.2138660e+002 1.0366212e-002 1.0366212e-002 1.0370784e-002
7.2139792e+002 1.0515871e-002 1.0515871e-002 1.0520131e-002
7.2140924e+002 1.0669408e-002 1.0669408e-002 1.0673453e-002
7.2142056e+002 1.0827057e-002 1.0827057e-002 1.0831038e-002
7.2143189e+002 1.0989070e-002 1.0989070e-002 1.0993155e-002
7.2144321e+002 1.1155711e-002 1.1155711e-002 1.1160073e-002
7.2145453e+002 1.1327346e-002 1.1327346e-002 1.1332059e-002
7.2146585e+002 1.1504414e-002 1.1504414e-002 1.1509381e-002
7.2147717e+002 1.1687355e-002 1.1687355e-002 1.1692313e-002
7.2148850e+002 1.1876573e-002 1.1876573e-002 1.1881271e-002
7.2149982e+002 1.2072450e-002 1.2072450e-002 1.2076764e-002
7.2151114e+002 1.2275370e-002 1.2275370e-002 1.2279301e-002
7.2152246e+002 1.2485745e-002 1.2485745e-002 1.2489360e-002
7.2153378e+002 1.2704010e-002 1.2704010e-002 1.2707399e-002
7.2154511e+002 1.2930607e-002 1.2930607e-002 1.2933882e-002
7.2155643e+002 1.3166101e-002 1.3166101e-002 1.3169358e-002
7.2156775e+002 1.3411139e-002 1.3411139e-002 1.3414444e-002
7.2157907e+002 1.3666371e-002 1.3666371e-002 1.3669754e-002
7.2159039e+002 1.3932452e-002 1.3932452e-002 1.3935887e-002
7.2160172e+002 1.4210040e-002 1.4210040e-002 1.4213430e-002
7.2161304e+002 1.4499796e-002 1.4499796e-002 1.4502982e-002
7.2162436e+002 1.4802452e-002 1.4802452e-002 1.4805324e-002
7.2163568e+002 1.5118789e-002 1.5118789e-002 1.5121368e-002
7.2164700e+002 1.5449591e-002 1.5449591e-002 1.5452021e-002
7.2165833e+002 1.5795668e-002 1.5795668e-002 1.5798095e-002
7.2166965e+002 1.6157849e-002 1.6157849e-002 1.6160331e-002
7.2168097e+002 1.6536972e-002 1.6536972e-002 1.6539483e-002
7.2169229e+002 1.6934009e-002 1.6934009e-002 1.6936508e-002
7.2170361e+002 1.7350026e-002 1.7350026e-002 1.7352518e-002
7.2171494e+002 1.7786097e-002 1.7786097e-002 1.7788624e-002
7.2172626e+002 1.8243350e-002 1.8243350e-002 1.8245924e-002
7.2173758e+002 1.8722953e-002 1.8722953e-002 1.8725500e-002
7.2174890e+002 1.9226076e-002 1.9226076e-002 1.9228450e-002
7.2176022e+002 1.9753950e-002 1.9753950e-002 1.9756029e-002
7.2177155e+002 2.0307846e-002 2.0307846e-002 2.0309615e-002
7.2178287e+002 2.0889039e-002 2.0889039e-002 2.0890588e-002
7.2179419e+002 2.1498823e-002 2.1498823e-002 2.1500299e-002
7.2180551e+002 2.2138506e-002 2.2138506e-002 2.2140081e-002
7.2181683e+002 2.2809410e-002 2.2809410e-002 2.2811270e-002
7.2182816e+002 2.3513018e-002 2.3513018e-002 2.3515245e-002
7.2183948e+002 2.4250943e-002 2.4250943e-002 2.4253420e-002
7.2185080e+002 2.5024793e-002 2.5024793e-002 2.5027220e-002
7.2186212e+002 2.5836096e-002 2.5836096e-002 2.5838216e-002
7.2187344e+002 2.6686320e-002 2.6686320e-002 2.6688090e-002
7.2188477e+002 2.7576927e-002 2.7576927e-002 2.7578513e-002
7.2189609e+002 2.8509337e-002 2.8509337e-002 2.8510927e-002
7.2190741e+002 2.9484939e-002 2.9484939e-002 2.9486592e-002
7.2191873e+002 3.0505116e-002 3.0505116e-002 3.0506772e-002
7.2193005e+002 3.1571203e-002 3.1571203e-002 3.1572810e-002
7.2194138e+002 3.2684494e-002 3.2684494e-002 3.2686112e-002
7.2195270e+002 3.3846273e-002 3.3846273e-002 3.3848067e-002
7.2196402e+002 3.5057671e-002 3.5057671e-002 3.5059775e-002
7.2197534e+002 3.6319699e-002 3.6319699e-002 3.6322108e-002
7.2198666e+002 3.7633352e-002 3.7633352e-002 3.7635927e-002
7.2199799e+002 3.8999396e-002 3.8999396e-002 3.9001983e-002
7.2200931e+002 4.0418418e-002 4.0418418e-002 4.0420944e-002
7.2202063e+002 4.1890972e-002 4.1890972e-002 4.1893447e-002
7.2203195e+002 4.3417203e-002 4.3417203e-002 4.3419667e-002
7.2204327e+002 4.4996924e-002 4.4996924e-002 4.4999408e-002
7.2205460e+002 4.6629928e-002 4.6629928e-002 4.6632454e-002
7.2206592e+002 4.8315828e-002 4.8315828e-002 4.8318387e-002
7.2207724e+002 5.0054088e-002 5.0054088e-002 5.0056626e-002
7.2208856e+002 5.1844134e-002 5.1844134e-002 5.1846553e-002
7.2209988e+002 5.3684768e-002 5.3684768e-002 5.3687065e-002
7.2211121e+002 5.5574293e-002 5.5574293e-002 5.5576658e-002
7.2212253e+002 5.7510984e-002 5.7510984e-002 5.7513789e-002
7.2213385e+002 5.9492956e-002 5.9492956e-002 5.9496448e-002
7.2214517e+002 6.1518188e-002 6.1518188e-002 6.1522244e-002
7.2215649e+002 6.3584615e-002 6.3584615e-002 6.3588759e-002
7.2216782e+002 6.5689506e-002 6.5689506e-002 6.5693311e-002
7.2217914e+002 6.7829581e-002 6.7829581e-002 6.7832998e-002
7.2219046e+002 7.0001537e-002 7.0001537e-002 7.0004890e-002
7.2220178e+002 7.2202002e-002 7.2202002e-002 7.2205644e-002
7.2221310e+002 7.4427545e-002 7.4427545e-002 7.4431577e-002
7.2222443e+002 7.6674708e-002 7.6674708e-002 7.6678982e-002
7.2223575e+002 7.8939636e-002 7.8939636e-002 7.8943941e-002
7.2224707e+002 8.1218138e-002 8.1218138e-002 8.1222355e-002
7.2225839e+002 8.3506008e-002 8.3506008e-002 8.3510115e-002
7.2226971e+002 8.5798982e-002 8.5798982e-002 8.5803032e-002
7.2228104e+002 8.8092745e-002 8.8092745e-002 8.8096843e-002
7.2229236e+002 9.0382984e-002 9.0382984e-002 9.0387285e-002
7.2230368e+002 9.2665449e-002 9.2665449e-002 9.2670060e-002
7.2231500e+002 9.4935941e-002 9.4935941e-002 9.4940848e-002
7.2232632e+002 9.7190266e-002 9.7190266e-002 9.7195332e-002
7.2233765e+002 9.9424227e-002 9.9424227e-002 9.9429305e-002
7.2234897e+002 1.0163363e-001 1.0163363e-001 1.0163866e-001
7.2236029e+002 1.0381430e-001 1.0381430e-001 1.0381928e-001
7.2237161e+002 1.0596226e-001 1.0596226e-001 1.0596725e-001
7.2238293e+002 1.0807375e-001 1.0807375e-001 1.0807875e-001
7.2239426e+002 1.1014500e-001 1.1014500e-001 1.1015000e-001
7.2240558e+002 1.1217242e-001 1.1217242e-001 1.1217741e-001
7.2241690e+002 1.1415257e-001 1.1415257e-001 1.1415756e-001
7.2242822e+002 1.1608202e-001 1.1608202e-001 1.1608705e-001
7.2243954e+002 1.1795758e-001 1.1795758e-001 1.1796266e-001
7.2245087e+002 1.1977629e-001 1.1977629e-001 1.1978135e-001
7.2246219e+002 1.2153518e-001 1.2153518e-001 1.2154006e-001
7.2247351e+002 1.2323129e-001 1.2323129e-001 1.2323586e-001
7.2248483e+002 1.2486160e-001 1.2486160e-001 1.2486587e-001
7.2249615e+002 1.2642313e-001 1.2642313e-001 1.2642722e-001
7.2250748e+002 1.2791310e-001 1.2791310e-001 1.2791717e-001
7.2251880e+002 1.2932893e-001 1.2932893e-001 1.2933306e-001
7.2253012e+002 1.3066802e-001 1.3066802e-001 1.3067223e-001
7.2254144e+002 1.3192771e-001 1.3192771e-001 1.3193197e-001
7.2255276e+002 1.3310528e-001 1.3310528e-001 1.3310951e-001
7.2256409e+002 1.3419801e-001 1.3419801e-001 1.3420208e-001
7.2257541e+002 1.3520315e-001 1.3520315e-001 1.3520695e-001
7.2258673e+002 1.3611794e-001 1.3611794e-001 1.3612142e-001
7.2259805e+002 1.3693961e-001 1.3693961e-001 1.3694279e-001
7.2260937e+002 1.3766547e-001 1.3766547e-001 1.3766838e-001
7.2262070e+002 1.3829285e-001 1.3829285e-001 1.3829549e-001
7.2263202e+002 1.3881910e-001 1.3881910e-001 1.3882143e-001
7.2264334e+002 1.3924166e-001 1.3924166e-001 1.3924365e-001
7.2265466e+002 1.3955802e-001 1.3955802e-001 1.3955975e-001
7.2266598e+002 1.3976570e-001 1.3976570e-001 1.3976734e-001
7.2267731e+002 1.3986248e-001 1.3986248e-001 1.3986417e-001
7.2268863e+002 1.3984643e-001 1.3984643e-001 1.3984814e-001
7.2269995e+002 1.3971563e-001 1.3971563e-001 1.3971719e-001
7.2271127e+002 1.3946851e-001 1.3946851e-001 1.3946978e-001
7.2272259e+002 1.3910387e-001 1.3910387e-001 1.3910482e-001
7.2273392e+002 1.3862055e-001 1.3862055e-001 1.3862130e-001
7.2274524e+002 1.3801799e-001 1.3801799e-001 1.3801872e-001
7.2275656e+002 1.3729628e-001 1.3729628e-001 1.3729706e-001
7.2276788e+002 1.3645551e-001 1.3645551e-001 1.3645639e-001
7.2277920e+002 1.3549646e-001 1.3549646e-001 1.3549740e-001
7.2279053e+002 1.3442053e-001 1.3442053e-001 1.3442144e-001
7.2280185e+002 1.3322917e-001 1.3322917e-001 1.3322988e-001
7.2281317e+002 1.3192458e-001 1.3192458e-001 1.3192496e-001
7.2282449e+002 1.3050961e-001 1.3050961e-001 1.3050970e-001
7.2283581e+002 1.2898721e-001 1.2898721e-001 1.2898717e-001
7.2284714e+002 1.2736119e-001 1.2736119e-001 1.2736119e-001
7.2285846e+002 1.2563624e-001 1.2563624e-001 1.2563628e-001
7.2286978e+002 1.2381708e-001 1.2381708e-001 1.2381699e-001
7.2288110e+002 1.2190897e-001 1.2190897e-001 1.2190858e-001
7.2289242e+002 1.1991766e-001 1.1991766e-001 1.1991694e-001
7.2290375e+002 1.1784894e-001 1.1784894e-001 1.1784803e-001
7.2291507e+002 1.1570916e-001 1.1570916e-001 1.1570823e-001
7.2292639e+002 1.1350521e-001 1.1350521e-001 1.1350434e-001
7.2293771e+002 1.1124403e-001 1.1124403e-001 1.1124323e-001
7.2294903e+002 1.0893285e-001 1.0893285e-001 1.0893207e-001
7.2296036e+002 1.0657921e-001 1.0657921e-001 1.0657841e-001
7.2297168e+002 1.0419067e-001 1.0419067e-001 1.0418979e-001
7.2298300e+002 1.0177468e-001 1.0177468e-001 1.0177373e-001
7.2299432e+002 9.9338600e-002 9.9338600e-002 9.9337678e-002
7.2300564e+002 9.6889790e-002 9.6889790e-002 9.6889104e-002
7.2301697e+002 9.4435591e-002 9.4435591e-002 9.4435280e-002
7.2302829e+002 9.1983332e-002 9.1983332e-002 9.1983302e-002
7.2303961e+002 8.9540316e-002 8.9540316e-002 8.9540244e-002
7.2305093e+002 8.7113294e-002 8.7113294e-002 8.7112885e-002
7.2306225e+002 8.4708457e-002 8.4708457e-002 8.4707705e-002
7.2307358e+002 8.2331955e-002 8.2331955e-002 8.2331142e-002
7.2308490e+002 7.9989527e-002 7.9989527e-002 7.9988978e-002
7.2309622e+002 7.7686493e-002 7.7686493e-002 7.7686325e-002
7.2310754e+002 7.5428131e-002 7.5428131e-002 7.5428244e-002
7.2311886e+002 7.3219108e-002 7.3219108e-002 7.3219304e-002
7.2313019e+002 7.1063464e-002 7.1063464e-002 7.1063568e-002
7.2314151e+002 6.8965182e-002 6.8965182e-002 6.8965053e-002
7.2315283e+002 6.6927611e-002 6.6927611e-002 6.6927171e-002
7.2316415e+002 6.4953437e-002 6.4953437e-002 6.4952709e-002
7.2317547e+002 6.3045296e-002 6.3045296e-002 6.3044404e-002
7.2318680e+002 6.1205336e-002 6.1205336e-002 6.1204419e-002
7.2319812e+002 5.9435192e-002 5.9435192e-002 5.9434326e-002
7.2320944e+002 5.7736455e-002 5.7736455e-002 5.7735646e-002
7.2322076e+002 5.6110197e-002 5.6110197e-002 5.6109411e-002
7.2323208e+002 5.4556940e-002 5.4556940e-002 5.4556136e-002
7.2324341e+002 5.3077170e-002 5.3077170e-002 5.3076299e-002
7.2325473e+002 5.1671008e-002 5.1671008e-002 5.1670066e-002
7.2326605e+002 5.0338192e-002 5.0338192e-002 5.0337274e-002
7.2327737e+002 4.9078431e-002 4.9078431e-002 4.9077727e-002
7.2328869e+002 4.7891170e-002 4.7891170e-002 4.7890821e-002
7.2330002e+002 4.6775570e-002 4.6775570e-002 4.6775512e-002
7.2331134e+002 4.5730771e-002 4.5730771e-002 4.5730739e-002
7.2332266e+002 4.4755709e-002 4.4755709e-002 4.4755416e-002
7.2333398e+002 4.3849099e-002 4.3849099e-002 4.3848439e-002
7.2334530e+002 4.3009641e-002 4.3009641e-002 4.3008694e-002
7.2335663e+002 4.2235925e-002 4.2235925e-002 4.2234873e-002
7.2336795e+002 4.1526424e-002 4.1526424e-002 4.1525462e-002
7.2337927e+002 4.0879606e-002 4.0879606e-002 4.0878929e-002
7.2339059e+002 4.0293987e-002 4.0293987e-002 4.0293692e-002
7.2340191e+002 3.9768130e-002 3.9768130e-002 3.9768105e-002
7.2341324e+002 3.9300597e-002 3.9300597e-002 3.9300526e-002
7.2342456e+002 3.8889791e-002 3.8889791e-002 3.8889382e-002
7.2343588e+002 3.8533937e-002 3.8533937e-002 3.8533185e-002
7.2344720e+002 3.8231257e-002 3.8231257e-002 3.8230448e-002
7.2345852e+002 3.7980147e-002 3.7980147e-002 3.7979611e-002
7.2346985e+002 3.7779193e-002 3.7779193e-002 3.7779032e-002
7.2348117e+002 3.7626991e-002 3.7626991e-002 3.7627072e-002
7.2349249e+002 3.7522108e-002 3.7522108e-002 3.7522222e-002
7.2350381e+002 3.7463082e-002 3.7463082e-002 3.7463124e-002
7.2351513e+002 3.7448447e-002 3.7448447e-002 3.7448425e-002
7.2352646e+002 3.7476763e-002 3.7476763e-002 3.7476731e-002
7.2353778e+002 3.7546615e-002 3.7546615e-002 3.7546602e-002
7.2354910e+002 3.7656590e-002 3.7656590e-002 3.7656597e-002
7.2356042e+002 3.7805381e-002 3.7805381e-002 3.7805394e-002
7.2357174e+002 3.7991795e-002 3.7991795e-002 3.7991802e-002
7.2358307e+002 3.8214648e-002 3.8214648e-002 3.8214640e-002
7.2359439e+002 3.8472820e-002 3.8472820e-002 3.8472797e-002
7.2360571e+002 3.8765266e-002 3.8765266e-002 3.8765248e-002
7.2361703e+002 3.9090946e-002 3.9090946e-002 3.9090970e-002
7.2362835e+002 3.9448872e-002 3.9448872e-002 3.9448949e-002
7.2363968e+002 3.9838116e-002 3.9838116e-002 3.9838180e-002
7.2365100e+002 4.0257756e-002 4.0257756e-002 4.0257667e-002
7.2366232e+002 4.0707012e-002 4.0707012e-002 4.0706636e-002
7.2367364e+002 4.1185259e-002 4.1185259e-002 4.1184571e-002
7.2368496e+002 4.1691891e-002 4.1691891e-002 4.1690974e-002
7.2369629e+002 4.2226428e-002 4.2226428e-002 4.2225427e-002
7.2370761e+002 4.2788546e-002 4.2788546e-002 4.2787610e-002
7.2371893e+002 4.3377936e-002 4.3377936e-002 4.3377212e-002
7.2373025e+002 4.3994522e-002 4.3994522e-002 4.3994107e-002
7.2374157e+002 4.4638504e-002 4.4638504e-002 4.4638385e-002
7.2375290e+002 4.5310102e-002 4.5310102e-002 4.5310156e-002
7.2376422e+002 4.6009686e-002 4.6009686e-002 4.6009766e-002
7.2377554e+002 4.6737809e-002 4.6737809e-002 4.6737840e-002
7.2378686e+002 4.7495040e-002 4.7495040e-002 4.7495025e-002
7.2379818e+002 4.8282155e-002 4.8282155e-002 4.8282133e-002
7.2380951e+002 4.9100183e-002 4.9100183e-002 4.9100175e-002
7.2382083e+002 4.9950177e-002 4.9950177e-002 4.9950181e-002
7.2383215e+002 5.0833483e-002 5.0833483e-002 5.0833489e-002
7.2384347e+002 5.1751807e-002 5.1751807e-002 5.1751809e-002
7.2385479e+002 5.2706877e-002 5.2706877e-002 5.2706876e-002
7.2386612e+002 5.3700552e-002 5.3700552e-002 5.3700551e-002
7.2387744e+002 5.4734844e-002 5.4734844e-002 5.4734844e-002
7.2388876e+002 5.5811780e-002 5.5811780e-002 5.5811780e-002
7.2390008e+002 5.6933534e-002 5.6933534e-002 5.6933535e-002
7.2391140e+002 5.8102467e-002 5.8102467e-002 5.8102468e-002
7.2392273e+002 5.9320953e-002 5.9320953e-002 5.9320953e-002
7.2393405e+002 6.0591513e-002 6.0591513e-002 6.0591512e-002
7.2394537e+002 6.1916846e-002 6.1916846e-002 6.1916846e-002
7.2395669e+002 6.3299663e-002 6.3299663e-002 6.3299664e-002
7.2396801e+002 6.4742573e-002 6.4742573e-002 6.4742573e-002
7.2397934e+002 6.6248056e-002 6.6248056e-002 6.6248056e-002
7.2399066e+002 6.7818585e-002 6.7818585e-002 6.7818584e-002
7.2400198e+002 6.9456578e-002 6.9456578e-002 6.9456577e-002
7.2401330e+002 7.1164390e-002 7.1164390e-002 7.1164388e-002
7.2402462e+002 7.2944361e-002 7.2944361e-002 7.2944363e-002
7.2403595e+002 7.4798602e-002 7.4798602e-002 7.4798607e-002
7.2404727e+002 7.6728926e-002 7.6728926e-002 7.6728931e-002
7.2405859e+002 7.8737120e-002 7.8737120e-002 7.8737114e-002
7.2406991e+002 8.0824636e-002 8.0824636e-002 8.0824615e-002
7.2408123e+002 8.2992497e-002 8.2992497e-002 8.2992477e-002
7.2409256e+002 8.5241687e-002 8.5241687e-002 8.5241709e-002
7.2410388e+002 8.7572834e-002 8.7572834e-002 8.7572914e-002
7.2411520e+002 8.9986102e-002 8.9986102e-002 8.9986174e-002
7.2412652e+002 9.2481611e-002 9.2481611e-002 9.2481526e-002
7.2413784e+002 9.5058946e-002 9.5058946e-002 9.5058562e-002
7.2414917e+002 9.7716991e-002 9.7716991e-002 9.7716296e-002
7.2416049e+002 1.0045458e-001 1.0045458e-001 1.0045369e-001
7.2417181e+002 1.0327005e-001 1.0327005e-001 1.0326913e-001
7.2418313e+002 1.0616113e-001 1.0616113e-001 1.0616026e-001
7.2419445e+002 1.0912547e-001 1.0912547e-001 1.0912465e-001
7.2420578e+002 1.1216024e-001 1.1216024e-001 1.1215943e-001
7.2421710e+002 1.1526189e-001 1.1526189e-001 1.1526107e-001
7.2422842e+002 1.1842685e-001 1.1842685e-001 1.1842601e-001
7.2423974e+002 1.2165087e-001 1.2165087e-001 1.2165003e-001
7.2425106e+002 1.2492884e-001 1.2492884e-001 1.2492801e-001
7.2426239e+002 1.2825560e-001 1.2825560e-001 1.2825476e-001
7.2427371e+002 1.3162552e-001 1.3162552e-001 1.3162469e-001
7.2428503e+002 1.3503243e-001 1.3503243e-001 1.3503161e-001
7.2429635e+002 1.3847010e-001 1.3847010e-001 1.3846926e-001
7.2430767e+002 1.4193164e-001 1.4193164e-001 1.4193078e-001
7.2431900e+002 1.4540933e-001 1.4540933e-001 1.4540848e-001
7.2433032e+002 1.4889539e-001 1.4889539e-001 1.4889458e-001
7.2434164e+002 1.5238161e-001 1.5238161e-001 1.5238086e-001
7.2435296e+002 1.5585924e-001 1.5585924e-001 1.5585848e-001
7.2436428e+002 1.5931946e-001 1.5931946e-001 1.5931855e-001
7.2437561e+002 1.6275305e-001 1.6275305e-001 1.6275185e-001
7.2438693e+002 1.6615024e-001 1.6615024e-001 1.6614873e-001
7.2439825e+002 1.6950119e-001 1.6950119e-001 1.6949946e-001
7.2440957e+002 1.7279567e-001 1.7279567e-001 1.7279390e-001
7.2442089e+002 1.7602293e-001 1.7602293e-001 1.7602121e-001
7.2443222e+002 1.7917218e-001 1.7917218e-001 1.7917055e-001
7.2444354e+002 1.8223259e-001 1.8223259e-001 1.8223102e-001
7.2445486e+002 1.8519328e-001 1.8519328e-001 1.8519169e-001
7.2446618e+002 1.8804339e-001 1.8804339e-001 1.8804164e-001
7.2447750e+002 1.9077196e-001 1.9077196e-001 1.9076992e-001
7.2448883e+002 1.9336792e-001 1.9336792e-001 1.9336557e-001
7.2450015e+002 1.9582021e-001 1.9582021e-001 1.9581765e-001
7.2451147e+002 1.9811810e-001 1.9811810e-001 1.9811549e-001
7.2452279e+002 2.0025138e-001 2.0025138e-001 2.0024882e-001
7.2453411e+002 2.0220988e-001 2.0220988e-001 2.0220742e-001
7.2454544e+002 2.0398391e-001 2.0398391e-001 2.0398154e-001
7.2455676e+002 2.0556447e-001 2.0556447e-001 2.0556208e-001
7.2456808e+002 2.0694263e-001 2.0694263e-001 2.0694002e-001
7.2457940e+002 2.0811028e-001 2.0811028e-001 2.0810730e-001
7.2459072e+002 2.0906049e-001 2.0906049e-001 2.0905720e-001
7.2460205e+002 2.0978644e-001 2.0978644e-001 2.0978315e-001
7.2461337e+002 2.1028242e-001 2.1028242e-001 2.1027948e-001
7.2462469e+002 2.1054438e-001 2.1054438e-001 2.1054179e-001
7.2463601e+002 2.1056840e-001 2.1056840e-001 2.1056586e-001
7.2464733e+002 2.1035168e-001 2.1035168e-001 2.1034882e-001
7.2465866e+002 2.0989304e-001 2.0989304e-001 2.0988980e-001
7.2466998e+002 2.0919144e-001 2.0919144e-001 2.0918814e-001
7.2468130e+002 2.0824735e-001 2.0824735e-001 2.0824437e-001
7.2469262e+002 2.0706336e-001 2.0706336e-001 2.0706076e-001
7.2470394e+002 2.0564230e-001 2.0564230e-001 2.0563977e-001
7.2471527e+002 2.0398817e-001 2.0398817e-001 2.0398532e-001
7.2472659e+002 2.0210680e-001 2.0210680e-001 2.0210357e-001
7.2473791e+002 2.0000416e-001 2.0000416e-001 2.0000086e-001
7.2474923e+002 1.9768754e-001 1.9768754e-001 1.9768455e-001
7.2476055e+002 1.9516614e-001 1.9516614e-001 1.9516353e-001
7.2477188e+002 1.9244935e-001 1.9244935e-001 1.9244682e-001
7.2478320e+002 1.8954738e-001 1.8954738e-001 1.8954456e-001
7.2479452e+002 1.8647171e-001 1.8647171e-001 1.8646851e-001
7.2480584e+002 1.8323391e-001 1.8323391e-001 1.8323058e-001
7.2481716e+002 1.7984632e-001 1.7984632e-001 1.7984323e-001
7.2482849e+002 1.7632243e-001 1.7632243e-001 1.7631972e-001
7.2483981e+002 1.7267582e-001 1.7267582e-001 1.7267339e-001
7.2485113e+002 1.6892026e-001 1.6892026e-001 1.6891788e-001
7.2486245e+002 1.6506975e-001 1.6506975e-001 1.6506730e-001
7.2487377e+002 1.6113833e-001 1.6113833e-001 1.6113581e-001
7.2488510e+002 1.5714006e-001 1.5714006e-001 1.5713753e-001
7.2489642e+002 1.5308903e-001 1.5308903e-001 1.5308652e-001
7.2490774e+002 1.4899933e-001 1.4899933e-001 1.4899683e-001
7.2491906e+002 1.4488450e-001 1.4488450e-001 1.4488201e-001
7.2493038e+002 1.4075732e-001 1.4075732e-001 1.4075482e-001
7.2494171e+002 1.3663044e-001 1.3663044e-001 1.3662794e-001
7.2495303e+002 1.3251602e-001 1.3251602e-001 1.3251351e-001
7.2496435e+002 1.2842538e-001 1.2842538e-001 1.2842288e-001
7.2497567e+002 1.2436976e-001 1.2436976e-001 1.2436726e-001
7.2498699e+002 1.2035950e-001 1.2035950e-001 1.2035700e-001
7.2499832e+002 1.1640350e-001 1.1640350e-001 1.1640100e-001
7.2500964e+002 1.1251051e-001 1.1251051e-001 1.1250802e-001
7.2502096e+002 1.0868846e-001 1.0868846e-001 1.0868598e-001
7.2503228e+002 1.0494393e-001 1.0494393e-001 1.0494146e-001
7.2504360e+002 1.0128339e-001 1.0128339e-001 1.0128087e-001
7.2505493e+002 9.7712382e-002 9.7712382e-002 9.7709785e-002
7.2506625e+002 9.4234964e-002 9.4234964e-002 9.4232366e-002
7.2507757e+002 9.0855059e-002 9.0855059e-002 9.0852642e-002
7.2508889e+002 8.7575894e-002 8.7575894e-002 8.7573826e-002
7.2510021e+002 8.4399564e-002 8.4399564e-002 8.4397814e-002
7.2511154e+002 8.1328054e-002 8.1328054e-002 8.1326368e-002
7.2512286e+002 7.8362604e-002 7.8362604e-002 7.8360669e-002
7.2513418e+002 7.5503239e-002 7.5503239e-002 7.5500940e-002
7.2514550e+002 7.2749863e-002 7.2749863e-002 7.2747308e-002
7.2515682e+002 7.0101898e-002 7.0101898e-002 7.0099293e-002
7.2516815e+002 6.7557963e-002 6.7557963e-002 6.7555418e-002
7.2517947e+002 6.5116598e-002 6.5116598e-002 6.5114107e-002
7.2519079e+002 6.2776010e-002 6.2776010e-002 6.2773513e-002
7.2520211e+002 6.0533855e-002 6.0533855e-002 6.0531341e-002
7.2521343e+002 5.8387729e-002 5.8387729e-002 5.8385247e-002
7.2522476e+002 5.6335028e-002 5.6335028e-002 5.6332622e-002
7.2523608e+002 5.4372803e-002 5.4372803e-002 5.4370404e-002
7.2524740e+002 5.2498071e-002 5.2498071e-002 5.2495490e-002
7.2525872e+002 5.0707703e-002 5.0707703e-002 5.0704759e-002
7.2527004e+002 4.8998322e-002 4.8998322e-002 4.8995056e-002
7.2528137e+002 4.7366527e-002 4.7366527e-002 4.7363226e-002
7.2529269e+002 4.5808998e-002 4.5808998e-002 4.5806001e-002
7.2530401e+002 4.4322554e-002 4.4322554e-002 4.4319923e-002
7.2531533e+002 4.2904025e-002 4.2904025e-002 4.2901521e-002
7.2532665e+002 4.1550259e-002 4.1550259e-002 4.1547524e-002
7.2533798e+002 4.0258128e-002 4.0258128e-002 4.0255016e-002
7.2534930e+002 3.9024505e-002 3.9024505e-002 3.9021114e-002
7.2536062e+002 3.7846382e-002 3.7846382e-002 3.7842928e-002
7.2537194e+002 3.6720948e-002 3.6720948e-002 3.6717557e-002
7.2538326e+002 3.5645415e-002 3.5645415e-002 3.5642099e-002
7.2539459e+002 3.4617151e-002 3.4617151e-002 3.4613857e-002
7.2540591e+002 3.3633800e-002 3.3633800e-002 3.3630489e-002
7.2541723e+002 3.2693034e-002 3.2693034e-002 3.2689691e-002
7.2542855e+002 3.1792600e-002 3.1792600e-002 3.1789231e-002
7.2543987e+002 3.0930371e-002 3.0930371e-002 3.0927005e-002
7.2545120e+002 3.0104235e-002 3.0104235e-002 3.0100924e-002
7.2546252e+002 2.9312259e-002 2.9312259e-002 2.9309029e-002
7.2547384e+002 2.8552820e-002 2.8552820e-002 2.8549594e-002
7.2548516e+002 2.7824327e-002 2.7824327e-002 2.7820918e-002
7.2549648e+002 2.7125222e-002 2.7125222e-002 2.7121449e-002
7.2550781e+002 2.6454004e-002 2.6454004e-002 2.6449908e-002
7.2551913e+002 2.5809179e-002 2.5809179e-002 2.5805042e-002
7.2553045e+002 2.5189444e-002 2.5189444e-002 2.5185607e-002
7.2554177e+002 2.4593844e-002 2.4593844e-002 2.4590375e-002
7.2555309e+002 2.4021458e-002 2.4021458e-002 2.4018121e-002
7.2556442e+002 2.3471306e-002 2.3471306e-002 2.3467743e-002
7.2557574e+002 2.2942295e-002 2.2942295e-002 2.2938357e-002
7.2558706e+002 2.2433327e-002 2.2433327e-002 2.2429106e-002
7.2559838e+002 2.1943471e-002 2.1943471e-002 2.1939185e-002
7.2560970e+002 2.1472116e-002 2.1472116e-002 2.1467892e-002
7.2562103e+002 2.1018685e-002 2.1018685e-002 2.1014533e-002
7.2563235e+002 2.0582576e-002 2.0582576e-002 2.0578441e-002
7.2564367e+002 2.0163145e-002 2.0163145e-002 2.0158994e-002
7.2565499e+002 1.9759746e-002 1.9759746e-002 1.9755576e-002
7.2566631e+002 1.9371772e-002 1.9371772e-002 1.9367598e-002
7.2567764e+002 1.8998690e-002 1.8998690e-002 1.8994520e-002
7.2568896e+002 1.8639978e-002 1.8639978e-002 1.8635811e-002
7.2570028e+002 1.8295153e-002 1.8295153e-002 1.8290984e-002
7.2571160e+002 1.7963810e-002 1.7963810e-002 1.7959639e-002
7.2572292e+002 1.7645551e-002 1.7645551e-002 1.7641388e-002
7.2573425e+002 1.7340015e-002 1.7340015e-002 1.7335868e-002
7.2574557e+002 1.7046907e-002 1.7046907e-002 1.7042762e-002
7.2575689e+002 1.6765941e-002 1.6765941e-002 1.6761761e-002
7.2576821e+002 1.6496825e-002 1.6496825e-002 1.6492584e-002
7.2577953e+002 1.6239257e-002 1.6239257e-002 1.6235010e-002
7.2579086e+002 1.5992937e-002 1.5992937e-002 1.5988821e-002
7.2580218e+002 1.5757605e-002 1.5757605e-002 1.5753773e-002
7.2581350e+002 1.5533086e-002 1.5533086e-002 1.5529572e-002
7.2582482e+002 1.5319213e-002 1.5319213e-002 1.5315917e-002
7.2583614e+002 1.5115828e-002 1.5115828e-002 1.5112585e-002
7.2584747e+002 1.4922789e-002 1.4922789e-002 1.4919502e-002
7.2585879e+002 1.4739956e-002 1.4739956e-002 1.4736612e-002
7.2587011e+002 1.4567170e-002 1.4567170e-002 1.4563809e-002
7.2588143e+002 1.4404241e-002 1.4404241e-002 1.4400891e-002
7.2589275e+002 1.4250974e-002 1.4250974e-002 1.4247646e-002
7.2590408e+002 1.4107236e-002 1.4107236e-002 1.4103923e-002
7.2591540e+002 1.3973007e-002 1.3973007e-002 1.3969693e-002
7.2592672e+002 1.3848283e-002 1.3848283e-002 1.3844940e-002
7.2593804e+002 1.3733012e-002 1.3733012e-002 1.3729623e-002
7.2594936e+002 1.3627048e-002 1.3627048e-002 1.3623654e-002
7.2596069e+002 1.3530234e-002 1.3530234e-002 1.3526936e-002
7.2597201e+002 1.3442430e-002 1.3442430e-002 1.3439355e-002
7.2598333e+002 1.3363524e-002 1.3363524e-002 1.3360760e-002
7.2599465e+002 1.3293411e-002 1.3293411e-002 1.3290993e-002
7.2600597e+002 1.3231969e-002 1.3231969e-002 1.3229884e-002
7.2601730e+002 1.3179045e-002 1.3179045e-002 1.3177235e-002
7.2602862e+002 1.3134484e-002 1.3134484e-002 1.3132845e-002
7.2603994e+002 1.3098117e-002 1.3098117e-002 1.3096530e-002
7.2605126e+002 1.3069756e-002 1.3069756e-002 1.3068139e-002
7.2606258e+002 1.3049208e-002 1.3049208e-002 1.3047526e-002
7.2607391e+002 1.3036229e-002 1.3036229e-002 1.3034492e-002
7.2608523e+002 1.3030462e-002 1.3030462e-002 1.3028728e-002
7.2609655e+002 1.3031542e-002 1.3031542e-002 1.3029909e-002
7.2610787e+002 1.3039100e-002 1.3039100e-002 1.3037688e-002
7.2611919e+002 1.3052768e-002 1.3052768e-002 1.3051663e-002
7.2613052e+002 1.3072177e-002 1.3072177e-002 1.3071424e-002
7.2614184e+002 1.3096959e-002 1.3096959e-002 1.3096553e-002
7.2615316e+002 1.3126737e-002 1.3126737e-002 1.3126610e-002
7.2616448e+002 1.3161136e-002 1.3161136e-002 1.3161153e-002
7.2617580e+002 1.3199680e-002 1.3199680e-002 1.3199695e-002
7.2618713e+002 1.3241680e-002 1.3241680e-002 1.3241656e-002
7.2619845e+002 1.3286422e-002 1.3286422e-002 1.3286446e-002
7.2620977e+002 1.3333266e-002 1.3333266e-002 1.3333495e-002
7.2622109e+002 1.3381736e-002 1.3381736e-002 1.3382281e-002
7.2623241e+002 1.3431376e-002 1.3431376e-002 1.3432289e-002
7.2624374e+002 1.3481687e-002 1.3481687e-002 1.3482958e-002
7.2625506e+002 1.3532082e-002 1.3532082e-002 1.3533631e-002
7.2626638e+002 1.3581962e-002 1.3581962e-002 1.3583640e-002
7.2627770e+002 1.3630711e-002 1.3630711e-002 1.3632365e-002
7.2628902e+002 1.3677679e-002 1.3677679e-002 1.3679291e-002
7.2630035e+002 1.3722209e-002 1.3722209e-002 1.3723913e-002
7.2631167e+002 1.3763701e-002 1.3763701e-002 1.3765690e-002
7.2632299e+002 1.3801667e-002 1.3801667e-002 1.3803986e-002
7.2633431e+002 1.3835636e-002 1.3835636e-002 1.3838159e-002
7.2634563e+002 1.3865153e-002 1.3865153e-002 1.3867678e-002
7.2635696e+002 1.3889801e-002 1.3889801e-002 1.3892270e-002
7.2636828e+002 1.3909164e-002 1.3909164e-002 1.3911694e-002
7.2637960e+002 1.3922870e-002 1.3922870e-002 1.3925658e-002
7.2639092e+002 1.3930633e-002 1.3930633e-002 1.3933752e-002
7.2640224e+002 1.3932179e-002 1.3932179e-002 1.3935548e-002
7.2641357e+002 1.3927268e-002 1.3927268e-002 1.3930718e-002
7.2642489e+002 1.3915738e-002 1.3915738e-002 1.3919147e-002
7.2643621e+002 1.3897434e-002 1.3897434e-002 1.3900748e-002
7.2644753e+002 1.3872236e-002 1.3872236e-002 1.3875469e-002
7.2645885e+002 1.3840099e-002 1.3840099e-002 1.3843331e-002
7.2647018e+002 1.3800987e-002 1.3800987e-002 1.3804362e-002
7.2648150e+002 1.3754958e-002 1.3754958e-002 1.3758628e-002
7.2649282e+002 1.3702277e-002 1.3702277e-002 1.3706266e-002
7.2650414e+002 1.3643238e-002 1.3643238e-002 1.3647427e-002
7.2651546e+002 1.3578096e-002 1.3578096e-002 1.3582300e-002
7.2652679e+002 1.3507014e-002 1.3507014e-002 1.3511168e-002
7.2653811e+002 1.3430139e-002 1.3430139e-002 1.3434324e-002
7.2654943e+002 1.3347690e-002 1.3347690e-002 1.3352073e-002
7.2656075e+002 1.3260048e-002 1.3260048e-002 1.3264747e-002
7.2657207e+002 1.3167613e-002 1.3167613e-002 1.3172681e-002
7.2658340e+002 1.3070804e-002 1.3070804e-002 1.3076227e-002
7.2659472e+002 1.2970074e-002 1.2970074e-002 1.2975776e-002
7.2660604e+002 1.2865879e-002 1.2865879e-002 1.2871726e-002
7.2661736e+002 1.2758650e-002 1.2758650e-002 1.2764496e-002
7.2662868e+002 1.2648746e-002 1.2648746e-002 1.2654553e-002
7.2664001e+002 1.2536520e-002 1.2536520e-002 1.2542373e-002
7.2665133e+002 1.2422323e-002 1.2422323e-002 1.2428380e-002
7.2666265e+002 1.2306508e-002 1.2306508e-002 1.2312879e-002
7.2667397e+002 1.2189426e-002 1.2189426e-002 1.2196155e-002
7.2668529e+002 1.2071458e-002 1.2071458e-002 1.2078530e-002
7.2669662e+002 1.1953048e-002 1.1953048e-002 1.1960399e-002
7.2670794e+002 1.1834651e-002 1.1834651e-002 1.1842170e-002
7.2671926e+002 1.1716613e-002 1.1716613e-002 1.1724173e-002
7.2673058e+002 1.1599017e-002 1.1599017e-002 1.1606547e-002
7.2674190e+002 1.1481909e-002 1.1481909e-002 1.1489406e-002
7.2675323e+002 1.1365399e-002 1.1365399e-002 1.1372900e-002
7.2676455e+002 1.1249749e-002 1.1249749e-002 1.1257262e-002
7.2677587e+002 1.1135250e-002 1.1135250e-002 1.1142743e-002
7.2678719e+002 1.1022089e-002 1.1022089e-002 1.1029525e-002
7.2679851e+002 1.0910214e-002 1.0910214e-002 1.0917633e-002
7.2680984e+002 1.0799536e-002 1.0799536e-002 1.0807067e-002
7.2682116e+002 1.0690006e-002 1.0690006e-002 1.0697810e-002
7.2683248e+002 1.0581679e-002 1.0581679e-002 1.0589804e-002
7.2684380e+002 1.0474625e-002 1.0474625e-002 1.0482984e-002
7.2685512e+002 1.0368847e-002 1.0368847e-002 1.0377275e-002
7.2686645e+002 1.0264179e-002 1.0264179e-002 1.0272569e-002
7.2687777e+002 1.0160430e-002 1.0160430e-002 1.0168755e-002
7.2688909e+002 1.0057447e-002 1.0057447e-002 1.0065738e-002
7.2690041e+002 9.9551717e-003 9.9551717e-003 9.9634688e-003
7.2691173e+002 9.8535603e-003 9.8535603e-003 9.8619031e-003
7.2692306e+002 9.7525328e-003 9.7525328e-003 9.7609403e-003
7.2693438e+002 9.6519144e-003 9.6519144e-003 9.6603353e-003
7.2694570e+002 9.5515154e-003 9.5515154e-003 9.5598199e-003
7.2695702e+002 9.4511635e-003 9.4511635e-003 9.4591958e-003
7.2696834e+002 9.3507301e-003 9.3507301e-003 9.3584428e-003
7.2697967e+002 9.2500940e-003 9.2500940e-003 9.2575690e-003
7.2699099e+002 9.1491481e-003 9.1491481e-003 9.1565473e-003
7.2700231e+002 9.0478235e-003 9.0478235e-003 9.0552582e-003
7.2701363e+002 8.9460570e-003 8.9460570e-003 8.9535677e-003
7.2702495e+002 8.8438024e-003 8.8438024e-003 8.8513687e-003
7.2703628e+002 8.7410570e-003 8.7410570e-003 8.7486238e-003
7.2704760e+002 8.6378255e-003 8.6378255e-003 8.6453071e-003
7.2705892e+002 8.5341223e-003 8.5341223e-003 8.5414121e-003
7.2707024e+002 8.4299882e-003 8.4299882e-003 8.4369839e-003
7.2708156e+002 8.3254682e-003 8.3254682e-003 8.3320760e-003
7.2709289e+002 8.2205964e-003 8.2205964e-003 8.2267730e-003
7.2710421e+002 8.1153775e-003 8.1153775e-003 8.1212430e-003
7.2711553e+002 8.0098112e-003 8.0098112e-003 8.0156673e-003
7.2712685e+002 7.9039763e-003 7.9039763e-003 7.9101735e-003
7.2713817e+002 7.7981628e-003 7.7981628e-003 7.8047444e-003
7.2714950e+002 7.6926956e-003 7.6926956e-003 7.6993391e-003
7.2716082e+002 7.5878198e-003 7.5878198e-003 7.5940109e-003
7.2717214e+002 7.4835638e-003 7.4835638e-003 7.4890696e-003
7.2718346e+002 7.3799201e-003 7.3799201e-003 7.3848675e-003
7.2719478e+002 7.2769448e-003 7.2769448e-003 7.2816988e-003
7.2720611e+002 7.1748682e-003 7.1748682e-003 7.1796987e-003
7.2721743e+002 7.0739495e-003 7.0739495e-003 7.0789755e-003
7.2722875e+002 6.9744491e-003 6.9744491e-003 6.9796444e-003
7.2724007e+002 6.8766285e-003 6.8766285e-003 6.8818396e-003
7.2725139e+002 6.7807499e-003 6.7807499e-003 6.7856984e-003
7.2726272e+002 6.6870098e-003 6.6870098e-003 6.6913882e-003
7.2727404e+002 6.5954245e-003 6.5954245e-003 6.5991602e-003
7.2728536e+002 6.5059786e-003 6.5059786e-003 6.5092799e-003
7.2729668e+002 6.4187429e-003 6.4187429e-003 6.4219726e-003
7.2730800e+002 6.3340283e-003 6.3340283e-003 6.3373507e-003
7.2731933e+002 6.2521873e-003 6.2521873e-003 6.2555071e-003
7.2733065e+002 6.1734672e-003 6.1734672e-003 6.1765367e-003
7.2734197e+002 6.0978170e-003 6.0978170e-003 6.1005399e-003
7.2735329e+002 6.0251336e-003 6.0251336e-003 6.0276183e-003
7.2736461e+002 5.9553938e-003 5.9553938e-003 5.9578626e-003
7.2737594e+002 5.8888018e-003 5.8888018e-003 5.8913334e-003
7.2738726e+002 5.8256023e-003 5.8256023e-003 5.8280857e-003
7.2739858e+002 5.7659530e-003 5.7659530e-003 5.7681728e-003
7.2740990e+002 5.7097615e-003 5.7097615e-003 5.7116430e-003
7.2742122e+002 5.6568912e-003 5.6568912e-003 5.6585439e-003
7.2743255e+002 5.6072629e-003 5.6072629e-003 5.6088986e-003
7.2744387e+002 5.5609644e-003 5.5609644e-003 5.5626594e-003
7.2745519e+002 5.5181140e-003 5.5181140e-003 5.5197661e-003
7.2746651e+002 5.4787692e-003 5.4787692e-003 5.4801740e-003
7.2747783e+002 5.4428114e-003 5.4428114e-003 5.4438838e-003
7.2748916e+002 5.4100894e-003 5.4100894e-003 5.4109045e-003
7.2750048e+002 5.3804708e-003 5.3804708e-003 5.3812074e-003
7.2751180e+002 5.3538775e-003 5.3538775e-003 5.3546526e-003
7.2752312e+002 5.3302416e-003 5.3302416e-003 5.3310796e-003
7.2753444e+002 5.3094810e-003 5.3094810e-003 5.3103402e-003
7.2754577e+002 5.2914727e-003 5.2914727e-003 5.2923216e-003
7.2755709e+002 5.2760859e-003 5.2760859e-003 5.2769180e-003
7.2756841e+002 5.2631863e-003 5.2631863e-003 5.2640127e-003
7.2757973e+002 5.2526284e-003 5.2526284e-003 5.2534575e-003
7.2759105e+002 5.2442646e-003 5.2442646e-003 5.2450982e-003
7.2760238e+002 5.2379355e-003 5.2379355e-003 5.2387707e-003
7.2761370e+002 5.2334456e-003 5.2334456e-003 5.2342801e-003
7.2762502e+002 5.2305928e-003 5.2305928e-003 5.2314261e-003
7.2763634e+002 5.2291857e-003 5.2291857e-003 5.2300186e-003
7.2764766e+002 5.2290668e-003 5.2290668e-003 5.2298999e-003
7.2765899e+002 5.2300847e-003 5.2300847e-003 5.2309180e-003
7.2767031e+002 5.2320562e-003 5.2320562e-003 5.2328895e-003
7.2768163e+002 5.2346998e-003 5.2346998e-003 5.2355331e-003
7.2769295e+002 5.2377151e-003 5.2377151e-003 5.2385484e-003
7.2770427e+002 5.2408389e-003 5.2408389e-003 5.2416726e-003
7.2771560e+002 5.2439249e-003 5.2439249e-003 5.2447588e-003
7.2772692e+002 5.2468493e-003 5.2468493e-003 5.2476826e-003
7.2773824e+002 5.2494487e-003 5.2494487e-003 5.2502804e-003
7.2774956e+002 5.2514353e-003 5.2514353e-003 5.2522664e-003
7.2776088e+002 5.2524969e-003 5.2524969e-003 5.2533306e-003
7.2777221e+002 5.2523645e-003 5.2523645e-003 5.2532041e-003
7.2778353e+002 5.2509067e-003 5.2509067e-003 5.2517484e-003
7.2779485e+002 5.2480191e-003 5.2480191e-003 5.2488511e-003
7.2780617e+002 5.2435788e-003 5.2435788e-003 5.2443890e-003
7.2781749e+002 5.2374042e-003 5.2374042e-003 5.2382063e-003
7.2782882e+002 5.2293021e-003 5.2293021e-003 5.2301402e-003
7.2784014e+002 5.2191095e-003 5.2191095e-003 5.2200288e-003
7.2785146e+002 5.2067612e-003 5.2067612e-003 5.2077115e-003
7.2786278e+002 5.1922117e-003 5.1922117e-003 5.1930281e-003
7.2787410e+002 5.1753883e-003 5.1753883e-003 5.1758643e-003
7.2788543e+002 5.1561305e-003 5.1561305e-003 5.1562546e-003
7.2789675e+002 5.1342598e-003 5.1342598e-003 5.1342638e-003
7.2790807e+002 5.1096750e-003 5.1096750e-003 5.1099236e-003
7.2791939e+002 5.0825299e-003 5.0825299e-003 5.0831573e-003
7.2793071e+002 5.0530302e-003 5.0530302e-003 5.0538658e-003
7.2794204e+002 5.0213223e-003 5.0213223e-003 5.0219995e-003
7.2795336e+002 4.9873563e-003 4.9873563e-003 4.9876710e-003
7.2796468e+002 4.9510414e-003 4.9510414e-003 4.9510269e-003
7.2797600e+002 4.9123360e-003 4.9123360e-003 4.9121978e-003
7.2798732e+002 4.8713630e-003 4.8713630e-003 4.8712618e-003
7.2799865e+002 4.8282792e-003 4.8282792e-003 4.8282857e-003
7.2800997e+002 4.7832503e-003 4.7832503e-003 4.7833507e-003
7.2802129e+002 4.7364715e-003 4.7364715e-003 4.7365864e-003
7.2803261e+002 4.6881441e-003 4.6881441e-003 4.6881327e-003
7.2804393e+002 4.6384585e-003 4.6384585e-003 4.6381599e-003
7.2805526e+002 4.5875682e-003 4.5875682e-003 4.5869431e-003
7.2806658e+002 4.5356186e-003 4.5356186e-003 4.5347794e-003
7.2807790e+002 4.4827541e-003 4.4827541e-003 4.4819015e-003
7.2808922e+002 4.4291153e-003 4.4291153e-003 4.4283209e-003
7.2810054e+002 4.3748419e-003 4.3748419e-003 4.3740014e-003
7.2811187e+002 4.3200887e-003 4.3200887e-003 4.3189907e-003
7.2812319e+002 4.2650633e-003 4.2650633e-003 4.2636272e-003
7.2813451e+002 4.2099844e-003 4.2099844e-003 4.2083118e-003
7.2814583e+002 4.1550468e-003 4.1550468e-003 4.1533521e-003
7.2815715e+002 4.1003617e-003 4.1003617e-003 4.0987282e-003
7.2816848e+002 4.0460219e-003 4.0460219e-003 4.0443491e-003
7.2817980e+002 3.9921305e-003 3.9921305e-003 3.9902035e-003
7.2819112e+002 3.9388281e-003 3.9388281e-003 3.9365622e-003
7.2820244e+002 3.8862632e-003 3.8862632e-003 3.8837580e-003
7.2821376e+002 3.8345661e-003 3.8345661e-003 3.8320368e-003
7.2822509e+002 3.7838028e-003 3.7838028e-003 3.7813349e-003
7.2823641e+002 3.7340249e-003 3.7340249e-003 3.7315197e-003
7.2824773e+002 3.6852769e-003 3.6852769e-003 3.6825199e-003
7.2825905e+002 3.6375790e-003 3.6375790e-003 3.6344834e-003
7.2827037e+002 3.5909456e-003 3.5909456e-003 3.5876077e-003
7.2828170e+002 3.5454023e-003 3.5454023e-003 3.5420349e-003
7.2829302e+002 3.5010152e-003 3.5010152e-003 3.4977073e-003
7.2830434e+002 3.4578594e-003 3.4578594e-003 3.4545222e-003
7.2831566e+002 3.4159726e-003 3.4159726e-003 3.4124007e-003
7.2832698e+002 3.3752557e-003 3.3752557e-003 3.3713522e-003
7.2833831e+002 3.3355779e-003 3.3355779e-003 3.3314062e-003
7.2834963e+002 3.2968464e-003 3.2968464e-003 3.2925842e-003
7.2836095e+002 3.2591070e-003 3.2591070e-003 3.2548778e-003
7.2837227e+002 3.2224376e-003 3.2224376e-003 3.2182721e-003
7.2838359e+002 3.1868697e-003 3.1868697e-003 3.1827272e-003
7.2839492e+002 3.1522626e-003 3.1522626e-003 3.1481107e-003
7.2840624e+002 3.1184353e-003 3.1184353e-003 3.1142685e-003
7.2841756e+002 3.0852555e-003 3.0852555e-003 3.0810878e-003
7.2842888e+002 3.0527721e-003 3.0527721e-003 3.0486094e-003
7.2844020e+002 3.0210769e-003 3.0210769e-003 3.0169100e-003
7.2845153e+002 2.9902128e-003 2.9902128e-003 2.9860262e-003
7.2846285e+002 2.9600376e-003 2.9600376e-003 2.9558405e-003
7.2847417e+002 2.9303652e-003 2.9303652e-003 2.9261995e-003
7.2848549e+002 2.9010592e-003 2.9010592e-003 2.8969734e-003
7.2849681e+002 2.8721729e-003 2.8721729e-003 2.8681241e-003
7.2850814e+002 2.8438047e-003 2.8438047e-003 2.8396353e-003
7.2851946e+002 2.8160003e-003 2.8160003e-003 2.8114994e-003
7.2853078e+002 2.7886008e-003 2.7886008e-003 2.7837424e-003
7.2854210e+002 2.7613979e-003 2.7613979e-003 2.7563984e-003
7.2855342e+002 2.7342501e-003 2.7342501e-003 2.7294749e-003
7.2856475e+002 2.7072746e-003 2.7072746e-003 2.7028771e-003
7.2857607e+002 2.6806516e-003 2.6806516e-003 2.6764853e-003
7.2858739e+002 2.6545064e-003 2.6545064e-003 2.6502130e-003
7.2859871e+002 2.6287485e-003 2.6287485e-003 2.6241038e-003
7.2861003e+002 2.6032344e-003 2.6032344e-003 2.5982336e-003
7.2862136e+002 2.5778487e-003 2.5778487e-003 2.5726656e-003
7.2863268e+002 2.5525883e-003 2.5525883e-003 2.5474134e-003
7.2864400e+002 2.5274781e-003 2.5274781e-003 2.5224781e-003
7.2865532e+002 2.5025460e-003 2.5025460e-003 2.4978474e-003
7.2866664e+002 2.4778334e-003 2.4778334e-003 2.4734542e-003
7.2867797e+002 2.4533850e-003 2.4533850e-003 2.4492181e-003
7.2868929e+002 2.4292352e-003 2.4292352e-003 2.4250942e-003
7.2870061e+002 2.4053755e-003 2.4053755e-003 2.4011826e-003
7.2871193e+002 2.3817869e-003 2.3817869e-003 2.3776196e-003
7.2872325e+002 2.3584586e-003 2.3584586e-003 2.3545036e-003
7.2873458e+002 2.3354135e-003 2.3354135e-003 2.3317782e-003
7.2874590e+002 2.3126832e-003 2.3126832e-003 2.3093477e-003
7.2875722e+002 2.2903068e-003 2.2903068e-003 2.2871418e-003
7.2876854e+002 2.2683537e-003 2.2683537e-003 2.2651957e-003
7.2877986e+002 2.2469015e-003 2.2469015e-003 2.2435714e-003
7.2879119e+002 2.2259899e-003 2.2259899e-003 2.2223263e-003
7.2880251e+002 2.2055028e-003 2.2055028e-003 2.2014975e-003
7.2881383e+002 2.1852834e-003 2.1852834e-003 2.1811169e-003
7.2882515e+002 2.1652288e-003 2.1652288e-003 2.1612105e-003
7.2883647e+002 2.1454601e-003 2.1454601e-003 2.1417796e-003
7.2884780e+002 2.1261573e-003 2.1261573e-003 2.1228190e-003
7.2885912e+002 2.1074705e-003 2.1074705e-003 2.1043224e-003
7.2887044e+002 2.0894237e-003 2.0894237e-003 2.0862799e-003
7.2888176e+002 2.0720081e-003 2.0720081e-003 2.0686807e-003
7.2889308e+002 2.0551935e-003 2.0551935e-003 2.0515231e-003
7.2890441e+002 2.0388600e-003 2.0388600e-003 2.0348456e-003
7.2891573e+002 2.0228638e-003 2.0228638e-003 2.0186969e-003
7.2892705e+002 2.0071166e-003 2.0071166e-003 2.0031184e-003
7.2893837e+002 1.9917693e-003 1.9917693e-003 1.9881188e-003
7.2894969e+002 1.9770371e-003 1.9770371e-003 1.9736980e-003
7.2896102e+002 1.9630772e-003 1.9630772e-003 1.9598484e-003
7.2897234e+002 1.9497948e-003 1.9497948e-003 1.9465303e-003
7.2898366e+002 1.9370270e-003 1.9370270e-003 1.9336951e-003
7.2899498e+002 1.9246460e-003 1.9246460e-003 1.9213031e-003
7.2900630e+002 1.9126770e-003 1.9126770e-003 1.9093534e-003
7.2901763e+002 1.9011874e-003 1.9011874e-003 1.8978555e-003
7.2902895e+002 1.8902184e-003 1.8902184e-003 1.8868192e-003
7.2904027e+002 1.8796954e-003 1.8796954e-003 1.8762545e-003
7.2905159e+002 1.8695124e-003 1.8695124e-003 1.8661714e-003
7.2906291e+002 1.8596048e-003 1.8596048e-003 1.8565711e-003
7.2907424e+002 1.8500938e-003 1.8500938e-003 1.8474146e-003
7.2908556e+002 1.8411525e-003 1.8411525e-003 1.8386522e-003
7.2909688e+002 1.8328963e-003 1.8328963e-003 1.8302419e-003
7.2910820e+002 1.8251814e-003 1.8251814e-003 1.8221785e-003
7.2911952e+002 1.8177911e-003 1.8177911e-003 1.8144673e-003
7.2913085e+002 1.8105609e-003 1.8105609e-003 1.8071170e-003
7.2914217e+002 1.8035634e-003 1.8035634e-003 1.8001523e-003
7.2915349e+002 1.7969385e-003 1.7969385e-003 1.7936026e-003
7.2916481e+002 1.7907828e-003 1.7907828e-003 1.7874753e-003
7.2917613e+002 1.7849948e-003 1.7849948e-003 1.7816765e-003
7.2918746e+002 1.7794167e-003 1.7794167e-003 1.7760836e-003
7.2919878e+002 1.7739308e-003 1.7739308e-003 1.7706048e-003
7.2921010e+002 1.7686061e-003 1.7686061e-003 1.7652909e-003
7.2922142e+002 1.7635655e-003 1.7635655e-003 1.7602343e-003
7.2923274e+002 1.7588933e-003 1.7588933e-003 1.7555052e-003
7.2924407e+002 1.7544929e-003 1.7544929e-003 1.7510719e-003
7.2925539e+002 1.7502155e-003 1.7502155e-003 1.7468730e-003
7.2926671e+002 1.7459475e-003 1.7459475e-003 1.7428515e-003
7.2927803e+002 1.7417437e-003 1.7417437e-003 1.7389702e-003
7.2928935e+002 1.7377080e-003 1.7377080e-003 1.7351976e-003
7.2930068e+002 1.7339182e-003 1.7339182e-003 1.7315071e-003
7.2931200e+002 1.7303290e-003 1.7303290e-003 1.7278944e-003
7.2932332e+002 1.7268582e-003 1.7268582e-003 1.7243613e-003
7.2933464e+002 1.7234406e-003 1.7234406e-003 1.7209131e-003
7.2934596e+002 1.7200918e-003 1.7200918e-003 1.7175683e-003
7.2935729e+002 1.7168516e-003 1.7168516e-003 1.7143500e-003
7.2936861e+002 1.7137436e-003 1.7137436e-003 1.7112650e-003
7.2937993e+002 1.7107144e-003 1.7107144e-003 1.7082429e-003
7.2939125e+002 1.7076870e-003 1.7076870e-003 1.7051903e-003
7.2940257e+002 1.7046063e-003 1.7046063e-003 1.7020487e-003
7.2941390e+002 1.7015232e-003 1.7015232e-003 1.6989326e-003
7.2942522e+002 1.6985209e-003 1.6985209e-003 1.6960092e-003
7.2943654e+002 1.6956617e-003 1.6956617e-003 1.6933954e-003
7.2944786e+002 1.6929059e-003 1.6929059e-003 1.6909616e-003
7.2945918e+002 1.6901823e-003 1.6901823e-003 1.6885024e-003
7.2947051e+002 1.6874315e-003 1.6874315e-003 1.6858532e-003
7.2948183e+002 1.6846523e-003 1.6846523e-003 1.6830518e-003
7.2949315e+002 1.6818616e-003 1.6818616e-003 1.6801989e-003
7.2950447e+002 1.6790745e-003 1.6790745e-003 1.6773802e-003
7.2951579e+002 1.6762974e-003 1.6762974e-003 1.6746065e-003
7.2952712e+002 1.6735339e-003 1.6735339e-003 1.6718652e-003
7.2953844e+002 1.6707831e-003 1.6707831e-003 1.6691389e-003
7.2954976e+002 1.6680208e-003 1.6680208e-003 1.6663851e-003
7.2956108e+002 1.6652158e-003 1.6652158e-003 1.6635535e-003
7.2957240e+002 1.6623328e-003 1.6623328e-003 1.6606039e-003
7.2958373e+002 1.6593152e-003 1.6593152e-003 1.6575490e-003
7.2959505e+002 1.6561003e-003 1.6561003e-003 1.6544181e-003
7.2960637e+002 1.6526456e-003 1.6526456e-003 1.6512282e-003
7.2961769e+002 1.6490156e-003 1.6490156e-003 1.6479327e-003
7.2962901e+002 1.6453089e-003 1.6453089e-003 1.6444648e-003
7.2964034e+002 1.6415931e-003 1.6415931e-003 1.6407728e-003
7.2965166e+002 1.6377735e-003 1.6377735e-003 1.6368847e-003
7.2966298e+002 1.6337032e-003 1.6337032e-003 1.6328541e-003
7.2967430e+002 1.6292687e-003 1.6292687e-003 1.6287095e-003
7.2968562e+002 1.6245326e-003 1.6245326e-003 1.6243463e-003
7.2969695e+002 1.6196153e-003 1.6196153e-003 1.6196168e-003
7.2970827e+002 1.6146037e-003 1.6146037e-003 1.6144124e-003
7.2971959e+002 1.6094066e-003 1.6094066e-003 1.6088330e-003
7.2973091e+002 1.6038742e-003 1.6038742e-003 1.6030468e-003
7.2974223e+002 1.5978888e-003 1.5978888e-003 1.5971824e-003
7.2975356e+002 1.5915030e-003 1.5915030e-003 1.5911543e-003
7.2976488e+002 1.5848263e-003 1.5848263e-003 1.5848055e-003
7.2977620e+002 1.5779422e-003 1.5779422e-003 1.5780094e-003
7.2978752e+002 1.5707941e-003 1.5707941e-003 1.5708011e-003
7.2979884e+002 1.5632786e-003 1.5632786e-003 1.5632700e-003
7.2981017e+002 1.5553189e-003 1.5553189e-003 1.5554929e-003
7.2982149e+002 1.5469857e-003 1.5469857e-003 1.5474768e-003
7.2983281e+002 1.5383990e-003 1.5383990e-003 1.5392049e-003
7.2984413e+002 1.5296638e-003 1.5296638e-003 1.5306599e-003
7.2985545e+002 1.5208008e-003 1.5208008e-003 1.5218204e-003
7.2986678e+002 1.5118016e-003 1.5118016e-003 1.5126635e-003
7.2987810e+002 1.5026488e-003 1.5026488e-003 1.5031819e-003
7.2988942e+002 1.4932729e-003 1.4932729e-003 1.4934539e-003
7.2990074e+002 1.4835864e-003 1.4835864e-003 1.4835873e-003
7.2991206e+002 1.4735325e-003 1.4735325e-003 1.4736728e-003
7.2992339e+002 1.4632250e-003 1.4632250e-003 1.4637046e-003
7.2993471e+002 1.4528369e-003 1.4528369e-003 1.4536432e-003
7.2994603e+002 1.4425154e-003 1.4425154e-003 1.4434597e-003
7.2995735e+002 1.4322607e-003 1.4322607e-003 1.4331832e-003
7.2996867e+002 1.4220216e-003 1.4220216e-003 1.4228635e-003
7.2998000e+002 1.4117561e-003 1.4117561e-003 1.4125475e-003
7.2999132e+002 1.4014773e-003 1.4014773e-003 1.4022659e-003
7.3000264e+002 1.3912175e-003 1.3912175e-003 1.3920439e-003
7.3001396e+002 1.3810177e-003 1.3810177e-003 1.3819077e-003
7.3002528e+002 1.3709668e-003 1.3709668e-003 1.3718895e-003
7.3003661e+002 1.3611714e-003 1.3611714e-003 1.3620240e-003
7.3004793e+002 1.3517159e-003 1.3517159e-003 1.3523442e-003
7.3005925e+002 1.3425574e-003 1.3425574e-003 1.3428745e-003
7.3007057e+002 1.3336070e-003 1.3336070e-003 1.3336361e-003
7.3008189e+002 1.3247930e-003 1.3247930e-003 1.3246553e-003
7.3009322e+002 1.3161434e-003 1.3161434e-003 1.3159866e-003
7.3010454e+002 1.3077227e-003 1.3077227e-003 1.3076951e-003
7.3011586e+002 1.2995900e-003 1.2995900e-003 1.2998282e-003
7.3012718e+002 1.2917725e-003 1.2917725e-003 1.2923274e-003
7.3013850e+002 1.2842859e-003 1.2842859e-003 1.2850960e-003
7.3014983e+002 1.2771502e-003 1.2771502e-003 1.2780627e-003
7.3016115e+002 1.2704132e-003 1.2704132e-003 1.2713089e-003
7.3017247e+002 1.2641329e-003 1.2641329e-003 1.2649724e-003
7.3018379e+002 1.2583542e-003 1.2583542e-003 1.2591672e-003
7.3019511e+002 1.2530436e-003 1.2530436e-003 1.2538617e-003
7.3020644e+002 1.2481384e-003 1.2481384e-003 1.2489704e-003
7.3021776e+002 1.2435834e-003 1.2435834e-003 1.2444190e-003
7.3022908e+002 1.2393697e-003 1.2393697e-003 1.2402015e-003
7.3024040e+002 1.2355060e-003 1.2355060e-003 1.2363382e-003
7.3025172e+002 1.2320029e-003 1.2320029e-003 1.2328475e-003
7.3026305e+002 1.2288838e-003 1.2288838e-003 1.2297384e-003
7.3027437e+002 1.2261772e-003 1.2261772e-003 1.2270162e-003
7.3028569e+002 1.2238955e-003 1.2238955e-003 1.2246813e-003
7.3029701e+002 1.2219542e-003 1.2219542e-003 1.2227040e-003
7.3030833e+002 1.2202318e-003 1.2202318e-003 1.2210430e-003
7.3031966e+002 1.2186282e-003 1.2186282e-003 1.2196586e-003
7.3033098e+002 1.2171802e-003 1.2171802e-003 1.2185221e-003
7.3034230e+002 1.2159768e-003 1.2159768e-003 1.2176088e-003
7.3035362e+002 1.2150931e-003 1.2150931e-003 1.2168921e-003
7.3036494e+002 1.2145135e-003 1.2145135e-003 1.2163322e-003
7.3037627e+002 1.2141870e-003 1.2141870e-003 1.2158843e-003
7.3038759e+002 1.2140608e-003 1.2140608e-003 1.2155103e-003
7.3039891e+002 1.2140696e-003 1.2140696e-003 1.2152129e-003
7.3041023e+002 1.2141433e-003 1.2141433e-003 1.2150111e-003
7.3042155e+002 1.2142150e-003 1.2142150e-003 1.2149190e-003
7.3043288e+002 1.2142386e-003 1.2142386e-003 1.2149180e-003
7.3044420e+002 1.2141765e-003 1.2141765e-003 1.2149767e-003
7.3045552e+002 1.2139981e-003 1.2139981e-003 1.2150591e-003
7.3046684e+002 1.2137209e-003 1.2137209e-003 1.2150992e-003
7.3047816e+002 1.2133813e-003 1.2133813e-003 1.2150191e-003
7.3048949e+002 1.2130016e-003 1.2130016e-003 1.2147459e-003
7.3050081e+002 1.2125111e-003 1.2125111e-003 1.2142402e-003
7.3051213e+002 1.2118019e-003 1.2118019e-003 1.2134758e-003
7.3052345e+002 1.2107788e-003 1.2107788e-003 1.2124289e-003
7.3053477e+002 1.2094334e-003 1.2094334e-003 1.2110909e-003
7.3054610e+002 1.2077926e-003 1.2077926e-003 1.2094595e-003
7.3055742e+002 1.2058806e-003 1.2058806e-003 1.2075360e-003
7.3056874e+002 1.2037051e-003 1.2037051e-003 1.2053459e-003
7.3058006e+002 1.2012666e-003 1.2012666e-003 1.2029246e-003
7.3059138e+002 1.1985630e-003 1.1985630e-003 1.2002910e-003
7.3060271e+002 1.1955729e-003 1.1955729e-003 1.1973520e-003
7.3061403e+002 1.1922667e-003 1.1922667e-003 1.1939682e-003
7.3062535e+002 1.1886115e-003 1.1886115e-003 1.1900276e-003
7.3063667e+002 1.1845499e-003 1.1845499e-003 1.1856052e-003
7.3064799e+002 1.1800145e-003 1.1800145e-003 1.1808542e-003
7.3065932e+002 1.1749548e-003 1.1749548e-003 1.1759040e-003
7.3067064e+002 1.1694364e-003 1.1694364e-003 1.1707193e-003
7.3068196e+002 1.1635739e-003 1.1635739e-003 1.1651959e-003
7.3069328e+002 1.1574696e-003 1.1574696e-003 1.1592462e-003
7.3070460e+002 1.1511382e-003 1.1511382e-003 1.1529003e-003
7.3071593e+002 1.1445576e-003 1.1445576e-003 1.1462384e-003
7.3072725e+002 1.1377053e-003 1.1377053e-003 1.1393304e-003
7.3073857e+002 1.1305565e-003 1.1305565e-003 1.1321752e-003
7.3074989e+002 1.1230856e-003 1.1230856e-003 1.1247411e-003
7.3076121e+002 1.1152805e-003 1.1152805e-003 1.1170033e-003
7.3077254e+002 1.1072246e-003 1.1072246e-003 1.1089872e-003
7.3078386e+002 1.0990424e-003 1.0990424e-003 1.1007397e-003
7.3079518e+002 1.0908384e-003 1.0908384e-003 1.0923059e-003
7.3080650e+002 1.0825719e-003 1.0825719e-003 1.0837198e-003
7.3081782e+002 1.0741392e-003 1.0741392e-003 1.0750098e-003
7.3082915e+002 1.0654547e-003 1.0654547e-003 1.0662042e-003
7.3084047e+002 1.0565664e-003 1.0565664e-003 1.0573276e-003
7.3085179e+002 1.0475805e-003 1.0475805e-003 1.0484032e-003
7.3086311e+002 1.0385986e-003 1.0385986e-003 1.0394575e-003
7.3087443e+002 1.0296842e-003 1.0296842e-003 1.0305428e-003
7.3088576e+002 1.0208843e-003 1.0208843e-003 1.0217226e-003
7.3089708e+002 1.0122323e-003 1.0122323e-003 1.0130469e-003
7.3090840e+002 1.0036631e-003 1.0036631e-003 1.0044673e-003
7.3091972e+002 9.9506717e-004 9.9506717e-004 9.9589133e-004
7.3093104e+002 9.8636191e-004 9.8636191e-004 9.8724454e-004
7.3094237e+002 9.7766389e-004 9.7766389e-004 9.7858822e-004
7.3095369e+002 9.6917930e-004 9.6917930e-004 9.7004464e-004
7.3096501e+002 9.6108369e-004 9.6108369e-004 9.6172371e-004
7.3097633e+002 9.5332004e-004 9.5332004e-004 9.5364035e-004
7.3098765e+002 9.4572586e-004 9.4572586e-004 9.4576643e-004
7.3099898e+002 9.3815798e-004 9.3815798e-004 9.3807520e-004
7.3101030e+002 9.3062355e-004 9.3062355e-004 9.3055194e-004
7.3102162e+002 9.2319846e-004 9.2319846e-004 9.2318744e-004
7.3103294e+002 9.1595618e-004 9.1595618e-004 9.1597861e-004
7.3104426e+002 9.0894917e-004 9.0894917e-004 9.0896895e-004
7.3105559e+002 9.0222020e-004 9.0222020e-004 9.0222340e-004
7.3106691e+002 8.9580343e-004 8.9580343e-004 8.9579636e-004
7.3107823e+002 8.8966722e-004 8.8966722e-004 8.8965987e-004
7.3108955e+002 8.8374927e-004 8.8374927e-004 8.8374764e-004
7.3110087e+002 8.7799397e-004 8.7799397e-004 8.7799983e-004
7.3111220e+002 8.7239872e-004 8.7239872e-004 8.7240829e-004
7.3112352e+002 8.6698585e-004 8.6698585e-004 8.6698916e-004
7.3113484e+002 8.6177383e-004 8.6177383e-004 8.6175752e-004
7.3114616e+002 8.5675012e-004 8.5675012e-004 8.5671921e-004
7.3115748e+002 8.5188744e-004 8.5188744e-004 8.5187570e-004
7.3116881e+002 8.4716741e-004 8.4716741e-004 8.4722658e-004
7.3118013e+002 8.4264282e-004 8.4264282e-004 8.4275686e-004
7.3119145e+002 8.3840041e-004 8.3840041e-004 8.3844453e-004
7.3120277e+002 8.3450984e-004 8.3450984e-004 8.3427599e-004
7.3121409e+002 8.3090234e-004 8.3090234e-004 8.3030521e-004
7.3122542e+002 8.2744255e-004 8.2744255e-004 8.2661868e-004
7.3123674e+002 8.2401176e-004 8.2401176e-004 8.2328570e-004
7.3124806e+002 8.2062944e-004 8.2062944e-004 8.2023488e-004
7.3125938e+002 8.1738207e-004 8.1738207e-004 8.1732661e-004
7.3127070e+002 8.1434792e-004 8.1434792e-004 8.1443933e-004
7.3128203e+002 8.1153453e-004 8.1153453e-004 8.1160284e-004
7.3129335e+002 8.0891487e-004 8.0891487e-004 8.0892095e-004
7.3130467e+002 8.0646537e-004 8.0646537e-004 8.0648321e-004
7.3131599e+002 8.0419302e-004 8.0419302e-004 8.0425753e-004
7.3132731e+002 8.0211988e-004 8.0211988e-004 8.0215180e-004
7.3133864e+002 8.0026194e-004 8.0026194e-004 8.0008635e-004
7.3134996e+002 7.9858362e-004 7.9858362e-004 7.9808867e-004
7.3136128e+002 7.9702371e-004 7.9702371e-004 7.9623952e-004
7.3137260e+002 7.9552813e-004 7.9552813e-004 7.9461065e-004
7.3138392e+002 7.9410451e-004 7.9410451e-004 7.9319461e-004
7.3139525e+002 7.9279143e-004 7.9279143e-004 7.9194426e-004
7.3140657e+002 7.9161810e-004 7.9161810e-004 7.9081009e-004
7.3141789e+002 7.9053225e-004 7.9053225e-004 7.8972504e-004
7.3142921e+002 7.8944039e-004 7.8944039e-004 7.8861315e-004
7.3144053e+002 7.8826626e-004 7.8826626e-004 7.8741575e-004
7.3145186e+002 7.8708422e-004 7.8708422e-004 7.8622317e-004
7.3146318e+002 7.8604543e-004 7.8604543e-004 7.8520168e-004
7.3147450e+002 7.8528077e-004 7.8528077e-004 7.8449073e-004
7.3148582e+002 7.8474008e-004 7.8474008e-004 7.8399149e-004
7.3149714e+002 7.8428019e-004 7.8428019e-004 7.8348274e-004
7.3150847e+002 7.8377098e-004 7.8377098e-004 7.8276942e-004
7.3151979e+002 7.8320380e-004 7.8320380e-004 7.8189510e-004
7.3153111e+002 7.8263293e-004 7.8263293e-004 7.8102693e-004
7.3154243e+002 7.8210421e-004 7.8210421e-004 7.8031594e-004
7.3155375e+002 7.8158417e-004 7.8158417e-004 7.7976098e-004
7.3156508e+002 7.8099793e-004 7.8099793e-004 7.7928145e-004
7.3157640e+002 7.8027953e-004 7.8027953e-004 7.7879967e-004
7.3158772e+002 7.7944631e-004 7.7944631e-004 7.7827070e-004
7.3159904e+002 7.7855947e-004 7.7855947e-004 7.7766681e-004
7.3161036e+002 7.7767737e-004 7.7767737e-004 7.7696273e-004
7.3162169e+002 7.7682917e-004 7.7682917e-004 7.7615421e-004
7.3163301e+002 7.7602854e-004 7.7602854e-004 7.7524814e-004
7.3164433e+002 7.7528042e-004 7.7528042e-004 7.7425101e-004
7.3165565e+002 7.7451147e-004 7.7451147e-004 7.7316487e-004
7.3166697e+002 7.7360639e-004 7.7360639e-004 7.7198934e-004
7.3167830e+002 7.7246233e-004 7.7246233e-004 7.7072373e-004
7.3168962e+002 7.7109475e-004 7.7109475e-004 7.6936423e-004
7.3170094e+002 7.6958296e-004 7.6958296e-004 7.6790539e-004
7.3171226e+002 7.6800047e-004 7.6800047e-004 7.6634354e-004
7.3172358e+002 7.6636081e-004 7.6636081e-004 7.6469173e-004
7.3173491e+002 7.6464482e-004 7.6464482e-004 7.6297216e-004
7.3174623e+002 7.6283417e-004 7.6283417e-004 7.6120032e-004
7.3175755e+002 7.6092095e-004 7.6092095e-004 7.5932795e-004
7.3176887e+002 7.5890301e-004 7.5890301e-004 7.5727178e-004
7.3178019e+002 7.5678014e-004 7.5678014e-004 7.5496150e-004
7.3179152e+002 7.5457014e-004 7.5457014e-004 7.5245379e-004
7.3180284e+002 7.5230076e-004 7.5230076e-004 7.4987552e-004
7.3181416e+002 7.4999133e-004 7.4999133e-004 7.4734274e-004
7.3182548e+002 7.4757886e-004 7.4757886e-004 7.4486049e-004
7.3183680e+002 7.4495445e-004 7.4495445e-004 7.4237183e-004
7.3184813e+002 7.4202935e-004 7.4202935e-004 7.3981768e-004
7.3185945e+002 7.3891482e-004 7.3891482e-004 7.3712441e-004
7.3187077e+002 7.3583464e-004 7.3583464e-004 7.3421027e-004
7.3188209e+002 7.3298572e-004 7.3298572e-004 7.3101055e-004
7.3189341e+002 7.3028932e-004 7.3028932e-004 7.2762908e-004
7.3190474e+002 7.2751038e-004 7.2751038e-004 7.2426518e-004
7.3191606e+002 7.2443642e-004 7.2443642e-004 7.2109728e-004
7.3192738e+002 7.2109630e-004 7.2109630e-004 7.1808558e-004
7.3193870e+002 7.1765683e-004 7.1765683e-004 7.1506558e-004
7.3195002e+002 7.1427245e-004 7.1427245e-004 7.1188675e-004
7.3196135e+002 7.1095731e-004 7.1095731e-004 7.0855312e-004
7.3197267e+002 7.0764476e-004 7.0764476e-004 7.0515781e-004
7.3198399e+002 7.0427713e-004 7.0427713e-004 7.0178796e-004
7.3199531e+002 7.0089731e-004 7.0089731e-004 6.9845936e-004
7.3200663e+002 6.9760666e-004 6.9760666e-004 6.9514642e-004
7.3201796e+002 6.9449232e-004 6.9449232e-004 6.9182511e-004
7.3202928e+002 6.9148879e-004 6.9148879e-004 6.8849297e-004
7.3204060e+002 6.8844119e-004 6.8844119e-004 6.8516017e-004
7.3205192e+002 6.8521115e-004 6.8521115e-004 6.8183556e-004
7.3206324e+002 6.8184244e-004 6.8184244e-004 6.7851298e-004
7.3207457e+002 6.7848637e-004 6.7848637e-004 6.7517739e-004
7.3208589e+002 6.7528221e-004 6.7528221e-004 6.7181733e-004
7.3209721e+002 6.7222900e-004 6.7222900e-004 6.6845986e-004
7.3210853e+002 6.6924226e-004 6.6924226e-004 6.6515496e-004
7.3211985e+002 6.6624146e-004 6.6624146e-004 6.6195007e-004
7.3213118e+002 6.6319923e-004 6.6319923e-004 6.5886224e-004
7.3214250e+002 6.6012007e-004 6.6012007e-004 6.5589032e-004
7.3215382e+002 6.5701228e-004 6.5701228e-004 6.5303051e-004
7.3216514e+002 6.5391977e-004 6.5391977e-004 6.5025370e-004
7.3217646e+002 6.5090803e-004 6.5090803e-004 6.4751542e-004
7.3218779e+002 6.4803475e-004 6.4803475e-004 6.4477317e-004
7.3219911e+002 6.4527042e-004 6.4527042e-004 6.4200792e-004
7.3221043e+002 6.4253236e-004 6.4253236e-004 6.3921494e-004
7.3222175e+002 6.3974606e-004 6.3974606e-004 6.3639331e-004
7.3223307e+002 6.3693421e-004 6.3693421e-004 6.3358133e-004
7.3224440e+002 6.3417931e-004 6.3417931e-004 6.3084141e-004
7.3225572e+002 6.3155688e-004 6.3155688e-004 6.2822973e-004
7.3226704e+002 6.2905592e-004 6.2905592e-004 6.2572998e-004
7.3227836e+002 6.2661189e-004 6.2661189e-004 6.2328094e-004
7.3228968e+002 6.2416246e-004 6.2416246e-004 6.2082394e-004
7.3230101e+002 6.2167948e-004 6.2167948e-004 6.1833634e-004
7.3231233e+002 6.1915612e-004 6.1915612e-004 6.1581800e-004
7.3232365e+002 6.1659089e-004 6.1659089e-004 6.1327225e-004
7.3233497e+002 6.1403898e-004 6.1403898e-004 6.1073765e-004
7.3234629e+002 6.1159122e-004 6.1159122e-004 6.0827494e-004
7.3235762e+002 6.0932555e-004 6.0932555e-004 6.0593906e-004
7.3236894e+002 6.0716644e-004 6.0716644e-004 6.0371514e-004
7.3238026e+002 6.0494094e-004 6.0494094e-004 6.0154397e-004
7.3239158e+002 6.0249519e-004 6.0249519e-004 5.9936831e-004
7.3240290e+002 5.9991232e-004 5.9991232e-004 5.9716197e-004
7.3241423e+002 5.9742716e-004 5.9742716e-004 5.9491858e-004
7.3242555e+002 5.9525438e-004 5.9525438e-004 5.9263658e-004
7.3243687e+002 5.9334566e-004 5.9334566e-004 5.9036608e-004
7.3244819e+002 5.9148300e-004 5.9148300e-004 5.8819056e-004
7.3245951e+002 5.8946079e-004 5.8946079e-004 5.8618288e-004
7.3247084e+002 5.8725268e-004 5.8725268e-004 5.8428447e-004
7.3248216e+002 5.8494882e-004 5.8494882e-004 5.8235130e-004
7.3249348e+002 5.8263872e-004 5.8263872e-004 5.8025107e-004
7.3250480e+002 5.8038029e-004 5.8038029e-004 5.7800800e-004
7.3251612e+002 5.7821071e-004 5.7821071e-004 5.7574896e-004
7.3252745e+002 5.7616247e-004 5.7616247e-004 5.7359654e-004
7.3253877e+002 5.7421583e-004 5.7421583e-004 5.7160007e-004
7.3255009e+002 5.7231657e-004 5.7231657e-004 5.6976053e-004
7.3256141e+002 5.7041231e-004 5.7041231e-004 5.6807200e-004
7.3257273e+002 5.6848065e-004 5.6848065e-004 5.6645515e-004
7.3258406e+002 5.6651912e-004 5.6651912e-004 5.6478173e-004
7.3259538e+002 5.6452866e-004 5.6452866e-004 5.6293537e-004
7.3260670e+002 5.6254716e-004 5.6254716e-004 5.6095615e-004
7.3261802e+002 5.6063737e-004 5.6063737e-004 5.5898926e-004
7.3262934e+002 5.5885661e-004 5.5885661e-004 5.5717103e-004
7.3264067e+002 5.5718916e-004 5.5718916e-004 5.5550377e-004
7.3265199e+002 5.5556988e-004 5.5556988e-004 5.5389910e-004
7.3266331e+002 5.5393638e-004 5.5393638e-004 5.5227227e-004
7.3267463e+002 5.5227282e-004 5.5227282e-004 5.5060537e-004
7.3268595e+002 5.5059508e-004 5.5059508e-004 5.4892618e-004
7.3269728e+002 5.4891894e-004 5.4891894e-004 5.4726097e-004
7.3270860e+002 5.4725094e-004 5.4725094e-004 5.4560622e-004
7.3271992e+002 5.4559129e-004 5.4559129e-004 5.4393788e-004
7.3273124e+002 5.4393932e-004 5.4393932e-004 5.4223557e-004
7.3274256e+002 5.4228492e-004 5.4228492e-004 5.4053139e-004
7.3275389e+002 5.4061142e-004 5.4061142e-004 5.3889375e-004
7.3276521e+002 5.3890563e-004 5.3890563e-004 5.3738593e-004
7.3277653e+002 5.3720125e-004 5.3720125e-004 5.3599485e-004
7.3278785e+002 5.3556471e-004 5.3556471e-004 5.3465403e-004
7.3279917e+002 5.3405743e-004 5.3405743e-004 5.3329947e-004
7.3281050e+002 5.3266613e-004 5.3266613e-004 5.3191398e-004
7.3282182e+002 5.3132488e-004 5.3132488e-004 5.3051332e-004
7.3283314e+002 5.2997014e-004 5.2997014e-004 5.2911333e-004
7.3284446e+002 5.2858469e-004 5.2858469e-004 5.2772168e-004
7.3285578e+002 5.2718416e-004 5.2718416e-004 5.2634023e-004
7.3286711e+002 5.2578432e-004 5.2578432e-004 5.2496968e-004
7.3287843e+002 5.2439273e-004 5.2439273e-004 5.2359680e-004
7.3288975e+002 5.2301116e-004 5.2301116e-004 5.2219843e-004
7.3290107e+002 5.2164023e-004 5.2164023e-004 5.2075584e-004
7.3291239e+002 5.2026707e-004 5.2026707e-004 5.1931396e-004
7.3292372e+002 5.1886903e-004 5.1886903e-004 5.1796361e-004
7.3293504e+002 5.1742780e-004 5.1742780e-004 5.1678656e-004
7.3294636e+002 5.1598702e-004 5.1598702e-004 5.1572632e-004
7.3295768e+002 5.1463542e-004 5.1463542e-004 5.1462583e-004
7.3296900e+002 5.1345324e-004 5.1345324e-004 5.1333901e-004
7.3298033e+002 5.1238826e-004 5.1238826e-004 5.1190395e-004
7.3299165e+002 5.1129119e-004 5.1129119e-004 5.1049376e-004
7.3300297e+002 5.1002211e-004 5.1002211e-004 5.0927093e-004
7.3301429e+002 5.0860454e-004 5.0860454e-004 5.0820506e-004
7.3302561e+002 5.0718275e-004 5.0718275e-004 5.0712330e-004
7.3303694e+002 5.0589557e-004 5.0589557e-004 5.0586227e-004
7.3304826e+002 5.0476477e-004 5.0476477e-004 5.0444176e-004
7.3305958e+002 5.0372487e-004 5.0372487e-004 5.0301793e-004
7.3307090e+002 5.0270857e-004 5.0270857e-004 5.0174068e-004
7.3308222e+002 5.0165180e-004 5.0165180e-004 5.0062307e-004
7.3309355e+002 5.0049297e-004 5.0049297e-004 4.9957544e-004
7.3310487e+002 4.9917763e-004 4.9917763e-004 4.9850998e-004
7.3311619e+002 4.9775470e-004 4.9775470e-004 4.9740219e-004
7.3312751e+002 4.9635136e-004 4.9635136e-004 4.9627547e-004
7.3313883e+002 4.9508882e-004 4.9508882e-004 4.9515327e-004
7.3315016e+002 4.9397224e-004 4.9397224e-004 4.9404243e-004
7.3316148e+002 4.9291830e-004 4.9291830e-004 4.9293706e-004
7.3317280e+002 4.9184554e-004 4.9184554e-004 4.9183122e-004
7.3318412e+002 4.9073404e-004 4.9073404e-004 4.9072237e-004
7.3319544e+002 4.8961109e-004 4.8961109e-004 4.8961060e-004
7.3320677e+002 4.8850320e-004 4.8850320e-004 4.8849625e-004
7.3321809e+002 4.8740619e-004 4.8740619e-004 4.8738258e-004
7.3322941e+002 4.8629214e-004 4.8629214e-004 4.8627508e-004
7.3324073e+002 4.8513650e-004 4.8513650e-004 4.8517832e-004
7.3325205e+002 4.8397590e-004 4.8397590e-004 4.8408193e-004
7.3326338e+002 4.8289474e-004 4.8289474e-004 4.8296385e-004
7.3327470e+002 4.8197128e-004 4.8197128e-004 4.8180540e-004
7.3328602e+002 4.8116887e-004 4.8116887e-004 4.8064460e-004
7.3329734e+002 4.8036042e-004 4.8036042e-004 4.7956413e-004
7.3330866e+002 4.7942297e-004 4.7942297e-004 4.7864066e-004
7.3331999e+002 4.7833608e-004 4.7833608e-004 4.7783778e-004
7.3333131e+002 4.7716068e-004 4.7716068e-004 4.7702944e-004
7.3334263e+002 4.7595987e-004 4.7595987e-004 4.7609345e-004
7.3335395e+002 4.7479589e-004 4.7479589e-004 4.7500815e-004
7.3336527e+002 4.7373027e-004 4.7373027e-004 4.7383230e-004
7.3337660e+002 4.7281841e-004 4.7281841e-004 4.7262716e-004
7.3338792e+002 4.7201726e-004 4.7201726e-004 4.7145832e-004
7.3339924e+002 4.7120447e-004 4.7120447e-004 4.7039488e-004
7.3341056e+002 4.7026164e-004 4.7026164e-004 4.6949882e-004
7.3342188e+002 4.6917178e-004 4.6917178e-004 4.6871494e-004
7.3343321e+002 4.6800018e-004 4.6800018e-004 4.6789284e-004
7.3344453e+002 4.6681361e-004 4.6681361e-004 4.6688983e-004
7.3345585e+002 4.6566349e-004 4.6566349e-004 4.6573516e-004
7.3346717e+002 4.6458863e-004 4.6458863e-004 4.6459881e-004
7.3347849e+002 4.6362515e-004 4.6362515e-004 4.6364396e-004
7.3348982e+002 4.6276966e-004 4.6276966e-004 4.6285146e-004
7.3350114e+002 4.6198619e-004 4.6198619e-004 4.6205165e-004
7.3351246e+002 4.6123661e-004 4.6123661e-004 4.6108054e-004
7.3352378e+002 4.6046277e-004 4.6046277e-004 4.5994491e-004
7.3353510e+002 4.5958980e-004 4.5958980e-004 4.5879361e-004
7.3354643e+002 4.5854936e-004 4.5854936e-004 4.5777302e-004
7.3355775e+002 4.5739218e-004 4.5739218e-004 4.5691385e-004
7.3356907e+002 4.5626891e-004 4.5626891e-004 4.5614986e-004
7.3358039e+002 4.5532352e-004 4.5532352e-004 4.5541209e-004
7.3359171e+002 4.5453211e-004 4.5453211e-004 4.5463589e-004
7.3360304e+002 4.5372890e-004 4.5372890e-004 4.5376027e-004
7.3361436e+002 4.5275338e-004 4.5275338e-004 4.5272992e-004
7.3362568e+002 4.5161450e-004 4.5161450e-004 4.5158718e-004
7.3363700e+002 4.5046559e-004 4.5046559e-004 4.5045748e-004
7.3364832e+002 4.4945728e-004 4.4945728e-004 4.4946282e-004
7.3365965e+002 4.4861148e-004 4.4861148e-004 4.4861688e-004
7.3367097e+002 4.4783958e-004 4.4783958e-004 4.4784043e-004
7.3368229e+002 4.4705277e-004 4.4705277e-004 4.4705400e-004
7.3369361e+002 4.4622298e-004 4.4622298e-004 4.4622875e-004
7.3370493e+002 4.4537474e-004 4.4537474e-004 4.4537955e-004
7.3371626e+002 4.4453317e-004 4.4453317e-004 4.4452276e-004
7.3372758e+002 4.4370348e-004 4.4370348e-004 4.4367504e-004
7.3373890e+002 4.4287352e-004 4.4287352e-004 4.4285330e-004
7.3375022e+002 4.4203156e-004 4.4203156e-004 4.4207171e-004
7.3376154e+002 4.4118501e-004 4.4118501e-004 4.4129292e-004
7.3377287e+002 4.4035805e-004 4.4035805e-004 4.4043441e-004
7.3378419e+002 4.3957241e-004 4.3957241e-004 4.3941805e-004
7.3379551e+002 4.3879347e-004 4.3879347e-004 4.3827680e-004
7.3380683e+002 4.3793667e-004 4.3793667e-004 4.3714203e-004
7.3381815e+002 4.3692167e-004 4.3692167e-004 4.3614258e-004
7.3382948e+002 4.3578044e-004 4.3578044e-004 4.3529581e-004
7.3384080e+002 4.3464519e-004 4.3464519e-004 4.3451951e-004
7.3385212e+002 4.3364578e-004 4.3364578e-004 4.3373086e-004
7.3386344e+002 4.3279960e-004 4.3279960e-004 4.3290203e-004
7.3387476e+002 4.3202288e-004 4.3202288e-004 4.3205462e-004
7.3388609e+002 4.3123129e-004 4.3123129e-004 4.3121119e-004
7.3389741e+002 4.3039896e-004 4.3039896e-004 4.3037865e-004
7.3390873e+002 4.2955311e-004 4.2955311e-004 4.2954973e-004
7.3392005e+002 4.2872137e-004 4.2872137e-004 4.2871704e-004
7.3393137e+002 4.2790224e-004 4.2790224e-004 4.2788097e-004
7.3394270e+002 4.2706757e-004 4.2706757e-004 4.2704906e-004
7.3395402e+002 4.2619116e-004 4.2619116e-004 4.2622831e-004
7.3396534e+002 4.2530488e-004 4.2530488e-004 4.2541021e-004
7.3397666e+002 4.2449409e-004 4.2449409e-004 4.2457191e-004
7.3398798e+002 4.2384069e-004 4.2384069e-004 4.2369273e-004
7.3399931e+002 4.2331572e-004 4.2331572e-004 4.2280615e-004
7.3401063e+002 4.2278737e-004 4.2278737e-004 4.2199598e-004
7.3402195e+002 4.2212528e-004 4.2212528e-004 4.2134255e-004
7.3403327e+002 4.2130898e-004 4.2130898e-004 4.2081711e-004
7.3404459e+002 4.2042073e-004 4.2042073e-004 4.2028885e-004
7.3405592e+002 4.1954415e-004 4.1954415e-004 4.1962820e-004
7.3406724e+002 4.1870818e-004 4.1870818e-004 4.1881351e-004
7.3407856e+002 4.1789023e-004 4.1789023e-004 4.1792491e-004
7.3408988e+002 4.1706653e-004 4.1706653e-004 4.1704409e-004
7.3410120e+002 4.1623143e-004 4.1623143e-004 4.1620317e-004
7.3411253e+002 4.1539644e-004 4.1539644e-004 4.1538709e-004
7.3412385e+002 4.1457293e-004 4.1457293e-004 4.1457892e-004
7.3413517e+002 4.1375445e-004 4.1375445e-004 4.1376203e-004
7.3414649e+002 4.1291751e-004 4.1291751e-004 4.1292003e-004
7.3415781e+002 4.1204038e-004 4.1204038e-004 4.1203878e-004
7.3416914e+002 4.1115434e-004 4.1115434e-004 4.1115230e-004
7.3418046e+002 4.1034181e-004 4.1034181e-004 4.1034113e-004
7.3419178e+002 4.0968256e-004 4.0968256e-004 4.0968299e-004
7.3420310e+002 4.0915256e-004 4.0915256e-004 4.0915310e-004
7.3421442e+002 4.0862671e-004 4.0862671e-004 4.0862689e-004
7.3422575e+002 4.0797996e-004 4.0797996e-004 4.0797985e-004
7.3423707e+002 4.0718040e-004 4.0718040e-004 4.0718025e-004
7.3424839e+002 4.0628741e-004 4.0628741e-004 4.0628736e-004
7.3425971e+002 4.0536419e-004 4.0536419e-004 4.0536422e-004
7.3427103e+002 4.0447282e-004 4.0447282e-004 4.0447286e-004
7.3428236e+002 4.0367428e-004 4.0367428e-004 4.0367429e-004
7.3429368e+002 4.0302566e-004 4.0302566e-004 4.0302565e-004
7.3430500e+002 4.0249605e-004 4.0249605e-004 4.0249604e-004
7.3431632e+002 4.0196685e-004 4.0196685e-004 4.0196684e-004
7.3432764e+002 4.0131943e-004 4.0131943e-004 4.0131943e-004
7.3433897e+002 4.0052206e-004 4.0052206e-004 4.0052206e-004
7.3435029e+002 3.9963021e-004 3.9963021e-004 3.9963021e-004
7.3436161e+002 3.9870341e-004 3.9870341e-004 3.9870341e-004
7.3437293e+002 3.9780616e-004 3.9780616e-004 3.9780616e-004
7.3438425e+002 3.9700804e-004 3.9700804e-004 3.9700804e-004
7.3439558e+002 3.9637440e-004 3.9637440e-004 3.9637440e-004
7.3440690e+002 3.9586445e-004 3.9586445e-004 3.9586445e-004
7.3441822e+002 3.9532921e-004 3.9532921e-004 3.9532921e-004
7.3442954e+002 3.9462129e-004 3.9462129e-004 3.9462129e-004
7.3444086e+002 3.9374934e-004 3.9374934e-004 3.9374934e-004
7.3445219e+002 3.9288241e-004 3.9288241e-004 3.9288241e-004
7.3446351e+002 3.9218998e-004 3.9218998e-004 3.9218998e-004
7.3447483e+002 3.9167269e-004 3.9167269e-004 3.9167269e-004
7.3448615e+002 3.9115627e-004 3.9115627e-004 3.9115627e-004
7.3449747e+002 3.9046523e-004 3.9046523e-004 3.9046523e-004
7.3450880e+002 3.8959578e-004 3.8959578e-004 3.8959578e-004
7.3452012e+002 3.8872339e-004 3.8872339e-004 3.8872339e-004
7.3453144e+002 3.8802515e-004 3.8802515e-004 3.8802515e-004
7.3454276e+002 3.8750643e-004 3.8750643e-004 3.8750643e-004
7.3455408e+002 3.8699196e-004 3.8699196e-004 3.8699196e-004
7.3456541e+002 3.8630449e-004 3.8630449e-004 3.8630449e-004
7.3457673e+002 3.8543709e-004 3.8543709e-004 3.8543709e-004
7.3458805e+002 3.8456343e-004 3.8456343e-004 3.8456343e-004
7.3459937e+002 3.8385951e-004 3.8385951e-004 3.8385951e-004
7.3461069e+002 3.8333518e-004 3.8333518e-004 3.8333518e-004
7.3462202e+002 3.8282275e-004 3.8282275e-004 3.8282275e-004
7.3463334e+002 3.8215163e-004 3.8215163e-004 3.8215163e-004
7.3464466e+002 3.8130348e-004 3.8130348e-004 3.8130348e-004
7.3465598e+002 3.8042405e-004 3.8042405e-004 3.8042405e-004
7.3466730e+002 3.7966334e-004 3.7966334e-004 3.7966334e-004
7.3467863e+002 3.7906869e-004 3.7906869e-004 3.7906869e-004
7.3468995e+002 3.7857589e-004 3.7857589e-004 3.7857589e-004
7.3470127e+002 3.7811531e-004 3.7811531e-004 3.7811531e-004
7.3471259e+002 3.7762215e-004 3.7762215e-004 3.7762215e-004
7.3472391e+002 3.7703684e-004 3.7703684e-004 3.7703684e-004
7.3473524e+002 3.7630307e-004 3.7630307e-004 3.7630307e-004
7.3474656e+002 3.7544727e-004 3.7544727e-004 3.7544727e-004
7.3475788e+002 3.7458708e-004 3.7458708e-004 3.7458708e-004
7.3476920e+002 3.7384188e-004 3.7384188e-004 3.7384188e-004
7.3478052e+002 3.7324800e-004 3.7324800e-004 3.7324800e-004
7.3479185e+002 3.7274943e-004 3.7274943e-004 3.7274943e-004
7.3480317e+002 3.7228528e-004 3.7228528e-004 3.7228528e-004
7.3481449e+002 3.7179341e-004 3.7179341e-004 3.7179341e-004
7.3482581e+002 3.7121025e-004 3.7121025e-004 3.7121025e-004
7.3483713e+002 3.7047519e-004 3.7047519e-004 3.7047519e-004
7.3484846e+002 3.6961500e-004 3.6961500e-004 3.6961500e-004
7.3485978e+002 3.6875518e-004 3.6875518e-004 3.6875518e-004
7.3487110e+002 3.6802314e-004 3.6802314e-004 3.6802314e-004
7.3488242e+002 3.6744736e-004 3.6744736e-004 3.6744736e-004
7.3489374e+002 3.6694374e-004 3.6694374e-004 3.6694374e-004
7.3490507e+002 3.6642408e-004 3.6642408e-004 3.6642408e-004
7.3491639e+002 3.6586066e-004 3.6586066e-004 3.6586066e-004
7.3492771e+002 3.6529516e-004 3.6529516e-004 3.6529516e-004
7.3493903e+002 3.6477106e-004 3.6477106e-004 3.6477106e-004
7.3495035e+002 3.6427094e-004 3.6427094e-004 3.6427094e-004
7.3496168e+002 3.6370700e-004 3.6370700e-004 3.6370700e-004
7.3497300e+002 3.6299081e-004 3.6299081e-004 3.6299081e-004
7.3498432e+002 3.6213485e-004 3.6213485e-004 3.6213486e-004
7.3499564e+002 3.6126929e-004 3.6126929e-004 3.6126929e-004
7.3500696e+002 3.6052775e-004 3.6052775e-004 3.6052774e-004
7.3501829e+002 3.5994584e-004 3.5994584e-004 3.5994583e-004
7.3502961e+002 3.5944401e-004 3.5944401e-004 3.5944400e-004
7.3504093e+002 3.5893765e-004 3.5893765e-004 3.5893766e-004
7.3505225e+002 3.5838996e-004 3.5838996e-004 3.5839000e-004
7.3506357e+002 3.5782075e-004 3.5782075e-004 3.5782079e-004
7.3507490e+002 3.5725271e-004 3.5725271e-004 3.5725267e-004
7.3508622e+002 3.5669575e-004 3.5669575e-004 3.5669561e-004
7.3509754e+002 3.5614455e-004 3.5614455e-004 3.5614443e-004
7.3510886e+002 3.5559301e-004 3.5559301e-004 3.5559316e-004
7.3512018e+002 3.5503847e-004 3.5503847e-004 3.5503900e-004
7.3513151e+002 3.5448247e-004 3.5448247e-004 3.5448293e-004
7.3514283e+002 3.5392676e-004 3.5392676e-004 3.5392618e-004
7.3515415e+002 3.5337192e-004 3.5337192e-004 3.5336994e-004
7.3516547e+002 3.5281714e-004 3.5281714e-004 3.5281542e-004
7.3517679e+002 3.5226156e-004 3.5226156e-004 3.5226372e-004
7.3518812e+002 3.5170548e-004 3.5170548e-004 3.5171286e-004
7.3519944e+002 3.5115062e-004 3.5115062e-004 3.5115705e-004
7.3521076e+002 3.5059866e-004 3.5059866e-004 3.5059066e-004
7.3522208e+002 3.5004785e-004 3.5004785e-004 3.5002037e-004
7.3523340e+002 3.4949215e-004 3.4949215e-004 3.4946807e-004
7.3524473e+002 3.4892560e-004 3.4892560e-004 3.4895524e-004
7.3525605e+002 3.4835493e-004 3.4835493e-004 3.4845735e-004
7.3526737e+002 3.4780257e-004 3.4780257e-004 3.4789272e-004
7.3527869e+002 3.4729062e-004 3.4729062e-004 3.4717871e-004
7.3529001e+002 3.4679420e-004 3.4679420e-004 3.4632546e-004
7.3530134e+002 3.4622968e-004 3.4622968e-004 3.4545915e-004
7.3531266e+002 3.4551237e-004 3.4551237e-004 3.4471083e-004
7.3532398e+002 3.4465412e-004 3.4465412e-004 3.4412158e-004
7.3533530e+002 3.4378848e-004 3.4378848e-004 3.4361911e-004
7.3534662e+002 3.4305391e-004 3.4305391e-004 3.4312478e-004
7.3535795e+002 3.4248385e-004 3.4248385e-004 3.4259340e-004
7.3536927e+002 3.4197828e-004 3.4197828e-004 3.4202220e-004
7.3538059e+002 3.4143098e-004 3.4143098e-004 3.4141209e-004
7.3539191e+002 3.4082657e-004 3.4082657e-004 3.4079720e-004
7.3540323e+002 3.4026611e-004 3.4026611e-004 3.4025427e-004
7.3541456e+002 3.3985551e-004 3.3985551e-004 3.3986054e-004
7.3542588e+002 3.3959666e-004 3.3959666e-004 3.3960454e-004
7.3543720e+002 3.3935716e-004 3.3935716e-004 3.3936035e-004
7.3544852e+002 3.3899811e-004 3.3899811e-004 3.3899677e-004
7.3545984e+002 3.3847536e-004 3.3847536e-004 3.3847325e-004
7.3547117e+002 3.3786798e-004 3.3786798e-004 3.3786712e-004
7.3548249e+002 3.3726213e-004 3.3726213e-004 3.3726249e-004
7.3549381e+002 3.3669838e-004 3.3669838e-004 3.3669894e-004
7.3550513e+002 3.3615739e-004 3.3615739e-004 3.3615762e-004
7.3551645e+002 3.3561610e-004 3.3561610e-004 3.3561601e-004
7.3552778e+002 3.3506356e-004 3.3506356e-004 3.3506340e-004
7.3553910e+002 3.3450481e-004 3.3450481e-004 3.3450474e-004
7.3555042e+002 3.3394593e-004 3.3394593e-004 3.3394596e-004
7.3556174e+002 3.3339000e-004 3.3339000e-004 3.3339004e-004
7.3557306e+002 3.3283604e-004 3.3283604e-004 3.3283605e-004
7.3558439e+002 3.3228282e-004 3.3228282e-004 3.3228281e-004
7.3559571e+002 3.3172911e-004 3.3172911e-004 3.3172910e-004
7.3560703e+002 3.3117372e-004 3.3117372e-004 3.3117372e-004
7.3561835e+002 3.3061553e-004 3.3061553e-004 3.3061553e-004
7.3562967e+002 3.3005632e-004 3.3005632e-004 3.3005632e-004
7.3564100e+002 3.2950183e-004 3.2950183e-004 3.2950183e-004
7.3565232e+002 3.2895783e-004 3.2895783e-004 3.2895783e-004
7.3566364e+002 3.2841842e-004 3.2841842e-004 3.2841842e-004
7.3567496e+002 3.2786186e-004 3.2786186e-004 3.2786186e-004
7.3568628e+002 3.2726623e-004 3.2726623e-004 3.2726623e-004
7.3569761e+002 3.2665304e-004 3.2665304e-004 3.2665304e-004
7.3570893e+002 3.2610349e-004 3.2610349e-004 3.2610349e-004
7.3572025e+002 3.2570122e-004 3.2570122e-004 3.2570122e-004
7.3573157e+002 3.2544208e-004 3.2544208e-004 3.2544208e-004
7.3574289e+002 3.2520031e-004 3.2520031e-004 3.2520031e-004
7.3575422e+002 3.2484309e-004 3.2484309e-004 3.2484309e-004
7.3576554e+002 3.2432429e-004 3.2432429e-004 3.2432429e-004
7.3577686e+002 3.2371892e-004 3.2371892e-004 3.2371892e-004
7.3578818e+002 3.2311017e-004 3.2311017e-004 3.2311017e-004
7.3579950e+002 3.2254145e-004 3.2254145e-004 3.2254145e-004
7.3581083e+002 3.2200022e-004 3.2200022e-004 3.2200022e-004
7.3582215e+002 3.2146969e-004 3.2146969e-004 3.2146969e-004
7.3583347e+002 3.2093303e-004 3.2093303e-004 3.2093303e-004
7.3584479e+002 3.2037332e-004 3.2037332e-004 3.2037332e-004
7.3585611e+002 3.1977444e-004 3.1977444e-004 3.1977444e-004
7.3586744e+002 3.1915987e-004 3.1915987e-004 3.1915987e-004
7.3587876e+002 3.1860972e-004 3.1860972e-004 3.1860972e-004
7.3589008e+002 3.1820673e-004 3.1820673e-004 3.1820673e-004
7.3590140e+002 3.1794791e-004 3.1794791e-004 3.1794791e-004
7.3591272e+002 3.1770654e-004 3.1770654e-004 3.1770654e-004
7.3592405e+002 3.1734802e-004 3.1734802e-004 3.1734802e-004
7.3593537e+002 3.1682584e-004 3.1682584e-004 3.1682584e-004
7.3594669e+002 3.1622151e-004 3.1622151e-004 3.1622151e-004
7.3595801e+002 3.1562561e-004 3.1562561e-004 3.1562561e-004
7.3596933e+002 3.1507606e-004 3.1507606e-004 3.1507606e-004
7.3598066e+002 3.1453354e-004 3.1453354e-004 3.1453354e-004
7.3599198e+002 3.1395359e-004 3.1395359e-004 3.1395359e-004
7.3600330e+002 3.1334360e-004 3.1334360e-004 3.1334360e-004
7.3601462e+002 3.1278762e-004 3.1278762e-004 3.1278762e-004
7.3602594e+002 3.1237431e-004 3.1237431e-004 3.1237431e-004
7.3603727e+002 3.1210826e-004 3.1210826e-004 3.1210826e-004
7.3604859e+002 3.1186890e-004 3.1186890e-004 3.1186890e-004
7.3605991e+002 3.1152676e-004 3.1152676e-004 3.1152676e-004
7.3607123e+002 3.1102599e-004 3.1102599e-004 3.1102599e-004
7.3608255e+002 3.1042112e-004 3.1042112e-004 3.1042112e-004
7.3609388e+002 3.0977578e-004 3.0977578e-004 3.0977578e-004
7.3610520e+002 3.0915253e-004 3.0915253e-004 3.0915253e-004
7.3611652e+002 3.0861236e-004 3.0861236e-004 3.0861236e-004
7.3612784e+002 3.0821491e-004 3.0821491e-004 3.0821491e-004
7.3613916e+002 3.0795124e-004 3.0795124e-004 3.0795124e-004
7.3615049e+002 3.0770776e-004 3.0770776e-004 3.0770776e-004
7.3616181e+002 3.0736325e-004 3.0736325e-004 3.0736325e-004
7.3617313e+002 3.0686416e-004 3.0686416e-004 3.0686416e-004
7.3618445e+002 3.0626111e-004 3.0626111e-004 3.0626111e-004
7.3619577e+002 3.0561361e-004 3.0561361e-004 3.0561361e-004
7.3620710e+002 3.0498478e-004 3.0498478e-004 3.0498478e-004
7.3621842e+002 3.0444334e-004 3.0444334e-004 3.0444334e-004
7.3622974e+002 3.0405715e-004 3.0405715e-004 3.0405715e-004
7.3624106e+002 3.0381275e-004 3.0381275e-004 3.0381275e-004
7.3625238e+002 3.0356957e-004 3.0356957e-004 3.0356957e-004
7.3626371e+002 3.0317789e-004 3.0317789e-004 3.0317789e-004
7.3627503e+002 3.0260504e-004 3.0260504e-004 3.0260504e-004
7.3628635e+002 3.0200280e-004 3.0200280e-004 3.0200280e-004
7.3629767e+002 3.0153733e-004 3.0153733e-004 3.0153733e-004
7.3630899e+002 3.0125855e-004 3.0125855e-004 3.0125855e-004
7.3632032e+002 3.0103180e-004 3.0103180e-004 3.0103180e-004
7.3633164e+002 3.0070724e-004 3.0070724e-004 3.0070724e-004
7.3634296e+002 3.0021403e-004 3.0021403e-004 3.0021403e-004
7.3635428e+002 2.9960780e-004 2.9960780e-004 2.9960780e-004
7.3636560e+002 2.9895553e-004 2.9895553e-004 2.9895553e-004
7.3637693e+002 2.9832448e-004 2.9832448e-004 2.9832448e-004
7.3638825e+002 2.9778236e-004 2.9778236e-004 2.9778236e-004
7.3639957e+002 2.9739574e-004 2.9739574e-004 2.9739574e-004
7.3641089e+002 2.9715200e-004 2.9715200e-004 2.9715200e-004
7.3642221e+002 2.9690965e-004 2.9690965e-004 2.9690965e-004
7.3643354e+002 2.9651706e-004 2.9651706e-004 2.9651706e-004
7.3644486e+002 2.9594003e-004 2.9594003e-004 2.9594003e-004
7.3645618e+002 2.9533693e-004 2.9533693e-004 2.9533693e-004
7.3646750e+002 2.9488223e-004 2.9488223e-004 2.9488223e-004
7.3647882e+002 2.9462332e-004 2.9462332e-004 2.9462332e-004
7.3649015e+002 2.9439751e-004 2.9439751e-004 2.9439751e-004
7.3650147e+002 2.9402418e-004 2.9402418e-004 2.9402418e-004
7.3651279e+002 2.9345181e-004 2.9345181e-004 2.9345181e-004
7.3652411e+002 2.9284405e-004 2.9284405e-004 2.9284405e-004
7.3653543e+002 2.9238319e-004 2.9238319e-004 2.9238319e-004
7.3654676e+002 2.9212246e-004 2.9212246e-004 2.9212246e-004
7.3655808e+002 2.9189814e-004 2.9189814e-004 2.9189814e-004
7.3656940e+002 2.9152745e-004 2.9152745e-004 2.9152745e-004
7.3658072e+002 2.9095614e-004 2.9095614e-004 2.9095614e-004
7.3659204e+002 2.9034773e-004 2.9034773e-004 2.9034773e-004
7.3660337e+002 2.8988519e-004 2.8988519e-004 2.8988519e-004
7.3661469e+002 2.8962359e-004 2.8962359e-004 2.8962359e-004
7.3662601e+002 2.8939969e-004 2.8939969e-004 2.8939969e-004
7.3663733e+002 2.8903044e-004 2.8903044e-004 2.8903044e-004
7.3664865e+002 2.8845994e-004 2.8845994e-004 2.8845994e-004
7.3665998e+002 2.8785118e-004 2.8785118e-004 2.8785118e-004
7.3667130e+002 2.8738725e-004 2.8738725e-004 2.8738725e-004
7.3668262e+002 2.8712484e-004 2.8712484e-004 2.8712484e-004
7.3669394e+002 2.8690127e-004 2.8690127e-004 2.8690127e-004
7.3670526e+002 2.8653343e-004 2.8653343e-004 2.8653343e-004
7.3671659e+002 2.8596382e-004 2.8596382e-004 2.8596382e-004
7.3672791e+002 2.8535475e-004 2.8535475e-004 2.8535475e-004
7.3673923e+002 2.8488924e-004 2.8488924e-004 2.8488924e-004
7.3675055e+002 2.8462565e-004 2.8462565e-004 2.8462565e-004
7.3676187e+002 2.8440237e-004 2.8440237e-004 2.8440237e-004
7.3677320e+002 2.8403675e-004 2.8403675e-004 2.8403675e-004
7.3678452e+002 2.8346940e-004 2.8346940e-004 2.8346940e-004
7.3679584e+002 2.8286011e-004 2.8286011e-004 2.8286011e-004
7.3680716e+002 2.8238998e-004 2.8238998e-004 2.8238998e-004
7.3681848e+002 2.8212014e-004 2.8212014e-004 2.8212014e-004
7.3682981e+002 2.8189674e-004 2.8189674e-004 2.8189674e-004
7.3684113e+002 2.8154470e-004 2.8154470e-004 2.8154470e-004
7.3685245e+002 2.8099850e-004 2.8099850e-004 2.8099850e-004
7.3686377e+002 2.8039061e-004 2.8039061e-004 2.8039061e-004
7.3687509e+002 2.7987360e-004 2.7987360e-004 2.7987360e-004
7.3688642e+002 2.7952698e-004 2.7952698e-004 2.7952698e-004
7.3689774e+002 2.7929715e-004 2.7929715e-004 2.7929715e-004
7.3690906e+002 2.7911638e-004 2.7911638e-004 2.7911638e-004
7.3692038e+002 2.7891717e-004 2.7891717e-004 2.7891717e-004
7.3693170e+002 2.7863250e-004 2.7863250e-004 2.7863250e-004
7.3694303e+002 2.7819607e-004 2.7819607e-004 2.7819607e-004
7.3695435e+002 2.7761277e-004 2.7761277e-004 2.7761277e-004
7.3696567e+002 2.7701936e-004 2.7701936e-004 2.7701936e-004
7.3697699e+002 2.7656592e-004 2.7656592e-004 2.7656592e-004
7.3698831e+002 2.7629899e-004 2.7629899e-004 2.7629899e-004
7.3699964e+002 2.7607178e-004 2.7607178e-004 2.7607178e-004
7.3701096e+002 2.7571725e-004 2.7571725e-004 2.7571725e-004
7.3702228e+002 2.7517144e-004 2.7517144e-004 2.7517144e-004
7.3703360e+002 2.7456449e-004 2.7456449e-004 2.7456449e-004
7.3704492e+002 2.7404737e-004 2.7404737e-004 2.7404737e-004
7.3705625e+002 2.7370027e-004 2.7370027e-004 2.7370027e-004
7.3706757e+002 2.7346904e-004 2.7346904e-004 2.7346904e-004
7.3707889e+002 2.7328449e-004 2.7328449e-004 2.7328449e-004
7.3709021e+002 2.7308055e-004 2.7308055e-004 2.7308055e-004
7.3710153e+002 2.7279712e-004 2.7279712e-004 2.7279712e-004
7.3711286e+002 2.7237520e-004 2.7237520e-004 2.7237520e-004
7.3712418e+002 2.7181341e-004 2.7181341e-004 2.7181341e-004
7.3713550e+002 2.7122146e-004 2.7122146e-004 2.7122146e-004
7.3714682e+002 2.7072127e-004 2.7072127e-004 2.7072127e-004
7.3715814e+002 2.7037711e-004 2.7037711e-004 2.7037711e-004
7.3716947e+002 2.7014105e-004 2.7014105e-004 2.7014105e-004
7.3718079e+002 2.6995225e-004 2.6995225e-004 2.6995225e-004
7.3719211e+002 2.6974897e-004 2.6974897e-004 2.6974897e-004
7.3720343e+002 2.6946778e-004 2.6946778e-004 2.6946778e-004
7.3721475e+002 2.6904552e-004 2.6904552e-004 2.6904552e-004
7.3722608e+002 2.6847941e-004 2.6847941e-004 2.6847941e-004
7.3723740e+002 2.6788615e-004 2.6788615e-004 2.6788615e-004
7.3724872e+002 2.6739599e-004 2.6739599e-004 2.6739599e-004
7.3726004e+002 2.6707099e-004 2.6707099e-004 2.6707099e-004
7.3727136e+002 2.6683718e-004 2.6683718e-004 2.6683718e-004
7.3728269e+002 2.6660475e-004 2.6660475e-004 2.6660475e-004
7.3729401e+002 2.6632537e-004 2.6632537e-004 2.6632537e-004
7.3730533e+002 2.6603407e-004 2.6603407e-004 2.6603407e-004
7.3731665e+002 2.6577562e-004 2.6577562e-004 2.6577562e-004
7.3732797e+002 2.6555358e-004 2.6555358e-004 2.6555358e-004
7.3733930e+002 2.6528800e-004 2.6528800e-004 2.6528800e-004
7.3735062e+002 2.6488925e-004 2.6488925e-004 2.6488925e-004
7.3736194e+002 2.6433455e-004 2.6433455e-004 2.6433455e-004
7.3737326e+002 2.6373781e-004 2.6373781e-004 2.6373781e-004
7.3738458e+002 2.6322929e-004 2.6322929e-004 2.6322929e-004
7.3739591e+002 2.6288091e-004 2.6288091e-004 2.6288091e-004
7.3740723e+002 2.6264434e-004 2.6264434e-004 2.6264434e-004
7.3741855e+002 2.6245637e-004 2.6245637e-004 2.6245637e-004
7.3742987e+002 2.6225403e-004 2.6225403e-004 2.6225403e-004
7.3744119e+002 2.6197478e-004 2.6197478e-004 2.6197478e-004
7.3745252e+002 2.6155646e-004 2.6155646e-004 2.6155646e-004
7.3746384e+002 2.6099368e-004 2.6099368e-004 2.6099368e-004
7.3747516e+002 2.6039997e-004 2.6039997e-004 2.6039997e-004
7.3748648e+002 2.5990351e-004 2.5990351e-004 2.5990351e-004
7.3749780e+002 2.5957022e-004 2.5957022e-004 2.5957021e-004
7.3750913e+002 2.5933447e-004 2.5933447e-004 2.5933446e-004
7.3752045e+002 2.5911402e-004 2.5911402e-004 2.5911402e-004
7.3753177e+002 2.5885561e-004 2.5885561e-004 2.5885564e-004
7.3754309e+002 2.5856769e-004 2.5856769e-004 2.5856772e-004
7.3755441e+002 2.5826662e-004 2.5826662e-004 2.5826660e-004
7.3756574e+002 2.5796894e-004 2.5796894e-004 2.5796881e-004
7.3757706e+002 2.5769149e-004 2.5769149e-004 2.5769134e-004
7.3758838e+002 2.5745101e-004 2.5745101e-004 2.5745109e-004
7.3759970e+002 2.5723509e-004 2.5723509e-004 2.5723555e-004
7.3761102e+002 2.5696803e-004 2.5696803e-004 2.5696857e-004
7.3762235e+002 2.5656623e-004 2.5656623e-004 2.5656596e-004
7.3763367e+002 2.5600873e-004 2.5600873e-004 2.5600699e-004
7.3764499e+002 2.5541172e-004 2.5541172e-004 2.5540969e-004
7.3765631e+002 2.5490915e-004 2.5490915e-004 2.5491012e-004
7.3766763e+002 2.5457273e-004 2.5457273e-004 2.5457922e-004
7.3767896e+002 2.5433687e-004 2.5433687e-004 2.5434443e-004
7.3769028e+002 2.5411779e-004 2.5411779e-004 2.5411423e-004
7.3770160e+002 2.5386023e-004 2.5386023e-004 2.5383608e-004
7.3771292e+002 2.5357243e-004 2.5357243e-004 2.5354417e-004
7.3772424e+002 2.5327116e-004 2.5327116e-004 2.5328421e-004
7.3773557e+002 2.5297319e-004 2.5297319e-004 2.5306315e-004
7.3774689e+002 2.5269536e-004 2.5269536e-004 2.5280099e-004
7.3775821e+002 2.5245437e-004 2.5245437e-004 2.5240620e-004
7.3776953e+002 2.5223869e-004 2.5223869e-004 2.5185114e-004
7.3778085e+002 2.5197304e-004 2.5197304e-004 2.5125274e-004
7.3779218e+002 2.5157358e-004 2.5157358e-004 2.5074749e-004
7.3780350e+002 2.5101731e-004 2.5101731e-004 2.5041005e-004
7.3781482e+002 2.5041981e-004 2.5041981e-004 2.5017398e-004
7.3782614e+002 2.4991568e-004 2.4991568e-004 2.4995340e-004
7.3783746e+002 2.4957859e-004 2.4957859e-004 2.4969237e-004
7.3784879e+002 2.4934216e-004 2.4934216e-004 2.4940388e-004
7.3786011e+002 2.4912050e-004 2.4912050e-004 2.4911054e-004
7.3787143e+002 2.4885800e-004 2.4885800e-004 2.4882751e-004
7.3788275e+002 2.4856931e-004 2.4856931e-004 2.4855271e-004
7.3789407e+002 2.4827895e-004 2.4827895e-004 2.4828159e-004
7.3790540e+002 2.4800145e-004 2.4800145e-004 2.4800963e-004
7.3791672e+002 2.4772786e-004 2.4772786e-004 2.4773233e-004
7.3792804e+002 2.4744591e-004 2.4744591e-004 2.4744522e-004
7.3793936e+002 2.4715332e-004 2.4715332e-004 2.4715113e-004
7.3795068e+002 2.4687129e-004 2.4687129e-004 2.4687009e-004
7.3796201e+002 2.4662434e-004 2.4662434e-004 2.4662453e-004
7.3797333e+002 2.4640727e-004 2.4640727e-004 2.4640786e-004
7.3798465e+002 2.4614424e-004 2.4614424e-004 2.4614456e-004
7.3799597e+002 2.4574931e-004 2.4574931e-004 2.4574926e-004
7.3800729e+002 2.4519550e-004 2.4519550e-004 2.4519534e-004
7.3801862e+002 2.4459731e-004 2.4459731e-004 2.4459722e-004
7.3802994e+002 2.4408983e-004 2.4408983e-004 2.4408984e-004
7.3804126e+002 2.4374972e-004 2.4374972e-004 2.4374976e-004
7.3805258e+002 2.4351223e-004 2.4351223e-004 2.4351226e-004
7.3806390e+002 2.4329174e-004 2.4329174e-004 2.4329173e-004
7.3807523e+002 2.4303113e-004 2.4303113e-004 2.4303112e-004
7.3808655e+002 2.4274296e-004 2.4274296e-004 2.4274295e-004
7.3809787e+002 2.4245018e-004 2.4245018e-004 2.4245018e-004
7.3810919e+002 2.4216814e-004 2.4216814e-004 2.4216815e-004
7.3812051e+002 2.4189350e-004 2.4189350e-004 2.4189350e-004
7.3813184e+002 2.4162006e-004 2.4162006e-004 2.4162006e-004
7.3814316e+002 2.4134371e-004 2.4134371e-004 2.4134371e-004
7.3815448e+002 2.4106543e-004 2.4106543e-004 2.4106543e-004
7.3816580e+002 2.4078699e-004 2.4078699e-004 2.4078699e-004
7.3817712e+002 2.4050947e-004 2.4050947e-004 2.4050947e-004
7.3818845e+002 2.4023226e-004 2.4023226e-004 2.4023226e-004
7.3819977e+002 2.3995447e-004 2.3995447e-004 2.3995447e-004
7.3821109e+002 2.3967589e-004 2.3967589e-004 2.3967589e-004
7.3822241e+002 2.3939803e-004 2.3939803e-004 2.3939803e-004
7.3823373e+002 2.3912265e-004 2.3912265e-004 2.3912265e-004
7.3824506e+002 2.3884949e-004 2.3884949e-004 2.3884949e-004
7.3825638e+002 2.3857318e-004 2.3857318e-004 2.3857318e-004
7.3826770e+002 2.3828756e-004 2.3828756e-004 2.3828756e-004
7.3827902e+002 2.3799377e-004 2.3799377e-004 2.3799377e-004
7.3829034e+002 2.3771181e-004 2.3771181e-004 2.3771181e-004
7.3830167e+002 2.3746459e-004 2.3746459e-004 2.3746459e-004
7.3831299e+002 2.3724790e-004 2.3724790e-004 2.3724790e-004
7.3832431e+002 2.3698731e-004 2.3698731e-004 2.3698731e-004
7.3833563e+002 2.3659722e-004 2.3659722e-004 2.3659722e-004
7.3834695e+002 2.3604674e-004 2.3604674e-004 2.3604674e-004
7.3835828e+002 2.3544797e-004 2.3544797e-004 2.3544797e-004
7.3836960e+002 2.3493595e-004 2.3493595e-004 2.3493595e-004
7.3838092e+002 2.3459145e-004 2.3459145e-004 2.3459145e-004
7.3839224e+002 2.3435212e-004 2.3435212e-004 2.3435212e-004
7.3840356e+002 2.3413231e-004 2.3413231e-004 2.3413231e-004
7.3841489e+002 2.3387288e-004 2.3387288e-004 2.3387288e-004
7.3842621e+002 2.3358521e-004 2.3358521e-004 2.3358521e-004
7.3843753e+002 2.3329224e-004 2.3329224e-004 2.3329224e-004
7.3844885e+002 2.3300986e-004 2.3300986e-004 2.3300986e-004
7.3846017e+002 2.3273508e-004 2.3273508e-004 2.3273508e-004
7.3847150e+002 2.3246173e-004 2.3246173e-004 2.3246173e-004
7.3848282e+002 2.3218555e-004 2.3218555e-004 2.3218555e-004
7.3849414e+002 2.3190733e-004 2.3190733e-004 2.3190733e-004
7.3850546e+002 2.3162872e-004 2.3162872e-004 2.3162872e-004
7.3851678e+002 2.3135087e-004 2.3135087e-004 2.3135087e-004
7.3852811e+002 2.3107356e-004 2.3107356e-004 2.3107356e-004
7.3853943e+002 2.3079636e-004 2.3079636e-004 2.3079636e-004
7.3855075e+002 2.3051896e-004 2.3051896e-004 2.3051896e-004
7.3856207e+002 2.3024141e-004 2.3024141e-004 2.3024141e-004
7.3857339e+002 2.2996383e-004 2.2996383e-004 2.2996383e-004
7.3858472e+002 2.2968631e-004 2.2968631e-004 2.2968631e-004
7.3859604e+002 2.2940883e-004 2.2940883e-004 2.2940883e-004
7.3860736e+002 2.2913135e-004 2.2913135e-004 2.2913135e-004
7.3861868e+002 2.2885386e-004 2.2885386e-004 2.2885386e-004
7.3863000e+002 2.2857636e-004 2.2857636e-004 2.2857636e-004
7.3864133e+002 2.2829885e-004 2.2829885e-004 2.2829885e-004
7.3865265e+002 2.2802135e-004 2.2802135e-004 2.2802135e-004
7.3866397e+002 2.2774386e-004 2.2774386e-004 2.2774386e-004
7.3867529e+002 2.2746636e-004 2.2746636e-004 2.2746636e-004
7.3868661e+002 2.2718887e-004 2.2718887e-004 2.2718887e-004
7.3869794e+002 2.2691137e-004 2.2691137e-004 2.2691137e-004
7.3870926e+002 2.2663387e-004 2.2663387e-004 2.2663387e-004
7.3872058e+002 2.2635637e-004 2.2635637e-004 2.2635637e-004
7.3873190e+002 2.2607887e-004 2.2607887e-004 2.2607887e-004
7.3874322e+002 2.2580138e-004 2.2580138e-004 2.2580138e-004
7.3875455e+002 2.2552389e-004 2.2552389e-004 2.2552389e-004
7.3876587e+002 2.2524639e-004 2.2524639e-004 2.2524639e-004
7.3877719e+002 2.2496888e-004 2.2496888e-004 2.2496888e-004
7.3878851e+002 2.2469136e-004 2.2469136e-004 2.2469136e-004
7.3879983e+002 2.2441386e-004 2.2441386e-004 2.2441386e-004
7.3881116e+002 2.2413640e-004 2.2413640e-004 2.2413640e-004
7.3882248e+002 2.2385898e-004 2.2385898e-004 2.2385898e-004
7.3883380e+002 2.2358152e-004 2.2358152e-004 2.2358152e-004
7.3884512e+002 2.2330387e-004 2.2330387e-004 2.2330387e-004
7.3885644e+002 2.2302606e-004 2.2302606e-004 2.2302606e-004
7.3886777e+002 2.2274846e-004 2.2274846e-004 2.2274846e-004
7.3887909e+002 2.2247150e-004 2.2247150e-004 2.2247150e-004
7.3889041e+002 2.2219517e-004 2.2219517e-004 2.2219517e-004
7.3890173e+002 2.2191808e-004 2.2191808e-004 2.2191808e-004
7.3891305e+002 2.2163858e-004 2.2163858e-004 2.2163858e-004
7.3892438e+002 2.2135672e-004 2.2135672e-004 2.2135672e-004
7.3893570e+002 2.2107768e-004 2.2107768e-004 2.2107768e-004
7.3894702e+002 2.2080761e-004 2.2080761e-004 2.2080761e-004
7.3895834e+002 2.2054639e-004 2.2054639e-004 2.2054639e-004
7.3896966e+002 2.2027471e-004 2.2027471e-004 2.2027471e-004
7.3898099e+002 2.1996962e-004 2.1996962e-004 2.1996962e-004
7.3899231e+002 2.1963140e-004 2.1963140e-004 2.1963140e-004
7.3900363e+002 2.1933195e-004 2.1933195e-004 2.1933195e-004
7.3901495e+002 2.1915693e-004 2.1915693e-004 2.1915693e-004
7.3902627e+002 2.1914521e-004 2.1914521e-004 2.1914521e-004
7.3903760e+002 2.1918990e-004 2.1918990e-004 2.1918990e-004
7.3904892e+002 2.1915587e-004 2.1915587e-004 2.1915587e-004
7.3906024e+002 2.1895441e-004 2.1895441e-004 2.1895441e-004
7.3907156e+002 2.1864265e-004 2.1864265e-004 2.1864265e-004
7.3908288e+002 2.1830626e-004 2.1830626e-004 2.1830626e-004
7.3909421e+002 2.1800826e-004 2.1800826e-004 2.1800826e-004
7.3910553e+002 2.1773989e-004 2.1773989e-004 2.1773989e-004
7.3911685e+002 2.1747819e-004 2.1747819e-004 2.1747819e-004
7.3912817e+002 2.1720622e-004 2.1720622e-004 2.1720622e-004
7.3913949e+002 2.1692629e-004 2.1692629e-004 2.1692629e-004
7.3915082e+002 2.1664456e-004 2.1664456e-004 2.1664456e-004
7.3916214e+002 2.1636557e-004 2.1636557e-004 2.1636557e-004
7.3917346e+002 2.1608872e-004 2.1608872e-004 2.1608872e-004
7.3918478e+002 2.1581236e-004 2.1581236e-004 2.1581236e-004
7.3919610e+002 2.1553526e-004 2.1553526e-004 2.1553526e-004
7.3920743e+002 2.1525758e-004 2.1525758e-004 2.1525758e-004
7.3921875e+002 2.1497979e-004 2.1497979e-004 2.1497979e-004
7.3923007e+002 2.1470220e-004 2.1470220e-004 2.1470220e-004
7.3924139e+002 2.1442476e-004 2.1442476e-004 2.1442476e-004
7.3925271e+002 2.1414731e-004 2.1414731e-004 2.1414731e-004
7.3926404e+002 2.1386978e-004 2.1386978e-004 2.1386978e-004
7.3927536e+002 2.1359224e-004 2.1359224e-004 2.1359224e-004
7.3928668e+002 2.1331483e-004 2.1331483e-004 2.1331483e-004
7.3929800e+002 2.1303756e-004 2.1303756e-004 2.1303756e-004
7.3930932e+002 2.1276017e-004 2.1276017e-004 2.1276017e-004
7.3932065e+002 2.1248228e-004 2.1248228e-004 2.1248228e-004
7.3933197e+002 2.1220389e-004 2.1220389e-004 2.1220389e-004
7.3934329e+002 2.1192603e-004 2.1192603e-004 2.1192603e-004
7.3935461e+002 2.1164998e-004 2.1164998e-004 2.1164998e-004
7.3936593e+002 2.1137583e-004 2.1137583e-004 2.1137583e-004
7.3937726e+002 2.1109970e-004 2.1109970e-004 2.1109970e-004
7.3938858e+002 2.1081683e-004 2.1081683e-004 2.1081683e-004
7.3939990e+002 2.1052682e-004 2.1052682e-004 2.1052682e-004
7.3941122e+002 2.1024418e-004 2.1024418e-004 2.1024418e-004
7.3942254e+002 2.0998664e-004 2.0998664e-004 2.0998664e-004
7.3943387e+002 2.0975583e-004 2.0975583e-004 2.0975583e-004
7.3944519e+002 2.0949768e-004 2.0949768e-004 2.0949768e-004
7.3945651e+002 2.0914608e-004 2.0914608e-004 2.0914608e-004
7.3946783e+002 2.0865931e-004 2.0865931e-004 2.0865931e-004
7.3947915e+002 2.0808087e-004 2.0808087e-004 2.0808087e-004
7.3949048e+002 2.0747286e-004 2.0747286e-004 2.0747286e-004
7.3950180e+002 2.0688612e-004 2.0688612e-004 2.0688612e-004
7.3951312e+002 2.0633171e-004 2.0633171e-004 2.0633171e-004
7.3952444e+002 2.0581193e-004 2.0581193e-004 2.0581193e-004
7.3953576e+002 2.0531533e-004 2.0531533e-004 2.0531533e-004
7.3954709e+002 2.0478147e-004 2.0478147e-004 2.0478147e-004
7.3955841e+002 2.0413905e-004 2.0413905e-004 2.0413905e-004
7.3956973e+002 2.0334821e-004 2.0334821e-004 2.0334821e-004
7.3958105e+002 2.0248191e-004 2.0248191e-004 2.0248191e-004
7.3959237e+002 2.0163845e-004 2.0163845e-004 2.0163845e-004
7.3960370e+002 2.0087284e-004 2.0087284e-004 2.0087284e-004
7.3961502e+002 2.0008335e-004 2.0008335e-004 2.0008335e-004
7.3962634e+002 1.9913274e-004 1.9913274e-004 1.9913274e-004
7.3963766e+002 1.9792358e-004 1.9792358e-004 1.9792358e-004
7.3964898e+002 1.9650402e-004 1.9650402e-004 1.9650402e-004
7.3966031e+002 1.9495546e-004 1.9495546e-004 1.9495546e-004
7.3967163e+002 1.9334393e-004 1.9334393e-004 1.9334393e-004
7.3968295e+002 1.9167877e-004 1.9167877e-004 1.9167877e-004
7.3969427e+002 1.8995627e-004 1.8995627e-004 1.8995627e-004
7.3970559e+002 1.8816148e-004 1.8816148e-004 1.8816148e-004
7.3971692e+002 1.8623759e-004 1.8623759e-004 1.8623759e-004
7.3972824e+002 1.8411805e-004 1.8411805e-004 1.8411805e-004
7.3973956e+002 1.8176325e-004 1.8176325e-004 1.8176325e-004
7.3975088e+002 1.7923472e-004 1.7923472e-004 1.7923472e-004
7.3976220e+002 1.7661770e-004 1.7661770e-004 1.7661770e-004
7.3977353e+002 1.7396666e-004 1.7396666e-004 1.7396666e-004
7.3978485e+002 1.7121939e-004 1.7121939e-004 1.7121939e-004
7.3979617e+002 1.6828601e-004 1.6828601e-004 1.6828601e-004
7.3980749e+002 1.6510794e-004 1.6510794e-004 1.6510794e-004
7.3981881e+002 1.6174616e-004 1.6174616e-004 1.6174616e-004
7.3983014e+002 1.5829024e-004 1.5829024e-004 1.5829024e-004
7.3984146e+002 1.5479981e-004 1.5479981e-004 1.5479981e-004
7.3985278e+002 1.5121894e-004 1.5121894e-004 1.5121894e-004
7.3986410e+002 1.4746387e-004 1.4746387e-004 1.4746387e-004
7.3987542e+002 1.4347558e-004 1.4347558e-004 1.4347558e-004
7.3988675e+002 1.3929152e-004 1.3929152e-004 1.3929152e-004
7.3989807e+002 1.3497261e-004 1.3497261e-004 1.3497261e-004
7.3990939e+002 1.3057362e-004 1.3057362e-004 1.3057362e-004
7.3992071e+002 1.2612523e-004 1.2612523e-004 1.2612523e-004
7.3993203e+002 1.2165217e-004 1.2165217e-004 1.2165217e-004
7.3994336e+002 1.1717918e-004 1.1717918e-004 1.1717918e-004
7.3995468e+002 1.1273101e-004 1.1273101e-004 1.1273101e-004
7.3996600e+002 1.0833239e-004 1.0833239e-004 1.0833239e-004