Energy in eV,Intensity
712.706095287603,0.0033964092580576104
712.7301073917691,0.0036478693489077076
712.7541194959352,0.0036478693489077076
712.7781316001012,0.0036478693489077076
712.8021437042673,0.0036478693489077076
712.8261558084333,0.0036478693489077076
712.8501679125994,0.0036478693489077076
712.8741800167654,0.003899329439757805
712.8981921209315,0.003899329439757805
712.9222042250976,0.003899329439757805
712.9462163292636,0.004150789530607902
712.9702284334297,0.004150789530607902
712.9942405375957,0.004150789530607902
713.0182526417618,0.004150789530607902
713.0422647459279,0.004150789530607902
713.0662768500939,0.004150789530607902
713.09028895426,0.004402249621457999
713.114301058426,0.004402249621457999
713.1383131625921,0.004653709712308097
713.1623252667581,0.004653709712308097
713.1863373709242,0.004653709712308097
713.2103494750903,0.004653709712308097
713.2343615792563,0.004653709712308097
713.2583736834224,0.004653709712308097
713.2823857875884,0.004653709712308097
713.3063978917545,0.004905169803158194
713.3304099959206,0.004905169803158194
713.3544221000866,0.005156629894008291
713.3784342042527,0.005156629894008291
713.4024463084187,0.005156629894008291
713.4264584125848,0.005156629894008291
713.4504705167509,0.005156629894008291
713.4744826209169,0.005156629894008291
713.498494725083,0.005408089984858389
713.522506829249,0.005659550075708486
713.5465189334151,0.005659550075708486
713.5705310375811,0.005659550075708486
713.5945431417472,0.005659550075708486
713.6185552459133,0.005911010166558583
713.6425673500793,0.00616247025740868
713.6665794542454,0.00616247025740868
713.6905915584114,0.00616247025740868
713.7146036625775,0.006665390439108875
713.7386157667436,0.006665390439108875
713.7626278709096,0.006665390439108875
713.7866399750757,0.006916850529958972
713.8106520792417,0.00716831062080907
713.8346641834078,0.00716831062080907
713.8586762875738,0.0074197707116591665
713.8826883917399,0.007671230802509264
713.906700495906,0.007671230802509264
713.930712600072,0.007922690893359362
713.9547247042381,0.008174150984209459
713.978736808404,0.008425611075059555
714.0027489125702,0.008677071165909652
714.0267610167363,0.00892853125675975
714.0507731209022,0.009179991347609849
714.0747852250684,0.009682911529310043
714.0987973292343,0.00993437162016014
714.1228094334004,0.010185831711010236
714.1468215375666,0.010437291801860335
714.1708336417325,0.010688751892710431
714.1948457458986,0.011191672074410627
714.2188578500646,0.011443132165260723
714.2428699542307,0.011946052346960919
714.2668820583967,0.012448972528661112
714.2908941625628,0.012951892710361308
714.3149062667289,0.013706272982911598
714.3389183708949,0.014209193164611793
714.362930475061,0.01471211334631199
714.386942579227,0.015215033528012184
714.4109546833931,0.016220873891412572
714.4349667875592,0.016723794073112766
714.4589788917252,0.01747817434566306
714.4829909958913,0.018735474799913544
714.5070031000573,0.019489855072463837
714.5310152042234,0.02074715552671432
714.5550273083894,0.022004455980964812
714.5790394125555,0.023261756435215296
714.6030515167216,0.024770516980315876
714.6270636208876,0.026279277525416464
714.6510757250537,0.02753657797966695
714.6750878292197,0.02954825870646773
714.6990999333858,0.03105701925156831
714.7231120375519,0.03332016006921919
714.7471241417179,0.036337681159420356
714.771136245884,0.03885228206792132
714.79514835005,0.0416183430672724
714.8191604542161,0.04564170452087395
714.8431725583821,0.04941360588362541
714.8671846625482,0.054442807700627364
714.8911967667143,0.0597234696084794
714.9152088708803,0.06525559160718154
714.9392209750464,0.07129063378758388
714.9632330792124,0.0783315163313866
714.9872451833785,0.08587531905688953
715.0112572875446,0.09417350205494274
715.0352693917106,0.10247168505299595
715.0592814958767,0.11076986805104914
715.0832936000427,0.12032535150335284
715.1073057042088,0.13013229504650664
715.1313178083749,0.13742463768115948
715.1553299125409,0.1442140601341121
715.179342016707,0.15100348258706475
715.203354120873,0.15728998485831713
715.2273662250391,0.1608104261302185
715.2513783292051,0.16433086740211988
715.2753904333712,0.1663425481289207
715.2994025375373,0.16759984858317112
715.3234146417033,0.16659400821977077
715.3474267458694,0.16433086740211988
715.3714388500354,0.1618162664936189
715.3954509542015,0.15879874540341776
715.4194630583676,0.15578122431321656
715.4434751625336,0.1530151633138655
715.4674872666997,0.14999764222366435
715.4914993708657,0.14698012113346315
715.5155114750318,0.14371113995241191
715.5395235791977,0.14144799913476103
715.5635356833639,0.13943631840796022
715.58754778753,0.13742463768115948
715.611559891696,0.13541295695435868
715.635571995862,0.13465857668180842
715.659584100028,0.13365273631840802
715.6835962041941,0.1331498161367078
715.7076083083602,0.13239543586415753
715.7316204125262,0.13138959550075713
715.7556325166923,0.13088667531905696
715.7796446208583,0.13038375513735673
715.8036567250244,0.12962937486480647
715.8276688291905,0.12761769413800567
715.8516809333565,0.1256060134112049
715.8756930375226,0.12334287259355402
715.8997051416886,0.12007389141250274
715.9237172458547,0.1163019900497513
715.9477293500207,0.11202716850529965
715.9717414541868,0.1080038070516981
715.9957535583529,0.10347752541639633
716.0197656625189,0.09920270387194469
716.043777766685,0.09417350205494274
716.067789870851,0.08964722041964099
716.0918019750171,0.08512093878433924
716.1158140791832,0.08084611723988758
716.1398261833492,0.07682275578628601
716.1638382875153,0.07279939433268447
716.1878503916813,0.0692789530607831
716.2118624958474,0.06575851178888174
716.2358746000134,0.06324391088038077
716.2598867041795,0.060477849881029694
716.2838988083456,0.057711788881678626
716.3079109125116,0.05544864806402775
716.3319230166777,0.05318550724637688
716.3559351208437,0.051425286610426196
716.3799472250098,0.04966506597447551
716.4039593291759,0.04815630542937492
716.4279714333419,0.04664754488427435
716.451983537508,0.04539024443002386
716.475995641674,0.04413294397577337
716.5000077458401,0.043127103612372986
716.5240198500062,0.04237272333982269
716.5480319541722,0.041366882976422305
716.5720440583383,0.04061250270387201
716.5960561625043,0.03985812243132172
716.6200682666704,0.039355202249621524
716.6440803708364,0.03885228206792132
716.6680924750025,0.03834936188622113
716.6921045791686,0.03759498161367084
716.7161166833346,0.03684060134112055
716.7401287875007,0.036337681159420356
716.7641408916667,0.03583476097772016
716.7881529958328,0.03533184079601997
716.8121650999989,0.034828920614319775
716.8361772041649,0.03407454034176948
716.860189308331,0.03407454034176948
716.884201412497,0.03357162016006929
716.9082135166631,0.033068699978369094
716.9322256208291,0.0325657797966689
716.9562377249952,0.0323143197058188
716.9802498291613,0.0318113995241186
717.0042619333273,0.03155993943326851
717.0282740374934,0.03130847934241841
717.0522861416594,0.030805559160718216
717.0762982458255,0.030554099069868116
717.1003103499916,0.030302638979018023
717.1243224541576,0.029799718797317822
717.1483345583237,0.02954825870646773
717.1723466624896,0.02929679861561763
717.1963587666557,0.028793878433917435
717.2203708708219,0.028542418343067342
717.2443829749878,0.02829095825221724
717.268395079154,0.027788038070517048
717.2924071833199,0.02753657797966695
717.316419287486,0.027285117888816855
717.340431391652,0.026782197707116658
717.3644434958181,0.02653073761626656
717.3884555999842,0.026279277525416464
717.4124677041502,0.026027817434566364
717.4364798083163,0.02552489725286617
717.4604919124823,0.025273437162016077
717.4845040166484,0.025021977071165977
717.5085161208145,0.024519056889465783
717.5325282249805,0.024267596798615683
717.5565403291466,0.02401613670776559
717.5805524333126,0.02376467661691549
717.6045645374787,0.023261756435215296
717.6285766416447,0.023261756435215296
717.6525887458108,0.022758836253515102
717.6766008499769,0.022758836253515102
717.7006129541429,0.02225591607181491
717.724625058309,0.02225591607181491
717.748637162475,0.021752995890114715
717.7726492666411,0.021752995890114715
717.7966613708072,0.021250075708414518
717.8206734749732,0.021250075708414518
717.8446855791393,0.02074715552671432
717.8686976833053,0.02074715552671432
717.8927097874714,0.020244235345014128
717.9167218916375,0.020244235345014128
717.9407339958035,0.019741315163313934
717.9647460999696,0.019741315163313934
717.9887582041356,0.01923839498161374
718.0127703083017,0.01923839498161374
718.0367824124677,0.018735474799913544
718.0607945166338,0.018735474799913544
718.0848066207999,0.018735474799913544
718.1088187249659,0.01823255461821335
718.132830829132,0.01823255461821335
718.156842933298,0.017981094527363253
718.1808550374641,0.017729634436513157
718.2048671416302,0.017729634436513157
718.2288792457962,0.017729634436513157
718.2528913499623,0.01747817434566306
718.2769034541283,0.017226714254812963
718.3009155582944,0.017226714254812963
718.3249276624604,0.017226714254812963
718.3489397666265,0.016975254163962866
718.3729518707926,0.016723794073112766
718.3969639749586,0.016723794073112766
718.4209760791247,0.01647233398226267
718.4449881832907,0.01647233398226267
718.4690002874568,0.016220873891412572
718.4930123916229,0.016220873891412572
718.5170244957889,0.015969413800562472
718.541036599955,0.01571795370971238
718.565048704121,0.01571795370971238
718.5890608082871,0.01571795370971238
718.6130729124532,0.01546649361886228
718.6370850166192,0.01546649361886228
718.6610971207853,0.015215033528012184
718.6851092249512,0.015215033528012184
718.7091213291174,0.015215033528012184
718.7331334332833,0.014963573437162087
718.7571455374494,0.014963573437162087
718.7811576416156,0.01471211334631199
718.8051697457815,0.01471211334631199
718.8291818499476,0.01471211334631199
718.8531939541136,0.01471211334631199
718.8772060582797,0.01471211334631199
718.9012181624458,0.014460653255461892
718.9252302666118,0.014460653255461892
718.9492423707779,0.014209193164611793
718.9732544749439,0.014209193164611793
718.99726657911,0.014209193164611793
719.021278683276,0.014209193164611793
719.0452907874421,0.013957733073761696
719.0693028916082,0.013957733073761696
719.0933149957742,0.013706272982911598
719.1173270999403,0.013706272982911598
719.1413392041063,0.013706272982911598
719.1653513082724,0.013706272982911598
719.1893634124385,0.013706272982911598
719.2133755166045,0.013454812892061501
719.2373876207706,0.013454812892061501
719.2613997249366,0.013203352801211404
719.2854118291027,0.013203352801211404
719.3094239332688,0.013203352801211404
719.3334360374348,0.013203352801211404
719.3574481416009,0.012951892710361308
719.3814602457669,0.012951892710361308
719.405472349933,0.01270043261951121
719.429484454099,0.01270043261951121
719.4534965582651,0.01270043261951121
719.4775086624312,0.01270043261951121
719.5015207665972,0.01270043261951121
719.5255328707633,0.012448972528661112
719.5495449749293,0.012448972528661112
719.5735570790954,0.012197512437811016
719.5975691832615,0.012197512437811016
719.6215812874275,0.012197512437811016
719.6455933915936,0.012197512437811016
719.6696054957596,0.011946052346960919
719.6936175999257,0.011946052346960919
719.7176297040917,0.011694592256110822
719.7416418082578,0.011694592256110822
719.7656539124239,0.011694592256110822
719.7896660165899,0.011694592256110822
719.813678120756,0.011443132165260723
719.837690224922,0.011443132165260723
719.8617023290881,0.011191672074410627
719.8857144332542,0.011191672074410627
719.9097265374202,0.011191672074410627
719.9337386415863,0.011191672074410627
719.9577507457523,0.011191672074410627
719.9817628499184,0.010940211983560528
720.0057749540844,0.010940211983560528
720.0297870582505,0.010688751892710431
720.0537991624166,0.010688751892710431
720.0778112665826,0.010688751892710431
720.1018233707487,0.010688751892710431
720.1258354749147,0.010437291801860335
720.1498475790808,0.010437291801860335
720.1738596832469,0.010185831711010236
720.1978717874129,0.010185831711010236
720.221883891579,0.010185831711010236
720.245895995745,0.010185831711010236
720.269908099911,0.010185831711010236
720.2939202040772,0.00993437162016014
720.3179323082431,0.00993437162016014
720.3419444124092,0.009682911529310043
720.3659565165752,0.009682911529310043
720.3899686207413,0.009682911529310043
720.4139807249073,0.009682911529310043
720.4379928290734,0.009431451438459946
720.4620049332395,0.009431451438459946
720.4860170374055,0.009179991347609849
720.5100291415716,0.009179991347609849
720.5340412457376,0.009179991347609849
720.5580533499037,0.009179991347609849
720.5820654540698,0.00892853125675975
720.6060775582358,0.00892853125675975
720.6300896624019,0.00892853125675975
720.6541017665679,0.008677071165909652
720.678113870734,0.008677071165909652
720.7021259749,0.008677071165909652
720.7261380790661,0.008425611075059555
720.7501501832322,0.008425611075059555
720.7741622873982,0.008425611075059555
720.7981743915643,0.008425611075059555
720.8221864957303,0.008174150984209459
720.8461985998964,0.008174150984209459
720.8702107040625,0.008174150984209459
720.8942228082285,0.008174150984209459
720.9182349123946,0.008174150984209459
720.9422470165606,0.008174150984209459
720.9662591207267,0.008174150984209459
720.9902712248928,0.008174150984209459
721.0142833290588,0.008174150984209459
721.0382954332249,0.008174150984209459
721.0623075373909,0.008174150984209459
721.086319641557,0.008174150984209459
721.110331745723,0.008174150984209459
721.1343438498891,0.008174150984209459
721.1583559540552,0.008174150984209459
721.1823680582212,0.008174150984209459
721.2063801623873,0.007922690893359362
721.2303922665533,0.007922690893359362
721.2544043707194,0.007922690893359362
721.2784164748855,0.007922690893359362
721.3024285790515,0.007922690893359362
721.3264406832176,0.007922690893359362
721.3504527873836,0.007922690893359362
721.3744648915497,0.007922690893359362
721.3984769957158,0.007922690893359362
721.4224890998818,0.007922690893359362
721.4465012040479,0.007922690893359362
721.4705133082139,0.007671230802509264
721.49452541238,0.007671230802509264
721.518537516546,0.007671230802509264
721.5425496207121,0.007671230802509264
721.5665617248782,0.007671230802509264
721.5905738290442,0.007671230802509264
721.6145859332103,0.007671230802509264
721.6385980373763,0.007671230802509264
721.6626101415424,0.007671230802509264
721.6866222457085,0.007671230802509264
721.7106343498745,0.007671230802509264
721.7346464540406,0.007671230802509264
721.7586585582065,0.007671230802509264
721.7826706623727,0.007671230802509264
721.8066827665386,0.007671230802509264
721.8306948707047,0.007671230802509264
721.8547069748709,0.007671230802509264
721.8787190790368,0.007671230802509264
721.902731183203,0.007922690893359362
721.9267432873689,0.007922690893359362
721.950755391535,0.008174150984209459
721.9747674957011,0.008174150984209459
721.9987795998671,0.008174150984209459
722.0227917040332,0.008174150984209459
722.0468038081992,0.008174150984209459
722.0708159123653,0.008174150984209459
722.0948280165313,0.008174150984209459
722.1188401206974,0.008425611075059555
722.1428522248635,0.008425611075059555
722.1668643290295,0.008425611075059555
722.1908764331956,0.008677071165909652
722.2148885373616,0.008677071165909652
722.2389006415277,0.008677071165909652
722.2629127456938,0.008677071165909652
722.2869248498598,0.008677071165909652
722.3109369540259,0.008677071165909652
722.3349490581919,0.00892853125675975
722.358961162358,0.00892853125675975
722.3829732665241,0.00892853125675975
722.4069853706901,0.009179991347609849
722.4309974748562,0.009179991347609849
722.4550095790222,0.009179991347609849
722.4790216831883,0.009179991347609849
722.5030337873543,0.009431451438459946
722.5270458915204,0.009682911529310043
722.5510579956865,0.009682911529310043
722.5750700998525,0.009682911529310043
722.5990822040186,0.010185831711010236
722.6230943081846,0.010185831711010236
722.6471064123507,0.010688751892710431
722.6711185165168,0.010688751892710431
722.6951306206828,0.010940211983560528
722.7191427248489,0.011191672074410627
722.7431548290149,0.011191672074410627
722.767166933181,0.011694592256110822
722.791179037347,0.011694592256110822
722.8151911415131,0.012197512437811016
722.8392032456792,0.012197512437811016
722.8632153498452,0.01270043261951121
722.8872274540113,0.01270043261951121
722.9112395581773,0.013203352801211404
722.9352516623434,0.013203352801211404
722.9592637665095,0.013454812892061501
722.9832758706755,0.013706272982911598
723.0072879748416,0.013957733073761696
723.0313000790076,0.014209193164611793
723.0553121831737,0.014209193164611793
723.0793242873398,0.01471211334631199
723.1033363915058,0.01471211334631199
723.1273484956719,0.015215033528012184
723.1513605998379,0.015215033528012184
723.175372704004,0.01571795370971238
723.19938480817,0.015969413800562472
723.223396912336,0.016220873891412572
723.2474090165022,0.01647233398226267
723.2714211206682,0.016723794073112766
723.2954332248343,0.016723794073112766
723.3194453290002,0.017226714254812963
723.3434574331663,0.017226714254812963
723.3674695373325,0.017729634436513157
723.3914816414984,0.017729634436513157
723.4154937456645,0.01823255461821335
723.4395058498305,0.01823255461821335
723.4635179539966,0.018484014709063447
723.4875300581626,0.018735474799913544
723.5115421623287,0.018735474799913544
723.5355542664948,0.018735474799913544
723.5595663706608,0.018735474799913544
723.5835784748269,0.018735474799913544
723.6075905789929,0.018735474799913544
723.631602683159,0.018735474799913544
723.6556147873251,0.018735474799913544
723.6796268914911,0.018484014709063447
723.7036389956572,0.018484014709063447
723.7276510998232,0.018484014709063447
723.7516632039893,0.01823255461821335
723.7756753081553,0.01823255461821335
723.7996874123214,0.01823255461821335
723.8236995164875,0.01823255461821335
723.8477116206535,0.01823255461821335
723.8717237248196,0.01823255461821335
723.8957358289856,0.017981094527363253
723.9197479331517,0.017729634436513157
723.9437600373178,0.017729634436513157
723.9677721414838,0.017729634436513157
723.9917842456499,0.017226714254812963
724.0157963498159,0.017226714254812963
724.039808453982,0.016723794073112766
724.0638205581481,0.016723794073112766
724.0878326623141,0.016723794073112766
724.1118447664802,0.016220873891412572
724.1358568706462,0.016220873891412572
724.1598689748123,0.016220873891412572
724.1838810789783,0.01571795370971238
724.2078931831444,0.01571795370971238
724.2319052873105,0.01571795370971238
724.2559173914765,0.015215033528012184
724.2799294956426,0.015215033528012184
724.3039415998086,0.015215033528012184
724.3279537039747,0.01471211334631199
724.3519658081408,0.01471211334631199
724.3759779123068,0.01471211334631199
724.3999900164729,0.014209193164611793
724.4240021206389,0.014209193164611793
724.448014224805,0.013957733073761696
724.472026328971,0.013706272982911598
724.4960384331371,0.013706272982911598
724.5200505373032,0.013706272982911598
724.5440626414692,0.013454812892061501
724.5680747456353,0.013454812892061501
724.5920868498013,0.013203352801211404
724.6160989539674,0.013203352801211404
724.6401110581335,0.013203352801211404
724.6641231622995,0.013203352801211404
724.6881352664656,0.012951892710361308
724.7121473706316,0.012951892710361308
724.7361594747977,0.012951892710361308
724.7601715789638,0.01270043261951121
724.7841836831298,0.01270043261951121
724.8081957872959,0.01270043261951121
724.8322078914618,0.01270043261951121
724.856219995628,0.012448972528661112
724.880232099794,0.012448972528661112
724.90424420396,0.012448972528661112
724.9282563081262,0.012197512437811016
724.9522684122921,0.012197512437811016
724.9762805164582,0.012197512437811016
725.0002926206242,0.012197512437811016
725.0243047247903,0.011946052346960919
725.0483168289564,0.011946052346960919
725.0723289331224,0.011946052346960919
725.0963410372885,0.011946052346960919
725.1203531414545,0.011946052346960919
725.1443652456206,0.011946052346960919
725.1683773497866,0.011946052346960919
725.1923894539527,0.011946052346960919
725.2164015581188,0.011946052346960919
725.2404136622848,0.011946052346960919
725.2644257664509,0.011946052346960919
725.2884378706169,0.011946052346960919
725.312449974783,0.011946052346960919
725.3364620789491,0.011946052346960919
725.3604741831151,0.011946052346960919
725.3844862872812,0.012197512437811016
725.4084983914472,0.012197512437811016
725.4325104956133,0.012197512437811016
725.4565225997794,0.012197512437811016
725.4805347039454,0.012197512437811016
725.5045468081115,0.012197512437811016
725.5285589122775,0.012197512437811016
725.5525710164436,0.012197512437811016
725.5765831206096,0.012197512437811016
725.6005952247757,0.012197512437811016
725.6246073289418,0.012197512437811016
725.6486194331078,0.012197512437811016
725.6726315372739,0.012197512437811016
725.6966436414399,0.012197512437811016
725.720655745606,0.012197512437811016
725.7446678497721,0.012197512437811016
725.7686799539381,0.012197512437811016
725.7926920581042,0.012197512437811016
725.8167041622702,0.012197512437811016
725.8407162664363,0.012448972528661112
725.8647283706023,0.01270043261951121
725.8887404747684,0.012951892710361308
725.9127525789345,0.013454812892061501
725.9367646831005,0.013957733073761696
725.9607767872666,0.014209193164611793
725.9847888914326,0.014209193164611793
726.0088009955987,0.014460653255461892
726.0328130997648,0.01471211334631199
726.0568252039308,0.01471211334631199
726.0808373080969,0.01471211334631199
726.1048494122629,0.01471211334631199
726.128861516429,0.01471211334631199
726.1528736205951,0.01471211334631199
726.1768857247611,0.014963573437162087
726.2008978289272,0.014963573437162087
726.2249099330932,0.015215033528012184
726.2489220372593,0.015215033528012184
726.2729341414253,0.015215033528012184
726.2969462455914,0.015215033528012184
726.3209583497575,0.015215033528012184
726.3449704539235,0.015215033528012184
726.3689825580896,0.01546649361886228
726.3929946622555,0.01546649361886228
726.4170067664217,0.01571795370971238
726.4410188705878,0.01571795370971238
726.4650309747537,0.01571795370971238
726.4890430789198,0.01571795370971238
726.5130551830858,0.01571795370971238
726.537067287252,0.01571795370971238
726.5610793914179,0.015969413800562472
726.585091495584,0.015969413800562472
726.6091035997501,0.015969413800562472
726.6331157039161,0.016220873891412572
726.6571278080822,0.016220873891412572
726.6811399122482,0.016220873891412572
726.7051520164143,0.016220873891412572
726.7291641205804,0.016220873891412572
726.7531762247464,0.01647233398226267
726.7771883289125,0.01647233398226267
726.8012004330785,0.01647233398226267
726.8252125372446,0.016723794073112766
726.8492246414107,0.016723794073112766
726.8732367455767,0.016723794073112766
726.8972488497428,0.016723794073112766
726.9212609539088,0.016723794073112766
726.9452730580749,0.016975254163962866
726.9692851622409,0.017226714254812963
726.993297266407,0.017226714254812963
727.0173093705731,0.017226714254812963
727.0413214747391,0.017226714254812963
727.0653335789052,0.017729634436513157
727.0893456830712,0.017729634436513157
727.1133577872373,0.017729634436513157
727.1373698914034,0.017729634436513157
727.1613819955694,0.01823255461821335
727.1853940997355,0.01823255461821335
727.2094062039015,0.01823255461821335
727.2334183080676,0.018735474799913544
727.2574304122336,0.018735474799913544
727.2814425163997,0.018735474799913544
727.3054546205658,0.01923839498161374
727.3294667247318,0.01923839498161374
727.3534788288979,0.01923839498161374
727.3774909330639,0.019741315163313934
727.40150303723,0.019741315163313934
727.4255151413961,0.020244235345014128
727.4495272455621,0.020244235345014128
727.4735393497282,0.020495695435864224
727.4975514538942,0.02099861561756442
727.5215635580603,0.021250075708414518
727.5455756622264,0.021501535799264615
727.5695877663924,0.022004455980964812
727.5935998705585,0.02225591607181491
727.6176119747245,0.022758836253515102
727.6416240788906,0.0230102963443652
727.6656361830566,0.023261756435215296
727.6896482872227,0.02376467661691549
727.7136603913888,0.02401613670776559
727.7376724955548,0.024519056889465783
727.7616845997209,0.025021977071165977
727.7856967038869,0.02577635734371627
727.809708808053,0.026279277525416464
727.8337209122191,0.026782197707116658
727.857733016385,0.02753657797966695
727.8817451205512,0.02829095825221724
727.9057572247171,0.029045338524767535
727.9297693288833,0.02954825870646773
727.9537814330492,0.030554099069868116
727.9777935372153,0.03105701925156831
728.0018056413815,0.0320628596149687
728.0258177455474,0.03332016006921919
728.0498298497135,0.03407454034176948
728.0738419538795,0.03508038070516987
728.0978540580456,0.036337681159420356
728.1218661622117,0.03759498161367084
728.1458782663777,0.03860082197707123
728.1698903705438,0.03985812243132172
728.1939024747098,0.040863962794722104
728.2179145788759,0.04237272333982269
728.241926683042,0.04388148388492327
728.265938787208,0.044887324248323666
728.2899508913741,0.04639608479342425
728.3139629955401,0.047401925156824634
728.3379750997062,0.04891068570192522
728.3619872038722,0.05016798615617571
728.3859993080383,0.051425286610426196
728.4100114122044,0.05243112697382658
728.4340235163704,0.05343696733722697
728.4580356205365,0.054694267791477465
728.4820477247025,0.05544864806402775
728.5060598288686,0.05620302833657804
728.5300719330347,0.05695740860912834
728.5540840372007,0.057460328790828526
728.5780961413668,0.057963248972528726
728.6021082455328,0.05846616915422891
728.6261203496989,0.05846616915422891
728.6501324538649,0.05846616915422891
728.674144558031,0.05896908933592911
728.6981566621971,0.05896908933592911
728.7221687663631,0.05896908933592911
728.7461808705292,0.05846616915422891
728.7701929746952,0.05846616915422891
728.7942050788613,0.057963248972528726
728.8182171830274,0.057963248972528726
728.8422292871934,0.057460328790828526
728.8662413913595,0.057208868699978425
728.8902534955255,0.05670594851827824
728.9142655996916,0.05620302833657804
728.9382777038577,0.05595156824572795
728.9622898080237,0.05544864806402775
728.9863019121898,0.05494572788232755
729.0103140163558,0.054442807700627364
729.0343261205219,0.053939887518927164
729.0583382246879,0.05343696733722697
729.082350328854,0.05268258706467668
729.1063624330201,0.05192820679212639
729.1303745371861,0.051173826519576096
729.1543866413522,0.050670906337875896
729.1783987455182,0.04966506597447551
729.2024108496843,0.04891068570192522
729.2264229538504,0.04815630542937492
729.2504350580164,0.047150465065974534
729.2744471621825,0.04664754488427435
729.2984592663485,0.04564170452087395
729.3224713705146,0.044635864157473566
729.3464834746806,0.04413294397577337
729.3704955788467,0.043127103612372986
729.3945076830128,0.04262418343067279
729.4185197871788,0.0416183430672724
729.4425318913449,0.04061250270387201
729.4665439955108,0.04010958252217181
729.490556099677,0.03910374215877142
729.514568203843,0.03834936188622113
729.538580308009,0.03759498161367084
729.5625924121751,0.03658914125027045
729.5866045163411,0.036086221068570255
729.6106166205072,0.03508038070516987
729.6346287246733,0.034326000432619574
729.6586408288393,0.03382308025091938
729.6826529330054,0.032817239887518994
729.7066650371714,0.0323143197058188
729.7306771413375,0.0318113995241186
729.7546892455035,0.03130847934241841
729.7787013496696,0.030805559160718216
729.8027134538357,0.030554099069868116
729.8267255580017,0.030051178888167922
729.8507376621678,0.029799718797317822
729.8747497663338,0.02929679861561763
729.8987618704999,0.029045338524767535
729.922773974666,0.028793878433917435
729.946786078832,0.02829095825221724
729.9707981829981,0.02803949816136715
729.9948102871641,0.027788038070517048
730.0188223913302,0.027285117888816855
730.0428344954962,0.027033657797966754
730.0668465996623,0.026782197707116658
730.0908587038284,0.026279277525416464
730.1148708079944,0.026279277525416464
730.1388829121605,0.026279277525416464
730.1628950163265,0.02577635734371627
730.1869071204926,0.02577635734371627
730.2109192246587,0.025273437162016077
730.2349313288247,0.025273437162016077
730.2589434329908,0.025021977071165977
730.2829555371568,0.024770516980315876
730.3069676413229,0.024770516980315876
730.330979745489,0.024519056889465783
730.354991849655,0.024267596798615683
730.3790039538211,0.024267596798615683
730.4030160579871,0.024267596798615683
730.4270281621532,0.02376467661691549
730.4510402663192,0.02376467661691549
730.4750523704853,0.02376467661691549
730.4990644746514,0.023513216526065393
730.5230765788174,0.023261756435215296
730.5470886829835,0.023261756435215296
730.5711007871495,0.0230102963443652
730.5951128913156,0.022758836253515102
730.6191249954817,0.022758836253515102
730.6431370996477,0.022507376162665006
730.6671492038138,0.022507376162665006
730.6911613079798,0.02225591607181491
730.7151734121459,0.02225591607181491
730.7391855163119,0.02225591607181491
730.763197620478,0.022004455980964812
730.7872097246441,0.022004455980964812
730.8112218288101,0.022004455980964812
730.8352339329762,0.021752995890114715
730.8592460371422,0.021752995890114715
730.8832581413083,0.021752995890114715
730.9072702454744,0.021501535799264615
730.9312823496404,0.021501535799264615
730.9552944538065,0.021501535799264615
730.9793065579724,0.021250075708414518
731.0033186621386,0.021250075708414518
731.0273307663047,0.021250075708414518
731.0513428704706,0.021250075708414518
731.0753549746368,0.02099861561756442
731.0993670788027,0.02099861561756442
731.1233791829688,0.02099861561756442
731.1473912871348,0.02074715552671432
731.1714033913009,0.02074715552671432
731.195415495467,0.02074715552671432
731.219427599633,0.02074715552671432
731.2434397037991,0.020495695435864224
731.2674518079651,0.020495695435864224
731.2914639121312,0.020244235345014128
731.3154760162973,0.020244235345014128
731.3394881204633,0.020244235345014128
731.3635002246294,0.020244235345014128
731.3875123287954,0.020244235345014128
731.4115244329615,0.020244235345014128
731.4355365371275,0.020244235345014128
731.4595486412936,0.020244235345014128
731.4835607454597,0.020244235345014128
731.5075728496257,0.020244235345014128
731.5315849537918,0.01999277525416403
731.5555970579578,0.01999277525416403
731.5796091621239,0.01999277525416403
731.60362126629,0.019741315163313934
731.627633370456,0.019741315163313934
731.6516454746221,0.019741315163313934
731.6756575787881,0.019741315163313934
731.6996696829542,0.019741315163313934
731.7236817871202,0.019741315163313934
731.7476938912863,0.019741315163313934
731.7717059954524,0.019741315163313934
731.7957180996184,0.019489855072463837
731.8197302037845,0.019489855072463837
731.8437423079505,0.019489855072463837
731.8677544121166,0.01923839498161374
731.8917665162827,0.01923839498161374
731.9157786204487,0.01923839498161374
731.9397907246148,0.01923839498161374
731.9638028287808,0.01923839498161374
731.9878149329469,0.01923839498161374
732.0118270371129,0.01923839498161374
732.035839141279,0.01898693489076364
732.0598512454451,0.01898693489076364
732.0838633496111,0.01898693489076364
732.1078754537772,0.018735474799913544
732.1318875579432,0.018735474799913544
732.1558996621093,0.018735474799913544
732.1799117662754,0.018735474799913544
732.2039238704414,0.018735474799913544
732.2279359746075,0.018735474799913544
732.2519480787735,0.018735474799913544
732.2759601829396,0.018484014709063447
732.2999722871057,0.018484014709063447
732.3239843912717,0.018484014709063447
732.3479964954378,0.01823255461821335
732.3720085996038,0.01823255461821335
732.3960207037699,0.01823255461821335
732.4200328079359,0.01823255461821335
732.444044912102,0.01823255461821335
732.4680570162681,0.01823255461821335
732.492069120434,0.01823255461821335
732.5160812246002,0.017981094527363253
732.5400933287661,0.017981094527363253
732.5641054329323,0.017981094527363253
732.5881175370984,0.017729634436513157
732.6121296412643,0.017729634436513157
732.6361417454305,0.017729634436513157
732.6601538495964,0.017729634436513157
732.6841659537625,0.017729634436513157
732.7081780579285,0.01747817434566306
732.7321901620946,0.01747817434566306
732.7562022662607,0.017226714254812963
732.7802143704267,0.017226714254812963
732.8042264745928,0.017226714254812963
732.8282385787588,0.017226714254812963
732.8522506829249,0.017226714254812963
732.876262787091,0.016975254163962866
732.900274891257,0.016975254163962866
732.9242869954231,0.016723794073112766
732.9482990995891,0.016723794073112766
732.9723112037552,0.016723794073112766
732.9963233079213,0.016723794073112766
733.0203354120873,0.016723794073112766
733.0443475162534,0.016723794073112766
733.0683596204194,0.01647233398226267
733.0923717245855,0.01647233398226267
733.1163838287515,0.016220873891412572
733.1403959329176,0.016220873891412572
733.1644080370837,0.016220873891412572
733.1884201412497,0.016220873891412572
733.2124322454158,0.016220873891412572
733.2364443495818,0.015969413800562472
733.2604564537479,0.015969413800562472
733.284468557914,0.01571795370971238
733.30848066208,0.01571795370971238
733.3324927662461,0.01571795370971238
733.3565048704121,0.01571795370971238
733.3805169745782,0.01571795370971238
733.4045290787442,0.01571795370971238
733.4285411829103,0.01546649361886228
733.4525532870764,0.01546649361886228
733.4765653912424,0.015215033528012184
733.5005774954085,0.015215033528012184
733.5245895995745,0.015215033528012184
733.5486017037406,0.015215033528012184
733.5726138079067,0.015215033528012184
733.5966259120727,0.014963573437162087
733.6206380162388,0.014963573437162087
733.6446501204048,0.01471211334631199
733.6686622245709,0.01471211334631199
733.692674328737,0.01471211334631199
733.716686432903,0.01471211334631199
733.7406985370691,0.01471211334631199
733.7647106412351,0.01471211334631199
733.7887227454012,0.014460653255461892
733.8127348495672,0.014209193164611793
733.8367469537333,0.014209193164611793
733.8607590578994,0.014209193164611793
733.8847711620654,0.014209193164611793
733.9087832662315,0.014209193164611793
733.9327953703975,0.014209193164611793
733.9568074745636,0.013957733073761696
733.9808195787297,0.013957733073761696
734.0048316828957,0.013706272982911598
734.0288437870618,0.013706272982911598
734.0528558912278,0.013706272982911598
734.0768679953939,0.013706272982911598
734.1008800995598,0.013706272982911598
734.124892203726,0.013454812892061501
734.148904307892,0.013454812892061501
734.172916412058,0.013203352801211404
734.1969285162241,0.013203352801211404
734.2209406203901,0.013203352801211404
734.2449527245562,0.013203352801211404
734.2689648287223,0.013203352801211404
734.2929769328883,0.013203352801211404
734.3169890370544,0.012951892710361308
734.3410011412204,0.012951892710361308
734.3650132453865,0.01270043261951121
734.3890253495526,0.01270043261951121
734.4130374537186,0.01270043261951121
734.4370495578847,0.01270043261951121
734.4610616620507,0.01270043261951121
734.4850737662168,0.012448972528661112
734.5090858703828,0.012448972528661112
734.5330979745489,0.012197512437811016
734.557110078715,0.012197512437811016
734.581122182881,0.012197512437811016
734.6051342870471,0.012197512437811016
734.6291463912131,0.012197512437811016
734.6531584953792,0.012197512437811016
734.6771705995453,0.012197512437811016
734.7011827037113,0.012197512437811016
734.7251948078774,0.012197512437811016
734.7492069120434,0.011946052346960919
734.7732190162095,0.011946052346960919
734.7972311203755,0.011946052346960919
734.8212432245416,0.011946052346960919
734.8452553287077,0.011946052346960919
734.8692674328737,0.011946052346960919
734.8932795370398,0.011946052346960919
734.9172916412058,0.011946052346960919
734.9413037453719,0.011946052346960919
734.965315849538,0.011946052346960919
734.989327953704,0.011946052346960919
735.0133400578701,0.011946052346960919
735.0373521620361,0.011946052346960919
735.0613642662022,0.011946052346960919
735.0853763703683,0.011946052346960919
735.1093884745343,0.011946052346960919
735.1334005787004,0.011946052346960919
735.1574126828664,0.011946052346960919
735.1814247870325,0.011946052346960919
735.2054368911985,0.011946052346960919
735.2294489953646,0.011946052346960919
735.2534610995307,0.011946052346960919
735.2774732036967,0.011946052346960919
735.3014853078628,0.011946052346960919
735.3254974120288,0.011946052346960919
735.3495095161949,0.011946052346960919
735.373521620361,0.011946052346960919
735.397533724527,0.011946052346960919
735.4215458286931,0.011946052346960919
735.4455579328591,0.011946052346960919
735.4695700370252,0.011946052346960919
735.4935821411912,0.011946052346960919
735.5175942453573,0.011946052346960919
735.5416063495234,0.011946052346960919
735.5656184536894,0.012197512437811016
735.5896305578555,0.012197512437811016
735.6136426620214,0.012197512437811016
735.6376547661876,0.012197512437811016
735.6616668703537,0.012197512437811016
735.6856789745196,0.012448972528661112
735.7096910786858,0.012448972528661112
735.7337031828517,0.01270043261951121
735.7577152870178,0.01270043261951121
735.781727391184,0.01270043261951121
735.8057394953499,0.01270043261951121
735.829751599516,0.01270043261951121
735.853763703682,0.01270043261951121
735.8777758078481,0.012951892710361308
735.9017879120141,0.012951892710361308
735.9258000161802,0.013203352801211404
735.9498121203463,0.013203352801211404
735.9738242245123,0.013203352801211404
735.9978363286784,0.013203352801211404
736.0218484328444,0.013203352801211404
736.0458605370105,0.013203352801211404
736.0698726411766,0.013454812892061501
736.0938847453426,0.013454812892061501
736.1178968495087,0.013706272982911598
736.1419089536747,0.013706272982911598
736.1659210578408,0.013706272982911598
736.1899331620068,0.013706272982911598
736.2139452661729,0.013706272982911598
736.237957370339,0.013706272982911598
736.261969474505,0.013957733073761696
736.2859815786711,0.014209193164611793
736.3099936828371,0.014209193164611793
736.3340057870032,0.014209193164611793
736.3580178911693,0.014209193164611793
736.3820299953353,0.014209193164611793
736.4060420995014,0.014460653255461892
736.4300542036674,0.014460653255461892
736.4540663078335,0.01471211334631199
736.4780784119996,0.01471211334631199
736.5020905161656,0.01471211334631199
736.5261026203317,0.01471211334631199
736.5501147244977,0.01471211334631199
736.5741268286638,0.01471211334631199
736.5981389328298,0.014963573437162087
736.6221510369959,0.014963573437162087
736.646163141162,0.015215033528012184
736.670175245328,0.015215033528012184
736.6941873494941,0.015215033528012184
736.7181994536601,0.015215033528012184
736.7422115578262,0.015215033528012184
736.7662236619923,0.015215033528012184
736.7902357661583,0.015215033528012184
736.8142478703244,0.01546649361886228
736.8382599744904,0.01546649361886228
736.8622720786565,0.01571795370971238
736.8862841828225,0.01571795370971238
736.9102962869886,0.01571795370971238
736.9343083911547,0.01571795370971238
736.9583204953207,0.01571795370971238
736.9823325994868,0.01571795370971238
737.0063447036528,0.01571795370971238
737.0303568078189,0.01571795370971238
737.054368911985,0.01571795370971238
737.078381016151,0.01571795370971238
737.1023931203171,0.01571795370971238
737.126405224483,0.01571795370971238
737.1504173286492,0.01571795370971238
737.1744294328153,0.01571795370971238
737.1984415369812,0.01571795370971238
737.2224536411474,0.01571795370971238
737.2464657453133,0.01571795370971238
737.2704778494794,0.01571795370971238
737.2944899536454,0.01571795370971238
737.3185020578115,0.01571795370971238
737.3425141619776,0.01571795370971238
737.3665262661436,0.01571795370971238
737.3905383703097,0.01571795370971238
737.4145504744757,0.01571795370971238
737.4385625786418,0.01571795370971238
737.4625746828079,0.01571795370971238
737.4865867869739,0.01546649361886228
737.51059889114,0.01546649361886228
737.534610995306,0.01546649361886228
737.5586230994721,0.01546649361886228
737.5826352036381,0.01546649361886228
737.6066473078042,0.01546649361886228
737.6306594119703,0.01546649361886228
737.6546715161363,0.01546649361886228
737.6786836203024,0.01546649361886228
737.7026957244684,0.01546649361886228
737.7267078286345,0.01546649361886228
737.7507199328006,0.01546649361886228
737.7747320369666,0.01546649361886228
737.7987441411327,0.01546649361886228
737.8227562452987,0.01546649361886228
737.8467683494648,0.01546649361886228
737.8707804536309,0.01546649361886228
737.8947925577969,0.01546649361886228
737.918804661963,0.01546649361886228
737.942816766129,0.01546649361886228
737.9668288702951,0.01546649361886228
737.9908409744611,0.01546649361886228
738.0148530786272,0.01546649361886228
738.0388651827933,0.01546649361886228
738.0628772869593,0.01546649361886228
738.0868893911254,0.01546649361886228
738.1109014952914,0.01546649361886228
738.1349135994575,0.01546649361886228
738.1589257036236,0.01546649361886228
738.1829378077896,0.01546649361886228
738.2069499119557,0.01546649361886228
738.2309620161217,0.01546649361886228
738.2549741202878,0.01546649361886228
738.2789862244538,0.01546649361886228
738.3029983286199,0.01546649361886228
738.327010432786,0.015215033528012184
738.351022536952,0.015215033528012184
738.3750346411181,0.015215033528012184
738.3990467452841,0.015215033528012184
738.4230588494502,0.015215033528012184
738.4470709536163,0.015215033528012184
738.4710830577823,0.015215033528012184
738.4950951619484,0.015215033528012184
738.5191072661144,0.015215033528012184
738.5431193702805,0.015215033528012184
738.5671314744466,0.015215033528012184
738.5911435786126,0.015215033528012184
738.6151556827787,0.015215033528012184
738.6391677869447,0.015215033528012184
738.6631798911108,0.015215033528012184
738.6871919952767,0.015215033528012184
738.7112040994429,0.015215033528012184
738.735216203609,0.015215033528012184
738.759228307775,0.015215033528012184
738.783240411941,0.015215033528012184
738.807252516107,0.015215033528012184
738.8312646202731,0.015215033528012184
738.8552767244391,0.015215033528012184
738.8792888286052,0.015215033528012184
738.9033009327713,0.015215033528012184
738.9273130369373,0.015215033528012184
738.9513251411034,0.015215033528012184
738.9753372452694,0.015215033528012184
738.9993493494355,0.015215033528012184
739.0233614536016,0.015215033528012184
739.0473735577676,0.015215033528012184
739.0713856619337,0.015215033528012184
739.0953977660997,0.015215033528012184
739.1194098702658,0.015215033528012184
739.1434219744319,0.015215033528012184
739.1674340785979,0.015215033528012184
739.191446182764,0.015215033528012184
739.21545828693,0.015215033528012184
739.2394703910961,0.015215033528012184
739.2634824952621,0.015215033528012184
739.2874945994282,0.015215033528012184
739.3115067035943,0.015215033528012184
739.3355188077603,0.015215033528012184
739.3595309119264,0.015215033528012184
739.3835430160924,0.015215033528012184
739.4075551202585,0.015215033528012184
739.4315672244246,0.015215033528012184
739.4555793285906,0.015215033528012184
739.4795914327567,0.015215033528012184
739.5036035369227,0.015215033528012184
739.5276156410888,0.015215033528012184
739.5516277452549,0.015215033528012184
739.5756398494209,0.015215033528012184
739.599651953587,0.015215033528012184
739.623664057753,0.015215033528012184
739.6476761619191,0.015215033528012184
739.6716882660851,0.015215033528012184
739.6957003702512,0.015215033528012184
739.7197124744173,0.015215033528012184
739.7437245785833,0.015215033528012184
739.7677366827494,0.015215033528012184
739.7917487869154,0.015215033528012184
739.8157608910815,0.015215033528012184
739.8397729952476,0.015215033528012184
739.8637850994136,0.015215033528012184
739.8877972035797,0.015215033528012184
739.9118093077457,0.015215033528012184
739.9358214119118,0.015215033528012184
739.9598335160779,0.015215033528012184
739.9838456202439,0.015215033528012184
740.00785772441,0.015215033528012184
740.031869828576,0.015215033528012184
740.0558819327421,0.015215033528012184
740.0798940369081,0.015215033528012184
740.1039061410742,0.015215033528012184
740.1279182452403,0.015215033528012184
740.1519303494063,0.015215033528012184
740.1759424535724,0.015215033528012184
740.1999545577384,0.015215033528012184
740.2239666619045,0.015215033528012184
740.2479787660706,0.015215033528012184
740.2719908702366,0.015215033528012184
740.2960029744027,0.015215033528012184
740.3200150785686,0.015215033528012184
740.3440271827347,0.015215033528012184
740.3680392869007,0.015215033528012184
740.3920513910668,0.015215033528012184
740.416063495233,0.015215033528012184
740.4400755993989,0.015215033528012184
740.464087703565,0.015215033528012184
740.488099807731,0.015215033528012184
740.5121119118971,0.015215033528012184
740.5361240160632,0.015215033528012184
740.5601361202292,0.015215033528012184
740.5841482243953,0.015215033528012184
740.6081603285613,0.015215033528012184
740.6321724327274,0.015215033528012184
740.6561845368934,0.015215033528012184
740.6801966410595,0.015215033528012184
740.7042087452256,0.015215033528012184
740.7282208493916,0.015215033528012184
740.7522329535577,0.015215033528012184
740.7762450577237,0.015215033528012184
740.8002571618898,0.015215033528012184
740.8242692660559,0.015215033528012184
740.8482813702219,0.015215033528012184
740.872293474388,0.015215033528012184
740.896305578554,0.015215033528012184
740.9203176827201,0.015215033528012184
740.9443297868861,0.015215033528012184
740.9683418910522,0.015215033528012184
740.9923539952183,0.015215033528012184
741.0163660993843,0.015215033528012184
741.0403782035504,0.015215033528012184
741.0643903077164,0.015215033528012184
741.0884024118825,0.015215033528012184
741.1124145160486,0.015215033528012184
741.1364266202146,0.015215033528012184
741.1604387243807,0.015215033528012184
741.1844508285467,0.015215033528012184
741.2084629327128,0.015215033528012184
741.2324750368789,0.015215033528012184
741.2564871410449,0.015215033528012184
741.280499245211,0.015215033528012184
741.304511349377,0.015215033528012184
741.3285234535431,0.015215033528012184
741.3525355577091,0.015215033528012184
741.3765476618752,0.015215033528012184
741.4005597660413,0.015215033528012184
741.4245718702073,0.015215033528012184
741.4485839743734,0.015215033528012184
741.4725960785394,0.015215033528012184
741.4966081827055,0.015215033528012184
741.5206202868716,0.015215033528012184
741.5446323910376,0.015215033528012184
741.5686444952037,0.015215033528012184
741.5926565993697,0.015215033528012184
741.6166687035358,0.015215033528012184
741.6406808077018,0.015215033528012184
741.6646929118679,0.015215033528012184
741.688705016034,0.015215033528012184
741.7127171202,0.015215033528012184
741.7367292243661,0.015215033528012184
741.760741328532,0.014963573437162087
741.7847534326982,0.014963573437162087
741.8087655368643,0.014963573437162087
741.8327776410302,0.014963573437162087
741.8567897451964,0.014963573437162087
741.8808018493623,0.014963573437162087
741.9048139535284,0.014963573437162087
741.9288260576946,0.014963573437162087
741.9528381618605,0.014963573437162087
741.9768502660266,0.014963573437162087
742.0008623701926,0.014963573437162087
742.0248744743587,0.014963573437162087
742.0488865785247,0.014963573437162087
742.0728986826908,0.014963573437162087
742.0969107868569,0.014963573437162087
742.1209228910229,0.014963573437162087
742.144934995189,0.014963573437162087
742.168947099355,0.014963573437162087
742.1929592035211,0.014963573437162087
742.2169713076872,0.014963573437162087
742.2409834118532,0.014963573437162087
742.2649955160193,0.014963573437162087
742.2890076201853,0.014963573437162087
742.3130197243514,0.014963573437162087
742.3370318285174,0.014963573437162087
742.3610439326835,0.014963573437162087
742.3850560368496,0.014963573437162087
742.4090681410156,0.014963573437162087
742.4330802451817,0.014963573437162087
742.4570923493477,0.014963573437162087
742.4811044535138,0.014963573437162087
742.5051165576799,0.014963573437162087
742.5291286618459,0.014963573437162087
742.553140766012,0.014963573437162087
742.577152870178,0.014963573437162087
742.6011649743441,0.014963573437162087
742.6251770785102,0.014963573437162087
742.6491891826762,0.014963573437162087
742.6732012868423,0.014963573437162087
742.6972133910083,0.014963573437162087
742.7212254951744,0.014963573437162087
742.7452375993404,0.014963573437162087
742.7692497035065,0.014963573437162087
742.7932618076726,0.014963573437162087
742.8172739118386,0.014963573437162087
742.8412860160047,0.014963573437162087
742.8652981201707,0.014963573437162087
742.8893102243368,0.014963573437162087
742.9133223285029,0.014963573437162087
742.9373344326689,0.014963573437162087
742.961346536835,0.014963573437162087
742.985358641001,0.014963573437162087
743.0093707451671,0.014963573437162087
743.0333828493331,0.014963573437162087
743.0573949534992,0.014963573437162087
743.0814070576653,0.014963573437162087
743.1054191618313,0.01471211334631199
743.1294312659974,0.01471211334631199
743.1534433701634,0.01471211334631199
743.1774554743295,0.01471211334631199
743.2014675784956,0.01471211334631199
743.2254796826616,0.01471211334631199
743.2494917868277,0.01471211334631199
743.2735038909937,0.01471211334631199
743.2975159951598,0.01471211334631199
743.3215280993259,0.01471211334631199
743.3455402034919,0.01471211334631199
743.369552307658,0.01471211334631199
743.393564411824,0.01471211334631199
743.41757651599,0.01471211334631199
743.441588620156,0.01471211334631199
743.4656007243221,0.01471211334631199
743.4896128284882,0.01471211334631199
743.5136249326542,0.01471211334631199
743.5376370368203,0.01471211334631199
743.5616491409863,0.01471211334631199
743.5856612451524,0.01471211334631199
743.6096733493185,0.01471211334631199
743.6336854534845,0.01471211334631199
743.6576975576506,0.01471211334631199
743.6817096618166,0.01471211334631199
743.7057217659827,0.01471211334631199
743.7297338701487,0.01471211334631199
743.7537459743148,0.01471211334631199
743.7777580784809,0.01471211334631199
743.8017701826469,0.01471211334631199
743.825782286813,0.01471211334631199
743.849794390979,0.01471211334631199
743.8738064951451,0.01471211334631199
743.8978185993112,0.01471211334631199
743.9218307034772,0.01471211334631199
743.9458428076433,0.01471211334631199
743.9698549118093,0.01471211334631199
743.9938670159754,0.01471211334631199
744.0178791201415,0.01471211334631199
744.0418912243075,0.01471211334631199
744.0659033284736,0.01471211334631199
744.0899154326396,0.01471211334631199
744.1139275368057,0.01471211334631199
744.1379396409717,0.01471211334631199
744.1619517451378,0.01471211334631199
744.1859638493039,0.01471211334631199
744.2099759534699,0.01471211334631199
744.233988057636,0.01471211334631199
744.258000161802,0.01471211334631199
744.2820122659681,0.01471211334631199
744.3060243701342,0.01471211334631199
744.3300364743002,0.01471211334631199
744.3540485784663,0.01471211334631199
744.3780606826323,0.01471211334631199
744.4020727867984,0.01471211334631199
744.4260848909644,0.01471211334631199
744.4500969951305,0.01471211334631199
744.4741090992966,0.01471211334631199
744.4981212034626,0.01471211334631199
744.5221333076287,0.01471211334631199
744.5461454117947,0.01471211334631199
744.5701575159608,0.01471211334631199
744.5941696201269,0.01471211334631199
744.6181817242929,0.01471211334631199
744.642193828459,0.01471211334631199
744.666205932625,0.01471211334631199
744.6902180367911,0.01471211334631199
744.7142301409572,0.01471211334631199
744.7382422451232,0.01471211334631199
744.7622543492893,0.01471211334631199
744.7862664534553,0.01471211334631199
744.8102785576214,0.01471211334631199
744.8342906617873,0.01471211334631199
744.8583027659535,0.01471211334631199
744.8823148701196,0.01471211334631199
744.9063269742855,0.01471211334631199
744.9303390784517,0.01471211334631199
744.9543511826176,0.01471211334631199
744.9783632867837,0.01471211334631199
745.0023753909499,0.01471211334631199
745.0263874951158,0.01471211334631199
745.050399599282,0.01471211334631199
745.0744117034479,0.01471211334631199
745.098423807614,0.01471211334631199
745.12243591178,0.01471211334631199
745.1464480159461,0.01471211334631199
745.1704601201122,0.01471211334631199
745.1944722242782,0.01471211334631199
745.2184843284443,0.01471211334631199
745.2424964326103,0.01471211334631199
745.2665085367764,0.01471211334631199
745.2905206409425,0.01471211334631199
745.3145327451085,0.01471211334631199
745.3385448492746,0.01471211334631199
745.3625569534406,0.01471211334631199
745.3865690576067,0.01471211334631199
745.4105811617728,0.01471211334631199
745.4345932659388,0.01471211334631199
745.4586053701049,0.01471211334631199
745.4826174742709,0.01471211334631199
745.506629578437,0.01471211334631199
745.530641682603,0.01471211334631199
745.5546537867691,0.01471211334631199
745.5786658909352,0.01471211334631199
745.6026779951012,0.01471211334631199
745.6266900992673,0.01471211334631199
745.6507022034333,0.01471211334631199
745.6747143075994,0.01471211334631199
745.6987264117655,0.01471211334631199
745.7227385159315,0.01471211334631199
745.7467506200976,0.01471211334631199
745.7707627242636,0.01471211334631199
745.7947748284297,0.01471211334631199
745.8187869325957,0.01471211334631199
745.8427990367618,0.01471211334631199
745.8668111409279,0.01471211334631199
745.8908232450939,0.01471211334631199
745.91483534926,0.01471211334631199
745.938847453426,0.01471211334631199
745.9628595575921,0.01471211334631199
745.9868716617582,0.01471211334631199
746.0108837659242,0.01471211334631199
746.0348958700903,0.01471211334631199
746.0589079742563,0.01471211334631199
746.0829200784224,0.01471211334631199
746.1069321825885,0.01471211334631199
746.1309442867545,0.01471211334631199
746.1549563909206,0.01471211334631199
746.1789684950866,0.01471211334631199
746.2029805992527,0.01471211334631199
746.2269927034187,0.01471211334631199
746.2510048075848,0.01471211334631199
746.2750169117509,0.01471211334631199
746.2990290159169,0.01471211334631199
746.323041120083,0.01471211334631199
746.347053224249,0.01471211334631199
746.371065328415,0.01471211334631199
746.3950774325812,0.01471211334631199
746.4190895367472,0.01471211334631199
746.4431016409133,0.01471211334631199
746.4671137450792,0.01471211334631199
746.4911258492453,0.01471211334631199
746.5151379534113,0.01471211334631199
746.5391500575774,0.01471211334631199
746.5631621617435,0.01471211334631199
746.5871742659095,0.01471211334631199
746.6111863700756,0.01471211334631199
746.6351984742416,0.01471211334631199
746.6592105784077,0.01471211334631199
746.6832226825738,0.01471211334631199
746.7072347867398,0.01471211334631199
746.7312468909059,0.014460653255461892
746.7552589950719,0.014460653255461892
746.779271099238,0.014460653255461892
746.8032832034041,0.014460653255461892
746.8272953075701,0.014460653255461892
746.8513074117362,0.014460653255461892
746.8753195159022,0.014460653255461892
746.8993316200683,0.014460653255461892
746.9233437242343,0.014460653255461892
746.9473558284004,0.014460653255461892
746.9713679325665,0.014460653255461892
746.9953800367325,0.014460653255461892
747.0193921408986,0.014460653255461892
747.0434042450646,0.014460653255461892
747.0674163492307,0.014460653255461892
747.0914284533968,0.014460653255461892
747.1154405575628,0.014460653255461892
747.1394526617289,0.014460653255461892
747.1634647658949,0.014209193164611793
747.187476870061,0.014209193164611793
747.211488974227,0.014209193164611793
747.2355010783931,0.014209193164611793
747.2595131825592,0.014209193164611793
747.2835252867252,0.014209193164611793
747.3075373908913,0.014209193164611793
747.3315494950573,0.014209193164611793
747.3555615992234,0.014209193164611793
747.3795737033895,0.014209193164611793
747.4035858075555,0.014209193164611793
747.4275979117216,0.014209193164611793
747.4516100158876,0.014209193164611793
747.4756221200537,0.014209193164611793
747.4996342242198,0.014209193164611793
747.5236463283858,0.014209193164611793
747.5476584325519,0.014209193164611793
747.5716705367179,0.014209193164611793
747.595682640884,0.014209193164611793
747.61969474505,0.014209193164611793
747.6437068492161,0.014209193164611793
747.6677189533822,0.014209193164611793
747.6917310575482,0.014209193164611793
747.7157431617143,0.014209193164611793
747.7397552658803,0.014209193164611793
747.7637673700464,0.014209193164611793
747.7877794742125,0.014209193164611793
747.8117915783785,0.014209193164611793
747.8358036825446,0.014209193164611793
747.8598157867106,0.014209193164611793
747.8838278908767,0.014209193164611793
747.9078399950427,0.014209193164611793
747.9318520992088,0.014209193164611793
747.9558642033749,0.014209193164611793
747.9798763075408,0.014209193164611793
748.003888411707,0.014209193164611793
748.027900515873,0.013957733073761696
748.051912620039,0.013957733073761696
748.0759247242052,0.013957733073761696
748.0999368283711,0.013957733073761696
748.1239489325372,0.013957733073761696
748.1479610367032,0.013957733073761696
748.1719731408693,0.013957733073761696
748.1959852450354,0.013957733073761696
748.2199973492014,0.013957733073761696
748.2440094533675,0.013957733073761696
748.2680215575335,0.013957733073761696
748.2920336616996,0.013957733073761696
748.3160457658656,0.013957733073761696
748.3400578700317,0.013957733073761696
748.3640699741978,0.013957733073761696
748.3880820783638,0.013957733073761696
748.4120941825299,0.013957733073761696
748.4361062866959,0.013957733073761696
748.460118390862,0.013706272982911598
748.4841304950281,0.013706272982911598
748.5081425991941,0.013706272982911598
748.5321547033602,0.013706272982911598
748.5561668075262,0.013706272982911598
748.5801789116923,0.013706272982911598
748.6041910158583,0.013706272982911598
748.6282031200244,0.013706272982911598
748.6522152241905,0.013706272982911598
748.6762273283565,0.013706272982911598
748.7002394325226,0.013706272982911598
748.7242515366886,0.013706272982911598
748.7482636408547,0.013706272982911598
748.7722757450208,0.013706272982911598
748.7962878491868,0.013706272982911598
748.8202999533529,0.013706272982911598
748.8443120575189,0.013706272982911598
748.868324161685,0.013706272982911598
748.8923362658511,0.013706272982911598
748.9163483700171,0.013706272982911598
748.9403604741832,0.013706272982911598
748.9643725783492,0.013706272982911598
748.9883846825153,0.013706272982911598
749.0123967866813,0.013706272982911598
749.0364088908474,0.013706272982911598
749.0604209950135,0.013706272982911598
749.0844330991795,0.013706272982911598
749.1084452033456,0.013706272982911598
749.1324573075116,0.013706272982911598
749.1564694116777,0.013706272982911598
749.1804815158437,0.013706272982911598
749.2044936200098,0.013706272982911598
749.2285057241759,0.013706272982911598
749.2525178283419,0.013706272982911598
749.276529932508,0.013706272982911598
749.300542036674,0.013706272982911598
749.3245541408401,0.013706272982911598
749.3485662450062,0.013454812892061501
749.3725783491722,0.013454812892061501
749.3965904533383,0.013454812892061501
749.4206025575043,0.013454812892061501
749.4446146616704,0.013454812892061501
749.4686267658365,0.013454812892061501
749.4926388700025,0.013454812892061501
749.5166509741686,0.013454812892061501
749.5406630783345,0.013454812892061501
749.5646751825007,0.013454812892061501
749.5886872866668,0.013454812892061501
749.6126993908327,0.013454812892061501
749.6367114949988,0.013454812892061501
749.6607235991648,0.013454812892061501
749.684735703331,0.013454812892061501
749.7087478074969,0.013454812892061501
749.732759911663,0.013454812892061501
749.7567720158291,0.013203352801211404
749.7807841199951,0.013203352801211404
749.8047962241612,0.013203352801211404
749.8288083283272,0.013203352801211404
749.8528204324933,0.013203352801211404
749.8768325366593,0.013203352801211404
749.9008446408254,0.013203352801211404
749.9248567449915,0.013203352801211404
749.9488688491575,0.013203352801211404
749.9728809533236,0.013203352801211404
749.9968930574896,0.013203352801211404
750.0209051616557,0.013203352801211404
750.0449172658218,0.013203352801211404
750.0689293699878,0.013203352801211404
750.0929414741539,0.013203352801211404
750.1169535783199,0.013203352801211404
750.140965682486,0.013203352801211404
750.1649777866521,0.013203352801211404
750.1889898908181,0.013203352801211404
750.2130019949842,0.013203352801211404
750.2370140991502,0.013203352801211404
750.2610262033163,0.013203352801211404
750.2850383074824,0.013203352801211404
750.3090504116484,0.013203352801211404
750.3330625158145,0.013203352801211404
750.3570746199805,0.013203352801211404
750.3810867241466,0.013203352801211404
750.4050988283126,0.013203352801211404
750.4291109324787,0.013203352801211404
750.4531230366448,0.013203352801211404
750.4771351408108,0.013203352801211404
750.5011472449769,0.013203352801211404
750.5251593491429,0.013203352801211404
750.549171453309,0.013203352801211404
750.573183557475,0.013203352801211404
750.5971956616411,0.013203352801211404
750.6212077658072,0.013203352801211404
750.6452198699732,0.013203352801211404
750.6692319741393,0.013203352801211404
750.6932440783053,0.013203352801211404
750.7172561824714,0.013203352801211404
750.7412682866375,0.013203352801211404
750.7652803908035,0.013203352801211404
750.7892924949696,0.013203352801211404
750.8133045991356,0.013203352801211404
750.8373167033017,0.013203352801211404
750.8613288074678,0.013203352801211404
750.8853409116338,0.013203352801211404
750.9093530157999,0.013203352801211404
750.9333651199659,0.013203352801211404
750.957377224132,0.013203352801211404
750.981389328298,0.013203352801211404
751.005401432464,0.013203352801211404
751.0294135366302,0.013203352801211404
751.0534256407961,0.013203352801211404
751.0774377449623,0.013203352801211404
751.1014498491282,0.013203352801211404
751.1254619532943,0.013203352801211404
751.1494740574605,0.013203352801211404
751.1734861616264,0.013203352801211404
751.1974982657925,0.013203352801211404
751.2215103699585,0.013203352801211404
751.2455224741246,0.013203352801211404
751.2695345782906,0.013203352801211404
751.2935466824567,0.013203352801211404
751.3175587866228,0.013203352801211404
751.3415708907888,0.013203352801211404
751.3655829949549,0.013203352801211404
751.3895950991209,0.013203352801211404
751.413607203287,0.013203352801211404
751.4376193074531,0.013203352801211404
751.4616314116191,0.013203352801211404
751.4856435157852,0.013203352801211404
751.5096556199512,0.013203352801211404
751.5336677241173,0.013203352801211404
751.5576798282834,0.013203352801211404
751.5816919324494,0.013203352801211404
751.6057040366155,0.013203352801211404
751.6297161407815,0.013203352801211404
751.6537282449476,0.013203352801211404
751.6777403491136,0.013203352801211404
751.7017524532797,0.013203352801211404
751.7257645574458,0.013203352801211404
751.7497766616118,0.013203352801211404
751.7737887657779,0.013203352801211404
751.7978008699439,0.013203352801211404
751.82181297411,0.013203352801211404
751.8458250782761,0.013203352801211404
751.8698371824421,0.013203352801211404
751.8938492866082,0.013203352801211404
751.9178613907742,0.013203352801211404
751.9418734949403,0.013203352801211404
751.9658855991063,0.013203352801211404
751.9898977032724,0.013203352801211404
752.0139098074385,0.013203352801211404
752.0379219116045,0.013203352801211404
752.0619340157706,0.013203352801211404
752.0859461199366,0.013203352801211404
752.1099582241027,0.013203352801211404
752.1339703282688,0.013203352801211404
752.1579824324348,0.013203352801211404
752.1819945366009,0.013203352801211404
752.2060066407669,0.013203352801211404
752.230018744933,0.013203352801211404
752.2540308490991,0.013203352801211404
752.2780429532651,0.013203352801211404
752.3020550574312,0.013203352801211404
752.3260671615972,0.013203352801211404
752.3500792657633,0.013203352801211404
752.3740913699293,0.013203352801211404
752.3981034740954,0.013203352801211404
752.4221155782615,0.013203352801211404
752.4461276824275,0.013203352801211404
752.4701397865936,0.013203352801211404
752.4941518907596,0.013203352801211404
752.5181639949257,0.013203352801211404
752.5421760990918,0.013203352801211404
752.5661882032578,0.013203352801211404
752.5902003074239,0.013203352801211404
752.6142124115898,0.013203352801211404
752.638224515756,0.013203352801211404
752.6622366199219,0.013203352801211404
752.686248724088,0.013203352801211404
752.7102608282541,0.013203352801211404
752.7342729324201,0.013454812892061501
752.7582850365862,0.013454812892061501
752.7822971407522,0.013454812892061501
752.8063092449183,0.013454812892061501
752.8303213490844,0.013454812892061501
752.8543334532504,0.013454812892061501
752.8783455574165,0.013454812892061501
752.9023576615825,0.013454812892061501
752.9263697657486,0.013454812892061501
752.9503818699147,0.013454812892061501
752.9743939740807,0.013454812892061501
752.9984060782468,0.013454812892061501
753.0224181824128,0.013454812892061501
753.0464302865789,0.013454812892061501
753.0704423907449,0.013454812892061501
753.094454494911,0.013454812892061501
753.1184665990771,0.013454812892061501
753.1424787032431,0.013454812892061501
753.1664908074092,0.013454812892061501
753.1905029115752,0.013454812892061501
753.2145150157413,0.013454812892061501
753.2385271199073,0.013454812892061501
753.2625392240734,0.013454812892061501
753.2865513282395,0.013454812892061501
753.3105634324055,0.013454812892061501
753.3345755365716,0.013454812892061501
753.3585876407376,0.013454812892061501
753.3825997449037,0.013454812892061501
753.4066118490698,0.013454812892061501
753.4306239532358,0.013454812892061501
753.4546360574019,0.013454812892061501
753.4786481615679,0.013454812892061501
753.502660265734,0.013454812892061501
753.5266723699001,0.013454812892061501
753.5506844740661,0.013454812892061501
753.5746965782322,0.013454812892061501
753.5987086823982,0.013454812892061501
753.6227207865643,0.013454812892061501
753.6467328907304,0.013454812892061501
753.6707449948964,0.013454812892061501
753.6947570990625,0.013454812892061501
753.7187692032285,0.013454812892061501
753.7427813073946,0.013454812892061501
753.7667934115607,0.013454812892061501
753.7908055157267,0.013454812892061501
753.8148176198928,0.013454812892061501
753.8388297240588,0.013454812892061501
753.8628418282249,0.013454812892061501
753.8868539323909,0.013454812892061501
753.910866036557,0.013454812892061501
753.9348781407231,0.013454812892061501
753.9588902448891,0.013454812892061501
753.9829023490552,0.013454812892061501
754.0069144532212,0.013454812892061501
754.0309265573873,0.013454812892061501
754.0549386615533,0.013454812892061501
754.0789507657194,0.013454812892061501
754.1029628698855,0.013454812892061501
754.1269749740514,0.013454812892061501
754.1509870782176,0.013454812892061501
754.1749991823835,0.013454812892061501
754.1990112865496,0.013454812892061501
754.2230233907158,0.013454812892061501
754.2470354948817,0.013454812892061501
754.2710475990478,0.013454812892061501
754.2950597032138,0.013454812892061501
754.3190718073799,0.013454812892061501
754.343083911546,0.013454812892061501
754.367096015712,0.013454812892061501
754.3911081198781,0.013454812892061501
754.4151202240441,0.013454812892061501
754.4391323282102,0.013454812892061501
754.4631444323762,0.013454812892061501
754.4871565365423,0.013454812892061501
754.5111686407084,0.013454812892061501
754.5351807448744,0.013454812892061501
754.5591928490405,0.013454812892061501
754.5832049532065,0.013454812892061501
754.6072170573726,0.013454812892061501
754.6312291615387,0.013454812892061501
754.6552412657047,0.013454812892061501
754.6792533698708,0.013454812892061501
754.7032654740368,0.013454812892061501
754.7272775782029,0.013454812892061501
754.7512896823689,0.013454812892061501
754.775301786535,0.013454812892061501
754.7993138907011,0.013454812892061501
754.8233259948671,0.013454812892061501
754.8473380990332,0.013706272982911598
754.8713502031992,0.013706272982911598
754.8953623073653,0.013706272982911598
754.9193744115314,0.013706272982911598
754.9433865156974,0.013706272982911598
754.9673986198635,0.013706272982911598
754.9914107240295,0.013706272982911598
755.0154228281956,0.013706272982911598
755.0394349323617,0.013706272982911598
755.0634470365277,0.013706272982911598
755.0874591406938,0.013706272982911598
755.1114712448598,0.013706272982911598
755.1354833490259,0.013706272982911598
755.1594954531919,0.013706272982911598
755.183507557358,0.013706272982911598
755.2075196615241,0.013706272982911598
755.2315317656901,0.013706272982911598
755.2555438698562,0.013706272982911598
755.2795559740222,0.013706272982911598
755.3035680781883,0.013706272982911598
755.3275801823544,0.013706272982911598
755.3515922865204,0.013706272982911598
755.3756043906865,0.013706272982911598
755.3996164948525,0.013706272982911598
755.4236285990186,0.013706272982911598
755.4476407031846,0.013706272982911598
755.4716528073507,0.013706272982911598
755.4956649115168,0.013706272982911598
755.5196770156828,0.013706272982911598
755.5436891198489,0.013706272982911598
755.5677012240149,0.013706272982911598
755.591713328181,0.013706272982911598
755.6157254323471,0.013706272982911598
755.639737536513,0.013706272982911598
755.6637496406792,0.013706272982911598
755.6877617448451,0.013706272982911598
755.7117738490113,0.013706272982911598
755.7357859531774,0.013706272982911598
755.7597980573433,0.013706272982911598
755.7838101615095,0.013706272982911598
755.8078222656754,0.013706272982911598
755.8318343698415,0.013706272982911598
755.8558464740075,0.013706272982911598
755.8798585781736,0.013706272982911598
755.9038706823397,0.013706272982911598
755.9278827865057,0.013706272982911598
755.9518948906718,0.013706272982911598
755.9759069948378,0.013706272982911598
755.9999190990039,0.013706272982911598
756.02393120317,0.013706272982911598
756.047943307336,0.013706272982911598
756.0719554115021,0.013706272982911598
756.0959675156681,0.013706272982911598
756.1199796198342,0.013706272982911598
756.1439917240002,0.013706272982911598
756.1680038281663,0.013706272982911598
756.1920159323324,0.013706272982911598
756.2160280364984,0.013706272982911598
756.2400401406645,0.013706272982911598
756.2640522448305,0.013706272982911598
756.2880643489966,0.013706272982911598
756.3120764531627,0.013706272982911598
756.3360885573287,0.013706272982911598
756.3601006614948,0.013706272982911598
756.3841127656608,0.013706272982911598
756.4081248698269,0.013706272982911598
756.432136973993,0.013706272982911598
756.456149078159,0.013706272982911598
756.4801611823251,0.013706272982911598
756.5041732864911,0.013706272982911598
756.5281853906572,0.013706272982911598
756.5521974948232,0.013706272982911598
756.5762095989893,0.013706272982911598
756.6002217031554,0.013706272982911598
756.6242338073214,0.013706272982911598
756.6482459114875,0.013706272982911598
756.6722580156535,0.013706272982911598
756.6962701198196,0.013706272982911598
756.7202822239856,0.013706272982911598
756.7442943281517,0.013706272982911598
756.7683064323178,0.013706272982911598
756.7923185364838,0.013706272982911598
756.8163306406499,0.013706272982911598
756.8403427448159,0.013706272982911598
756.864354848982,0.013706272982911598
756.8883669531481,0.013706272982911598
756.9123790573141,0.013706272982911598
756.9363911614802,0.013706272982911598
756.9604032656462,0.013706272982911598
756.9844153698123,0.013706272982911598
757.0084274739784,0.013706272982911598
757.0324395781444,0.013706272982911598
757.0564516823105,0.013706272982911598
757.0804637864765,0.013706272982911598
757.1044758906426,0.013706272982911598
757.1284879948087,0.013706272982911598
757.1525000989747,0.013706272982911598
757.1765122031408,0.013706272982911598
757.2005243073068,0.013706272982911598
757.2245364114729,0.013706272982911598
757.2485485156388,0.013706272982911598
757.272560619805,0.013706272982911598
757.296572723971,0.013706272982911598
757.320584828137,0.013706272982911598
757.3445969323031,0.013706272982911598
757.3686090364691,0.013706272982911598
757.3926211406352,0.013706272982911598
757.4166332448012,0.013706272982911598
757.4406453489673,0.013706272982911598
757.4646574531334,0.013706272982911598
757.4886695572994,0.013706272982911598
757.5126816614655,0.013706272982911598
757.5366937656315,0.013706272982911598
757.5607058697976,0.013706272982911598
757.5847179739637,0.013706272982911598
757.6087300781297,0.013706272982911598
757.6327421822958,0.013706272982911598
757.6567542864618,0.013706272982911598
757.6807663906279,0.013706272982911598
757.704778494794,0.013706272982911598
757.72879059896,0.013706272982911598
757.7528027031261,0.013706272982911598
757.7768148072921,0.013706272982911598
757.8008269114582,0.013706272982911598
757.8248390156243,0.013706272982911598
757.8488511197903,0.013706272982911598
757.8728632239564,0.013706272982911598
757.8968753281224,0.013706272982911598
757.9208874322885,0.013706272982911598
757.9448995364545,0.013706272982911598
757.9689116406206,0.013706272982911598
757.9929237447867,0.013706272982911598
758.0169358489527,0.013706272982911598
758.0409479531188,0.013706272982911598
758.0649600572848,0.013706272982911598
758.0889721614509,0.013706272982911598
758.1129842656169,0.013706272982911598
758.136996369783,0.013706272982911598
758.1610084739491,0.013706272982911598
758.1850205781151,0.013706272982911598
758.2090326822812,0.013706272982911598
758.2330447864472,0.013706272982911598
758.2570568906133,0.013706272982911598
758.2810689947794,0.013706272982911598
758.3050810989454,0.013706272982911598
758.3290932031115,0.013706272982911598
758.3531053072775,0.013706272982911598
758.3771174114436,0.013706272982911598
758.4011295156097,0.013706272982911598
758.4251416197757,0.013706272982911598
758.4491537239418,0.013706272982911598
758.4731658281078,0.013706272982911598
758.4971779322739,0.013706272982911598
758.5211900364399,0.013706272982911598
758.545202140606,0.013706272982911598
758.5692142447721,0.013706272982911598
758.5932263489381,0.013706272982911598
758.6172384531042,0.013706272982911598
758.6412505572702,0.013706272982911598
758.6652626614363,0.013706272982911598
758.6892747656024,0.013706272982911598
758.7132868697684,0.013706272982911598
758.7372989739345,0.013706272982911598
758.7613110781004,0.013706272982911598
758.7853231822666,0.013706272982911598
758.8093352864325,0.013706272982911598
758.8333473905986,0.013706272982911598
758.8573594947648,0.013706272982911598
758.8813715989307,0.013706272982911598
758.9053837030968,0.013706272982911598
758.9293958072628,0.013706272982911598
758.9534079114289,0.013706272982911598
758.977420015595,0.013706272982911598
759.001432119761,0.013706272982911598
759.0254442239271,0.013706272982911598
759.0494563280931,0.013706272982911598
759.0734684322592,0.013706272982911598
759.0974805364253,0.013706272982911598
759.1214926405913,0.013706272982911598
759.1455047447574,0.013706272982911598
759.1695168489234,0.013706272982911598
759.1935289530895,0.013706272982911598
759.2175410572555,0.013706272982911598
759.2415531614216,0.013706272982911598
759.2655652655877,0.013706272982911598
759.2895773697537,0.013706272982911598
759.3135894739198,0.013706272982911598
759.3376015780858,0.013706272982911598
759.3616136822519,0.013706272982911598
759.385625786418,0.013706272982911598
759.409637890584,0.013706272982911598
759.4336499947501,0.013706272982911598
759.4576620989161,0.013706272982911598
759.4816742030822,0.013706272982911598
759.5056863072482,0.013706272982911598
759.5296984114143,0.013706272982911598
759.5537105155804,0.013706272982911598
759.5777226197464,0.013706272982911598
759.6017347239125,0.013706272982911598
759.6257468280785,0.013706272982911598
759.6497589322446,0.013706272982911598
759.6737710364107,0.013706272982911598
759.6977831405767,0.013706272982911598
759.7217952447428,0.013706272982911598
759.7458073489088,0.013706272982911598
759.7698194530749,0.013706272982911598
759.793831557241,0.013706272982911598
759.817843661407,0.013706272982911598
759.8418557655731,0.013706272982911598
759.8658678697391,0.013706272982911598
759.8898799739052,0.013706272982911598
759.9138920780713,0.013706272982911598
759.9379041822373,0.013706272982911598
759.9619162864034,0.013706272982911598
759.9859283905694,0.013706272982911598
760.0099404947355,0.013706272982911598
760.0339525989015,0.013706272982911598
760.0579647030676,0.013706272982911598
760.0819768072337,0.013706272982911598
760.1059889113997,0.013706272982911598
760.1300010155658,0.013706272982911598
760.1540131197318,0.013706272982911598
760.1780252238979,0.013706272982911598
760.202037328064,0.013706272982911598
760.22604943223,0.013706272982911598
760.2500615363961,0.013706272982911598
760.274073640562,0.013706272982911598
760.2980857447282,0.013706272982911598
760.3220978488941,0.013706272982911598
760.3461099530602,0.013706272982911598
760.3701220572264,0.013706272982911598
760.3941341613923,0.013706272982911598
760.4181462655584,0.013706272982911598
760.4421583697244,0.013706272982911598
760.4661704738905,0.013706272982911598
760.4901825780566,0.013706272982911598
760.5141946822226,0.013706272982911598
760.5382067863887,0.013706272982911598
760.5622188905547,0.013706272982911598
760.5862309947208,0.013706272982911598
760.6102430988869,0.013706272982911598
760.6342552030529,0.013706272982911598
760.658267307219,0.013706272982911598
760.682279411385,0.013706272982911598
760.7062915155511,0.013706272982911598
760.7303036197171,0.013706272982911598
760.7543157238832,0.013706272982911598
760.7783278280493,0.013706272982911598
760.8023399322153,0.013706272982911598
760.8263520363814,0.013706272982911598
760.8503641405474,0.013706272982911598
760.8743762447135,0.013706272982911598
760.8983883488795,0.013706272982911598
760.9224004530456,0.013706272982911598
760.9464125572117,0.013706272982911598
760.9704246613777,0.013706272982911598
760.9944367655438,0.013706272982911598
761.0184488697098,0.013706272982911598
761.0424609738759,0.013706272982911598
761.066473078042,0.013706272982911598
761.090485182208,0.013706272982911598
761.1144972863741,0.013706272982911598
761.1385093905401,0.013706272982911598
761.1625214947062,0.013706272982911598
761.1865335988723,0.013706272982911598
761.2105457030383,0.013706272982911598
761.2345578072044,0.013706272982911598
761.2585699113704,0.013706272982911598
761.2825820155365,0.013706272982911598
761.3065941197026,0.013706272982911598
761.3306062238686,0.013706272982911598
761.3546183280347,0.013706272982911598
761.3786304322007,0.013706272982911598
761.4026425363668,0.013706272982911598
761.4266546405328,0.013706272982911598
761.4506667446989,0.013706272982911598
761.474678848865,0.013706272982911598
761.498690953031,0.013706272982911598
761.5227030571971,0.013706272982911598
761.5467151613631,0.013706272982911598
761.5707272655292,0.013706272982911598
761.5947393696952,0.013706272982911598
761.6187514738613,0.013706272982911598
761.6427635780274,0.013706272982911598
761.6667756821934,0.013706272982911598
761.6907877863595,0.013706272982911598
761.7147998905255,0.013706272982911598
761.7388119946916,0.013706272982911598
761.7628240988577,0.013706272982911598
761.7868362030237,0.013706272982911598
761.8108483071898,0.013706272982911598
761.8348604113557,0.013706272982911598
761.8588725155219,0.013706272982911598
761.882884619688,0.013706272982911598
761.906896723854,0.013706272982911598
761.93090882802,0.013706272982911598
761.954920932186,0.013706272982911598
761.9789330363521,0.013706272982911598
762.0029451405181,0.013706272982911598
762.0269572446842,0.013706272982911598
762.0509693488503,0.013706272982911598
762.0749814530163,0.013706272982911598
762.0989935571824,0.013706272982911598
762.1230056613484,0.013706272982911598
762.1470177655145,0.013706272982911598
762.1710298696806,0.013706272982911598
762.1950419738466,0.013706272982911598
762.2190540780127,0.013706272982911598
762.2430661821787,0.013706272982911598
762.2670782863448,0.013706272982911598
762.2910903905108,0.013706272982911598
762.3151024946769,0.013706272982911598
762.339114598843,0.013706272982911598
762.363126703009,0.013706272982911598
762.3871388071751,0.013706272982911598
762.4111509113411,0.013706272982911598
762.4351630155072,0.013706272982911598
762.4591751196733,0.013706272982911598
762.4831872238393,0.013706272982911598
762.5071993280054,0.013706272982911598
762.5312114321714,0.013706272982911598
762.5552235363375,0.013706272982911598
762.5792356405036,0.013706272982911598
762.6032477446696,0.013706272982911598
762.6272598488357,0.013706272982911598
762.6512719530017,0.013706272982911598
762.6752840571678,0.013706272982911598
762.6992961613338,0.013706272982911598
762.7233082654999,0.013706272982911598
762.747320369666,0.013706272982911598
762.771332473832,0.013706272982911598
762.7953445779981,0.013706272982911598
762.8193566821641,0.013706272982911598
762.8433687863302,0.013706272982911598
762.8673808904963,0.013706272982911598
762.8913929946623,0.013706272982911598
762.9154050988284,0.013706272982911598
762.9394172029944,0.013706272982911598
762.9634293071605,0.013706272982911598
762.9874414113265,0.013706272982911598
763.0114535154926,0.013706272982911598
763.0354656196587,0.013706272982911598
763.0594777238247,0.013706272982911598
763.0834898279908,0.013706272982911598
763.1075019321568,0.013706272982911598
763.1315140363229,0.013706272982911598
763.155526140489,0.013706272982911598
763.179538244655,0.013706272982911598
763.2035503488211,0.013706272982911598
763.2275624529871,0.013706272982911598
763.2515745571532,0.013706272982911598
763.2755866613193,0.013706272982911598
763.2995987654853,0.013706272982911598
763.3236108696514,0.013706272982911598
763.3476229738174,0.013706272982911598
763.3716350779835,0.013706272982911598
763.3956471821494,0.013706272982911598
763.4196592863156,0.013706272982911598
763.4436713904817,0.013706272982911598
763.4676834946476,0.013706272982911598
763.4916955988137,0.013706272982911598
763.5157077029797,0.013706272982911598
763.5397198071458,0.013706272982911598
763.563731911312,0.013706272982911598
763.5877440154779,0.013706272982911598
763.611756119644,0.013706272982911598
763.63576822381,0.013706272982911598
763.6597803279761,0.013706272982911598
763.6837924321421,0.013706272982911598
763.7078045363082,0.013706272982911598
763.7318166404743,0.013706272982911598
763.7558287446403,0.013706272982911598
763.7798408488064,0.013706272982911598
763.8038529529724,0.013706272982911598
763.8278650571385,0.013706272982911598
763.8518771613046,0.013706272982911598
763.8758892654706,0.013706272982911598
763.8999013696367,0.013706272982911598
763.9239134738027,0.013706272982911598
763.9479255779688,0.013706272982911598
763.9719376821349,0.013706272982911598
763.9959497863009,0.013706272982911598
764.019961890467,0.013706272982911598
764.043973994633,0.013706272982911598
764.0679860987991,0.013706272982911598
764.0919982029651,0.013706272982911598
764.1160103071312,0.013706272982911598
764.1400224112973,0.013706272982911598
764.1640345154633,0.013706272982911598
764.1880466196294,0.013706272982911598
764.2120587237954,0.013706272982911598
764.2360708279615,0.013706272982911598
764.2600829321275,0.013706272982911598
764.2840950362936,0.013706272982911598
764.3081071404597,0.013706272982911598
764.3321192446257,0.013706272982911598
764.3561313487918,0.013706272982911598
764.3801434529578,0.013706272982911598
764.4041555571239,0.013706272982911598
764.42816766129,0.013706272982911598
764.452179765456,0.013706272982911598
764.4761918696221,0.013706272982911598
764.5002039737881,0.013706272982911598
764.5242160779542,0.013706272982911598
764.5482281821203,0.013706272982911598
764.5722402862863,0.013706272982911598
764.5962523904524,0.013706272982911598
764.6202644946184,0.013706272982911598
764.6442765987845,0.013706272982911598
764.6682887029506,0.013706272982911598
764.6923008071166,0.013706272982911598
764.7163129112827,0.013706272982911598
764.7403250154487,0.013706272982911598
764.7643371196148,0.013706272982911598
764.7883492237808,0.013706272982911598
764.8123613279469,0.013706272982911598
764.836373432113,0.013706272982911598
764.860385536279,0.013706272982911598
764.8843976404451,0.013706272982911598
764.908409744611,0.013706272982911598
764.9324218487772,0.013706272982911598
764.9564339529431,0.013706272982911598
764.9804460571092,0.013706272982911598
765.0044581612754,0.013706272982911598
765.0284702654413,0.013706272982911598
765.0524823696074,0.013706272982911598
765.0764944737734,0.013706272982911598
765.1005065779395,0.013706272982911598
765.1245186821056,0.013706272982911598
765.1485307862716,0.013706272982911598
765.1725428904377,0.013706272982911598
765.1965549946037,0.013706272982911598
765.2205670987698,0.013706272982911598
765.2445792029359,0.013706272982911598
765.2685913071019,0.013706272982911598
765.292603411268,0.013706272982911598
765.316615515434,0.013706272982911598
765.3406276196001,0.013706272982911598
765.3646397237662,0.013706272982911598
765.3886518279322,0.013706272982911598
765.4126639320983,0.013706272982911598
765.4366760362643,0.013706272982911598
765.4606881404304,0.013706272982911598
765.4847002445964,0.013706272982911598
765.5087123487625,0.013706272982911598
765.5327244529286,0.013706272982911598
765.5567365570946,0.013706272982911598
765.5807486612607,0.013706272982911598
765.6047607654267,0.013706272982911598
765.6287728695928,0.013706272982911598
765.6527849737588,0.013706272982911598
765.6767970779249,0.013706272982911598
765.700809182091,0.013706272982911598
765.724821286257,0.013706272982911598
765.7488333904231,0.013706272982911598
765.7728454945891,0.013706272982911598
765.7968575987552,0.013706272982911598
765.8208697029213,0.013706272982911598
765.8448818070873,0.013706272982911598
765.8688939112534,0.013706272982911598
765.8929060154194,0.013706272982911598
765.9169181195855,0.013706272982911598
765.9409302237516,0.013706272982911598
765.9649423279176,0.013706272982911598
765.9889544320837,0.013454812892061501
766.0129665362497,0.013454812892061501
766.0369786404158,0.013454812892061501
766.0609907445819,0.013454812892061501
766.0850028487479,0.013454812892061501
766.109014952914,0.013454812892061501
766.13302705708,0.013454812892061501
766.1570391612461,0.013454812892061501
766.1810512654121,0.013454812892061501
766.2050633695782,0.013454812892061501
766.2290754737443,0.013454812892061501
766.2530875779103,0.013454812892061501
766.2770996820764,0.013454812892061501
766.3011117862424,0.013454812892061501
766.3251238904085,0.013454812892061501
766.3491359945746,0.013454812892061501
766.3731480987406,0.013454812892061501
766.3971602029067,0.013454812892061501
766.4211723070727,0.013454812892061501
766.4451844112388,0.013454812892061501
766.4691965154047,0.013454812892061501
766.4932086195709,0.013454812892061501
766.517220723737,0.013454812892061501
766.541232827903,0.013454812892061501
766.565244932069,0.013454812892061501
766.589257036235,0.013454812892061501
766.6132691404011,0.013454812892061501
766.6372812445672,0.013454812892061501
766.6612933487332,0.013454812892061501
766.6853054528993,0.013454812892061501
766.7093175570653,0.013454812892061501
766.7333296612314,0.013454812892061501
766.7573417653975,0.013454812892061501
766.7813538695635,0.013454812892061501
766.8053659737296,0.013454812892061501
766.8293780778956,0.013454812892061501
766.8533901820617,0.013454812892061501
766.8774022862277,0.013454812892061501
766.9014143903938,0.013454812892061501
766.9254264945599,0.013454812892061501
766.9494385987259,0.013454812892061501
766.973450702892,0.013454812892061501
766.997462807058,0.013454812892061501
767.0214749112241,0.013454812892061501
767.0454870153902,0.013454812892061501
767.0694991195562,0.013454812892061501
767.0935112237223,0.013454812892061501
767.1175233278883,0.013454812892061501
767.1415354320544,0.013454812892061501
767.1655475362204,0.013454812892061501
767.1895596403865,0.013454812892061501
767.2135717445526,0.013454812892061501
767.2375838487186,0.013454812892061501
767.2615959528847,0.013454812892061501
767.2856080570507,0.013454812892061501
767.3096201612168,0.013454812892061501
767.3336322653829,0.013454812892061501
767.3576443695489,0.013454812892061501
767.381656473715,0.013454812892061501
767.405668577881,0.013454812892061501
767.4296806820471,0.013454812892061501
767.4536927862132,0.013454812892061501
767.4777048903792,0.013454812892061501
767.5017169945453,0.013454812892061501
767.5257290987113,0.013454812892061501
767.5497412028774,0.013454812892061501
767.5737533070434,0.013454812892061501
767.5977654112095,0.013454812892061501
767.6217775153756,0.013454812892061501
767.6457896195416,0.013454812892061501
767.6698017237077,0.013454812892061501
767.6938138278737,0.013454812892061501
767.7178259320398,0.013454812892061501
767.7418380362059,0.013454812892061501
767.7658501403719,0.013454812892061501
767.789862244538,0.013454812892061501
767.813874348704,0.013454812892061501
767.8378864528701,0.013454812892061501
767.861898557036,0.013454812892061501
767.8859106612022,0.013454812892061501
767.9099227653683,0.013454812892061501
767.9339348695343,0.013454812892061501
767.9579469737004,0.013454812892061501
767.9819590778663,0.013454812892061501
768.0059711820325,0.013454812892061501
768.0299832861986,0.013454812892061501
768.0539953903645,0.013454812892061501
768.0780074945307,0.013454812892061501
768.1020195986966,0.013454812892061501
768.1260317028627,0.013454812892061501
768.1500438070289,0.013454812892061501
768.1740559111948,0.013454812892061501
768.198068015361,0.013454812892061501
768.2220801195269,0.013454812892061501
768.246092223693,0.013454812892061501
768.270104327859,0.013454812892061501
768.2941164320251,0.013454812892061501
768.3181285361912,0.013454812892061501
768.3421406403572,0.013454812892061501
768.3661527445233,0.013454812892061501
768.3901648486893,0.013454812892061501
768.4141769528554,0.013454812892061501
768.4381890570214,0.013454812892061501
768.4622011611875,0.013454812892061501
768.4862132653536,0.013454812892061501
768.5102253695196,0.013454812892061501
768.5342374736857,0.013454812892061501
768.5582495778517,0.013454812892061501
768.5822616820178,0.013454812892061501
768.6062737861839,0.013454812892061501
768.6302858903499,0.013454812892061501
768.654297994516,0.013454812892061501
768.678310098682,0.013203352801211404
768.7023222028481,0.013203352801211404
768.7263343070142,0.013203352801211404
768.7503464111802,0.013203352801211404
768.7743585153463,0.013203352801211404
768.7983706195123,0.013203352801211404
768.8223827236784,0.013203352801211404
768.8463948278445,0.013203352801211404
768.8704069320105,0.013203352801211404
768.8944190361766,0.013203352801211404
768.9184311403426,0.013203352801211404
768.9424432445087,0.013203352801211404
768.9664553486747,0.013203352801211404
768.9904674528408,0.013203352801211404
769.0144795570069,0.013203352801211404
769.0384916611729,0.013203352801211404
769.062503765339,0.013203352801211404
769.086515869505,0.013203352801211404
769.1105279736711,0.013203352801211404
769.1345400778371,0.013203352801211404
769.1585521820032,0.013203352801211404
769.1825642861693,0.013203352801211404
769.2065763903353,0.013203352801211404
769.2305884945014,0.013203352801211404
769.2546005986674,0.013203352801211404
769.2786127028335,0.013203352801211404
769.3026248069996,0.013203352801211404
769.3266369111656,0.013203352801211404
769.3506490153317,0.013203352801211404
769.3746611194977,0.013203352801211404
769.3986732236638,0.013203352801211404
769.4226853278299,0.013203352801211404
769.4466974319959,0.013203352801211404
769.470709536162,0.013203352801211404
769.494721640328,0.013203352801211404
769.518733744494,0.013203352801211404
769.54274584866,0.013203352801211404
769.5667579528262,0.013203352801211404
769.5907700569923,0.013203352801211404
769.6147821611582,0.013203352801211404
769.6387942653243,0.013203352801211404
769.6628063694903,0.013203352801211404
769.6868184736564,0.013203352801211404
769.7108305778225,0.013203352801211404
769.7348426819885,0.013203352801211404
769.7588547861546,0.013203352801211404
769.7828668903206,0.013203352801211404
769.8068789944867,0.013203352801211404
769.8308910986527,0.013203352801211404
769.8549032028188,0.013203352801211404
769.8789153069849,0.013203352801211404
769.9029274111509,0.013203352801211404
769.926939515317,0.013203352801211404
769.950951619483,0.013203352801211404
769.9749637236491,0.013203352801211404
769.9989758278152,0.013203352801211404
770.0229879319812,0.013203352801211404
770.0470000361473,0.013203352801211404
770.0710121403133,0.013203352801211404
770.0950242444794,0.013203352801211404
770.1190363486455,0.013203352801211404
770.1430484528115,0.013203352801211404
770.1670605569776,0.013203352801211404
770.1910726611436,0.013203352801211404
770.2150847653097,0.013203352801211404
770.2390968694757,0.013203352801211404
770.2631089736418,0.013203352801211404
770.2871210778079,0.013203352801211404
770.3111331819739,0.013203352801211404
770.33514528614,0.013203352801211404
770.359157390306,0.013203352801211404
770.3831694944721,0.013203352801211404
770.4071815986382,0.013203352801211404
770.4311937028042,0.013203352801211404
770.4552058069703,0.013203352801211404
770.4792179111363,0.013203352801211404
770.5032300153024,0.013203352801211404
770.5272421194684,0.013203352801211404
770.5512542236345,0.013203352801211404
770.5752663278006,0.013203352801211404
770.5992784319666,0.013203352801211404
770.6232905361327,0.013203352801211404
770.6473026402987,0.013203352801211404
770.6713147444648,0.013203352801211404
770.6953268486309,0.013203352801211404
770.7193389527969,0.013203352801211404
770.743351056963,0.013203352801211404
770.767363161129,0.013203352801211404
770.7913752652951,0.013203352801211404
770.8153873694612,0.013203352801211404
770.8393994736272,0.013203352801211404
770.8634115777933,0.013203352801211404
770.8874236819593,0.013203352801211404
770.9114357861254,0.013203352801211404
770.9354478902914,0.013203352801211404
770.9594599944575,0.013203352801211404
770.9834720986236,0.013203352801211404
771.0074842027896,0.013203352801211404
771.0314963069557,0.013203352801211404
771.0555084111217,0.013203352801211404
771.0795205152878,0.013203352801211404
771.1035326194539,0.013203352801211404
771.1275447236198,0.013203352801211404
771.151556827786,0.013203352801211404
771.175568931952,0.013203352801211404
771.199581036118,0.013203352801211404
771.223593140284,0.013203352801211404
771.2476052444501,0.013203352801211404
771.2716173486162,0.013203352801211404
771.2956294527822,0.013203352801211404
771.3196415569483,0.013203352801211404
771.3436536611143,0.013203352801211404
771.3676657652804,0.013203352801211404
771.3916778694465,0.013203352801211404
771.4156899736125,0.013203352801211404
771.4397020777786,0.013203352801211404
771.4637141819446,0.013203352801211404
771.4877262861107,0.013203352801211404
771.5117383902768,0.013203352801211404
771.5357504944428,0.013203352801211404
771.5597625986089,0.013203352801211404
771.5837747027749,0.013203352801211404
771.607786806941,0.013203352801211404
771.631798911107,0.013203352801211404
771.6558110152731,0.013203352801211404
771.6798231194392,0.013203352801211404
771.7038352236052,0.013203352801211404
771.7278473277713,0.013203352801211404
771.7518594319373,0.013203352801211404
771.7758715361034,0.013203352801211404
771.7998836402694,0.013203352801211404
771.8238957444355,0.013203352801211404
771.8479078486016,0.013203352801211404
771.8719199527676,0.013203352801211404
771.8959320569337,0.013203352801211404
771.9199441610997,0.013203352801211404
771.9439562652658,0.013203352801211404
771.9679683694319,0.013203352801211404
771.9919804735979,0.013203352801211404
772.015992577764,0.013203352801211404
772.04000468193,0.013203352801211404
772.0640167860961,0.013203352801211404
772.0880288902622,0.013203352801211404
772.1120409944282,0.013203352801211404
772.1360530985943,0.013203352801211404
772.1600652027603,0.013203352801211404
772.1840773069264,0.013203352801211404
772.2080894110925,0.013203352801211404
772.2321015152585,0.013203352801211404
772.2561136194246,0.013203352801211404
772.2801257235906,0.013203352801211404
772.3041378277567,0.013203352801211404
772.3281499319228,0.013203352801211404
772.3521620360888,0.013203352801211404
772.3761741402549,0.013203352801211404
772.4001862444209,0.013203352801211404
772.424198348587,0.013203352801211404
772.448210452753,0.013203352801211404
772.4722225569191,0.013203352801211404
772.4962346610852,0.013203352801211404
772.5202467652512,0.013203352801211404
772.5442588694173,0.013203352801211404
772.5682709735833,0.013203352801211404
772.5922830777494,0.013203352801211404
772.6162951819153,0.013203352801211404
772.6403072860815,0.013203352801211404
772.6643193902476,0.013203352801211404
772.6883314944135,0.013203352801211404
772.7123435985797,0.013203352801211404
772.7363557027456,0.013203352801211404
772.7603678069117,0.013203352801211404
772.7843799110778,0.013203352801211404
772.8083920152438,0.013203352801211404
772.83240411941,0.013203352801211404
772.8564162235759,0.013203352801211404
772.880428327742,0.013203352801211404
772.9044404319081,0.013203352801211404
772.9284525360741,0.013203352801211404
772.9524646402402,0.013203352801211404
772.9764767444062,0.013203352801211404
773.0004888485723,0.013203352801211404
773.0245009527384,0.013203352801211404
773.0485130569044,0.013203352801211404
773.0725251610705,0.013203352801211404
773.0965372652365,0.013203352801211404
773.1205493694026,0.013203352801211404
773.1445614735686,0.013203352801211404
773.1685735777347,0.013203352801211404
773.1925856819008,0.013203352801211404
773.2165977860668,0.013203352801211404
773.2406098902329,0.013203352801211404
773.2646219943989,0.013203352801211404
773.288634098565,0.013203352801211404
773.312646202731,0.013203352801211404
773.3366583068971,0.013203352801211404
773.3606704110632,0.013203352801211404
773.3846825152292,0.013203352801211404
773.4086946193953,0.013203352801211404
773.4327067235613,0.013203352801211404
773.4567188277274,0.013203352801211404
773.4807309318935,0.013203352801211404
773.5047430360595,0.013203352801211404
773.5287551402256,0.013203352801211404
773.5527672443916,0.013203352801211404
773.5767793485577,0.013203352801211404
773.6007914527238,0.013203352801211404
773.6248035568898,0.013203352801211404
773.6488156610559,0.013203352801211404
773.6728277652219,0.013203352801211404
773.696839869388,0.013203352801211404
773.720851973554,0.013203352801211404
773.7448640777201,0.013203352801211404
773.7688761818862,0.013203352801211404
773.7928882860522,0.013203352801211404
773.8169003902183,0.013203352801211404
773.8409124943843,0.013203352801211404
773.8649245985504,0.013203352801211404
773.8889367027165,0.013203352801211404
773.9129488068825,0.013203352801211404
773.9369609110486,0.013203352801211404
773.9609730152146,0.013203352801211404
773.9849851193807,0.013203352801211404
774.0089972235467,0.013203352801211404
774.0330093277128,0.013203352801211404
774.0570214318789,0.013203352801211404
774.0810335360449,0.013203352801211404
774.105045640211,0.013203352801211404
774.129057744377,0.013203352801211404
774.153069848543,0.013203352801211404
774.1770819527092,0.013203352801211404
774.2010940568751,0.013203352801211404
774.2251061610413,0.013203352801211404
774.2491182652072,0.013203352801211404
774.2731303693733,0.013203352801211404
774.2971424735395,0.013203352801211404
774.3211545777054,0.013203352801211404
774.3451666818715,0.013203352801211404
774.3691787860375,0.013203352801211404
774.3931908902036,0.013203352801211404
774.4172029943696,0.013203352801211404
774.4412150985357,0.013203352801211404
774.4652272027018,0.013203352801211404
774.4892393068678,0.013203352801211404
774.5132514110339,0.013203352801211404
774.5372635151999,0.013203352801211404
774.561275619366,0.013203352801211404
774.5852877235321,0.013203352801211404
774.6092998276981,0.013203352801211404
774.6333119318642,0.013203352801211404
774.6573240360302,0.013203352801211404
774.6813361401963,0.013203352801211404
774.7053482443623,0.013203352801211404
774.7293603485284,0.013203352801211404
774.7533724526945,0.013203352801211404
774.7773845568605,0.013203352801211404
774.8013966610266,0.013203352801211404
774.8254087651926,0.013203352801211404
774.8494208693587,0.013203352801211404
774.8734329735248,0.013203352801211404
774.8974450776908,0.013203352801211404
774.9214571818569,0.013203352801211404
774.9454692860229,0.013203352801211404
774.969481390189,0.013203352801211404
774.9934934943551,0.013203352801211404
775.0175055985211,0.013203352801211404
775.0415177026872,0.013203352801211404
775.0655298068532,0.013203352801211404
775.0895419110193,0.013203352801211404
775.1135540151853,0.013203352801211404
775.1375661193514,0.013203352801211404
775.1615782235175,0.013203352801211404
775.1855903276835,0.013203352801211404
775.2096024318496,0.013203352801211404
775.2336145360156,0.013203352801211404
775.2576266401817,0.013203352801211404
775.2816387443478,0.013203352801211404
775.3056508485138,0.013203352801211404
775.3296629526799,0.013203352801211404
775.3536750568459,0.013203352801211404
775.377687161012,0.013203352801211404
775.401699265178,0.013203352801211404
775.4257113693441,0.013203352801211404
775.4497234735102,0.013203352801211404
775.4737355776762,0.013203352801211404
775.4977476818423,0.013203352801211404
775.5217597860083,0.013203352801211404
775.5457718901744,0.013203352801211404
775.5697839943405,0.013203352801211404
775.5937960985065,0.013203352801211404
775.6178082026726,0.013203352801211404
775.6418203068386,0.013203352801211404
775.6658324110047,0.013203352801211404
775.6898445151708,0.013203352801211404
775.7138566193368,0.013203352801211404
775.7378687235029,0.013203352801211404
775.7618808276688,0.013203352801211404
775.785892931835,0.013203352801211404
775.8099050360009,0.013203352801211404
775.833917140167,0.013203352801211404
775.8579292443331,0.013203352801211404
775.8819413484991,0.013203352801211404
775.9059534526652,0.013203352801211404
775.9299655568312,0.013203352801211404
775.9539776609973,0.013203352801211404
775.9779897651633,0.013203352801211404
776.0020018693294,0.013203352801211404
776.0260139734955,0.013203352801211404
776.0500260776615,0.013203352801211404
776.0740381818276,0.013203352801211404
776.0980502859936,0.013203352801211404
776.1220623901597,0.013203352801211404
776.1460744943258,0.013203352801211404
776.1700865984918,0.013203352801211404
776.1940987026579,0.013203352801211404
776.2181108068239,0.013203352801211404
776.24212291099,0.013203352801211404
776.2661350151561,0.013203352801211404
776.2901471193221,0.013203352801211404
776.3141592234882,0.013203352801211404
776.3381713276542,0.013203352801211404
776.3621834318203,0.013203352801211404
776.3861955359864,0.013203352801211404
776.4102076401524,0.013203352801211404
776.4342197443185,0.013203352801211404
776.4582318484845,0.013203352801211404
776.4822439526506,0.013203352801211404
776.5062560568166,0.013203352801211404
776.5302681609827,0.013203352801211404
776.5542802651488,0.013203352801211404
776.5782923693148,0.013203352801211404
776.6023044734809,0.013203352801211404
776.6263165776469,0.013203352801211404
776.650328681813,0.013203352801211404
776.674340785979,0.013203352801211404
776.6983528901451,0.013203352801211404
776.7223649943112,0.013203352801211404
776.7463770984772,0.013203352801211404
776.7703892026433,0.013203352801211404
776.7944013068093,0.013203352801211404
776.8184134109754,0.013203352801211404
776.8424255151415,0.013203352801211404
776.8664376193075,0.013203352801211404
776.8904497234736,0.013203352801211404
776.9144618276396,0.013203352801211404
776.9384739318057,0.013203352801211404
776.9624860359718,0.013203352801211404
776.9864981401378,0.013203352801211404
777.0105102443039,0.013203352801211404
777.0345223484699,0.013203352801211404
777.058534452636,0.013203352801211404
777.0825465568021,0.013203352801211404
777.1065586609681,0.013203352801211404
777.1305707651342,0.013203352801211404
777.1545828693002,0.013203352801211404
777.1785949734663,0.013203352801211404
777.2026070776323,0.013203352801211404
777.2266191817984,0.013203352801211404
777.2506312859645,0.013203352801211404
777.2746433901304,0.013203352801211404
777.2986554942966,0.013203352801211404
777.3226675984625,0.013203352801211404
777.3466797026286,0.013203352801211404
777.3706918067946,0.013203352801211404
777.3947039109607,0.013203352801211404
777.4187160151268,0.013203352801211404
777.4427281192928,0.013203352801211404
777.4667402234589,0.013203352801211404
777.4907523276249,0.013203352801211404
777.514764431791,0.013203352801211404
777.5387765359571,0.013203352801211404
777.5627886401231,0.013203352801211404
777.5868007442892,0.013203352801211404
777.6108128484552,0.013203352801211404
777.6348249526213,0.013203352801211404
777.6588370567874,0.013203352801211404
777.6828491609534,0.013203352801211404
777.7068612651195,0.013203352801211404
777.7308733692855,0.013203352801211404
777.7548854734516,0.013203352801211404
777.7788975776177,0.013203352801211404
777.8029096817837,0.013203352801211404
777.8269217859498,0.013203352801211404
777.8509338901158,0.013203352801211404
777.8749459942819,0.013203352801211404
777.8989580984479,0.013203352801211404
777.922970202614,0.013203352801211404
777.94698230678,0.013203352801211404
777.9709944109461,0.013203352801211404
777.9950065151122,0.013203352801211404
778.0190186192782,0.013203352801211404
778.0430307234443,0.013203352801211404
778.0670428276103,0.013203352801211404
778.0910549317764,0.013203352801211404
778.1150670359425,0.013203352801211404
778.1390791401085,0.013203352801211404
778.1630912442746,0.013203352801211404
778.1871033484406,0.013203352801211404
778.2111154526067,0.013203352801211404
778.2351275567728,0.013203352801211404
778.2591396609388,0.013203352801211404
778.2831517651049,0.013203352801211404
778.3071638692709,0.013203352801211404
778.331175973437,0.013203352801211404
778.3551880776031,0.013203352801211404
778.3792001817691,0.013203352801211404
778.4032122859352,0.013203352801211404
778.4272243901012,0.013203352801211404
778.4512364942673,0.013203352801211404
778.4752485984334,0.013203352801211404
778.4992607025994,0.013203352801211404
778.5232728067655,0.013203352801211404
778.5472849109315,0.013203352801211404
778.5712970150976,0.013203352801211404
778.5953091192636,0.013203352801211404
778.6193212234297,0.013203352801211404
778.6433333275958,0.013203352801211404
778.6673454317618,0.013203352801211404
778.6913575359279,0.013203352801211404
778.7153696400939,0.013203352801211404
778.73938174426,0.013203352801211404
778.763393848426,0.013203352801211404
778.787405952592,0.013203352801211404
778.8114180567582,0.013203352801211404
778.8354301609241,0.013203352801211404
778.8594422650903,0.013203352801211404
778.8834543692562,0.013203352801211404
778.9074664734223,0.013203352801211404
778.9314785775885,0.013203352801211404
778.9554906817544,0.013203352801211404
778.9795027859205,0.013203352801211404
779.0035148900865,0.013203352801211404
779.0275269942526,0.013203352801211404
779.0515390984187,0.013203352801211404
779.0755512025847,0.013203352801211404
779.0995633067508,0.013203352801211404
779.1235754109168,0.013203352801211404
779.1475875150829,0.013203352801211404
779.171599619249,0.013203352801211404
779.195611723415,0.013203352801211404
779.2196238275811,0.013203352801211404
779.2436359317471,0.013203352801211404
779.2676480359132,0.013203352801211404
779.2916601400792,0.013203352801211404
779.3156722442453,0.013203352801211404
779.3396843484114,0.013203352801211404
779.3636964525774,0.013203352801211404
779.3877085567435,0.013203352801211404
779.4117206609095,0.013203352801211404
779.4357327650756,0.013203352801211404
779.4597448692416,0.013203352801211404
779.4837569734077,0.013203352801211404
779.5077690775738,0.013203352801211404
779.5317811817398,0.013203352801211404
779.5557932859059,0.013203352801211404
779.5798053900719,0.013203352801211404
779.603817494238,0.013203352801211404
779.6278295984041,0.013203352801211404
779.6518417025701,0.013203352801211404
779.6758538067362,0.013203352801211404
779.6998659109022,0.013203352801211404
779.7238780150683,0.013203352801211404
779.7478901192344,0.013203352801211404
779.7719022234004,0.013203352801211404
779.7959143275665,0.013203352801211404
779.8199264317325,0.013203352801211404
779.8439385358986,0.013203352801211404
779.8679506400647,0.013203352801211404
779.8919627442307,0.013203352801211404
779.9159748483968,0.013203352801211404
779.9399869525628,0.013203352801211404
779.9639990567289,0.013203352801211404
779.9880111608949,0.013203352801211404
780.012023265061,0.013203352801211404
780.0360353692271,0.013203352801211404
780.0600474733931,0.013203352801211404
780.0840595775592,0.013203352801211404
780.1080716817252,0.013203352801211404
780.1320837858913,0.013203352801211404
780.1560958900573,0.013203352801211404
780.1801079942234,0.013203352801211404
780.2041200983895,0.013203352801211404
780.2281322025555,0.013203352801211404
780.2521443067216,0.013203352801211404
780.2761564108876,0.013203352801211404
780.3001685150537,0.013203352801211404
780.3241806192198,0.013203352801211404
780.3481927233858,0.013203352801211404
780.3722048275519,0.013203352801211404
780.3962169317178,0.013203352801211404
780.420229035884,0.013203352801211404
780.44424114005,0.013203352801211404
780.468253244216,0.013203352801211404
780.4922653483821,0.013203352801211404
780.5162774525481,0.013203352801211404
780.5402895567142,0.013203352801211404
780.5643016608803,0.013203352801211404
780.5883137650463,0.013203352801211404
780.6123258692124,0.013203352801211404
780.6363379733784,0.013203352801211404
780.6603500775445,0.013203352801211404
780.6843621817105,0.013203352801211404
780.7083742858766,0.013203352801211404
780.7323863900427,0.013203352801211404
780.7563984942087,0.013203352801211404
780.7804105983748,0.013203352801211404
780.8044227025408,0.013203352801211404
780.8284348067069,0.013203352801211404
780.8524469108729,0.013203352801211404
780.876459015039,0.013203352801211404
780.9004711192051,0.013203352801211404
780.9244832233711,0.013203352801211404
780.9484953275372,0.013203352801211404
780.9725074317032,0.013203352801211404
