8.5000000e+002,1.9705561e-003,1.9705561e-003,1.9705561e-003
8.5000833e+002,2.0369232e-003,2.0369232e-003,2.0369232e-003
8.5001665e+002,2.1035695e-003,2.1035695e-003,2.1035695e-003
8.5002498e+002,2.1703555e-003,2.1703555e-003,2.1703555e-003
8.5003330e+002,2.2371420e-003,2.2371420e-003,2.2371420e-003
8.5004162e+002,2.3037895e-003,2.3037895e-003,2.3037895e-003
8.5004995e+002,2.3701587e-003,2.3701587e-003,2.3701587e-003
8.5005827e+002,2.4361262e-003,2.4361262e-003,2.4361262e-003
8.5006660e+002,2.5016338e-003,2.5016338e-003,2.5016338e-003
8.5007493e+002,2.5666397e-003,2.5666397e-003,2.5666397e-003
8.5008325e+002,2.6310989e-003,2.6310989e-003,2.6310988e-003
8.5009158e+002,2.6949517e-003,2.6949517e-003,2.6949517e-003
8.5009990e+002,2.7581350e-003,2.7581350e-003,2.7581350e-003
8.5010822e+002,2.8205837e-003,2.8205837e-003,2.8205838e-003
8.5011655e+002,2.8822251e-003,2.8822251e-003,2.8822252e-003
8.5012487e+002,2.9429845e-003,2.9429845e-003,2.9429845e-003
8.5013320e+002,3.0027980e-003,3.0027980e-003,3.0027977e-003
8.5014153e+002,3.0616465e-003,3.0616465e-003,3.0616461e-003
8.5014985e+002,3.1195226e-003,3.1195226e-003,3.1195226e-003
8.5015818e+002,3.1764171e-003,3.1764171e-003,3.1764181e-003
8.5016650e+002,3.2323132e-003,3.2323132e-003,3.2323146e-003
8.5017483e+002,3.2871917e-003,3.2871917e-003,3.2871918e-003
8.5018315e+002,3.3410304e-003,3.3410304e-003,3.3410268e-003
8.5019147e+002,3.3937933e-003,3.3937933e-003,3.3937879e-003
8.5019980e+002,3.4454409e-003,3.4454409e-003,3.4454406e-003
8.5020813e+002,3.4959480e-003,3.4959480e-003,3.4959613e-003
8.5021645e+002,3.5453523e-003,3.5453523e-003,3.5453725e-003
8.5022478e+002,3.5937081e-003,3.5937081e-003,3.5937092e-003
8.5023310e+002,3.6410532e-003,3.6410532e-003,3.6410038e-003
8.5024143e+002,3.6873522e-003,3.6873522e-003,3.6872769e-003
8.5024975e+002,3.7325502e-003,3.7325502e-003,3.7325458e-003
8.5025807e+002,3.7766257e-003,3.7766257e-003,3.7768283e-003
8.5026640e+002,3.8197041e-003,3.8197041e-003,3.8201424e-003
8.5027472e+002,3.8619511e-003,3.8619511e-003,3.8625065e-003
8.5028305e+002,3.9034900e-003,3.9034900e-003,3.9039412e-003
8.5029138e+002,3.9442572e-003,3.9442572e-003,3.9444760e-003
8.5029970e+002,3.9841375e-003,3.9841375e-003,3.9841430e-003
8.5030803e+002,4.0230588e-003,4.0230588e-003,4.0229843e-003
8.5031635e+002,4.0611396e-003,4.0611396e-003,4.0610869e-003
8.5032467e+002,4.0985518e-003,4.0985518e-003,4.0985502e-003
8.5033300e+002,4.1354300e-003,4.1354300e-003,4.1354500e-003
8.5034132e+002,4.1717414e-003,4.1717414e-003,4.1717556e-003
8.5034965e+002,4.2074060e-003,4.2074060e-003,4.2074065e-003
8.5035798e+002,4.2423773e-003,4.2423773e-003,4.2423719e-003
8.5036630e+002,4.2767601e-003,4.2767601e-003,4.2767563e-003
8.5037463e+002,4.3107025e-003,4.3107025e-003,4.3107023e-003
8.5038295e+002,4.3443280e-003,4.3443280e-003,4.3443294e-003
8.5039127e+002,4.3776491e-003,4.3776491e-003,4.3776501e-003
8.5039960e+002,4.4106465e-003,4.4106465e-003,4.4106465e-003
8.5040792e+002,4.4433111e-003,4.4433111e-003,4.4433107e-003
8.5041625e+002,4.4756817e-003,4.4756817e-003,4.4756814e-003
8.5042458e+002,4.5078110e-003,4.5078110e-003,4.5078110e-003
8.5043290e+002,4.5397519e-003,4.5397519e-003,4.5397520e-003
8.5044123e+002,4.5715590e-003,4.5715590e-003,4.5715592e-003
8.5044955e+002,4.6032874e-003,4.6032874e-003,4.6032874e-003
8.5045787e+002,4.6349807e-003,4.6349807e-003,4.6349804e-003
8.5046620e+002,4.6666280e-003,4.6666280e-003,4.6666276e-003
8.5047452e+002,4.6982025e-003,4.6982025e-003,4.6982025e-003
8.5048285e+002,4.7296885e-003,4.7296885e-003,4.7296894e-003
8.5049118e+002,4.7611226e-003,4.7611226e-003,4.7611240e-003
8.5049950e+002,4.7925567e-003,4.7925567e-003,4.7925569e-003
8.5050783e+002,4.8240448e-003,4.8240448e-003,4.8240413e-003
8.5051615e+002,4.8556489e-003,4.8556489e-003,4.8556435e-003
8.5052448e+002,4.8874338e-003,4.8874338e-003,4.8874332e-003
8.5053280e+002,4.9194464e-003,4.9194464e-003,4.9194591e-003
8.5054112e+002,4.9516480e-003,4.9516480e-003,4.9516683e-003
8.5054945e+002,4.9839740e-003,4.9839740e-003,4.9839766e-003
8.5055777e+002,5.0163783e-003,5.0163783e-003,5.0163308e-003
8.5056610e+002,5.0489040e-003,5.0489040e-003,5.0488283e-003
8.5057443e+002,5.0816216e-003,5.0816216e-003,5.0816118e-003
8.5058275e+002,5.1145962e-003,5.1145962e-003,5.1147891e-003
8.5059108e+002,5.1478648e-003,5.1478648e-003,5.1482950e-003
8.5059940e+002,5.1814561e-003,5.1814561e-003,5.1820110e-003
8.5060772e+002,5.2153868e-003,5.2153868e-003,5.2158454e-003
8.5061605e+002,5.2496133e-003,5.2496133e-003,5.2498418e-003
8.5062437e+002,5.2840734e-003,5.2840734e-003,5.2840850e-003
8.5063270e+002,5.3187258e-003,5.3187258e-003,5.3186521e-003
8.5064103e+002,5.3536348e-003,5.3536348e-003,5.3535803e-003
8.5064935e+002,5.3888972e-003,5.3888972e-003,5.3888940e-003
8.5065768e+002,5.4245871e-003,5.4245871e-003,5.4246068e-003
8.5066600e+002,5.4606615e-003,5.4606615e-003,5.4606761e-003
8.5067432e+002,5.4970409e-003,5.4970409e-003,5.4970418e-003
8.5068265e+002,5.5336687e-003,5.5336687e-003,5.5336634e-003
8.5069097e+002,5.5706058e-003,5.5706058e-003,5.5706019e-003
8.5069930e+002,5.6079508e-003,5.6079508e-003,5.6079506e-003
8.5070763e+002,5.6457808e-003,5.6457808e-003,5.6457823e-003
8.5071595e+002,5.6840631e-003,5.6840631e-003,5.6840641e-003
8.5072428e+002,5.7227294e-003,5.7227294e-003,5.7227295e-003
8.5073260e+002,5.7617269e-003,5.7617269e-003,5.7617265e-003
8.5074092e+002,5.8010809e-003,5.8010809e-003,5.8010806e-003
8.5074925e+002,5.8408422e-003,5.8408422e-003,5.8408422e-003
8.5075757e+002,5.8810539e-003,5.8810539e-003,5.8810540e-003
8.5076590e+002,5.9217172e-003,5.9217172e-003,5.9217173e-003
8.5077423e+002,5.9628200e-003,5.9628200e-003,5.9628200e-003
8.5078255e+002,6.0043514e-003,6.0043514e-003,6.0043514e-003
8.5079088e+002,6.0463071e-003,6.0463071e-003,6.0463071e-003
8.5079920e+002,6.0886850e-003,6.0886850e-003,6.0886850e-003
8.5080753e+002,6.1314857e-003,6.1314857e-003,6.1314857e-003
8.5081585e+002,6.1747249e-003,6.1747249e-003,6.1747249e-003
8.5082417e+002,6.2184233e-003,6.2184233e-003,6.2184233e-003
8.5083250e+002,6.2626040e-003,6.2626040e-003,6.2626040e-003
8.5084083e+002,6.3073050e-003,6.3073050e-003,6.3073050e-003
8.5084915e+002,6.3525691e-003,6.3525691e-003,6.3525691e-003
8.5085748e+002,6.3984256e-003,6.3984256e-003,6.3984256e-003
8.5086580e+002,6.4448306e-003,6.4448306e-003,6.4448306e-003
8.5087413e+002,6.4917156e-003,6.4917156e-003,6.4917156e-003
8.5088245e+002,6.5390329e-003,6.5390329e-003,6.5390329e-003
8.5089077e+002,6.5868516e-003,6.5868516e-003,6.5868516e-003
8.5089910e+002,6.6352807e-003,6.6352807e-003,6.6352807e-003
8.5090742e+002,6.6844017e-003,6.6844017e-003,6.6844018e-003
8.5091575e+002,6.7341461e-003,6.7341461e-003,6.7341462e-003
8.5092408e+002,6.7843931e-003,6.7843931e-003,6.7843931e-003
8.5093240e+002,6.8350512e-003,6.8350512e-003,6.8350510e-003
8.5094073e+002,6.8861913e-003,6.8861913e-003,6.8861909e-003
8.5094905e+002,6.9379410e-003,6.9379410e-003,6.9379409e-003
8.5095737e+002,6.9904106e-003,6.9904106e-003,6.9904114e-003
8.5096570e+002,7.0436138e-003,7.0436138e-003,7.0436153e-003
8.5097402e+002,7.0975305e-003,7.0975305e-003,7.0975309e-003
8.5098235e+002,7.1521375e-003,7.1521375e-003,7.1521343e-003
8.5099068e+002,7.2073942e-003,7.2073942e-003,7.2073887e-003
8.5099900e+002,7.2632538e-003,7.2632538e-003,7.2632526e-003
8.5100733e+002,7.3196845e-003,7.3196845e-003,7.3196965e-003
8.5101565e+002,7.3767398e-003,7.3767398e-003,7.3767601e-003
8.5102397e+002,7.4345036e-003,7.4345036e-003,7.4345081e-003
8.5103230e+002,7.4930456e-003,7.4930456e-003,7.4930011e-003
8.5104062e+002,7.5523526e-003,7.5523526e-003,7.5522767e-003
8.5104895e+002,7.6123818e-003,7.6123818e-003,7.6123643e-003
8.5105728e+002,7.6731045e-003,7.6731045e-003,7.6732836e-003
8.5106560e+002,7.7345780e-003,7.7345780e-003,7.7349963e-003
8.5107393e+002,7.7968901e-003,7.7968901e-003,7.7974435e-003
8.5108225e+002,7.8601125e-003,7.8601125e-003,7.8605817e-003
8.5109057e+002,7.9242180e-003,7.9242180e-003,7.9244607e-003
8.5109890e+002,7.9891433e-003,7.9891433e-003,7.9891644e-003
8.5110722e+002,8.0548366e-003,8.0548366e-003,8.0547643e-003
8.5111555e+002,8.1213146e-003,8.1213146e-003,8.1212574e-003
8.5112388e+002,8.1886192e-003,8.1886192e-003,8.1886134e-003
8.5113220e+002,8.2567897e-003,8.2567897e-003,8.2568091e-003
8.5114053e+002,8.3258505e-003,8.3258505e-003,8.3258658e-003
8.5114885e+002,8.3958200e-003,8.3958200e-003,8.3958215e-003
8.5115718e+002,8.4667155e-003,8.4667155e-003,8.4667103e-003
8.5116550e+002,8.5385469e-003,8.5385469e-003,8.5385428e-003
8.5117382e+002,8.6113213e-003,8.6113213e-003,8.6113208e-003
8.5118215e+002,8.6850530e-003,8.6850530e-003,8.6850544e-003
8.5119047e+002,8.7598013e-003,8.7598013e-003,8.7598024e-003
8.5119880e+002,8.8356425e-003,8.8356425e-003,8.8356426e-003
8.5120713e+002,8.9126379e-003,8.9126379e-003,8.9126375e-003
8.5121545e+002,8.9907568e-003,8.9907568e-003,8.9907565e-003
8.5122378e+002,9.0699333e-003,9.0699333e-003,9.0699333e-003
8.5123210e+002,9.1501149e-003,9.1501149e-003,9.1501150e-003
8.5124042e+002,9.2313335e-003,9.2313335e-003,9.2313336e-003
8.5124875e+002,9.3136541e-003,9.3136541e-003,9.3136541e-003
8.5125707e+002,9.3971402e-003,9.3971402e-003,9.3971401e-003
8.5126540e+002,9.4818476e-003,9.4818476e-003,9.4818476e-003
8.5127373e+002,9.5678295e-003,9.5678295e-003,9.5678295e-003
8.5128205e+002,9.6551302e-003,9.6551302e-003,9.6551302e-003
8.5129038e+002,9.7437406e-003,9.7437406e-003,9.7437406e-003
8.5129870e+002,9.8336302e-003,9.8336302e-003,9.8336302e-003
8.5130702e+002,9.9247785e-003,9.9247785e-003,9.9247785e-003
8.5131535e+002,1.0017229e-002,1.0017229e-002,1.0017229e-002
8.5132367e+002,1.0111050e-002,1.0111050e-002,1.0111050e-002
8.5133200e+002,1.0206305e-002,1.0206305e-002,1.0206305e-002
8.5134033e+002,1.0303011e-002,1.0303011e-002,1.0303011e-002
8.5134865e+002,1.0401170e-002,1.0401170e-002,1.0401170e-002
8.5135698e+002,1.0500789e-002,1.0500789e-002,1.0500789e-002
8.5136530e+002,1.0601903e-002,1.0601903e-002,1.0601903e-002
8.5137362e+002,1.0704562e-002,1.0704562e-002,1.0704562e-002
8.5138195e+002,1.0808814e-002,1.0808814e-002,1.0808814e-002
8.5139027e+002,1.0914708e-002,1.0914708e-002,1.0914708e-002
8.5139860e+002,1.1022296e-002,1.1022296e-002,1.1022296e-002
8.5140693e+002,1.1131621e-002,1.1131621e-002,1.1131622e-002
8.5141525e+002,1.1242696e-002,1.1242696e-002,1.1242697e-002
8.5142358e+002,1.1355517e-002,1.1355517e-002,1.1355517e-002
8.5143190e+002,1.1470089e-002,1.1470089e-002,1.1470086e-002
8.5144023e+002,1.1586474e-002,1.1586474e-002,1.1586469e-002
8.5144855e+002,1.1704757e-002,1.1704757e-002,1.1704755e-002
8.5145687e+002,1.1825016e-002,1.1825016e-002,1.1825027e-002
8.5146520e+002,1.1947301e-002,1.1947301e-002,1.1947321e-002
8.5147353e+002,1.2071644e-002,1.2071644e-002,1.2071650e-002
8.5148185e+002,1.2198080e-002,1.2198080e-002,1.2198039e-002
8.5149018e+002,1.2326635e-002,1.2326635e-002,1.2326561e-002
8.5149850e+002,1.2457335e-002,1.2457335e-002,1.2457311e-002
8.5150683e+002,1.2590213e-002,1.2590213e-002,1.2590376e-002
8.5151515e+002,1.2725357e-002,1.2725357e-002,1.2725758e-002
8.5152347e+002,1.2862879e-002,1.2862879e-002,1.2863428e-002
8.5153180e+002,1.3002882e-002,1.3002882e-002,1.3003372e-002
8.5154012e+002,1.3145411e-002,1.3145411e-002,1.3145688e-002
8.5154845e+002,1.3290487e-002,1.3290487e-002,1.3290525e-002
8.5155678e+002,1.3438133e-002,1.3438133e-002,1.3438021e-002
8.5156510e+002,1.3588394e-002,1.3588394e-002,1.3588258e-002
8.5157343e+002,1.3741322e-002,1.3741322e-002,1.3741289e-002
8.5158175e+002,1.3896980e-002,1.3896980e-002,1.3897163e-002
8.5159007e+002,1.4055479e-002,1.4055479e-002,1.4055900e-002
8.5159840e+002,1.4216952e-002,1.4216952e-002,1.4217505e-002
8.5160672e+002,1.4381522e-002,1.4381522e-002,1.4381997e-002
8.5161505e+002,1.4549248e-002,1.4549248e-002,1.4549502e-002
8.5162338e+002,1.4720158e-002,1.4720158e-002,1.4720190e-002
8.5163170e+002,1.4894290e-002,1.4894290e-002,1.4894221e-002
8.5164003e+002,1.5071738e-002,1.5071738e-002,1.5071679e-002
8.5164835e+002,1.5252623e-002,1.5252623e-002,1.5252615e-002
8.5165667e+002,1.5437066e-002,1.5437066e-002,1.5437085e-002
8.5166500e+002,1.5625173e-002,1.5625173e-002,1.5625189e-002
8.5167332e+002,1.5817046e-002,1.5817046e-002,1.5817049e-002
8.5168165e+002,1.6012785e-002,1.6012785e-002,1.6012780e-002
8.5168998e+002,1.6212483e-002,1.6212483e-002,1.6212479e-002
8.5169830e+002,1.6416227e-002,1.6416227e-002,1.6416226e-002
8.5170663e+002,1.6624112e-002,1.6624112e-002,1.6624114e-002
8.5171495e+002,1.6836279e-002,1.6836279e-002,1.6836280e-002
8.5172328e+002,1.7052886e-002,1.7052886e-002,1.7052886e-002
8.5173160e+002,1.7274090e-002,1.7274090e-002,1.7274090e-002
8.5173992e+002,1.7500035e-002,1.7500035e-002,1.7500034e-002
8.5174825e+002,1.7730852e-002,1.7730852e-002,1.7730852e-002
8.5175658e+002,1.7966680e-002,1.7966680e-002,1.7966680e-002
8.5176490e+002,1.8207674e-002,1.8207674e-002,1.8207674e-002
8.5177323e+002,1.8454002e-002,1.8454002e-002,1.8454002e-002
8.5178155e+002,1.8705830e-002,1.8705830e-002,1.8705829e-002
8.5178988e+002,1.8963338e-002,1.8963338e-002,1.8963338e-002
8.5179820e+002,1.9226714e-002,1.9226714e-002,1.9226714e-002
8.5180652e+002,1.9496144e-002,1.9496144e-002,1.9496145e-002
8.5181485e+002,1.9771821e-002,1.9771821e-002,1.9771823e-002
8.5182317e+002,2.0053945e-002,2.0053945e-002,2.0053945e-002
8.5183150e+002,2.0342715e-002,2.0342715e-002,2.0342713e-002
8.5183983e+002,2.0638371e-002,2.0638371e-002,2.0638366e-002
8.5184815e+002,2.0941167e-002,2.0941167e-002,2.0941165e-002
8.5185648e+002,2.1251358e-002,2.1251358e-002,2.1251368e-002
8.5186480e+002,2.1569202e-002,2.1569202e-002,2.1569222e-002
8.5187312e+002,2.1894962e-002,2.1894962e-002,2.1894970e-002
8.5188145e+002,2.2228903e-002,2.2228903e-002,2.2228864e-002
8.5188977e+002,2.2571311e-002,2.2571311e-002,2.2571236e-002
8.5189810e+002,2.2922487e-002,2.2922487e-002,2.2922458e-002
8.5190643e+002,2.3282736e-002,2.3282736e-002,2.3282891e-002
8.5191475e+002,2.3652419e-002,2.3652419e-002,2.3652815e-002
8.5192308e+002,2.4031925e-002,2.4031925e-002,2.4032474e-002
8.5193140e+002,2.4421640e-002,2.4421640e-002,2.4422126e-002
8.5193972e+002,2.4821934e-002,2.4821934e-002,2.4822202e-002
8.5194805e+002,2.5233171e-002,2.5233171e-002,2.5233211e-002
8.5195637e+002,2.5655725e-002,2.5655725e-002,2.5655656e-002
8.5196470e+002,2.6090051e-002,2.6090051e-002,2.6089990e-002
8.5197303e+002,2.6536647e-002,2.6536647e-002,2.6536637e-002
8.5198135e+002,2.6996010e-002,2.6996010e-002,2.6996028e-002
8.5198968e+002,2.7468622e-002,2.7468622e-002,2.7468638e-002
8.5199800e+002,2.7954960e-002,2.7954960e-002,2.7954963e-002
8.5200632e+002,2.8455518e-002,2.8455518e-002,2.8455513e-002
8.5201465e+002,2.8970904e-002,2.8970904e-002,2.8970899e-002
8.5202297e+002,2.9501788e-002,2.9501788e-002,2.9501787e-002
8.5203130e+002,3.0048841e-002,3.0048841e-002,3.0048842e-002
8.5203963e+002,3.0612722e-002,3.0612722e-002,3.0612723e-002
8.5204795e+002,3.1194090e-002,3.1194090e-002,3.1194090e-002
8.5205628e+002,3.1793609e-002,3.1793609e-002,3.1793610e-002
8.5206460e+002,3.2412009e-002,3.2412009e-002,3.2412010e-002
8.5207293e+002,3.3050052e-002,3.3050052e-002,3.3050053e-002
8.5208125e+002,3.3708517e-002,3.3708517e-002,3.3708515e-002
8.5208957e+002,3.4388305e-002,3.4388305e-002,3.4388301e-002
8.5209790e+002,3.5090384e-002,3.5090384e-002,3.5090383e-002
8.5210622e+002,3.5815718e-002,3.5815718e-002,3.5815726e-002
8.5211455e+002,3.6565231e-002,3.6565231e-002,3.6565247e-002
8.5212288e+002,3.7339829e-002,3.7339829e-002,3.7339836e-002
8.5213120e+002,3.8140437e-002,3.8140437e-002,3.8140408e-002
8.5213953e+002,3.8968159e-002,3.8968159e-002,3.8968100e-002
8.5214785e+002,3.9824189e-002,3.9824189e-002,3.9824163e-002
8.5215617e+002,4.0709724e-002,4.0709724e-002,4.0709841e-002
8.5216450e+002,4.1625964e-002,4.1625964e-002,4.1626293e-002
8.5217282e+002,4.2574113e-002,4.2574113e-002,4.2574633e-002
8.5218115e+002,4.3555384e-002,4.3555384e-002,4.3555996e-002
8.5218948e+002,4.4571100e-002,4.4571100e-002,4.4571710e-002
8.5219780e+002,4.5622638e-002,4.5622638e-002,4.5623205e-002
8.5220613e+002,4.6711379e-002,4.6711379e-002,4.6711910e-002
8.5221445e+002,4.7838720e-002,4.7838720e-002,4.7839242e-002
8.5222277e+002,4.9006066e-002,4.9006066e-002,4.9006610e-002
8.5223110e+002,5.0214836e-002,5.0214836e-002,5.0215431e-002
8.5223942e+002,5.1466577e-002,5.1466577e-002,5.1467209e-002
8.5224775e+002,5.2762904e-002,5.2762904e-002,5.2763493e-002
8.5225608e+002,5.4105425e-002,5.4105425e-002,5.4105837e-002
8.5226440e+002,5.5495668e-002,5.5495668e-002,5.5495841e-002
8.5227273e+002,5.6935118e-002,5.6935118e-002,5.6935130e-002
8.5228105e+002,5.8425272e-002,5.8425272e-002,5.8425325e-002
8.5228937e+002,5.9967743e-002,5.9967743e-002,5.9968000e-002
8.5229770e+002,6.1564208e-002,6.1564208e-002,6.1564707e-002
8.5230602e+002,6.3216335e-002,6.3216335e-002,6.3216995e-002
8.5231435e+002,6.4925704e-002,6.4925704e-002,6.4926398e-002
8.5232268e+002,6.6693842e-002,6.6693842e-002,6.6694445e-002
8.5233100e+002,6.8522265e-002,6.8522265e-002,6.8522660e-002
8.5233933e+002,7.0412361e-002,7.0412361e-002,7.0412515e-002
8.5234765e+002,7.2365450e-002,7.2365450e-002,7.2365456e-002
8.5235598e+002,7.4382848e-002,7.4382848e-002,7.4382913e-002
8.5236430e+002,7.6465878e-002,7.6465878e-002,7.6466158e-002
8.5237262e+002,7.8615867e-002,7.8615867e-002,7.8616375e-002
8.5238095e+002,8.0834107e-002,8.0834107e-002,8.0834728e-002
8.5238928e+002,8.3121553e-002,8.3121553e-002,8.3122170e-002
8.5239760e+002,8.5478972e-002,8.5478972e-002,8.5479540e-002
8.5240593e+002,8.7907115e-002,8.7907115e-002,8.7907654e-002
8.5241425e+002,9.0406600e-002,9.0406600e-002,9.0407140e-002
8.5242258e+002,9.2977968e-002,9.2977968e-002,9.2978521e-002
8.5243090e+002,9.5621714e-002,9.5621714e-002,9.5622272e-002
8.5243922e+002,9.8337883e-002,9.8337883e-002,9.8338438e-002
8.5244755e+002,1.0112626e-001,1.0112626e-001,1.0112681e-001
8.5245587e+002,1.0398660e-001,1.0398660e-001,1.0398716e-001
8.5246420e+002,1.0691841e-001,1.0691841e-001,1.0691898e-001
8.5247253e+002,1.0992102e-001,1.0992102e-001,1.0992159e-001
8.5248085e+002,1.1299375e-001,1.1299375e-001,1.1299427e-001
8.5248918e+002,1.1613531e-001,1.1613531e-001,1.1613579e-001
8.5249750e+002,1.1934410e-001,1.1934410e-001,1.1934462e-001
8.5250582e+002,1.2261848e-001,1.2261848e-001,1.2261918e-001
8.5251415e+002,1.2595641e-001,1.2595641e-001,1.2595735e-001
8.5252247e+002,1.2935561e-001,1.2935561e-001,1.2935671e-001
8.5253080e+002,1.3281376e-001,1.3281376e-001,1.3281481e-001
8.5253913e+002,1.3632789e-001,1.3632789e-001,1.3632873e-001
8.5254745e+002,1.3989470e-001,1.3989470e-001,1.3989531e-001
8.5255578e+002,1.4351081e-001,1.4351081e-001,1.4351131e-001
8.5256410e+002,1.4717238e-001,1.4717238e-001,1.4717289e-001
8.5257242e+002,1.5087530e-001,1.5087530e-001,1.5087585e-001
8.5258075e+002,1.5461539e-001,1.5461539e-001,1.5461593e-001
8.5258907e+002,1.5838793e-001,1.5838793e-001,1.5838845e-001
8.5259740e+002,1.6218789e-001,1.6218789e-001,1.6218842e-001
8.5260573e+002,1.6601019e-001,1.6601019e-001,1.6601084e-001
8.5261405e+002,1.6984933e-001,1.6984933e-001,1.6985020e-001
8.5262238e+002,1.7369960e-001,1.7369960e-001,1.7370067e-001
8.5263070e+002,1.7755526e-001,1.7755526e-001,1.7755642e-001
8.5263902e+002,1.8141012e-001,1.8141012e-001,1.8141129e-001
8.5264735e+002,1.8525781e-001,1.8525781e-001,1.8525893e-001
8.5265567e+002,1.8909188e-001,1.8909188e-001,1.8909298e-001
8.5266400e+002,1.9290568e-001,1.9290568e-001,1.9290678e-001
8.5267233e+002,1.9669239e-001,1.9669239e-001,1.9669350e-001
8.5268065e+002,2.0044520e-001,2.0044520e-001,2.0044632e-001
8.5268898e+002,2.0415720e-001,2.0415720e-001,2.0415831e-001
8.5269730e+002,2.0782141e-001,2.0782141e-001,2.0782253e-001
8.5270563e+002,2.1143091e-001,2.1143091e-001,2.1143202e-001
8.5271395e+002,2.1497889e-001,2.1497889e-001,2.1498000e-001
8.5272227e+002,2.1845865e-001,2.1845865e-001,2.1845976e-001
8.5273060e+002,2.2186352e-001,2.2186352e-001,2.2186464e-001
8.5273892e+002,2.2518700e-001,2.2518700e-001,2.2518811e-001
8.5274725e+002,2.2842270e-001,2.2842270e-001,2.2842381e-001
8.5275558e+002,2.3156429e-001,2.3156429e-001,2.3156540e-001
8.5276390e+002,2.3460597e-001,2.3460597e-001,2.3460708e-001
8.5277223e+002,2.3754231e-001,2.3754231e-001,2.3754341e-001
8.5278055e+002,2.4036791e-001,2.4036791e-001,2.4036903e-001
8.5278887e+002,2.4307801e-001,2.4307801e-001,2.4307914e-001
8.5279720e+002,2.4566825e-001,2.4566825e-001,2.4566937e-001
8.5280552e+002,2.4813432e-001,2.4813432e-001,2.4813540e-001
8.5281385e+002,2.5047274e-001,2.5047274e-001,2.5047378e-001
8.5282218e+002,2.5268053e-001,2.5268053e-001,2.5268160e-001
8.5283050e+002,2.5475482e-001,2.5475482e-001,2.5475605e-001
8.5283883e+002,2.5669368e-001,2.5669368e-001,2.5669516e-001
8.5284715e+002,2.5849586e-001,2.5849586e-001,2.5849751e-001
8.5285547e+002,2.6016016e-001,2.6016016e-001,2.6016178e-001
8.5286380e+002,2.6168633e-001,2.6168633e-001,2.6168776e-001
8.5287212e+002,2.6307475e-001,2.6307475e-001,2.6307593e-001
8.5288045e+002,2.6432587e-001,2.6432587e-001,2.6432689e-001
8.5288878e+002,2.6544129e-001,2.6544129e-001,2.6544226e-001
8.5289710e+002,2.6642333e-001,2.6642333e-001,2.6642438e-001
8.5290543e+002,2.6727439e-001,2.6727439e-001,2.6727565e-001
8.5291375e+002,2.6799797e-001,2.6799797e-001,2.6799946e-001
8.5292207e+002,2.6859822e-001,2.6859822e-001,2.6859988e-001
8.5293040e+002,2.6907943e-001,2.6907943e-001,2.6908104e-001
8.5293872e+002,2.6944673e-001,2.6944673e-001,2.6944814e-001
8.5294705e+002,2.6970589e-001,2.6970589e-001,2.6970706e-001
8.5295538e+002,2.6986273e-001,2.6986273e-001,2.6986378e-001
8.5296370e+002,2.6992398e-001,2.6992398e-001,2.6992502e-001
8.5297203e+002,2.6989696e-001,2.6989696e-001,2.6989805e-001
8.5298035e+002,2.6978907e-001,2.6978907e-001,2.6979020e-001
8.5298868e+002,2.6960840e-001,2.6960840e-001,2.6960953e-001
8.5299700e+002,2.6936352e-001,2.6936352e-001,2.6936463e-001
8.5300532e+002,2.6906303e-001,2.6906303e-001,2.6906413e-001
8.5301365e+002,2.6871595e-001,2.6871595e-001,2.6871705e-001
8.5302198e+002,2.6833159e-001,2.6833159e-001,2.6833270e-001
8.5303030e+002,2.6791931e-001,2.6791931e-001,2.6792042e-001
8.5303863e+002,2.6748877e-001,2.6748877e-001,2.6748988e-001
8.5304695e+002,2.6704989e-001,2.6704989e-001,2.6705100e-001
8.5305528e+002,2.6661257e-001,2.6661257e-001,2.6661368e-001
8.5306360e+002,2.6618670e-001,2.6618670e-001,2.6618781e-001
8.5307192e+002,2.6578214e-001,2.6578214e-001,2.6578326e-001
8.5308025e+002,2.6540875e-001,2.6540875e-001,2.6540985e-001
8.5308857e+002,2.6507615e-001,2.6507615e-001,2.6507724e-001
8.5309690e+002,2.6479380e-001,2.6479380e-001,2.6479490e-001
8.5310523e+002,2.6457113e-001,2.6457113e-001,2.6457227e-001
8.5311355e+002,2.6441720e-001,2.6441720e-001,2.6441839e-001
8.5312188e+002,2.6434082e-001,2.6434082e-001,2.6434198e-001
8.5313020e+002,2.6435071e-001,2.6435071e-001,2.6435170e-001
8.5313852e+002,2.6445480e-001,2.6445480e-001,2.6445555e-001
8.5314685e+002,2.6466040e-001,2.6466040e-001,2.6466098e-001
8.5315517e+002,2.6497479e-001,2.6497479e-001,2.6497539e-001
8.5316350e+002,2.6540450e-001,2.6540450e-001,2.6540531e-001
8.5317183e+002,2.6595557e-001,2.6595557e-001,2.6595661e-001
8.5318015e+002,2.6663393e-001,2.6663393e-001,2.6663510e-001
8.5318848e+002,2.6744437e-001,2.6744437e-001,2.6744555e-001
8.5319680e+002,2.6839088e-001,2.6839088e-001,2.6839201e-001
8.5320512e+002,2.6947733e-001,2.6947733e-001,2.6947842e-001
8.5321345e+002,2.7070649e-001,2.7070649e-001,2.7070756e-001
8.5322177e+002,2.7208028e-001,2.7208028e-001,2.7208137e-001
8.5323010e+002,2.7360052e-001,2.7360052e-001,2.7360167e-001
8.5323843e+002,2.7526778e-001,2.7526778e-001,2.7526897e-001
8.5324675e+002,2.7708168e-001,2.7708168e-001,2.7708284e-001
8.5325508e+002,2.7904173e-001,2.7904173e-001,2.7904273e-001
8.5326340e+002,2.8114615e-001,2.8114615e-001,2.8114691e-001
8.5327172e+002,2.8339219e-001,2.8339219e-001,2.8339277e-001
8.5328005e+002,2.8577697e-001,2.8577697e-001,2.8577756e-001
8.5328837e+002,2.8829637e-001,2.8829637e-001,2.8829715e-001
8.5329670e+002,2.9094532e-001,2.9094532e-001,2.9094635e-001
8.5330503e+002,2.9371864e-001,2.9371864e-001,2.9371984e-001
8.5331335e+002,2.9660992e-001,2.9660992e-001,2.9661118e-001
8.5332168e+002,2.9961184e-001,2.9961184e-001,2.9961302e-001
8.5333000e+002,3.0271696e-001,3.0271696e-001,3.0271794e-001
8.5333833e+002,3.0591667e-001,3.0591667e-001,3.0591740e-001
8.5334665e+002,3.0920144e-001,3.0920144e-001,3.0920201e-001
8.5335497e+002,3.1256168e-001,3.1256168e-001,3.1256228e-001
8.5336330e+002,3.1598696e-001,3.1598696e-001,3.1598776e-001
8.5337162e+002,3.1946620e-001,3.1946620e-001,3.1946723e-001
8.5337995e+002,3.2298824e-001,3.2298824e-001,3.2298941e-001
8.5338828e+002,3.2654109e-001,3.2654109e-001,3.2654228e-001
8.5339660e+002,3.3011213e-001,3.3011213e-001,3.3011326e-001
8.5340493e+002,3.3368864e-001,3.3368864e-001,3.3368973e-001
8.5341325e+002,3.3725753e-001,3.3725753e-001,3.3725860e-001
8.5342157e+002,3.4080532e-001,3.4080532e-001,3.4080641e-001
8.5342990e+002,3.4431853e-001,3.4431853e-001,3.4431968e-001
8.5343822e+002,3.4778349e-001,3.4778349e-001,3.4778468e-001
8.5344655e+002,3.5118636e-001,3.5118636e-001,3.5118752e-001
8.5345488e+002,3.5451331e-001,3.5451331e-001,3.5451430e-001
8.5346320e+002,3.5775054e-001,3.5775054e-001,3.5775128e-001
8.5347153e+002,3.6088426e-001,3.6088426e-001,3.6088483e-001
8.5347985e+002,3.6390075e-001,3.6390075e-001,3.6390136e-001
8.5348817e+002,3.6678676e-001,3.6678676e-001,3.6678761e-001
8.5349650e+002,3.6952952e-001,3.6952952e-001,3.6953059e-001
8.5350482e+002,3.7211626e-001,3.7211626e-001,3.7211735e-001
8.5351315e+002,3.7453485e-001,3.7453485e-001,3.7453576e-001
8.5352148e+002,3.7677363e-001,3.7677363e-001,3.7677427e-001
8.5352980e+002,3.7882100e-001,3.7882100e-001,3.7882146e-001
8.5353813e+002,3.8066641e-001,3.8066641e-001,3.8066682e-001
8.5354645e+002,3.8230018e-001,3.8230018e-001,3.8230066e-001
8.5355477e+002,3.8371268e-001,3.8371268e-001,3.8371336e-001
8.5356310e+002,3.8489553e-001,3.8489553e-001,3.8489646e-001
8.5357142e+002,3.8584132e-001,3.8584132e-001,3.8584242e-001
8.5357975e+002,3.8654276e-001,3.8654276e-001,3.8654383e-001
8.5358808e+002,3.8699384e-001,3.8699384e-001,3.8699471e-001
8.5359640e+002,3.8718963e-001,3.8718963e-001,3.8719026e-001
8.5360473e+002,3.8712531e-001,3.8712531e-001,3.8712582e-001
8.5361305e+002,3.8679761e-001,3.8679761e-001,3.8679812e-001
8.5362138e+002,3.8620455e-001,3.8620455e-001,3.8620510e-001
8.5362970e+002,3.8534426e-001,3.8534426e-001,3.8534480e-001
8.5363802e+002,3.8421627e-001,3.8421627e-001,3.8421677e-001
8.5364635e+002,3.8282128e-001,3.8282128e-001,3.8282179e-001
8.5365468e+002,3.8116012e-001,3.8116012e-001,3.8116078e-001
8.5366300e+002,3.7923512e-001,3.7923512e-001,3.7923602e-001
8.5367133e+002,3.7704991e-001,3.7704991e-001,3.7705100e-001
8.5367965e+002,3.7460824e-001,3.7460824e-001,3.7460932e-001
8.5368798e+002,3.7191504e-001,3.7191504e-001,3.7191592e-001
8.5369630e+002,3.6897626e-001,3.6897626e-001,3.6897690e-001
8.5370462e+002,3.6579797e-001,3.6579797e-001,3.6579847e-001
8.5371295e+002,3.6238740e-001,3.6238740e-001,3.6238789e-001
8.5372127e+002,3.5875284e-001,3.5875284e-001,3.5875337e-001
8.5372960e+002,3.5490261e-001,3.5490261e-001,3.5490318e-001
8.5373793e+002,3.5084589e-001,3.5084589e-001,3.5084647e-001
8.5374625e+002,3.4659258e-001,3.4659258e-001,3.4659314e-001
8.5375458e+002,3.4215262e-001,3.4215262e-001,3.4215317e-001
8.5376290e+002,3.3753665e-001,3.3753665e-001,3.3753720e-001
8.5377122e+002,3.3275588e-001,3.3275588e-001,3.3275644e-001
8.5377955e+002,3.2782160e-001,3.2782160e-001,3.2782216e-001
8.5378787e+002,3.2274541e-001,3.2274541e-001,3.2274597e-001
8.5379620e+002,3.1753922e-001,3.1753922e-001,3.1753978e-001
8.5380453e+002,3.1221498e-001,3.1221498e-001,3.1221553e-001
8.5381285e+002,3.0678460e-001,3.0678460e-001,3.0678515e-001
8.5382118e+002,3.0126003e-001,3.0126003e-001,3.0126059e-001
8.5382950e+002,2.9565321e-001,2.9565321e-001,2.9565377e-001
8.5383782e+002,2.8997608e-001,2.8997608e-001,2.8997664e-001
8.5384615e+002,2.8424060e-001,2.8424060e-001,2.8424116e-001
8.5385447e+002,2.7845870e-001,2.7845870e-001,2.7845925e-001
8.5386280e+002,2.7264178e-001,2.7264178e-001,2.7264231e-001
8.5387113e+002,2.6680073e-001,2.6680073e-001,2.6680127e-001
8.5387945e+002,2.6094641e-001,2.6094641e-001,2.6094699e-001
8.5388778e+002,2.5508931e-001,2.5508931e-001,2.5508994e-001
8.5389610e+002,2.4923955e-001,2.4923955e-001,2.4924016e-001
8.5390443e+002,2.4340721e-001,2.4340721e-001,2.4340766e-001
8.5391275e+002,2.3760162e-001,2.3760162e-001,2.3760182e-001
8.5392107e+002,2.3183139e-001,2.3183139e-001,2.3183141e-001
8.5392940e+002,2.2610510e-001,2.2610510e-001,2.2610516e-001
8.5393773e+002,2.2043068e-001,2.2043068e-001,2.2043096e-001
8.5394605e+002,2.1481543e-001,2.1481543e-001,2.1481594e-001
8.5395438e+002,2.0926662e-001,2.0926662e-001,2.0926716e-001
8.5396270e+002,2.0379069e-001,2.0379069e-001,2.0379105e-001
8.5397103e+002,1.9839334e-001,1.9839334e-001,1.9839345e-001
8.5397935e+002,1.9308024e-001,1.9308024e-001,1.9308015e-001
8.5398767e+002,1.8785629e-001,1.8785629e-001,1.8785614e-001
8.5399600e+002,1.8272573e-001,1.8272573e-001,1.8272565e-001
8.5400432e+002,1.7769274e-001,1.7769274e-001,1.7769286e-001
8.5401265e+002,1.7276083e-001,1.7276083e-001,1.7276120e-001
8.5402098e+002,1.6793285e-001,1.6793285e-001,1.6793339e-001
8.5402930e+002,1.6321160e-001,1.6321160e-001,1.6321210e-001
8.5403763e+002,1.5859920e-001,1.5859920e-001,1.5859947e-001
8.5404595e+002,1.5409713e-001,1.5409713e-001,1.5409718e-001
8.5405427e+002,1.4970682e-001,1.4970682e-001,1.4970684e-001
8.5406260e+002,1.4542922e-001,1.4542922e-001,1.4542942e-001
8.5407092e+002,1.4126483e-001,1.4126483e-001,1.4126528e-001
8.5407925e+002,1.3721410e-001,1.3721410e-001,1.3721473e-001
8.5408758e+002,1.3327700e-001,1.3327700e-001,1.3327768e-001
8.5409590e+002,1.2945302e-001,1.2945302e-001,1.2945364e-001
8.5410423e+002,1.2574161e-001,1.2574161e-001,1.2574208e-001
8.5411255e+002,1.2214185e-001,1.2214185e-001,1.2214211e-001
8.5412087e+002,1.1865244e-001,1.1865244e-001,1.1865250e-001
8.5412920e+002,1.1527203e-001,1.1527203e-001,1.1527199e-001
8.5413752e+002,1.1199913e-001,1.1199913e-001,1.1199907e-001
8.5414585e+002,1.0883204e-001,1.0883204e-001,1.0883202e-001
8.5415418e+002,1.0576907e-001,1.0576907e-001,1.0576909e-001
8.5416250e+002,1.0280824e-001,1.0280824e-001,1.0280828e-001
8.5417083e+002,9.9947320e-002,9.9947320e-002,9.9947340e-002
8.5417915e+002,9.7184052e-002,9.7184052e-002,9.7184025e-002
8.5418747e+002,9.4516133e-002,9.4516133e-002,9.4516059e-002
8.5419580e+002,9.1941208e-002,9.1941208e-002,9.1941152e-002
8.5420412e+002,8.9456915e-002,8.9456915e-002,8.9457008e-002
8.5421245e+002,8.7060841e-002,8.7060841e-002,8.7061175e-002
8.5422078e+002,8.4750517e-002,8.4750517e-002,8.4751042e-002
8.5422910e+002,8.2523473e-002,8.2523473e-002,8.2523997e-002
8.5423743e+002,8.0377208e-002,8.0377208e-002,8.0377540e-002
8.5424575e+002,7.8309191e-002,7.8309191e-002,7.8309283e-002
8.5425408e+002,7.6316892e-002,7.6316892e-002,7.6316843e-002
8.5426240e+002,7.4397834e-002,7.4397834e-002,7.4397777e-002
8.5427072e+002,7.2549600e-002,7.2549600e-002,7.2549586e-002
8.5427905e+002,7.0769774e-002,7.0769774e-002,7.0769771e-002
8.5428738e+002,6.9055984e-002,6.9055984e-002,6.9055952e-002
8.5429570e+002,6.7405903e-002,6.7405903e-002,6.7405869e-002
8.5430403e+002,6.5817209e-002,6.5817209e-002,6.5817271e-002
8.5431235e+002,6.4287704e-002,6.4287704e-002,6.4287958e-002
8.5432068e+002,6.2815315e-002,6.2815315e-002,6.2815780e-002
8.5432900e+002,6.1397978e-002,6.1397978e-002,6.1398595e-002
8.5433732e+002,6.0033676e-002,6.0033676e-002,6.0034345e-002
8.5434565e+002,5.8720443e-002,5.8720443e-002,5.8721063e-002
8.5435397e+002,5.7456316e-002,5.7456316e-002,5.7456790e-002
8.5436230e+002,5.6239426e-002,5.6239426e-002,5.6239693e-002
8.5437063e+002,5.5068000e-002,5.5068000e-002,5.5068073e-002
8.5437895e+002,5.3940277e-002,5.3940277e-002,5.3940239e-002
8.5438728e+002,5.2854592e-002,5.2854592e-002,5.2854540e-002
8.5439560e+002,5.1809388e-002,5.1809388e-002,5.1809370e-002
8.5440392e+002,5.0803117e-002,5.0803117e-002,5.0803128e-002
8.5441225e+002,4.9834309e-002,4.9834309e-002,4.9834323e-002
8.5442057e+002,4.8901579e-002,4.8901579e-002,4.8901584e-002
8.5442890e+002,4.8003549e-002,4.8003549e-002,4.8003546e-002
8.5443723e+002,4.7138938e-002,4.7138938e-002,4.7138934e-002
8.5444555e+002,4.6306569e-002,4.6306569e-002,4.6306568e-002
8.5445388e+002,4.5505273e-002,4.5505273e-002,4.5505274e-002
8.5446220e+002,4.4733926e-002,4.4733926e-002,4.4733927e-002
8.5447052e+002,4.3991452e-002,4.3991452e-002,4.3991452e-002
8.5447885e+002,4.3276783e-002,4.3276783e-002,4.3276783e-002
8.5448717e+002,4.2588967e-002,4.2588967e-002,4.2588967e-002
8.5449550e+002,4.1927183e-002,4.1927183e-002,4.1927183e-002
8.5450383e+002,4.1290612e-002,4.1290612e-002,4.1290612e-002
8.5451215e+002,4.0678432e-002,4.0678432e-002,4.0678432e-002
8.5452048e+002,4.0089810e-002,4.0089810e-002,4.0089810e-002
8.5452880e+002,3.9523920e-002,3.9523920e-002,3.9523920e-002
8.5453713e+002,3.8980068e-002,3.8980068e-002,3.8980068e-002
8.5454545e+002,3.8457716e-002,3.8457716e-002,3.8457716e-002
8.5455377e+002,3.7956331e-002,3.7956331e-002,3.7956331e-002
8.5456210e+002,3.7475344e-002,3.7475344e-002,3.7475344e-002
8.5457043e+002,3.7014146e-002,3.7014146e-002,3.7014146e-002
8.5457875e+002,3.6572129e-002,3.6572129e-002,3.6572130e-002
8.5458708e+002,3.6148805e-002,3.6148805e-002,3.6148806e-002
8.5459540e+002,3.5743821e-002,3.5743821e-002,3.5743823e-002
8.5460373e+002,3.5356833e-002,3.5356833e-002,3.5356832e-002
8.5461205e+002,3.4987495e-002,3.4987495e-002,3.4987490e-002
8.5462037e+002,3.4635459e-002,3.4635459e-002,3.4635454e-002
8.5462870e+002,3.4300379e-002,3.4300379e-002,3.4300386e-002
8.5463702e+002,3.3981961e-002,3.3981961e-002,3.3981980e-002
8.5464535e+002,3.3679964e-002,3.3679964e-002,3.3679981e-002
8.5465368e+002,3.3394156e-002,3.3394156e-002,3.3394134e-002
8.5466200e+002,3.3124322e-002,3.3124322e-002,3.3124248e-002
8.5467033e+002,3.2870270e-002,3.2870270e-002,3.2870207e-002
8.5467865e+002,3.2631814e-002,3.2631814e-002,3.2631899e-002
8.5468697e+002,3.2408855e-002,3.2408855e-002,3.2409191e-002
8.5469530e+002,3.2201395e-002,3.2201395e-002,3.2201928e-002
8.5470362e+002,3.2009443e-002,3.2009443e-002,3.2009955e-002
8.5471195e+002,3.1832962e-002,3.1832962e-002,3.1833244e-002
8.5472028e+002,3.1671861e-002,3.1671861e-002,3.1671910e-002
8.5472860e+002,3.1526049e-002,3.1526049e-002,3.1526077e-002
8.5473693e+002,3.1395528e-002,3.1395528e-002,3.1395768e-002
8.5474525e+002,3.1280410e-002,3.1280410e-002,3.1280895e-002
8.5475357e+002,3.1180816e-002,3.1180816e-002,3.1181366e-002
8.5476190e+002,3.1096859e-002,3.1096859e-002,3.1097243e-002
8.5477022e+002,3.1028649e-002,3.1028649e-002,3.1028778e-002
8.5477855e+002,3.0976298e-002,3.0976298e-002,3.0976230e-002
8.5478688e+002,3.0939947e-002,3.0939947e-002,3.0939815e-002
8.5479520e+002,3.0919773e-002,3.0919773e-002,3.0919696e-002
8.5480353e+002,3.0915957e-002,3.0915957e-002,3.0916032e-002
8.5481185e+002,3.0928723e-002,3.0928723e-002,3.0929005e-002
8.5482017e+002,3.0958347e-002,3.0958347e-002,3.0958823e-002
8.5482850e+002,3.1005107e-002,3.1005107e-002,3.1005696e-002
8.5483682e+002,3.1069293e-002,3.1069293e-002,3.1069900e-002
8.5484515e+002,3.1151212e-002,3.1151212e-002,3.1151787e-002
8.5485348e+002,3.1251167e-002,3.1251167e-002,3.1251714e-002
8.5486180e+002,3.1369483e-002,3.1369483e-002,3.1370028e-002
8.5487013e+002,3.1506504e-002,3.1506504e-002,3.1507057e-002
8.5487845e+002,3.1662578e-002,3.1662578e-002,3.1663132e-002
8.5488678e+002,3.1838074e-002,3.1838074e-002,3.1838620e-002
8.5489510e+002,3.2033394e-002,3.2033394e-002,3.2033939e-002
8.5490342e+002,3.2248939e-002,3.2248939e-002,3.2249508e-002
8.5491175e+002,3.2485103e-002,3.2485103e-002,3.2485708e-002
8.5492008e+002,3.2742271e-002,3.2742271e-002,3.2742871e-002
8.5492840e+002,3.3020826e-002,3.3020826e-002,3.3021328e-002
8.5493673e+002,3.3321160e-002,3.3321160e-002,3.3321473e-002
8.5494505e+002,3.3643675e-002,3.3643675e-002,3.3643778e-002
8.5495338e+002,3.3988772e-002,3.3988772e-002,3.3988720e-002
8.5496170e+002,3.4356830e-002,3.4356830e-002,3.4356718e-002
8.5497002e+002,3.4748195e-002,3.4748195e-002,3.4748124e-002
8.5497835e+002,3.5163213e-002,3.5163213e-002,3.5163280e-002
8.5498667e+002,3.5602214e-002,3.5602214e-002,3.5602485e-002
8.5499500e+002,3.6065507e-002,3.6065507e-002,3.6065977e-002
8.5500333e+002,3.6553400e-002,3.6553400e-002,3.6553990e-002
8.5501165e+002,3.7066185e-002,3.7066185e-002,3.7066794e-002
8.5501998e+002,3.7604129e-002,3.7604129e-002,3.7604706e-002
8.5502830e+002,3.8167495e-002,3.8167495e-002,3.8168041e-002
8.5503662e+002,3.8756429e-002,3.8756429e-002,3.8756970e-002
8.5504495e+002,3.9370921e-002,3.9370921e-002,3.9371471e-002
8.5505327e+002,4.0010952e-002,4.0010952e-002,4.0011510e-002
8.5506160e+002,4.0676482e-002,4.0676482e-002,4.0677042e-002
8.5506993e+002,4.1367450e-002,4.1367450e-002,4.1368007e-002
8.5507825e+002,4.2083787e-002,4.2083787e-002,4.2084342e-002
8.5508658e+002,4.2825316e-002,4.2825316e-002,4.2825870e-002
8.5509490e+002,4.3591708e-002,4.3591708e-002,4.3592263e-002
8.5510322e+002,4.4382624e-002,4.4382624e-002,4.4383180e-002
8.5511155e+002,4.5197637e-002,4.5197637e-002,4.5198193e-002
8.5511987e+002,4.6036199e-002,4.6036199e-002,4.6036755e-002
8.5512820e+002,4.6897753e-002,4.6897753e-002,4.6898308e-002
8.5513653e+002,4.7781604e-002,4.7781604e-002,4.7782160e-002
8.5514485e+002,4.8686879e-002,4.8686879e-002,4.8687434e-002
8.5515318e+002,4.9612686e-002,4.9612686e-002,4.9613241e-002
8.5516150e+002,5.0558014e-002,5.0558014e-002,5.0558570e-002
8.5516983e+002,5.1521691e-002,5.1521691e-002,5.1522247e-002
8.5517815e+002,5.2502528e-002,5.2502528e-002,5.2503082e-002
8.5518647e+002,5.3499207e-002,5.3499207e-002,5.3499759e-002
8.5519480e+002,5.4510230e-002,5.4510230e-002,5.4510783e-002
8.5520313e+002,5.5534086e-002,5.5534086e-002,5.5534645e-002
8.5521145e+002,5.6569163e-002,5.6569163e-002,5.6569732e-002
8.5521978e+002,5.7613712e-002,5.7613712e-002,5.7614279e-002
8.5522810e+002,5.8665968e-002,5.8665968e-002,5.8666511e-002
8.5523643e+002,5.9724012e-002,5.9724012e-002,5.9724519e-002
8.5524475e+002,6.0785698e-002,6.0785698e-002,6.0786208e-002
8.5525307e+002,6.1848865e-002,6.1848865e-002,6.1849467e-002
8.5526140e+002,6.2911306e-002,6.2911306e-002,6.2912092e-002
8.5526972e+002,6.3970749e-002,6.3970749e-002,6.3971746e-002
8.5527805e+002,6.5024917e-002,6.5024917e-002,6.5026079e-002
8.5528638e+002,6.6071434e-002,6.6071434e-002,6.6072670e-002
8.5529470e+002,6.7107793e-002,6.7107793e-002,6.7108992e-002
8.5530303e+002,6.8131471e-002,6.8131471e-002,6.8132509e-002
8.5531135e+002,6.9139892e-002,6.9139892e-002,6.9140688e-002
8.5531967e+002,7.0130403e-002,7.0130403e-002,7.0131001e-002
8.5532800e+002,7.1100343e-002,7.1100343e-002,7.1100917e-002
8.5533632e+002,7.2047077e-002,7.2047077e-002,7.2047826e-002
8.5534465e+002,7.2968012e-002,7.2968012e-002,7.2969000e-002
8.5535298e+002,7.3860554e-002,7.3860554e-002,7.3861708e-002
8.5536130e+002,7.4722158e-002,7.4722158e-002,7.4723342e-002
8.5536963e+002,7.5550338e-002,7.5550338e-002,7.5551481e-002
8.5537795e+002,7.6342618e-002,7.6342618e-002,7.6343718e-002
8.5538627e+002,7.7096555e-002,7.7096555e-002,7.7097646e-002
8.5539460e+002,7.7809757e-002,7.7809757e-002,7.7810859e-002
8.5540292e+002,7.8479840e-002,7.8479840e-002,7.8480954e-002
8.5541125e+002,7.9104615e-002,7.9104615e-002,7.9105732e-002
8.5541958e+002,7.9682177e-002,7.9682177e-002,7.9683292e-002
8.5542790e+002,8.0210648e-002,8.0210648e-002,8.0211757e-002
8.5543623e+002,8.0688232e-002,8.0688232e-002,8.0689337e-002
8.5544455e+002,8.1113260e-002,8.1113260e-002,8.1114365e-002
8.5545287e+002,8.1484074e-002,8.1484074e-002,8.1485190e-002
8.5546120e+002,8.1799240e-002,8.1799240e-002,8.1800369e-002
8.5546952e+002,8.2057649e-002,8.2057649e-002,8.2058777e-002
8.5547785e+002,8.2258223e-002,8.2258223e-002,8.2259319e-002
8.5548618e+002,8.2400090e-002,8.2400090e-002,8.2401135e-002
8.5549450e+002,8.2482682e-002,8.2482682e-002,8.2483729e-002
8.5550283e+002,8.2505461e-002,8.2505461e-002,8.2506632e-002
8.5551115e+002,8.2468110e-002,8.2468110e-002,8.2469515e-002
8.5551948e+002,8.2370647e-002,8.2370647e-002,8.2372261e-002
8.5552780e+002,8.2213119e-002,8.2213119e-002,8.2214772e-002
8.5553612e+002,8.1995739e-002,8.1995739e-002,8.1997222e-002
8.5554445e+002,8.1718964e-002,8.1718964e-002,8.1720205e-002
8.5555278e+002,8.1383282e-002,8.1383282e-002,8.1384353e-002
8.5556110e+002,8.0989455e-002,8.0989455e-002,8.0990492e-002
8.5556943e+002,8.0538677e-002,8.0538677e-002,8.0539755e-002
8.5557775e+002,8.0032180e-002,8.0032180e-002,8.0033302e-002
8.5558608e+002,7.9471292e-002,7.9471292e-002,7.9472422e-002
8.5559440e+002,7.8857489e-002,7.8857489e-002,7.8858608e-002
8.5560272e+002,7.8192263e-002,7.8192263e-002,7.8193372e-002
8.5561105e+002,7.7477310e-002,7.7477310e-002,7.7478420e-002
8.5561937e+002,7.6714645e-002,7.6714645e-002,7.6715759e-002
8.5562770e+002,7.5906316e-002,7.5906316e-002,7.5907424e-002
8.5563603e+002,7.5054450e-002,7.5054450e-002,7.5055545e-002
8.5564435e+002,7.4161309e-002,7.4161309e-002,7.4162404e-002
8.5565268e+002,7.3229169e-002,7.3229169e-002,7.3230294e-002
8.5566100e+002,7.2260395e-002,7.2260395e-002,7.2261570e-002
8.5566932e+002,7.1257498e-002,7.1257498e-002,7.1258673e-002
8.5567765e+002,7.0223001e-002,7.0223001e-002,7.0224058e-002
8.5568597e+002,6.9159429e-002,6.9159429e-002,6.9160255e-002
8.5569430e+002,6.8069307e-002,6.8069307e-002,6.8069921e-002
8.5570263e+002,6.6955160e-002,6.6955160e-002,6.6955725e-002
8.5571095e+002,6.5819556e-002,6.5819556e-002,6.5820276e-002
8.5571928e+002,6.4665126e-002,6.4665126e-002,6.4666088e-002
8.5572760e+002,6.3494505e-002,6.3494505e-002,6.3495666e-002
8.5573592e+002,6.2310258e-002,6.2310258e-002,6.2311496e-002
8.5574425e+002,6.1114830e-002,6.1114830e-002,6.1116029e-002
8.5575257e+002,5.9910654e-002,5.9910654e-002,5.9911712e-002
8.5576090e+002,5.8700107e-002,5.8700107e-002,5.8700958e-002
8.5576923e+002,5.7485471e-002,5.7485471e-002,5.7486121e-002
8.5577755e+002,5.6269018e-002,5.6269018e-002,5.6269550e-002
8.5578588e+002,5.5052929e-002,5.5052929e-002,5.5053448e-002
8.5579420e+002,5.3839228e-002,5.3839228e-002,5.3839776e-002
8.5580253e+002,5.2629924e-002,5.2629924e-002,5.2630473e-002
8.5581085e+002,5.1426934e-002,5.1426934e-002,5.1427440e-002
8.5581917e+002,5.0232022e-002,5.0232022e-002,5.0232518e-002
8.5582750e+002,4.9046933e-002,4.9046933e-002,4.9047539e-002
8.5583583e+002,4.7873316e-002,4.7873316e-002,4.7874152e-002
8.5584415e+002,4.6712644e-002,4.6712644e-002,4.6713695e-002
8.5585248e+002,4.5566376e-002,4.5566376e-002,4.5567476e-002
8.5586080e+002,4.4435819e-002,4.4435819e-002,4.4436757e-002
8.5586913e+002,4.3322032e-002,4.3322032e-002,4.3322727e-002
8.5587745e+002,4.2226045e-002,4.2226045e-002,4.2226563e-002
8.5588577e+002,4.1148813e-002,4.1148813e-002,4.1149294e-002
8.5589410e+002,4.0091164e-002,4.0091164e-002,4.0091684e-002
8.5590242e+002,3.9053908e-002,3.9053908e-002,3.9054473e-002
8.5591075e+002,3.8037756e-002,3.8037756e-002,3.8038331e-002
8.5591908e+002,3.7043242e-002,3.7043242e-002,3.7043806e-002
8.5592740e+002,3.6070881e-002,3.6070881e-002,3.6071435e-002
8.5593573e+002,3.5121079e-002,3.5121079e-002,3.5121634e-002
8.5594405e+002,3.4194055e-002,3.4194055e-002,3.4194613e-002
8.5595237e+002,3.3290006e-002,3.3290006e-002,3.3290559e-002
8.5596070e+002,3.2409078e-002,3.2409078e-002,3.2409618e-002
8.5596902e+002,3.1551324e-002,3.1551324e-002,3.1551862e-002
8.5597735e+002,3.0716788e-002,3.0716788e-002,3.0717356e-002
8.5598568e+002,2.9905455e-002,2.9905455e-002,2.9906074e-002
8.5599400e+002,2.9117207e-002,2.9117207e-002,2.9117829e-002
8.5600233e+002,2.8351912e-002,2.8351912e-002,2.8352420e-002
8.5601065e+002,2.7609355e-002,2.7609355e-002,2.7609631e-002
8.5601897e+002,2.6889163e-002,2.6889163e-002,2.6889225e-002
8.5602730e+002,2.6190949e-002,2.6190949e-002,2.6190959e-002
8.5603562e+002,2.5514359e-002,2.5514359e-002,2.5514528e-002
8.5604395e+002,2.4859097e-002,2.4859097e-002,2.4859509e-002
8.5605228e+002,2.4224874e-002,2.4224874e-002,2.4225464e-002
8.5606060e+002,2.3611313e-002,2.3611313e-002,2.3611944e-002
8.5606893e+002,2.3017882e-002,2.3017882e-002,2.3018475e-002
8.5607725e+002,2.2444035e-002,2.2444035e-002,2.2444581e-002
8.5608558e+002,2.1889246e-002,2.1889246e-002,2.1889781e-002
8.5609390e+002,2.1353042e-002,2.1353042e-002,2.1353587e-002
8.5610222e+002,2.0834951e-002,2.0834951e-002,2.0835509e-002
8.5611055e+002,2.0334484e-002,2.0334484e-002,2.0335049e-002
8.5611888e+002,1.9851124e-002,1.9851124e-002,1.9851686e-002
8.5612720e+002,1.9384347e-002,1.9384347e-002,1.9384899e-002
8.5613553e+002,1.8933632e-002,1.8933632e-002,1.8934174e-002
8.5614385e+002,1.8498464e-002,1.8498464e-002,1.8499006e-002
8.5615218e+002,1.8078328e-002,1.8078328e-002,1.8078893e-002
8.5616050e+002,1.7672717e-002,1.7672717e-002,1.7673317e-002
8.5616882e+002,1.7281133e-002,1.7281133e-002,1.7281738e-002
8.5617715e+002,1.6903083e-002,1.6903083e-002,1.6903608e-002
8.5618548e+002,1.6538083e-002,1.6538083e-002,1.6538432e-002
8.5619380e+002,1.6185670e-002,1.6185670e-002,1.6185808e-002
8.5620213e+002,1.5845382e-002,1.5845382e-002,1.5845344e-002
8.5621045e+002,1.5516749e-002,1.5516749e-002,1.5516623e-002
8.5621878e+002,1.5199280e-002,1.5199280e-002,1.5199177e-002
8.5622710e+002,1.4892482e-002,1.4892482e-002,1.4892535e-002
8.5623542e+002,1.4595932e-002,1.4595932e-002,1.4596237e-002
8.5624375e+002,1.4309340e-002,1.4309340e-002,1.4309856e-002
8.5625207e+002,1.4032430e-002,1.4032430e-002,1.4032965e-002
8.5626040e+002,1.3764857e-002,1.3764857e-002,1.3765184e-002
8.5626873e+002,1.3506136e-002,1.3506136e-002,1.3506217e-002
8.5627705e+002,1.3255766e-002,1.3255766e-002,1.3255776e-002
8.5628538e+002,1.3013348e-002,1.3013348e-002,1.3013541e-002
8.5629370e+002,1.2778673e-002,1.2778673e-002,1.2779119e-002
8.5630202e+002,1.2551555e-002,1.2551555e-002,1.2552114e-002
8.5631035e+002,1.2331754e-002,1.2331754e-002,1.2332184e-002
8.5631867e+002,1.2118926e-002,1.2118926e-002,1.2119107e-002
8.5632700e+002,1.1912715e-002,1.1912715e-002,1.1912671e-002
8.5633533e+002,1.1712801e-002,1.1712801e-002,1.1712658e-002
8.5634365e+002,1.1518943e-002,1.1518943e-002,1.1518833e-002
8.5635198e+002,1.1330909e-002,1.1330909e-002,1.1330958e-002
8.5636030e+002,1.1148480e-002,1.1148480e-002,1.1148771e-002
8.5636862e+002,1.0971462e-002,1.0971462e-002,1.0971960e-002
8.5637695e+002,1.0799665e-002,1.0799665e-002,1.0800211e-002
8.5638527e+002,1.0632883e-002,1.0632883e-002,1.0633273e-002
8.5639360e+002,1.0470884e-002,1.0470884e-002,1.0471035e-002
8.5640193e+002,1.0313431e-002,1.0313431e-002,1.0313402e-002
8.5641025e+002,1.0160331e-002,1.0160331e-002,1.0160257e-002
8.5641858e+002,1.0011480e-002,1.0011480e-002,1.0011442e-002
8.5642690e+002,9.8667843e-003,9.8667843e-003,9.8667921e-003
8.5643523e+002,9.7261022e-003,9.7261022e-003,9.7261220e-003
8.5644355e+002,9.5891949e-003,9.5891949e-003,9.5892051e-003
8.5645187e+002,9.4558118e-003,9.4558118e-003,9.4558097e-003
8.5646020e+002,9.3257744e-003,9.3257744e-003,9.3257691e-003
8.5646853e+002,9.1990539e-003,9.1990539e-003,9.1990512e-003
8.5647685e+002,9.0756400e-003,9.0756400e-003,9.0756405e-003
8.5648518e+002,8.9554653e-003,8.9554653e-003,8.9554667e-003
8.5649350e+002,8.8383441e-003,8.8383441e-003,8.8383448e-003
8.5650183e+002,8.7240756e-003,8.7240756e-003,8.7240754e-003
8.5651015e+002,8.6125043e-003,8.6125043e-003,8.6125040e-003
8.5651847e+002,8.5035703e-003,8.5035703e-003,8.5035702e-003
8.5652680e+002,8.3972259e-003,8.3972259e-003,8.3972259e-003
8.5653512e+002,8.2934078e-003,8.2934078e-003,8.2934076e-003
8.5654345e+002,8.1920196e-003,8.1920196e-003,8.1920193e-003
8.5655178e+002,8.0929610e-003,8.0929610e-003,8.0929611e-003
8.5656010e+002,7.9961483e-003,7.9961483e-003,7.9961495e-003
8.5656843e+002,7.9015344e-003,7.9015344e-003,7.9015358e-003
8.5657675e+002,7.8090768e-003,7.8090768e-003,7.8090761e-003
8.5658507e+002,7.7187165e-003,7.7187165e-003,7.7187121e-003
8.5659340e+002,7.6303594e-003,7.6303594e-003,7.6303544e-003
8.5660172e+002,7.5439068e-003,7.5439068e-003,7.5439092e-003
8.5661005e+002,7.4592726e-003,7.4592726e-003,7.4592888e-003
8.5661838e+002,7.3763985e-003,7.3763985e-003,7.3764173e-003
8.5662670e+002,7.2952296e-003,7.2952296e-003,7.2952206e-003
8.5663503e+002,7.2157120e-003,7.2157120e-003,7.2156518e-003
8.5664335e+002,7.1377943e-003,7.1377943e-003,7.1377241e-003
8.5665167e+002,7.0614251e-003,7.0614251e-003,7.0614583e-003
8.5666000e+002,6.9865716e-003,6.9865716e-003,6.9868315e-003
8.5666832e+002,6.9132425e-003,6.9132425e-003,6.9137237e-003
8.5667665e+002,6.8414513e-003,6.8414513e-003,6.8420018e-003
8.5668498e+002,6.7711722e-003,6.7711722e-003,6.7715757e-003
8.5669330e+002,6.7022895e-003,6.7022895e-003,6.7024519e-003
8.5670163e+002,6.6346754e-003,6.6346754e-003,6.6346496e-003
8.5670995e+002,6.5682396e-003,6.5682396e-003,6.5681638e-003
8.5671828e+002,6.5029752e-003,6.5029752e-003,6.5029344e-003
8.5672660e+002,6.4388872e-003,6.4388872e-003,6.4388940e-003
8.5673492e+002,6.3759749e-003,6.3759749e-003,6.3759952e-003
8.5674325e+002,6.3142254e-003,6.3142254e-003,6.3142364e-003
8.5675158e+002,6.2536239e-003,6.2536239e-003,6.2536221e-003
8.5675990e+002,6.1941408e-003,6.1941408e-003,6.1941353e-003
8.5676823e+002,6.1357114e-003,6.1357114e-003,6.1357085e-003
8.5677655e+002,6.0782667e-003,6.0782667e-003,6.0782671e-003
8.5678488e+002,6.0217688e-003,6.0217688e-003,6.0217702e-003
8.5679320e+002,5.9662533e-003,5.9662533e-003,5.9662541e-003
8.5680152e+002,5.9117660e-003,5.9117660e-003,5.9117659e-003
8.5680985e+002,5.8583091e-003,5.8583091e-003,5.8583087e-003
8.5681818e+002,5.8057829e-003,5.8057829e-003,5.8057826e-003
8.5682650e+002,5.7540732e-003,5.7540732e-003,5.7540732e-003
8.5683483e+002,5.7031082e-003,5.7031082e-003,5.7031083e-003
8.5684315e+002,5.6529152e-003,5.6529152e-003,5.6529153e-003
8.5685148e+002,5.6035360e-003,5.6035360e-003,5.6035360e-003
8.5685980e+002,5.5549869e-003,5.5549869e-003,5.5549869e-003
8.5686812e+002,5.5072238e-003,5.5072238e-003,5.5072238e-003
8.5687645e+002,5.4601940e-003,5.4601940e-003,5.4601940e-003
8.5688477e+002,5.4138711e-003,5.4138711e-003,5.4138711e-003
8.5689310e+002,5.3682923e-003,5.3682923e-003,5.3682923e-003
8.5690143e+002,5.3235041e-003,5.3235041e-003,5.3235041e-003
8.5690975e+002,5.2795052e-003,5.2795052e-003,5.2795052e-003
8.5691808e+002,5.2361795e-003,5.2361795e-003,5.2361795e-003
8.5692640e+002,5.1933941e-003,5.1933941e-003,5.1933941e-003
8.5693472e+002,5.1510815e-003,5.1510815e-003,5.1510816e-003
8.5694305e+002,5.1093349e-003,5.1093349e-003,5.1093349e-003
8.5695137e+002,5.0682710e-003,5.0682710e-003,5.0682710e-003
8.5695970e+002,5.0279530e-003,5.0279530e-003,5.0279530e-003
8.5696803e+002,4.9883124e-003,4.9883124e-003,4.9883124e-003
8.5697635e+002,4.9492606e-003,4.9492606e-003,4.9492606e-003
8.5698468e+002,4.9107297e-003,4.9107297e-003,4.9107297e-003
8.5699300e+002,4.8727030e-003,4.8727030e-003,4.8727030e-003
8.5700132e+002,4.8351718e-003,4.8351718e-003,4.8351718e-003
8.5700965e+002,4.7981297e-003,4.7981297e-003,4.7981297e-003
8.5701797e+002,4.7615766e-003,4.7615766e-003,4.7615766e-003
8.5702630e+002,4.7255132e-003,4.7255132e-003,4.7255132e-003
8.5703463e+002,4.6899417e-003,4.6899417e-003,4.6899417e-003
8.5704295e+002,4.6548671e-003,4.6548671e-003,4.6548671e-003
8.5705128e+002,4.6202948e-003,4.6202948e-003,4.6202948e-003
8.5705960e+002,4.5862231e-003,4.5862231e-003,4.5862231e-003
8.5706793e+002,4.5526322e-003,4.5526322e-003,4.5526322e-003
8.5707625e+002,4.5194991e-003,4.5194991e-003,4.5194991e-003
8.5708457e+002,4.4867973e-003,4.4867973e-003,4.4867973e-003
8.5709290e+002,4.4544912e-003,4.4544912e-003,4.4544912e-003
8.5710123e+002,4.4225435e-003,4.4225435e-003,4.4225435e-003
8.5710955e+002,4.3909385e-003,4.3909385e-003,4.3909385e-003
8.5711788e+002,4.3597160e-003,4.3597160e-003,4.3597160e-003
8.5712620e+002,4.3289245e-003,4.3289245e-003,4.3289246e-003
8.5713453e+002,4.2985923e-003,4.2985923e-003,4.2985924e-003
8.5714285e+002,4.2686935e-003,4.2686935e-003,4.2686936e-003
8.5715117e+002,4.2391938e-003,4.2391938e-003,4.2391938e-003
8.5715950e+002,4.2100588e-003,4.2100588e-003,4.2100585e-003
8.5716782e+002,4.1812543e-003,4.1812543e-003,4.1812539e-003
8.5717615e+002,4.1527462e-003,4.1527462e-003,4.1527463e-003
8.5718448e+002,4.1245203e-003,4.1245203e-003,4.1245214e-003
8.5719280e+002,4.0966160e-003,4.0966160e-003,4.0966174e-003
8.5720113e+002,4.0690813e-003,4.0690813e-003,4.0690809e-003
8.5720945e+002,4.0419442e-003,4.0419442e-003,4.0419401e-003
8.5721777e+002,4.0151786e-003,4.0151786e-003,4.0151734e-003
8.5722610e+002,3.9887492e-003,3.9887492e-003,3.9887507e-003
8.5723442e+002,3.9626220e-003,3.9626220e-003,3.9626373e-003
8.5724275e+002,3.9367660e-003,3.9367660e-003,3.9367854e-003
8.5725108e+002,3.9111503e-003,3.9111503e-003,3.9111448e-003
8.5725940e+002,3.8857599e-003,3.8857599e-003,3.8857030e-003
8.5726773e+002,3.8606225e-003,3.8606225e-003,3.8605500e-003
8.5727605e+002,3.8357728e-003,3.8357728e-003,3.8357929e-003
8.5728437e+002,3.8112409e-003,3.8112409e-003,3.8114821e-003
8.5729270e+002,3.7870435e-003,3.7870435e-003,3.7875116e-003
8.5730102e+002,3.7631952e-003,3.7631952e-003,3.7637487e-003
8.5730935e+002,3.7396852e-003,3.7396852e-003,3.7401049e-003
8.5731768e+002,3.7164326e-003,3.7164326e-003,3.7166132e-003
8.5732600e+002,3.6933444e-003,3.6933444e-003,3.6933278e-003
8.5733433e+002,3.6703753e-003,3.6703753e-003,3.6702993e-003
8.5734265e+002,3.6476134e-003,3.6476134e-003,3.6475686e-003
8.5735098e+002,3.6251704e-003,3.6251704e-003,3.6251747e-003
8.5735930e+002,3.6031070e-003,3.6031070e-003,3.6031274e-003
8.5736762e+002,3.5813417e-003,3.5813417e-003,3.5813537e-003
8.5737595e+002,3.5597676e-003,3.5597676e-003,3.5597665e-003
8.5738428e+002,3.5383185e-003,3.5383185e-003,3.5383131e-003
8.5739260e+002,3.5170434e-003,3.5170434e-003,3.5170401e-003
8.5740093e+002,3.4960116e-003,3.4960116e-003,3.4960119e-003
8.5740925e+002,3.4752658e-003,3.4752658e-003,3.4752673e-003
8.5741758e+002,3.4547721e-003,3.4547721e-003,3.4547730e-003
8.5742590e+002,3.4344826e-003,3.4344826e-003,3.4344825e-003
8.5743422e+002,3.4143600e-003,3.4143600e-003,3.4143596e-003
8.5744255e+002,3.3943974e-003,3.3943974e-003,3.3943972e-003
8.5745088e+002,3.3745935e-003,3.3745935e-003,3.3745936e-003
8.5745920e+002,3.3549592e-003,3.3549592e-003,3.3549593e-003
8.5746753e+002,3.3355412e-003,3.3355412e-003,3.3355413e-003
8.5747585e+002,3.3163931e-003,3.3163931e-003,3.3163931e-003
8.5748418e+002,3.2975365e-003,3.2975365e-003,3.2975365e-003
8.5749250e+002,3.2788993e-003,3.2788993e-003,3.2788993e-003
8.5750082e+002,3.2603924e-003,3.2603924e-003,3.2603924e-003
8.5750915e+002,3.2419588e-003,3.2419588e-003,3.2419588e-003
8.5751747e+002,3.2236382e-003,3.2236382e-003,3.2236382e-003
8.5752580e+002,3.2054879e-003,3.2054879e-003,3.2054879e-003
8.5753413e+002,3.1875491e-003,3.1875491e-003,3.1875491e-003
8.5754245e+002,3.1698134e-003,3.1698134e-003,3.1698134e-003
8.5755078e+002,3.1522633e-003,3.1522633e-003,3.1522633e-003
8.5755910e+002,3.1348878e-003,3.1348878e-003,3.1348878e-003
8.5756742e+002,3.1176959e-003,3.1176959e-003,3.1176959e-003
8.5757575e+002,3.1007003e-003,3.1007003e-003,3.1007003e-003
8.5758407e+002,3.0839038e-003,3.0839038e-003,3.0839038e-003
8.5759240e+002,3.0672788e-003,3.0672788e-003,3.0672788e-003
8.5760073e+002,3.0507919e-003,3.0507919e-003,3.0507919e-003
8.5760905e+002,3.0344164e-003,3.0344164e-003,3.0344164e-003
8.5761738e+002,3.0181461e-003,3.0181461e-003,3.0181461e-003
8.5762570e+002,3.0019787e-003,3.0019787e-003,3.0019787e-003
8.5763402e+002,2.9859214e-003,2.9859214e-003,2.9859214e-003
8.5764235e+002,2.9700110e-003,2.9700110e-003,2.9700110e-003
8.5765067e+002,2.9542897e-003,2.9542897e-003,2.9542897e-003
8.5765900e+002,2.9387819e-003,2.9387819e-003,2.9387819e-003
8.5766733e+002,2.9234544e-003,2.9234544e-003,2.9234544e-003
8.5767565e+002,2.9082630e-003,2.9082630e-003,2.9082630e-003
8.5768398e+002,2.8931751e-003,2.8931751e-003,2.8931751e-003
8.5769230e+002,2.8781949e-003,2.8781949e-003,2.8781949e-003
8.5770063e+002,2.8633340e-003,2.8633340e-003,2.8633340e-003
8.5770895e+002,2.8486011e-003,2.8486011e-003,2.8486011e-003
8.5771727e+002,2.8339961e-003,2.8339961e-003,2.8339961e-003
8.5772560e+002,2.8195170e-003,2.8195170e-003,2.8195170e-003
8.5773393e+002,2.8051613e-003,2.8051613e-003,2.8051613e-003
8.5774225e+002,2.7909258e-003,2.7909258e-003,2.7909258e-003
8.5775058e+002,2.7768071e-003,2.7768071e-003,2.7768071e-003
8.5775890e+002,2.7628055e-003,2.7628055e-003,2.7628055e-003
8.5776723e+002,2.7489344e-003,2.7489344e-003,2.7489344e-003
8.5777555e+002,2.7352100e-003,2.7352100e-003,2.7352100e-003
8.5778387e+002,2.7216327e-003,2.7216327e-003,2.7216327e-003
8.5779220e+002,2.7081523e-003,2.7081523e-003,2.7081523e-003
8.5780052e+002,2.6947084e-003,2.6947084e-003,2.6947084e-003
8.5780885e+002,2.6812731e-003,2.6812731e-003,2.6812731e-003
8.5781718e+002,2.6679272e-003,2.6679272e-003,2.6679272e-003
8.5782550e+002,2.6547736e-003,2.6547736e-003,2.6547736e-003
8.5783383e+002,2.6418741e-003,2.6418741e-003,2.6418741e-003
8.5784215e+002,2.6291518e-003,2.6291518e-003,2.6291518e-003
8.5785047e+002,2.6165012e-003,2.6165012e-003,2.6165012e-003
8.5785880e+002,2.6038518e-003,2.6038518e-003,2.6038518e-003
8.5786712e+002,2.5912520e-003,2.5912520e-003,2.5912520e-003
8.5787545e+002,2.5787751e-003,2.5787751e-003,2.5787751e-003
8.5788378e+002,2.5664675e-003,2.5664675e-003,2.5664675e-003
8.5789210e+002,2.5542840e-003,2.5542840e-003,2.5542840e-003
8.5790043e+002,2.5421600e-003,2.5421600e-003,2.5421600e-003
8.5790875e+002,2.5300552e-003,2.5300552e-003,2.5300552e-003
8.5791707e+002,2.5180140e-003,2.5180140e-003,2.5180140e-003
8.5792540e+002,2.5060987e-003,2.5060987e-003,2.5060987e-003
8.5793372e+002,2.4943479e-003,2.4943479e-003,2.4943479e-003
8.5794205e+002,2.4827177e-003,2.4827177e-003,2.4827177e-003
8.5795038e+002,2.4711465e-003,2.4711465e-003,2.4711465e-003
8.5795870e+002,2.4595960e-003,2.4595960e-003,2.4595960e-003
8.5796703e+002,2.4481095e-003,2.4481095e-003,2.4481095e-003
8.5797535e+002,2.4367486e-003,2.4367486e-003,2.4367486e-003
8.5798368e+002,2.4255515e-003,2.4255515e-003,2.4255515e-003
8.5799200e+002,2.4144754e-003,2.4144754e-003,2.4144754e-003
8.5800032e+002,2.4034599e-003,2.4034599e-003,2.4034599e-003
8.5800865e+002,2.3924664e-003,2.3924664e-003,2.3924664e-003
8.5801698e+002,2.3815355e-003,2.3815355e-003,2.3815355e-003
8.5802530e+002,2.3707250e-003,2.3707250e-003,2.3707250e-003
8.5803363e+002,2.3600732e-003,2.3600732e-003,2.3600732e-003
8.5804195e+002,2.3495479e-003,2.3495479e-003,2.3495479e-003
8.5805028e+002,2.3391007e-003,2.3391007e-003,2.3391007e-003
8.5805860e+002,2.3286946e-003,2.3286946e-003,2.3286946e-003
8.5806692e+002,2.3183322e-003,2.3183322e-003,2.3183322e-003
8.5807525e+002,2.3080254e-003,2.3080254e-003,2.3080254e-003
8.5808358e+002,2.2977840e-003,2.2977840e-003,2.2977840e-003
8.5809190e+002,2.2876107e-003,2.2876107e-003,2.2876107e-003
8.5810023e+002,2.2775062e-003,2.2775062e-003,2.2775062e-003
8.5810855e+002,2.2674687e-003,2.2674687e-003,2.2674687e-003
8.5811688e+002,2.2574851e-003,2.2574851e-003,2.2574851e-003
8.5812520e+002,2.2475398e-003,2.2475398e-003,2.2475398e-003
8.5813352e+002,2.2376311e-003,2.2376311e-003,2.2376311e-003
8.5814185e+002,2.2278083e-003,2.2278083e-003,2.2278083e-003
8.5815017e+002,2.2181325e-003,2.2181325e-003,2.2181325e-003
8.5815850e+002,2.2086353e-003,2.2086353e-003,2.2086353e-003
8.5816683e+002,2.1992366e-003,2.1992366e-003,2.1992366e-003
8.5817515e+002,2.1898304e-003,2.1898304e-003,2.1898304e-003
8.5818348e+002,2.1803499e-003,2.1803499e-003,2.1803499e-003
8.5819180e+002,2.1708768e-003,2.1708768e-003,2.1708768e-003
8.5820012e+002,2.1615284e-003,2.1615284e-003,2.1615284e-003
8.5820845e+002,2.1523811e-003,2.1523811e-003,2.1523811e-003
8.5821677e+002,2.1433559e-003,2.1433559e-003,2.1433559e-003
8.5822510e+002,2.1343363e-003,2.1343363e-003,2.1343363e-003
8.5823343e+002,2.1252437e-003,2.1252437e-003,2.1252437e-003
8.5824175e+002,2.1161452e-003,2.1161452e-003,2.1161452e-003
8.5825008e+002,2.1071424e-003,2.1071424e-003,2.1071424e-003
8.5825840e+002,2.0983123e-003,2.0983123e-003,2.0983123e-003
8.5826672e+002,2.0896334e-003,2.0896334e-003,2.0896334e-003
8.5827505e+002,2.0810604e-003,2.0810604e-003,2.0810604e-003
8.5828337e+002,2.0725483e-003,2.0725483e-003,2.0725483e-003
8.5829170e+002,2.0640529e-003,2.0640529e-003,2.0640529e-003
8.5830003e+002,2.0555304e-003,2.0555304e-003,2.0555304e-003
8.5830835e+002,2.0469608e-003,2.0469608e-003,2.0469608e-003
8.5831668e+002,2.0384182e-003,2.0384182e-003,2.0384182e-003
8.5832500e+002,2.0300006e-003,2.0300006e-003,2.0300006e-003
8.5833333e+002,2.0217724e-003,2.0217724e-003,2.0217724e-003
8.5834165e+002,2.0136660e-003,2.0136660e-003,2.0136660e-003
8.5834997e+002,2.0055805e-003,2.0055805e-003,2.0055805e-003
8.5835830e+002,1.9974413e-003,1.9974413e-003,1.9974413e-003
8.5836663e+002,1.9892813e-003,1.9892813e-003,1.9892813e-003
8.5837495e+002,1.9811602e-003,1.9811602e-003,1.9811602e-003
8.5838328e+002,1.9731255e-003,1.9731255e-003,1.9731255e-003
8.5839160e+002,1.9651749e-003,1.9651749e-003,1.9651749e-003
8.5839993e+002,1.9572935e-003,1.9572935e-003,1.9572935e-003
8.5840825e+002,1.9494688e-003,1.9494688e-003,1.9494688e-003
8.5841657e+002,1.9416982e-003,1.9416982e-003,1.9416982e-003
8.5842490e+002,1.9339818e-003,1.9339818e-003,1.9339818e-003
8.5843322e+002,1.9263220e-003,1.9263220e-003,1.9263220e-003
8.5844155e+002,1.9187310e-003,1.9187310e-003,1.9187311e-003
8.5844988e+002,1.9112237e-003,1.9112237e-003,1.9112237e-003
8.5845820e+002,1.9038029e-003,1.9038029e-003,1.9038027e-003
8.5846653e+002,1.8964225e-003,1.8964225e-003,1.8964222e-003
8.5847485e+002,1.8890233e-003,1.8890233e-003,1.8890233e-003
8.5848317e+002,1.8815709e-003,1.8815709e-003,1.8815716e-003
8.5849150e+002,1.8741366e-003,1.8741366e-003,1.8741376e-003
8.5849982e+002,1.8668190e-003,1.8668190e-003,1.8668191e-003
8.5850815e+002,1.8596876e-003,1.8596876e-003,1.8596850e-003
8.5851648e+002,1.8526858e-003,1.8526858e-003,1.8526819e-003
8.5852480e+002,1.8457236e-003,1.8457236e-003,1.8457234e-003
8.5853313e+002,1.8387272e-003,1.8387272e-003,1.8387369e-003
8.5854145e+002,1.8316929e-003,1.8316929e-003,1.8317077e-003
8.5854977e+002,1.8246359e-003,1.8246359e-003,1.8246366e-003
8.5855810e+002,1.8175733e-003,1.8175733e-003,1.8175371e-003
8.5856642e+002,1.8105323e-003,1.8105323e-003,1.8104771e-003
8.5857475e+002,1.8035426e-003,1.8035426e-003,1.8035394e-003
8.5858308e+002,1.7966278e-003,1.7966278e-003,1.7967811e-003
8.5859140e+002,1.7897844e-003,1.7897844e-003,1.7901472e-003
8.5859973e+002,1.7830014e-003,1.7830014e-003,1.7835520e-003
8.5860805e+002,1.7762717e-003,1.7762717e-003,1.7769248e-003
8.5861638e+002,1.7696047e-003,1.7696047e-003,1.7702612e-003
8.5862470e+002,1.7630142e-003,1.7630142e-003,1.7635750e-003
8.5863302e+002,1.7565053e-003,1.7565053e-003,1.7568827e-003
8.5864135e+002,1.7500443e-003,1.7500443e-003,1.7502112e-003
8.5864968e+002,1.7435865e-003,1.7435865e-003,1.7435908e-003
8.5865800e+002,1.7370999e-003,1.7370999e-003,1.7370455e-003
8.5866633e+002,1.7306102e-003,1.7306102e-003,1.7305716e-003
8.5867465e+002,1.7241591e-003,1.7241591e-003,1.7241579e-003
8.5868298e+002,1.7177823e-003,1.7177823e-003,1.7177969e-003
8.5869130e+002,1.7114884e-003,1.7114884e-003,1.7114988e-003
8.5869962e+002,1.7052782e-003,1.7052782e-003,1.7052786e-003
8.5870795e+002,1.6991461e-003,1.6991461e-003,1.6991422e-003
8.5871628e+002,1.6930554e-003,1.6930554e-003,1.6930526e-003
8.5872460e+002,1.6869608e-003,1.6869608e-003,1.6869607e-003
8.5873293e+002,1.6808319e-003,1.6808319e-003,1.6808330e-003
8.5874125e+002,1.6747062e-003,1.6747062e-003,1.6747069e-003
8.5874958e+002,1.6686408e-003,1.6686408e-003,1.6686408e-003
8.5875790e+002,1.6626761e-003,1.6626761e-003,1.6626759e-003
8.5876622e+002,1.6567747e-003,1.6567747e-003,1.6567745e-003
8.5877455e+002,1.6508760e-003,1.6508760e-003,1.6508760e-003
8.5878287e+002,1.6449368e-003,1.6449368e-003,1.6449369e-003
8.5879120e+002,1.6389947e-003,1.6389947e-003,1.6389948e-003
8.5879953e+002,1.6331109e-003,1.6331109e-003,1.6331109e-003
8.5880785e+002,1.6273295e-003,1.6273295e-003,1.6273295e-003
8.5881618e+002,1.6216131e-003,1.6216131e-003,1.6216131e-003
8.5882450e+002,1.6159003e-003,1.6159003e-003,1.6159003e-003
8.5883282e+002,1.6101467e-003,1.6101467e-003,1.6101467e-003
8.5884115e+002,1.6043894e-003,1.6043894e-003,1.6043894e-003
8.5884947e+002,1.5986899e-003,1.5986899e-003,1.5986899e-003
8.5885780e+002,1.5930928e-003,1.5930928e-003,1.5930928e-003
8.5886613e+002,1.5875612e-003,1.5875612e-003,1.5875612e-003
8.5887445e+002,1.5820336e-003,1.5820336e-003,1.5820336e-003
8.5888278e+002,1.5764653e-003,1.5764653e-003,1.5764653e-003
8.5889110e+002,1.5708928e-003,1.5708928e-003,1.5708928e-003
8.5889943e+002,1.5653777e-003,1.5653777e-003,1.5653777e-003
8.5890775e+002,1.5599650e-003,1.5599650e-003,1.5599650e-003
8.5891607e+002,1.5546182e-003,1.5546182e-003,1.5546182e-003
8.5892440e+002,1.5492758e-003,1.5492758e-003,1.5492758e-003
8.5893273e+002,1.5438927e-003,1.5438927e-003,1.5438927e-003
8.5894105e+002,1.5385050e-003,1.5385050e-003,1.5385050e-003
8.5894938e+002,1.5331744e-003,1.5331744e-003,1.5331744e-003
8.5895770e+002,1.5279461e-003,1.5279461e-003,1.5279461e-003
8.5896603e+002,1.5227841e-003,1.5227841e-003,1.5227841e-003
8.5897435e+002,1.5176269e-003,1.5176269e-003,1.5176269e-003
8.5898267e+002,1.5124291e-003,1.5124291e-003,1.5124291e-003
8.5899100e+002,1.5072264e-003,1.5072264e-003,1.5072264e-003
8.5899933e+002,1.5020800e-003,1.5020800e-003,1.5020800e-003
8.5900765e+002,1.4970354e-003,1.4970354e-003,1.4970354e-003
8.5901598e+002,1.4920578e-003,1.4920578e-003,1.4920578e-003
8.5902430e+002,1.4870867e-003,1.4870867e-003,1.4870867e-003
8.5903263e+002,1.4820767e-003,1.4820767e-003,1.4820767e-003
8.5904095e+002,1.4770604e-003,1.4770604e-003,1.4770604e-003
8.5904927e+002,1.4720952e-003,1.4720952e-003,1.4720952e-003
8.5905760e+002,1.4672254e-003,1.4672254e-003,1.4672254e-003
8.5906592e+002,1.4624268e-003,1.4624268e-003,1.4624268e-003
8.5907425e+002,1.4576531e-003,1.4576531e-003,1.4576531e-003
8.5908258e+002,1.4528641e-003,1.4528641e-003,1.4528641e-003
8.5909090e+002,1.4480541e-003,1.4480541e-003,1.4480541e-003
8.5909923e+002,1.4432281e-003,1.4432281e-003,1.4432281e-003
8.5910755e+002,1.4383939e-003,1.4383939e-003,1.4383939e-003
8.5911587e+002,1.4335727e-003,1.4335727e-003,1.4335727e-003
8.5912420e+002,1.4287903e-003,1.4287903e-003,1.4287903e-003
8.5913252e+002,1.4240710e-003,1.4240710e-003,1.4240710e-003
8.5914085e+002,1.4194323e-003,1.4194323e-003,1.4194323e-003
8.5914918e+002,1.4148893e-003,1.4148893e-003,1.4148893e-003
8.5915750e+002,1.4104446e-003,1.4104446e-003,1.4104446e-003
8.5916583e+002,1.4060347e-003,1.4060347e-003,1.4060347e-003
8.5917415e+002,1.4015733e-003,1.4015733e-003,1.4015733e-003
8.5918247e+002,1.3969949e-003,1.3969949e-003,1.3969949e-003
8.5919080e+002,1.3923448e-003,1.3923448e-003,1.3923448e-003
8.5919912e+002,1.3877061e-003,1.3877061e-003,1.3877061e-003
8.5920745e+002,1.3831520e-003,1.3831520e-003,1.3831520e-003
8.5921578e+002,1.3787010e-003,1.3787010e-003,1.3787010e-003
8.5922410e+002,1.3743531e-003,1.3743531e-003,1.3743531e-003
8.5923243e+002,1.3700986e-003,1.3700986e-003,1.3700986e-003
8.5924075e+002,1.3658732e-003,1.3658732e-003,1.3658732e-003
8.5924908e+002,1.3615939e-003,1.3615939e-003,1.3615939e-003
8.5925740e+002,1.3571975e-003,1.3571975e-003,1.3571975e-003
8.5926572e+002,1.3527313e-003,1.3527313e-003,1.3527313e-003
8.5927405e+002,1.3482811e-003,1.3482811e-003,1.3482811e-003
8.5928238e+002,1.3439211e-003,1.3439211e-003,1.3439211e-003
8.5929070e+002,1.3396602e-003,1.3396602e-003,1.3396602e-003
8.5929903e+002,1.3354845e-003,1.3354845e-003,1.3354845e-003
8.5930735e+002,1.3313782e-003,1.3313782e-003,1.3313782e-003
8.5931568e+002,1.3273152e-003,1.3273152e-003,1.3273152e-003
8.5932400e+002,1.3232652e-003,1.3232652e-003,1.3232652e-003
8.5933232e+002,1.3192029e-003,1.3192029e-003,1.3192029e-003
8.5934065e+002,1.3151298e-003,1.3151298e-003,1.3151298e-003
8.5934898e+002,1.3110568e-003,1.3110568e-003,1.3110568e-003
8.5935730e+002,1.3069922e-003,1.3069922e-003,1.3069922e-003
8.5936563e+002,1.3029278e-003,1.3029278e-003,1.3029278e-003
8.5937395e+002,1.2988497e-003,1.2988497e-003,1.2988497e-003
8.5938228e+002,1.2947505e-003,1.2947505e-003,1.2947505e-003
8.5939060e+002,1.2906611e-003,1.2906611e-003,1.2906611e-003
8.5939892e+002,1.2866262e-003,1.2866262e-003,1.2866262e-003
8.5940725e+002,1.2826810e-003,1.2826810e-003,1.2826810e-003
8.5941557e+002,1.2788042e-003,1.2788042e-003,1.2788042e-003
8.5942390e+002,1.2749538e-003,1.2749538e-003,1.2749538e-003
8.5943223e+002,1.2710924e-003,1.2710924e-003,1.2710924e-003
8.5944055e+002,1.2672101e-003,1.2672101e-003,1.2672101e-003
8.5944888e+002,1.2633071e-003,1.2633071e-003,1.2633071e-003
8.5945720e+002,1.2593881e-003,1.2593881e-003,1.2593881e-003
8.5946552e+002,1.2554842e-003,1.2554842e-003,1.2554842e-003
8.5947385e+002,1.2516363e-003,1.2516363e-003,1.2516363e-003
8.5948217e+002,1.2478766e-003,1.2478766e-003,1.2478766e-003
8.5949050e+002,1.2441841e-003,1.2441841e-003,1.2441841e-003
8.5949883e+002,1.2405180e-003,1.2405180e-003,1.2405180e-003
8.5950715e+002,1.2368416e-003,1.2368416e-003,1.2368416e-003
8.5951548e+002,1.2331447e-003,1.2331447e-003,1.2331447e-003
8.5952380e+002,1.2294269e-003,1.2294269e-003,1.2294269e-003
8.5953213e+002,1.2256923e-003,1.2256923e-003,1.2256923e-003
8.5954045e+002,1.2219725e-003,1.2219725e-003,1.2219725e-003
8.5954877e+002,1.2183097e-003,1.2183097e-003,1.2183097e-003
8.5955710e+002,1.2147370e-003,1.2147370e-003,1.2147370e-003
8.5956543e+002,1.2112309e-003,1.2112309e-003,1.2112309e-003
8.5957375e+002,1.2077466e-003,1.2077466e-003,1.2077466e-003
8.5958208e+002,1.2042451e-003,1.2042451e-003,1.2042451e-003
8.5959040e+002,1.2007264e-003,1.2007264e-003,1.2007264e-003
8.5959873e+002,1.1972055e-003,1.1972055e-003,1.1972055e-003
8.5960705e+002,1.1936944e-003,1.1936944e-003,1.1936944e-003
8.5961537e+002,1.1901855e-003,1.1901855e-003,1.1901855e-003
8.5962370e+002,1.1866636e-003,1.1866636e-003,1.1866636e-003
8.5963203e+002,1.1831194e-003,1.1831194e-003,1.1831194e-003
8.5964035e+002,1.1795835e-003,1.1795835e-003,1.1795835e-003
8.5964868e+002,1.1761019e-003,1.1761019e-003,1.1761019e-003
8.5965700e+002,1.1727116e-003,1.1727116e-003,1.1727116e-003
8.5966533e+002,1.1693903e-003,1.1693903e-003,1.1693903e-003
8.5967365e+002,1.1660918e-003,1.1660918e-003,1.1660918e-003
8.5968197e+002,1.1627759e-003,1.1627759e-003,1.1627759e-003
8.5969030e+002,1.1594423e-003,1.1594423e-003,1.1594423e-003
8.5969862e+002,1.1561061e-003,1.1561061e-003,1.1561061e-003
8.5970695e+002,1.1527798e-003,1.1527798e-003,1.1527798e-003
8.5971528e+002,1.1494560e-003,1.1494560e-003,1.1494560e-003
8.5972360e+002,1.1461193e-003,1.1461193e-003,1.1461193e-003
8.5973193e+002,1.1427604e-003,1.1427604e-003,1.1427604e-003
8.5974025e+002,1.1394091e-003,1.1394091e-003,1.1394091e-003
8.5974857e+002,1.1361116e-003,1.1361116e-003,1.1361116e-003
8.5975690e+002,1.1329052e-003,1.1329052e-003,1.1329052e-003
8.5976522e+002,1.1297683e-003,1.1297683e-003,1.1297683e-003
8.5977355e+002,1.1266547e-003,1.1266547e-003,1.1266547e-003
8.5978188e+002,1.1235243e-003,1.1235243e-003,1.1235243e-003
8.5979020e+002,1.1203757e-003,1.1203757e-003,1.1203757e-003
8.5979853e+002,1.1172244e-003,1.1172244e-003,1.1172244e-003
8.5980685e+002,1.1140829e-003,1.1140829e-003,1.1140829e-003
8.5981517e+002,1.1109442e-003,1.1109442e-003,1.1109442e-003
8.5982350e+002,1.1077929e-003,1.1077929e-003,1.1077929e-003
8.5983182e+002,1.1046193e-003,1.1046193e-003,1.1046193e-003
8.5984015e+002,1.1014528e-003,1.1014528e-003,1.1014528e-003
8.5984848e+002,1.0983391e-003,1.0983391e-003,1.0983391e-003
8.5985680e+002,1.0953159e-003,1.0953159e-003,1.0953159e-003
8.5986513e+002,1.0923629e-003,1.0923629e-003,1.0923629e-003
8.5987345e+002,1.0894351e-003,1.0894351e-003,1.0894351e-003
8.5988178e+002,1.0864926e-003,1.0864926e-003,1.0864926e-003
8.5989010e+002,1.0835312e-003,1.0835312e-003,1.0835312e-003
8.5989842e+002,1.0805620e-003,1.0805620e-003,1.0805620e-003
8.5990675e+002,1.0775953e-003,1.0775953e-003,1.0775953e-003
8.5991508e+002,1.0746342e-003,1.0746342e-003,1.0746342e-003
8.5992340e+002,1.0716788e-003,1.0716788e-003,1.0716788e-003
8.5993173e+002,1.0687279e-003,1.0687279e-003,1.0687279e-003
8.5994005e+002,1.0657736e-003,1.0657736e-003,1.0657736e-003
8.5994838e+002,1.0628047e-003,1.0628047e-003,1.0628047e-003
8.5995670e+002,1.0598148e-003,1.0598148e-003,1.0598148e-003
8.5996502e+002,1.0568330e-003,1.0568330e-003,1.0568330e-003
8.5997335e+002,1.0539040e-003,1.0539040e-003,1.0539040e-003
8.5998168e+002,1.0510648e-003,1.0510648e-003,1.0510648e-003
8.5999000e+002,1.0482960e-003,1.0482960e-003,1.0482960e-003
8.5999833e+002,1.0455530e-003,1.0455530e-003,1.0455530e-003
8.6000665e+002,1.0427958e-003,1.0427958e-003,1.0427958e-003
8.6001498e+002,1.0400196e-003,1.0400196e-003,1.0400196e-003
8.6002330e+002,1.0372354e-003,1.0372354e-003,1.0372354e-003
8.6003162e+002,1.0344537e-003,1.0344537e-003,1.0344537e-003
8.6003995e+002,1.0316775e-003,1.0316775e-003,1.0316775e-003
8.6004827e+002,1.0289070e-003,1.0289070e-003,1.0289070e-003
8.6005660e+002,1.0261411e-003,1.0261411e-003,1.0261411e-003
8.6006493e+002,1.0233720e-003,1.0233720e-003,1.0233720e-003
8.6007325e+002,1.0205883e-003,1.0205883e-003,1.0205883e-003
8.6008158e+002,1.0177836e-003,1.0177836e-003,1.0177836e-003
8.6008990e+002,1.0149863e-003,1.0149863e-003,1.0149863e-003
8.6009822e+002,1.0122412e-003,1.0122412e-003,1.0122412e-003
8.6010655e+002,1.0095859e-003,1.0095859e-003,1.0095859e-003
8.6011487e+002,1.0070015e-003,1.0070015e-003,1.0070015e-003
8.6012320e+002,1.0044432e-003,1.0044432e-003,1.0044432e-003
8.6013153e+002,1.0018706e-003,1.0018706e-003,1.0018706e-003
8.6013985e+002,9.9927905e-004,9.9927905e-004,9.9927905e-004
8.6014818e+002,9.9668069e-004,9.9668069e-004,9.9668069e-004
8.6015650e+002,9.9408653e-004,9.9408653e-004,9.9408653e-004
8.6016483e+002,9.9149735e-004,9.9149735e-004,9.9149735e-004
8.6017315e+002,9.8890907e-004,9.8890907e-004,9.8890907e-004
8.6018147e+002,9.8631824e-004,9.8631824e-004,9.8631824e-004
8.6018980e+002,9.8372652e-004,9.8372652e-004,9.8372652e-004
8.6019813e+002,9.8113798e-004,9.8113798e-004,9.8113798e-004
8.6020645e+002,9.7855544e-004,9.7855544e-004,9.7855544e-004
8.6021478e+002,9.7597155e-004,9.7597155e-004,9.7597155e-004
8.6022310e+002,9.7337405e-004,9.7337405e-004,9.7337405e-004
8.6023143e+002,9.7075507e-004,9.7075507e-004,9.7075507e-004
8.6023975e+002,9.6814227e-004,9.6814227e-004,9.6814227e-004
8.6024807e+002,9.6558057e-004,9.6558057e-004,9.6558057e-004
8.6025640e+002,9.6310820e-004,9.6310820e-004,9.6310820e-004
8.6026473e+002,9.6070779e-004,9.6070779e-004,9.6070779e-004
8.6027305e+002,9.5833475e-004,9.5833475e-004,9.5833475e-004
8.6028138e+002,9.5594850e-004,9.5594850e-004,9.5594850e-004
8.6028970e+002,9.5354286e-004,9.5354286e-004,9.5354286e-004
8.6029803e+002,9.5112863e-004,9.5112863e-004,9.5112863e-004
8.6030635e+002,9.4871600e-004,9.4871600e-004,9.4871600e-004
8.6031467e+002,9.4630909e-004,9.4630909e-004,9.4630909e-004
8.6032300e+002,9.4390904e-004,9.4390904e-004,9.4390904e-004
8.6033132e+002,9.4151574e-004,9.4151574e-004,9.4151574e-004
8.6033965e+002,9.3911898e-004,9.3911898e-004,9.3911898e-004
8.6034798e+002,9.3670349e-004,9.3670349e-004,9.3670349e-004
8.6035630e+002,9.3425940e-004,9.3425940e-004,9.3425940e-004
8.6036463e+002,9.3182325e-004,9.3182325e-004,9.3182325e-004
8.6037295e+002,9.2945499e-004,9.2945499e-004,9.2945499e-004
8.6038127e+002,9.2720320e-004,9.2720320e-004,9.2720320e-004
8.6038960e+002,9.2501683e-004,9.2501683e-004,9.2501683e-004
8.6039792e+002,9.2279409e-004,9.2279409e-004,9.2279409e-004
8.6040625e+002,9.2044721e-004,9.2044721e-004,9.2044721e-004
8.6041458e+002,9.1801375e-004,9.1801375e-004,9.1801375e-004
8.6042290e+002,9.1559565e-004,9.1559565e-004,9.1559565e-004
8.6043123e+002,9.1328395e-004,9.1328395e-004,9.1328395e-004
8.6043955e+002,9.1106950e-004,9.1106950e-004,9.1106950e-004
8.6044788e+002,9.0889122e-004,9.0889122e-004,9.0889122e-004
8.6045620e+002,9.0669323e-004,9.0669323e-004,9.0669323e-004
8.6046452e+002,9.0446969e-004,9.0446969e-004,9.0446969e-004
8.6047285e+002,9.0224088e-004,9.0224088e-004,9.0224088e-004
8.6048118e+002,9.0002450e-004,9.0002450e-004,9.0002450e-004
8.6048950e+002,8.9781333e-004,8.9781333e-004,8.9781333e-004
8.6049783e+002,8.9558696e-004,8.9558696e-004,8.9558696e-004
8.6050615e+002,8.9333041e-004,8.9333041e-004,8.9333041e-004
8.6051448e+002,8.9107850e-004,8.9107850e-004,8.9107850e-004
8.6052280e+002,8.8889249e-004,8.8889249e-004,8.8889249e-004
8.6053112e+002,8.8682304e-004,8.8682304e-004,8.8682304e-004
8.6053945e+002,8.8482137e-004,8.8482137e-004,8.8482137e-004
8.6054778e+002,8.8278550e-004,8.8278550e-004,8.8278550e-004
8.6055610e+002,8.8062636e-004,8.8062636e-004,8.8062636e-004
8.6056443e+002,8.7837873e-004,8.7837873e-004,8.7837873e-004
8.6057275e+002,8.7614419e-004,8.7614419e-004,8.7614419e-004
8.6058108e+002,8.7401449e-004,8.7401449e-004,8.7401449e-004
8.6058940e+002,8.7198320e-004,8.7198320e-004,8.7198320e-004
8.6059772e+002,8.6999049e-004,8.6999049e-004,8.6999049e-004
8.6060605e+002,8.6798088e-004,8.6798088e-004,8.6798088e-004
8.6061438e+002,8.6594497e-004,8.6594497e-004,8.6594497e-004
8.6062270e+002,8.6389862e-004,8.6389862e-004,8.6389862e-004
8.6063103e+002,8.6185666e-004,8.6185666e-004,8.6185666e-004
8.6063935e+002,8.5982179e-004,8.5982179e-004,8.5982179e-004
8.6064768e+002,8.5778993e-004,8.5778993e-004,8.5778993e-004
8.6065600e+002,8.5575726e-004,8.5575726e-004,8.5575726e-004
8.6066432e+002,8.5372263e-004,8.5372263e-004,8.5372263e-004
8.6067265e+002,8.5168638e-004,8.5168638e-004,8.5168638e-004
8.6068097e+002,8.4964904e-004,8.4964904e-004,8.4964904e-004
8.6068930e+002,8.4761247e-004,8.4761247e-004,8.4761247e-004
8.6069763e+002,8.4557928e-004,8.4557928e-004,8.4557928e-004
8.6070595e+002,8.4355129e-004,8.4355129e-004,8.4355129e-004
8.6071428e+002,8.4152224e-004,8.4152224e-004,8.4152224e-004
8.6072260e+002,8.3948127e-004,8.3948127e-004,8.3948127e-004
8.6073092e+002,8.3742060e-004,8.3742060e-004,8.3742060e-004
8.6073925e+002,8.3536334e-004,8.3536334e-004,8.3536334e-004
8.6074757e+002,8.3335023e-004,8.3335023e-004,8.3335023e-004
8.6075590e+002,8.3141801e-004,8.3141801e-004,8.3141801e-004
8.6076423e+002,8.2956139e-004,8.2956139e-004,8.2956139e-004
8.6077255e+002,8.2775085e-004,8.2775085e-004,8.2775085e-004
8.6078088e+002,8.2595569e-004,8.2595569e-004,8.2595569e-004
8.6078920e+002,8.2413636e-004,8.2413636e-004,8.2413636e-004
8.6079753e+002,8.2224815e-004,8.2224815e-004,8.2224815e-004
8.6080585e+002,8.2025385e-004,8.2025385e-004,8.2025385e-004
8.6081417e+002,8.1819345e-004,8.1819345e-004,8.1819345e-004
8.6082250e+002,8.1615219e-004,8.1615219e-004,8.1615219e-004
8.6083083e+002,8.1420798e-004,8.1420798e-004,8.1420798e-004
8.6083915e+002,8.1235728e-004,8.1235728e-004,8.1235728e-004
8.6084748e+002,8.1054849e-004,8.1054849e-004,8.1054849e-004
8.6085580e+002,8.0873230e-004,8.0873230e-004,8.0873230e-004
8.6086413e+002,8.0689022e-004,8.0689022e-004,8.0689022e-004
8.6087245e+002,8.0502209e-004,8.0502209e-004,8.0502209e-004
8.6088077e+002,8.0313087e-004,8.0313087e-004,8.0313087e-004
8.6088910e+002,8.0124997e-004,8.0124997e-004,8.0124997e-004
8.6089743e+002,7.9943107e-004,7.9943107e-004,7.9943107e-004
8.6090575e+002,7.9771858e-004,7.9771858e-004,7.9771858e-004
8.6091408e+002,7.9607691e-004,7.9607691e-004,7.9607691e-004
8.6092240e+002,7.9442203e-004,7.9442203e-004,7.9442203e-004
8.6093073e+002,7.9267605e-004,7.9267605e-004,7.9267605e-004
8.6093905e+002,7.9083433e-004,7.9083433e-004,7.9083433e-004
8.6094737e+002,7.8893689e-004,7.8893689e-004,7.8893689e-004
8.6095570e+002,7.8702463e-004,7.8702463e-004,7.8702463e-004
8.6096402e+002,7.8514106e-004,7.8514106e-004,7.8514106e-004
8.6097235e+002,7.8333128e-004,7.8333128e-004,7.8333128e-004
8.6098068e+002,7.8163285e-004,7.8163285e-004,7.8163285e-004
8.6098900e+002,7.8000008e-004,7.8000008e-004,7.8000008e-004
8.6099733e+002,7.7833564e-004,7.7833564e-004,7.7833564e-004
8.6100565e+002,7.7655185e-004,7.7655185e-004,7.7655185e-004
8.6101397e+002,7.7467646e-004,7.7467646e-004,7.7467646e-004
8.6102230e+002,7.7280938e-004,7.7280938e-004,7.7280938e-004
8.6103062e+002,7.7104336e-004,7.7104336e-004,7.7104336e-004
8.6103895e+002,7.6937811e-004,7.6937811e-004,7.6937811e-004
8.6104728e+002,7.6775477e-004,7.6775477e-004,7.6775477e-004
8.6105560e+002,7.6611736e-004,7.6611736e-004,7.6611736e-004
8.6106393e+002,7.6445305e-004,7.6445305e-004,7.6445305e-004
8.6107225e+002,7.6277642e-004,7.6277642e-004,7.6277642e-004
8.6108057e+002,7.6110172e-004,7.6110172e-004,7.6110172e-004
8.6108890e+002,7.5943439e-004,7.5943439e-004,7.5943439e-004
8.6109722e+002,7.5777426e-004,7.5777426e-004,7.5777426e-004
8.6110555e+002,7.5612038e-004,7.5612038e-004,7.5612038e-004
8.6111388e+002,7.5446397e-004,7.5446397e-004,7.5446397e-004
8.6112220e+002,7.5279118e-004,7.5279118e-004,7.5279118e-004
8.6113053e+002,7.5109146e-004,7.5109146e-004,7.5109146e-004
8.6113885e+002,7.4939435e-004,7.4939435e-004,7.4939435e-004
8.6114718e+002,7.4775543e-004,7.4775543e-004,7.4775543e-004
8.6115550e+002,7.4622385e-004,7.4622385e-004,7.4622385e-004
8.6116382e+002,7.4476704e-004,7.4476704e-004,7.4476704e-004
8.6117215e+002,7.4329885e-004,7.4329885e-004,7.4329885e-004
8.6118048e+002,7.4173850e-004,7.4173850e-004,7.4173850e-004
8.6118880e+002,7.4008111e-004,7.4008111e-004,7.4008111e-004
8.6119713e+002,7.3837191e-004,7.3837191e-004,7.3837191e-004
8.6120545e+002,7.3665606e-004,7.3665606e-004,7.3665606e-004
8.6121378e+002,7.3496712e-004,7.3496712e-004,7.3496712e-004
8.6122210e+002,7.3333088e-004,7.3333088e-004,7.3333088e-004
8.6123042e+002,7.3177060e-004,7.3177060e-004,7.3177060e-004
8.6123875e+002,7.3028054e-004,7.3028054e-004,7.3028054e-004
8.6124708e+002,7.2883540e-004,7.2883540e-004,7.2883540e-004
8.6125540e+002,7.2740860e-004,7.2740860e-004,7.2740860e-004
8.6126373e+002,7.2596198e-004,7.2596198e-004,7.2596198e-004
8.6127205e+002,7.2444952e-004,7.2444952e-004,7.2444952e-004
8.6128038e+002,7.2283106e-004,7.2283106e-004,7.2283106e-004
8.6128870e+002,7.2114154e-004,7.2114154e-004,7.2114154e-004
8.6129702e+002,7.1946716e-004,7.1946716e-004,7.1946716e-004
8.6130535e+002,7.1788874e-004,7.1788874e-004,7.1788874e-004
8.6131367e+002,7.1640646e-004,7.1640646e-004,7.1640646e-004
8.6132200e+002,7.1496498e-004,7.1496498e-004,7.1496498e-004
8.6133033e+002,7.1351101e-004,7.1351101e-004,7.1351101e-004
8.6133865e+002,7.1203150e-004,7.1203150e-004,7.1203150e-004
8.6134698e+002,7.1054132e-004,7.1054132e-004,7.1054132e-004
8.6135530e+002,7.0905497e-004,7.0905497e-004,7.0905497e-004
8.6136362e+002,7.0757546e-004,7.0757546e-004,7.0757546e-004
8.6137195e+002,7.0609773e-004,7.0609773e-004,7.0609773e-004
8.6138027e+002,7.0461700e-004,7.0461700e-004,7.0461700e-004
8.6138860e+002,7.0313448e-004,7.0313448e-004,7.0313448e-004
8.6139693e+002,7.0165556e-004,7.0165556e-004,7.0165556e-004
8.6140525e+002,7.0018482e-004,7.0018482e-004,7.0018482e-004
8.6141358e+002,6.9871446e-004,6.9871446e-004,6.9871446e-004
8.6142190e+002,6.9722793e-004,6.9722793e-004,6.9722793e-004
8.6143023e+002,6.9571168e-004,6.9571168e-004,6.9571168e-004
8.6143855e+002,6.9419554e-004,6.9419554e-004,6.9419554e-004
8.6144687e+002,6.9274035e-004,6.9274035e-004,6.9274035e-004
8.6145520e+002,6.9140081e-004,6.9140081e-004,6.9140081e-004
8.6146353e+002,6.9013901e-004,6.9013901e-004,6.9013901e-004
8.6147185e+002,6.8885019e-004,6.8885019e-004,6.8885019e-004
8.6148018e+002,6.8743708e-004,6.8743708e-004,6.8743708e-004
8.6148850e+002,6.8592542e-004,6.8592542e-004,6.8592542e-004
8.6149683e+002,6.8443038e-004,6.8443038e-004,6.8443038e-004
8.6150515e+002,6.8305993e-004,6.8305993e-004,6.8305993e-004
8.6151347e+002,6.8179385e-004,6.8179385e-004,6.8179385e-004
8.6152180e+002,6.8051789e-004,6.8051789e-004,6.8051789e-004
8.6153013e+002,6.7912417e-004,6.7912417e-004,6.7912417e-004
8.6153845e+002,6.7762443e-004,6.7762443e-004,6.7762443e-004
8.6154678e+002,6.7611876e-004,6.7611876e-004,6.7611876e-004
8.6155510e+002,6.7470366e-004,6.7470366e-004,6.7470366e-004
8.6156343e+002,6.7339470e-004,6.7339470e-004,6.7339470e-004
8.6157175e+002,6.7214718e-004,6.7214718e-004,6.7214718e-004
8.6158007e+002,6.7091516e-004,6.7091516e-004,6.7091516e-004
8.6158840e+002,6.6965567e-004,6.6965567e-004,6.6965567e-004
8.6159672e+002,6.6832791e-004,6.6832791e-004,6.6832791e-004
8.6160505e+002,6.6689586e-004,6.6689586e-004,6.6689586e-004
8.6161338e+002,6.6539223e-004,6.6539223e-004,6.6539223e-004
8.6162170e+002,6.6390171e-004,6.6390171e-004,6.6390171e-004
8.6163003e+002,6.6250506e-004,6.6250506e-004,6.6250506e-004
8.6163835e+002,6.6120569e-004,6.6120569e-004,6.6120569e-004
8.6164667e+002,6.5994803e-004,6.5994803e-004,6.5994803e-004
8.6165500e+002,6.5867779e-004,6.5867779e-004,6.5867779e-004
8.6166332e+002,6.5738171e-004,6.5738171e-004,6.5738171e-004
8.6167165e+002,6.5607811e-004,6.5607811e-004,6.5607811e-004
8.6167998e+002,6.5478473e-004,6.5478473e-004,6.5478473e-004
8.6168830e+002,6.5349861e-004,6.5349861e-004,6.5349861e-004
8.6169663e+002,6.5220077e-004,6.5220077e-004,6.5220077e-004
8.6170495e+002,6.5087453e-004,6.5087453e-004,6.5087453e-004
8.6171328e+002,6.4954495e-004,6.4954495e-004,6.4954495e-004
8.6172160e+002,6.4826967e-004,6.4826967e-004,6.4826967e-004
8.6172992e+002,6.4710202e-004,6.4710202e-004,6.4710202e-004
8.6173825e+002,6.4601522e-004,6.4601522e-004,6.4601522e-004
8.6174658e+002,6.4491943e-004,6.4491943e-004,6.4491943e-004
8.6175490e+002,6.4372828e-004,6.4372828e-004,6.4372828e-004
8.6176323e+002,6.4243690e-004,6.4243690e-004,6.4243690e-004
8.6177155e+002,6.4110504e-004,6.4110504e-004,6.4110504e-004
8.6177988e+002,6.3979108e-004,6.3979108e-004,6.3979108e-004
8.6178820e+002,6.3850414e-004,6.3850414e-004,6.3850414e-004
8.6179652e+002,6.3721389e-004,6.3721389e-004,6.3721389e-004
8.6180485e+002,6.3589206e-004,6.3589206e-004,6.3589206e-004
8.6181318e+002,6.3456093e-004,6.3456093e-004,6.3456093e-004
8.6182150e+002,6.3328351e-004,6.3328351e-004,6.3328351e-004
8.6182983e+002,6.3211858e-004,6.3211858e-004,6.3211858e-004
8.6183815e+002,6.3103723e-004,6.3103723e-004,6.3103723e-004
8.6184648e+002,6.2993935e-004,6.2993935e-004,6.2993935e-004
8.6185480e+002,6.2872915e-004,6.2872915e-004,6.2872915e-004
8.6186312e+002,6.2741624e-004,6.2741624e-004,6.2741624e-004
8.6187145e+002,6.2609643e-004,6.2609643e-004,6.2609643e-004
8.6187978e+002,6.2486359e-004,6.2486359e-004,6.2486359e-004
8.6188810e+002,6.2373643e-004,6.2373643e-004,6.2373643e-004
8.6189643e+002,6.2267169e-004,6.2267169e-004,6.2267169e-004
8.6190475e+002,6.2162435e-004,6.2162435e-004,6.2162435e-004
8.6191308e+002,6.2055162e-004,6.2055162e-004,6.2055162e-004
8.6192140e+002,6.1941249e-004,6.1941249e-004,6.1941249e-004
8.6192972e+002,6.1816991e-004,6.1816991e-004,6.1816991e-004
8.6193805e+002,6.1685270e-004,6.1685270e-004,6.1685270e-004
8.6194637e+002,6.1554492e-004,6.1554492e-004,6.1554492e-004
8.6195470e+002,6.1432808e-004,6.1432808e-004,6.1432808e-004
8.6196303e+002,6.1321024e-004,6.1321024e-004,6.1321024e-004
8.6197135e+002,6.1213738e-004,6.1213738e-004,6.1213738e-004
8.6197968e+002,6.1105563e-004,6.1105563e-004,6.1105563e-004
8.6198800e+002,6.0994777e-004,6.0994777e-004,6.0994777e-004
8.6199632e+002,6.0882784e-004,6.0882784e-004,6.0882784e-004
8.6200465e+002,6.0771029e-004,6.0771029e-004,6.0771029e-004
8.6201297e+002,6.0659974e-004,6.0659974e-004,6.0659974e-004
8.6202130e+002,6.0549238e-004,6.0549238e-004,6.0549238e-004
8.6202963e+002,6.0438426e-004,6.0438426e-004,6.0438426e-004
8.6203795e+002,6.0327424e-004,6.0327424e-004,6.0327424e-004
8.6204628e+002,6.0216362e-004,6.0216362e-004,6.0216362e-004
8.6205460e+002,6.0105367e-004,6.0105367e-004,6.0105367e-004
8.6206293e+002,5.9994430e-004,5.9994430e-004,5.9994430e-004
8.6207125e+002,5.9883417e-004,5.9883417e-004,5.9883417e-004
8.6207957e+002,5.9772207e-004,5.9772207e-004,5.9772207e-004
8.6208790e+002,5.9660958e-004,5.9660958e-004,5.9660958e-004
8.6209623e+002,5.9550070e-004,5.9550070e-004,5.9550070e-004
8.6210455e+002,5.9439900e-004,5.9439900e-004,5.9439900e-004
8.6211288e+002,5.9329837e-004,5.9329837e-004,5.9329837e-004
8.6212120e+002,5.9218408e-004,5.9218408e-004,5.9218408e-004
8.6212953e+002,5.9104303e-004,5.9104303e-004,5.9104303e-004
8.6213785e+002,5.8989799e-004,5.8989799e-004,5.8989799e-004
8.6214617e+002,5.8880381e-004,5.8880381e-004,5.8880381e-004
8.6215450e+002,5.8781268e-004,5.8781268e-004,5.8781268e-004
8.6216283e+002,5.8690544e-004,5.8690544e-004,5.8690544e-004
8.6217115e+002,5.8599868e-004,5.8599868e-004,5.8599868e-004
8.6217948e+002,5.8500998e-004,5.8500998e-004,5.8500998e-004
8.6218780e+002,5.8392037e-004,5.8392037e-004,5.8392037e-004
8.6219613e+002,5.8276843e-004,5.8276843e-004,5.8276843e-004
8.6220445e+002,5.8159497e-004,5.8159497e-004,5.8159497e-004
8.6221277e+002,5.8044352e-004,5.8044352e-004,5.8044352e-004
8.6222110e+002,5.7936012e-004,5.7936012e-004,5.7936012e-004
8.6222942e+002,5.7838720e-004,5.7838720e-004,5.7838720e-004
8.6223775e+002,5.7749326e-004,5.7749326e-004,5.7749326e-004
8.6224608e+002,5.7657875e-004,5.7657875e-004,5.7657875e-004
8.6225440e+002,5.7554694e-004,5.7554694e-004,5.7554694e-004
8.6226273e+002,5.7440948e-004,5.7440948e-004,5.7440948e-004
8.6227105e+002,5.7327866e-004,5.7327866e-004,5.7327866e-004
8.6227937e+002,5.7226496e-004,5.7226496e-004,5.7226496e-004
8.6228770e+002,5.7136393e-004,5.7136393e-004,5.7136393e-004
8.6229602e+002,5.7046361e-004,5.7046361e-004,5.7046361e-004
8.6230435e+002,5.6945310e-004,5.6945310e-004,5.6945310e-004
8.6231268e+002,5.6832908e-004,5.6832908e-004,5.6832908e-004
8.6232100e+002,5.6718971e-004,5.6718971e-004,5.6718971e-004
8.6232933e+002,5.6613361e-004,5.6613361e-004,5.6613361e-004
8.6233765e+002,5.6518660e-004,5.6518660e-004,5.6518660e-004
8.6234598e+002,5.6430528e-004,5.6430528e-004,5.6430528e-004
8.6235430e+002,5.6344366e-004,5.6344366e-004,5.6344366e-004
8.6236262e+002,5.6255840e-004,5.6255840e-004,5.6255840e-004
8.6237095e+002,5.6160874e-004,5.6160874e-004,5.6160874e-004
8.6237928e+002,5.6055686e-004,5.6055686e-004,5.6055686e-004
8.6238760e+002,5.5942657e-004,5.5942657e-004,5.5942657e-004
8.6239593e+002,5.5830113e-004,5.5830113e-004,5.5830113e-004
8.6240425e+002,5.5726310e-004,5.5726310e-004,5.5726310e-004
8.6241258e+002,5.5632623e-004,5.5632623e-004,5.5632623e-004
8.6242090e+002,5.5543736e-004,5.5543736e-004,5.5543736e-004
8.6242922e+002,5.5454209e-004,5.5454209e-004,5.5454209e-004
8.6243755e+002,5.5362033e-004,5.5362033e-004,5.5362033e-004
8.6244588e+002,5.5268566e-004,5.5268566e-004,5.5268566e-004
8.6245420e+002,5.5175267e-004,5.5175267e-004,5.5175267e-004
8.6246253e+002,5.5082677e-004,5.5082677e-004,5.5082677e-004
8.6247085e+002,5.4990436e-004,5.4990436e-004,5.4990436e-004
8.6247918e+002,5.4898154e-004,5.4898154e-004,5.4898154e-004
8.6248750e+002,5.4805683e-004,5.4805683e-004,5.4805683e-004
8.6249582e+002,5.4713113e-004,5.4713113e-004,5.4713113e-004
8.6250415e+002,5.4620540e-004,5.4620540e-004,5.4620540e-004
8.6251247e+002,5.4528014e-004,5.4528014e-004,5.4528014e-004
8.6252080e+002,5.4435539e-004,5.4435539e-004,5.4435539e-004
8.6252913e+002,5.4343112e-004,5.4343112e-004,5.4343112e-004
8.6253745e+002,5.4250683e-004,5.4250683e-004,5.4250683e-004
8.6254578e+002,5.4158155e-004,5.4158155e-004,5.4158155e-004
8.6255410e+002,5.4065437e-004,5.4065437e-004,5.4065437e-004
8.6256242e+002,5.3972677e-004,5.3972677e-004,5.3972677e-004
8.6257075e+002,5.3880264e-004,5.3880264e-004,5.3880264e-004
8.6257907e+002,5.3788559e-004,5.3788559e-004,5.3788559e-004
8.6258740e+002,5.3697029e-004,5.3697029e-004,5.3697029e-004
8.6259573e+002,5.3604217e-004,5.3604217e-004,5.3604217e-004
8.6260405e+002,5.3508760e-004,5.3508760e-004,5.3508760e-004
8.6261238e+002,5.3412636e-004,5.3412636e-004,5.3412636e-004
8.6262070e+002,5.3321277e-004,5.3321277e-004,5.3321277e-004
8.6262902e+002,5.3240011e-004,5.3240011e-004,5.3240011e-004
8.6263735e+002,5.3167525e-004,5.3167525e-004,5.3167525e-004
8.6264567e+002,5.3095577e-004,5.3095577e-004,5.3095577e-004
8.6265400e+002,5.3015831e-004,5.3015831e-004,5.3015831e-004
8.6266233e+002,5.2925850e-004,5.2925850e-004,5.2925850e-004
8.6267065e+002,5.2829402e-004,5.2829402e-004,5.2829402e-004
8.6267898e+002,5.2730561e-004,5.2730561e-004,5.2730561e-004
8.6268730e+002,5.2633660e-004,5.2633660e-004,5.2633660e-004
8.6269563e+002,5.2543310e-004,5.2543310e-004,5.2543310e-004
8.6270395e+002,5.2463869e-004,5.2463869e-004,5.2463869e-004
8.6271227e+002,5.2392808e-004,5.2392808e-004,5.2392808e-004
8.6272060e+002,5.2320242e-004,5.2320242e-004,5.2320242e-004
8.6272893e+002,5.2236308e-004,5.2236308e-004,5.2236308e-004
8.6273725e+002,5.2141285e-004,5.2141285e-004,5.2141285e-004
8.6274558e+002,5.2046378e-004,5.2046378e-004,5.2046378e-004
8.6275390e+002,5.1962926e-004,5.1962926e-004,5.1962926e-004
8.6276223e+002,5.1891303e-004,5.1891303e-004,5.1891303e-004
8.6277055e+002,5.1819987e-004,5.1819987e-004,5.1819987e-004
8.6277887e+002,5.1737264e-004,5.1737264e-004,5.1737264e-004
8.6278720e+002,5.1642506e-004,5.1642506e-004,5.1642506e-004
8.6279553e+002,5.1547218e-004,5.1547218e-004,5.1547218e-004
8.6280385e+002,5.1463127e-004,5.1463127e-004,5.1463127e-004
8.6281218e+002,5.1391091e-004,5.1391091e-004,5.1391091e-004
8.6282050e+002,5.1319984e-004,5.1319984e-004,5.1319984e-004
8.6282883e+002,5.1238413e-004,5.1238413e-004,5.1238413e-004
8.6283715e+002,5.1144962e-004,5.1144962e-004,5.1144962e-004
8.6284547e+002,5.1049296e-004,5.1049296e-004,5.1049296e-004
8.6285380e+002,5.0961429e-004,5.0961429e-004,5.0961429e-004
8.6286212e+002,5.0884656e-004,5.0884656e-004,5.0884656e-004
8.6287045e+002,5.0814752e-004,5.0814752e-004,5.0814752e-004
8.6287878e+002,5.0747105e-004,5.0747105e-004,5.0747105e-004
8.6288710e+002,5.0677349e-004,5.0677349e-004,5.0677349e-004
8.6289543e+002,5.0601408e-004,5.0601408e-004,5.0601408e-004
8.6290375e+002,5.0515409e-004,5.0515409e-004,5.0515409e-004
8.6291207e+002,5.0421136e-004,5.0421136e-004,5.0421136e-004
8.6292040e+002,5.0326809e-004,5.0326809e-004,5.0326809e-004
8.6292872e+002,5.0240784e-004,5.0240784e-004,5.0240784e-004
8.6293705e+002,5.0165108e-004,5.0165108e-004,5.0165108e-004
8.6294538e+002,5.0094583e-004,5.0094583e-004,5.0094583e-004
8.6295370e+002,5.0023720e-004,5.0023720e-004,5.0023720e-004
8.6296203e+002,4.9950175e-004,4.9950175e-004,4.9950175e-004
8.6297035e+002,4.9875246e-004,4.9875246e-004,4.9875246e-004
8.6297868e+002,4.9800403e-004,4.9800403e-004,4.9800403e-004
8.6298700e+002,4.9726280e-004,4.9726280e-004,4.9726280e-004
8.6299532e+002,4.9652528e-004,4.9652528e-004,4.9652528e-004
8.6300365e+002,4.9578754e-004,4.9578754e-004,4.9578754e-004
8.6301198e+002,4.9504788e-004,4.9504788e-004,4.9504788e-004
8.6302030e+002,4.9430722e-004,4.9430722e-004,4.9430721e-004
8.6302863e+002,4.9356661e-004,4.9356661e-004,4.9356661e-004
8.6303695e+002,4.9282651e-004,4.9282651e-004,4.9282652e-004
8.6304528e+002,4.9208669e-004,4.9208669e-004,4.9208670e-004
8.6305360e+002,4.9134686e-004,4.9134686e-004,4.9134685e-004
8.6306192e+002,4.9060689e-004,4.9060689e-004,4.9060686e-004
8.6307025e+002,4.8986684e-004,4.8986684e-004,4.8986682e-004
8.6307858e+002,4.8912678e-004,4.8912678e-004,4.8912681e-004
8.6308690e+002,4.8838676e-004,4.8838676e-004,4.8838686e-004
8.6309523e+002,4.8764678e-004,4.8764678e-004,4.8764686e-004
8.6310355e+002,4.8690683e-004,4.8690683e-004,4.8690672e-004
8.6311188e+002,4.8616688e-004,4.8616688e-004,4.8616653e-004
8.6312020e+002,4.8542687e-004,4.8542687e-004,4.8542656e-004
8.6312852e+002,4.8468672e-004,4.8468672e-004,4.8468711e-004
8.6313685e+002,4.8394653e-004,4.8394653e-004,4.8394784e-004
8.6314517e+002,4.8320656e-004,4.8320656e-004,4.8320771e-004
8.6315350e+002,4.8246710e-004,4.8246710e-004,4.8246567e-004
8.6316183e+002,4.8172782e-004,4.8172782e-004,4.8172291e-004
8.6317015e+002,4.8098769e-004,4.8098769e-004,4.8098339e-004
8.6317848e+002,4.8024570e-004,4.8024570e-004,4.8025100e-004
8.6318680e+002,4.7950301e-004,4.7950301e-004,4.7952131e-004
8.6319512e+002,4.7876347e-004,4.7876347e-004,4.7877957e-004
8.6320345e+002,4.7803086e-004,4.7803086e-004,4.7801125e-004
8.6321177e+002,4.7730091e-004,4.7730091e-004,4.7723273e-004
8.6322010e+002,4.7655927e-004,4.7655927e-004,4.7649900e-004
8.6322843e+002,4.7579178e-004,4.7579178e-004,4.7586577e-004
8.6323675e+002,4.7501422e-004,4.7501422e-004,4.7532598e-004
8.6324508e+002,4.7428011e-004,4.7428011e-004,4.7479339e-004
8.6325340e+002,4.7364378e-004,4.7364378e-004,4.7417844e-004
8.6326173e+002,4.7310007e-004,4.7310007e-004,4.7345581e-004
8.6327005e+002,4.7256816e-004,4.7256816e-004,4.7268175e-004
8.6327837e+002,4.7196377e-004,4.7196377e-004,4.7191678e-004
8.6328670e+002,4.7125546e-004,4.7125546e-004,4.7118236e-004
8.6329503e+002,4.7047942e-004,4.7047942e-004,4.7044997e-004
8.6330335e+002,4.6967636e-004,4.6967636e-004,4.6968888e-004
8.6331168e+002,4.6888930e-004,4.6888930e-004,4.6890891e-004
8.6332000e+002,4.6816428e-004,4.6816428e-004,4.6817221e-004
8.6332833e+002,4.6754594e-004,4.6754594e-004,4.6754260e-004
8.6333665e+002,4.6701733e-004,4.6701733e-004,4.6701207e-004
8.6334497e+002,4.6648136e-004,4.6648136e-004,4.6647922e-004
8.6335330e+002,4.6583784e-004,4.6583784e-004,4.6583873e-004
8.6336163e+002,4.6507726e-004,4.6507726e-004,4.6507867e-004
8.6336995e+002,4.6430903e-004,4.6430903e-004,4.6430961e-004
8.6337828e+002,4.6364818e-004,4.6364818e-004,4.6364795e-004
8.6338660e+002,4.6311184e-004,4.6311184e-004,4.6311146e-004
8.6339493e+002,4.6258766e-004,4.6258766e-004,4.6258750e-004
8.6340325e+002,4.6195683e-004,4.6195683e-004,4.6195690e-004
8.6341157e+002,4.6119955e-004,4.6119955e-004,4.6119965e-004
8.6341990e+002,4.6042785e-004,4.6042785e-004,4.6042789e-004
8.6342823e+002,4.5976065e-004,4.5976065e-004,4.5976063e-004
8.6343655e+002,4.5921986e-004,4.5921986e-004,4.5921983e-004
8.6344488e+002,4.5869716e-004,4.5869716e-004,4.5869715e-004
8.6345320e+002,4.5807720e-004,4.5807720e-004,4.5807720e-004
8.6346153e+002,4.5733349e-004,4.5733349e-004,4.5733350e-004
8.6346985e+002,4.5655994e-004,4.5655994e-004,4.5655994e-004
8.6347817e+002,4.5585762e-004,4.5585762e-004,4.5585762e-004
8.6348650e+002,4.5526781e-004,4.5526781e-004,4.5526781e-004
8.6349482e+002,4.5475023e-004,4.5475023e-004,4.5475023e-004
8.6350315e+002,4.5425878e-004,4.5425878e-004,4.5425878e-004
8.6351148e+002,4.5374943e-004,4.5374943e-004,4.5374943e-004
8.6351980e+002,4.5318105e-004,4.5318105e-004,4.5318105e-004
8.6352813e+002,4.5251383e-004,4.5251383e-004,4.5251383e-004
8.6353645e+002,4.5175886e-004,4.5175886e-004,4.5175886e-004
8.6354477e+002,4.5099772e-004,4.5099772e-004,4.5099772e-004
8.6355310e+002,4.5031593e-004,4.5031593e-004,4.5031593e-004
8.6356142e+002,4.4974084e-004,4.4974084e-004,4.4974084e-004
8.6356975e+002,4.4921844e-004,4.4921844e-004,4.4921844e-004
8.6357808e+002,4.4868944e-004,4.4868944e-004,4.4868944e-004
8.6358640e+002,4.4813020e-004,4.4813020e-004,4.4813020e-004
8.6359473e+002,4.4756723e-004,4.4756723e-004,4.4756723e-004
8.6360305e+002,4.4703008e-004,4.4703008e-004,4.4703008e-004
8.6361138e+002,4.4651241e-004,4.4651241e-004,4.4651241e-004
8.6361970e+002,4.4595697e-004,4.4595697e-004,4.4595697e-004
8.6362802e+002,4.4530383e-004,4.4530383e-004,4.4530383e-004
8.6363635e+002,4.4455253e-004,4.4455253e-004,4.4455253e-004
8.6364468e+002,4.4378770e-004,4.4378770e-004,4.4378770e-004
8.6365300e+002,4.4309936e-004,4.4309936e-004,4.4309936e-004
8.6366133e+002,4.4251983e-004,4.4251983e-004,4.4251983e-004
8.6366965e+002,4.4199817e-004,4.4199817e-004,4.4199817e-004
8.6367798e+002,4.4147753e-004,4.4147753e-004,4.4147753e-004
8.6368630e+002,4.4092918e-004,4.4092918e-004,4.4092918e-004
8.6369462e+002,4.4036527e-004,4.4036527e-004,4.4036527e-004
8.6370295e+002,4.3980104e-004,4.3980104e-004,4.3980104e-004
8.6371128e+002,4.3924424e-004,4.3924424e-004,4.3924424e-004
8.6371960e+002,4.3869162e-004,4.3869162e-004,4.3869162e-004
8.6372793e+002,4.3813910e-004,4.3813910e-004,4.3813910e-004
8.6373625e+002,4.3758459e-004,4.3758459e-004,4.3758459e-004
8.6374458e+002,4.3702895e-004,4.3702895e-004,4.3702895e-004
8.6375290e+002,4.3647328e-004,4.3647328e-004,4.3647328e-004
8.6376122e+002,4.3591813e-004,4.3591813e-004,4.3591813e-004
8.6376955e+002,4.3536330e-004,4.3536330e-004,4.3536330e-004
8.6377787e+002,4.3480852e-004,4.3480852e-004,4.3480852e-004
8.6378620e+002,4.3425361e-004,4.3425361e-004,4.3425361e-004
8.6379453e+002,4.3369856e-004,4.3369856e-004,4.3369856e-004
8.6380285e+002,4.3314338e-004,4.3314338e-004,4.3314338e-004
8.6381118e+002,4.3258816e-004,4.3258816e-004,4.3258816e-004
8.6381950e+002,4.3203318e-004,4.3203318e-004,4.3203318e-004
8.6382782e+002,4.3147870e-004,4.3147870e-004,4.3147870e-004
8.6383615e+002,4.3092446e-004,4.3092446e-004,4.3092446e-004
8.6384447e+002,4.3036944e-004,4.3036944e-004,4.3036944e-004
8.6385280e+002,4.2981257e-004,4.2981257e-004,4.2981257e-004
8.6386113e+002,4.2925472e-004,4.2925472e-004,4.2925472e-004
8.6386945e+002,4.2869978e-004,4.2869978e-004,4.2869978e-004
8.6387778e+002,4.2815172e-004,4.2815172e-004,4.2815172e-004
8.6388610e+002,4.2760734e-004,4.2760734e-004,4.2760734e-004
8.6389442e+002,4.2705220e-004,4.2705220e-004,4.2705220e-004
8.6390275e+002,4.2647138e-004,4.2647138e-004,4.2647138e-004
8.6391107e+002,4.2587672e-004,4.2587672e-004,4.2587672e-004
8.6391940e+002,4.2532201e-004,4.2532201e-004,4.2532201e-004
8.6392773e+002,4.2486379e-004,4.2486379e-004,4.2486379e-004
8.6393605e+002,4.2450416e-004,4.2450416e-004,4.2450416e-004
8.6394438e+002,4.2415948e-004,4.2415948e-004,4.2415948e-004
8.6395270e+002,4.2373943e-004,4.2373943e-004,4.2373943e-004
8.6396103e+002,4.2320920e-004,4.2320920e-004,4.2320920e-004
8.6396935e+002,4.2262209e-004,4.2262209e-004,4.2262209e-004
8.6397767e+002,4.2203875e-004,4.2203875e-004,4.2203875e-004
8.6398600e+002,4.2148668e-004,4.2148668e-004,4.2148668e-004
8.6399433e+002,4.2094034e-004,4.2094034e-004,4.2094034e-004
8.6400265e+002,4.2036992e-004,4.2036992e-004,4.2036992e-004
8.6401098e+002,4.1977817e-004,4.1977817e-004,4.1977817e-004
8.6401930e+002,4.1922036e-004,4.1922036e-004,4.1922036e-004
8.6402763e+002,4.1875577e-004,4.1875577e-004,4.1875577e-004
8.6403595e+002,4.1839105e-004,4.1839105e-004,4.1839105e-004
8.6404427e+002,4.1804727e-004,4.1804727e-004,4.1804727e-004
8.6405260e+002,4.1763830e-004,4.1763830e-004,4.1763830e-004
8.6406093e+002,4.1712350e-004,4.1712350e-004,4.1712350e-004
8.6406925e+002,4.1653689e-004,4.1653689e-004,4.1653689e-004
8.6407758e+002,4.1591942e-004,4.1591942e-004,4.1591942e-004
8.6408590e+002,4.1531389e-004,4.1531389e-004,4.1531389e-004
8.6409423e+002,4.1476619e-004,4.1476619e-004,4.1476619e-004
8.6410255e+002,4.1432175e-004,4.1432175e-004,4.1432175e-004
8.6411087e+002,4.1397364e-004,4.1397364e-004,4.1397364e-004
8.6411920e+002,4.1362767e-004,4.1362767e-004,4.1362767e-004
8.6412752e+002,4.1318238e-004,4.1318238e-004,4.1318238e-004
8.6413585e+002,4.1261341e-004,4.1261341e-004,4.1261341e-004
8.6414418e+002,4.1202594e-004,4.1202594e-004,4.1202594e-004
8.6415250e+002,4.1153643e-004,4.1153643e-004,4.1153643e-004
8.6416083e+002,4.1117806e-004,4.1117806e-004,4.1117806e-004
8.6416915e+002,4.1084287e-004,4.1084287e-004,4.1084287e-004
8.6417747e+002,4.1041034e-004,4.1041034e-004,4.1041034e-004
8.6418580e+002,4.0984453e-004,4.0984453e-004,4.0984453e-004
8.6419412e+002,4.0925401e-004,4.0925401e-004,4.0925401e-004
8.6420245e+002,4.0876042e-004,4.0876042e-004,4.0876042e-004
8.6421078e+002,4.0840080e-004,4.0840080e-004,4.0840080e-004
8.6421910e+002,4.0806659e-004,4.0806659e-004,4.0806659e-004
8.6422743e+002,4.0763584e-004,4.0763584e-004,4.0763584e-004
8.6423575e+002,4.0707080e-004,4.0707080e-004,4.0707080e-004
8.6424408e+002,4.0647986e-004,4.0647986e-004,4.0647986e-004
8.6425240e+002,4.0598503e-004,4.0598503e-004,4.0598503e-004
8.6426072e+002,4.0562464e-004,4.0562464e-004,4.0562464e-004
8.6426905e+002,4.0529068e-004,4.0529068e-004,4.0529068e-004
8.6427738e+002,4.0486132e-004,4.0486132e-004,4.0486132e-004
8.6428570e+002,4.0429754e-004,4.0429754e-004,4.0429754e-004
8.6429403e+002,4.0370643e-004,4.0370643e-004,4.0370643e-004
8.6430235e+002,4.0320906e-004,4.0320906e-004,4.0320906e-004
8.6431068e+002,4.0284547e-004,4.0284547e-004,4.0284547e-004
8.6431900e+002,4.0251152e-004,4.0251152e-004,4.0251152e-004
8.6432732e+002,4.0208910e-004,4.0208910e-004,4.0208910e-004
8.6433565e+002,4.0153584e-004,4.0153584e-004,4.0153584e-004
8.6434398e+002,4.0094531e-004,4.0094531e-004,4.0094531e-004
8.6435230e+002,4.0042459e-004,4.0042459e-004,4.0042459e-004
8.6436063e+002,4.0002315e-004,4.0002315e-004,4.0002315e-004
8.6436895e+002,3.9968628e-004,3.9968628e-004,3.9968628e-004
8.6437728e+002,3.9934868e-004,3.9934868e-004,3.9934868e-004
8.6438560e+002,3.9897723e-004,3.9897723e-004,3.9897723e-004
8.6439392e+002,3.9859751e-004,3.9859751e-004,3.9859751e-004
8.6440225e+002,3.9824099e-004,3.9824099e-004,3.9824099e-004
8.6441057e+002,3.9790853e-004,3.9790853e-004,3.9790853e-004
8.6441890e+002,3.9754458e-004,3.9754458e-004,3.9754458e-004
8.6442723e+002,3.9708809e-004,3.9708809e-004,3.9708809e-004
8.6443555e+002,3.9652790e-004,3.9652790e-004,3.9652790e-004
8.6444388e+002,3.9594535e-004,3.9594535e-004,3.9594535e-004
8.6445220e+002,3.9543134e-004,3.9543134e-004,3.9543134e-004
8.6446052e+002,3.9502842e-004,3.9502842e-004,3.9502842e-004
8.6446885e+002,3.9468873e-004,3.9468873e-004,3.9468873e-004
8.6447717e+002,3.9435477e-004,3.9435477e-004,3.9435477e-004
8.6448550e+002,3.9399295e-004,3.9399295e-004,3.9399295e-004
8.6449383e+002,3.9361477e-004,3.9361477e-004,3.9361477e-004
8.6450215e+002,3.9323667e-004,3.9323667e-004,3.9323667e-004
8.6451048e+002,3.9286714e-004,3.9286714e-004,3.9286714e-004
8.6451880e+002,3.9249962e-004,3.9249962e-004,3.9249962e-004
8.6452713e+002,3.9212596e-004,3.9212596e-004,3.9212596e-004
8.6453545e+002,3.9174584e-004,3.9174584e-004,3.9174584e-004
8.6454377e+002,3.9137401e-004,3.9137401e-004,3.9137401e-004
8.6455210e+002,3.9102669e-004,3.9102669e-004,3.9102669e-004
8.6456043e+002,3.9069673e-004,3.9069673e-004,3.9069673e-004
8.6456875e+002,3.9033176e-004,3.9033176e-004,3.9033176e-004
8.6457708e+002,3.8987467e-004,3.8987467e-004,3.8987467e-004
8.6458540e+002,3.8931490e-004,3.8931490e-004,3.8931490e-004
8.6459373e+002,3.8873250e-004,3.8873250e-004,3.8873250e-004
8.6460205e+002,3.8821757e-004,3.8821757e-004,3.8821757e-004
8.6461037e+002,3.8781372e-004,3.8781372e-004,3.8781372e-004
8.6461870e+002,3.8747332e-004,3.8747332e-004,3.8747332e-004
8.6462703e+002,3.8713832e-004,3.8713832e-004,3.8713832e-004
8.6463535e+002,3.8677479e-004,3.8677479e-004,3.8677479e-004
8.6464368e+002,3.8639652e-004,3.8639652e-004,3.8639652e-004
8.6465200e+002,3.8602284e-004,3.8602284e-004,3.8602284e-004
8.6466033e+002,3.8566110e-004,3.8566110e-004,3.8566110e-004
8.6466865e+002,3.8529471e-004,3.8529471e-004,3.8529471e-004
8.6467697e+002,3.8490445e-004,3.8490445e-004,3.8490445e-004
8.6468530e+002,3.8449488e-004,3.8449488e-004,3.8449488e-004
8.6469363e+002,3.8411850e-004,3.8411850e-004,3.8411850e-004
8.6470195e+002,3.8383319e-004,3.8383319e-004,3.8383319e-004
8.6471028e+002,3.8365157e-004,3.8365157e-004,3.8365157e-004
8.6471860e+002,3.8349438e-004,3.8349438e-004,3.8349439e-004
8.6472693e+002,3.8327155e-004,3.8327155e-004,3.8327155e-004
8.6473525e+002,3.8293766e-004,3.8293766e-004,3.8293766e-004
8.6474357e+002,3.8253868e-004,3.8253868e-004,3.8253867e-004
8.6475190e+002,3.8213158e-004,3.8213158e-004,3.8213158e-004
8.6476022e+002,3.8175163e-004,3.8175163e-004,3.8175164e-004
8.6476855e+002,3.8138934e-004,3.8138934e-004,3.8138934e-004
8.6477688e+002,3.8102970e-004,3.8102970e-004,3.8102969e-004
8.6478520e+002,3.8066311e-004,3.8066311e-004,3.8066308e-004
8.6479353e+002,3.8029117e-004,3.8029117e-004,3.8029114e-004
8.6480185e+002,3.7991688e-004,3.7991688e-004,3.7991690e-004
8.6481017e+002,3.7954326e-004,3.7954326e-004,3.7954334e-004
8.6481850e+002,3.7917332e-004,3.7917332e-004,3.7917342e-004
8.6482682e+002,3.7881006e-004,3.7881006e-004,3.7881001e-004
8.6483515e+002,3.7845112e-004,3.7845112e-004,3.7845081e-004
8.6484348e+002,3.7808285e-004,3.7808285e-004,3.7808249e-004
8.6485180e+002,3.7769026e-004,3.7769026e-004,3.7769045e-004
8.6486013e+002,3.7727963e-004,3.7727963e-004,3.7728080e-004
8.6486845e+002,3.7690250e-004,3.7690250e-004,3.7690384e-004
8.6487678e+002,3.7661598e-004,3.7661598e-004,3.7661530e-004
8.6488510e+002,3.7643393e-004,3.7643393e-004,3.7642958e-004
8.6489342e+002,3.7627716e-004,3.7627716e-004,3.7627214e-004
8.6490175e+002,3.7605463e-004,3.7605463e-004,3.7605711e-004
8.6491008e+002,3.7571950e-004,3.7571950e-004,3.7573571e-004
8.6491840e+002,3.7532075e-004,3.7532075e-004,3.7533951e-004
8.6492673e+002,3.7491975e-004,3.7491975e-004,3.7491061e-004
8.6493505e+002,3.7455108e-004,3.7455108e-004,3.7449072e-004
8.6494338e+002,3.7419080e-004,3.7419080e-004,3.7412070e-004
8.6495170e+002,3.7380737e-004,3.7380737e-004,3.7384110e-004
8.6496002e+002,3.7339688e-004,3.7339688e-004,3.7365749e-004
8.6496835e+002,3.7301645e-004,3.7301645e-004,3.7349818e-004
8.6497668e+002,3.7273108e-004,3.7273108e-004,3.7328136e-004
8.6498500e+002,3.7255719e-004,3.7255719e-004,3.7296006e-004
8.6499333e+002,3.7240315e-004,3.7240315e-004,3.7256488e-004
8.6500165e+002,3.7216303e-004,3.7216303e-004,3.7213683e-004
8.6500998e+002,3.7179275e-004,3.7179275e-004,3.7171694e-004
8.6501830e+002,3.7138681e-004,3.7138681e-004,3.7134615e-004
8.6502662e+002,3.7105835e-004,3.7105835e-004,3.7106528e-004
8.6503495e+002,3.7086050e-004,3.7086050e-004,3.7088081e-004
8.6504327e+002,3.7071071e-004,3.7071071e-004,3.7072165e-004
8.6505160e+002,3.7050798e-004,3.7050798e-004,3.7050615e-004
8.6505993e+002,3.7019194e-004,3.7019194e-004,3.7018649e-004
8.6506825e+002,3.6979489e-004,3.6979489e-004,3.6979195e-004
8.6507658e+002,3.6936199e-004,3.6936199e-004,3.6936247e-004
8.6508490e+002,3.6893797e-004,3.6893797e-004,3.6893942e-004
8.6509322e+002,3.6856660e-004,3.6856660e-004,3.6856739e-004
8.6510155e+002,3.6829136e-004,3.6829136e-004,3.6829123e-004
8.6510987e+002,3.6811734e-004,3.6811734e-004,3.6811694e-004
8.6511820e+002,3.6796051e-004,3.6796051e-004,3.6796030e-004
8.6512653e+002,3.6772449e-004,3.6772449e-004,3.6772452e-004
8.6513485e+002,3.6736540e-004,3.6736540e-004,3.6736551e-004
8.6514318e+002,3.6696231e-004,3.6696231e-004,3.6696237e-004
8.6515150e+002,3.6661170e-004,3.6661170e-004,3.6661169e-004
8.6515983e+002,3.6637214e-004,3.6637214e-004,3.6637211e-004
8.6516815e+002,3.6621287e-004,3.6621287e-004,3.6621285e-004
8.6517647e+002,3.6609022e-004,3.6609022e-004,3.6609022e-004
8.6518480e+002,3.6596015e-004,3.6596015e-004,3.6596016e-004
8.6519313e+002,3.6577775e-004,3.6577775e-004,3.6577775e-004
8.6520145e+002,3.6549807e-004,3.6549807e-004,3.6549807e-004
8.6520978e+002,3.6511504e-004,3.6511504e-004,3.6511504e-004
8.6521810e+002,3.6471576e-004,3.6471576e-004,3.6471575e-004
8.6522643e+002,3.6440085e-004,3.6440085e-004,3.6440085e-004
8.6523475e+002,3.6421470e-004,3.6421470e-004,3.6421470e-004
8.6524307e+002,3.6406549e-004,3.6406549e-004,3.6406549e-004
8.6525140e+002,3.6384142e-004,3.6384142e-004,3.6384142e-004
8.6525973e+002,3.6348656e-004,3.6348656e-004,3.6348655e-004
8.6526805e+002,3.6308146e-004,3.6308146e-004,3.6308146e-004
8.6527638e+002,3.6272700e-004,3.6272700e-004,3.6272700e-004
8.6528470e+002,3.6248580e-004,3.6248580e-004,3.6248580e-004
8.6529303e+002,3.6232633e-004,3.6232633e-004,3.6232633e-004
8.6530135e+002,3.6220284e-004,3.6220284e-004,3.6220284e-004
8.6530967e+002,3.6207079e-004,3.6207079e-004,3.6207079e-004
8.6531800e+002,3.6188870e-004,3.6188870e-004,3.6188870e-004
8.6532633e+002,3.6161559e-004,3.6161559e-004,3.6161559e-004
8.6533465e+002,3.6124338e-004,3.6124338e-004,3.6124338e-004
8.6534298e+002,3.6084621e-004,3.6084621e-004,3.6084621e-004
8.6535130e+002,3.6051079e-004,3.6051079e-004,3.6051079e-004
8.6535963e+002,3.6028640e-004,3.6028640e-004,3.6028640e-004
8.6536795e+002,3.6012770e-004,3.6012770e-004,3.6012770e-004
8.6537627e+002,3.5997468e-004,3.5997468e-004,3.5997468e-004
8.6538460e+002,3.5979023e-004,3.5979023e-004,3.5979023e-004
8.6539292e+002,3.5959550e-004,3.5959550e-004,3.5959550e-004
8.6540125e+002,3.5942073e-004,3.5942073e-004,3.5942073e-004
8.6540958e+002,3.5927319e-004,3.5927319e-004,3.5927319e-004
8.6541790e+002,3.5910110e-004,3.5910110e-004,3.5910110e-004
8.6542623e+002,3.5884339e-004,3.5884339e-004,3.5884339e-004
8.6543455e+002,3.5847700e-004,3.5847700e-004,3.5847700e-004
8.6544287e+002,3.5807737e-004,3.5807737e-004,3.5807737e-004
8.6545120e+002,3.5773560e-004,3.5773560e-004,3.5773560e-004
8.6545952e+002,3.5750601e-004,3.5750601e-004,3.5750601e-004
8.6546785e+002,3.5734671e-004,3.5734671e-004,3.5734671e-004
8.6547618e+002,3.5720031e-004,3.5720031e-004,3.5720031e-004
8.6548450e+002,3.5702734e-004,3.5702734e-004,3.5702734e-004
8.6549283e+002,3.5683549e-004,3.5683549e-004,3.5683549e-004
8.6550115e+002,3.5664013e-004,3.5664013e-004,3.5664013e-004
8.6550948e+002,3.5645189e-004,3.5645189e-004,3.5645189e-004
8.6551780e+002,3.5626871e-004,3.5626871e-004,3.5626871e-004
8.6552612e+002,3.5608649e-004,3.5608649e-004,3.5608649e-004
8.6553445e+002,3.5590237e-004,3.5590237e-004,3.5590237e-004
8.6554278e+002,3.5571688e-004,3.5571688e-004,3.5571688e-004
8.6555110e+002,3.5553114e-004,3.5553114e-004,3.5553114e-004
8.6555943e+002,3.5534590e-004,3.5534590e-004,3.5534590e-004
8.6556775e+002,3.5516103e-004,3.5516103e-004,3.5516103e-004
8.6557608e+002,3.5497623e-004,3.5497623e-004,3.5497623e-004
8.6558440e+002,3.5479130e-004,3.5479130e-004,3.5479130e-004
8.6559272e+002,3.5460626e-004,3.5460626e-004,3.5460626e-004
8.6560105e+002,3.5442120e-004,3.5442120e-004,3.5442120e-004
8.6560938e+002,3.5423617e-004,3.5423617e-004,3.5423617e-004
8.6561770e+002,3.5405118e-004,3.5405118e-004,3.5405118e-004
8.6562603e+002,3.5386622e-004,3.5386622e-004,3.5386622e-004
8.6563435e+002,3.5368128e-004,3.5368128e-004,3.5368128e-004
8.6564268e+002,3.5349629e-004,3.5349629e-004,3.5349629e-004
8.6565100e+002,3.5331119e-004,3.5331119e-004,3.5331119e-004
8.6565932e+002,3.5312598e-004,3.5312598e-004,3.5312598e-004
8.6566765e+002,3.5294091e-004,3.5294091e-004,3.5294091e-004
8.6567597e+002,3.5275628e-004,3.5275628e-004,3.5275628e-004
8.6568430e+002,3.5257207e-004,3.5257207e-004,3.5257207e-004
8.6569263e+002,3.5238732e-004,3.5238732e-004,3.5238732e-004
8.6570095e+002,3.5220093e-004,3.5220093e-004,3.5220093e-004
8.6570928e+002,3.5201301e-004,3.5201301e-004,3.5201301e-004
8.6571760e+002,3.5182706e-004,3.5182706e-004,3.5182706e-004
8.6572592e+002,3.5164721e-004,3.5164721e-004,3.5164721e-004
8.6573425e+002,3.5147312e-004,3.5147312e-004,3.5147312e-004
8.6574257e+002,3.5129171e-004,3.5129171e-004,3.5129171e-004
8.6575090e+002,3.5108759e-004,3.5108759e-004,3.5108759e-004
8.6575923e+002,3.5086186e-004,3.5086186e-004,3.5086186e-004
8.6576755e+002,3.5066331e-004,3.5066331e-004,3.5066331e-004
8.6577588e+002,3.5054933e-004,3.5054933e-004,3.5054933e-004
8.6578420e+002,3.5054400e-004,3.5054400e-004,3.5054400e-004
8.6579253e+002,3.5057387e-004,3.5057387e-004,3.5057387e-004
8.6580085e+002,3.5054781e-004,3.5054781e-004,3.5054781e-004
8.6580917e+002,3.5040852e-004,3.5040852e-004,3.5040852e-004
8.6581750e+002,3.5019877e-004,3.5019877e-004,3.5019877e-004
8.6582583e+002,3.4997969e-004,3.4997969e-004,3.4997969e-004
8.6583415e+002,3.4979222e-004,3.4979222e-004,3.4979222e-004
8.6584248e+002,3.4961723e-004,3.4961723e-004,3.4961723e-004
8.6585080e+002,3.4942442e-004,3.4942442e-004,3.4942442e-004
8.6585913e+002,3.4920328e-004,3.4920328e-004,3.4920328e-004
8.6586745e+002,3.4900274e-004,3.4900274e-004,3.4900274e-004
8.6587577e+002,3.4888282e-004,3.4888282e-004,3.4888282e-004
8.6588410e+002,3.4887166e-004,3.4887166e-004,3.4887166e-004
8.6589243e+002,3.4890073e-004,3.4890073e-004,3.4890073e-004
8.6590075e+002,3.4888325e-004,3.4888325e-004,3.4888325e-004
8.6590908e+002,3.4875997e-004,3.4875997e-004,3.4875997e-004
8.6591740e+002,3.4855578e-004,3.4855578e-004,3.4855578e-004
8.6592573e+002,3.4831161e-004,3.4831161e-004,3.4831161e-004
8.6593405e+002,3.4806951e-004,3.4806951e-004,3.4806951e-004
8.6594237e+002,3.4787497e-004,3.4787497e-004,3.4787497e-004
8.6595070e+002,3.4777413e-004,3.4777413e-004,3.4777413e-004
8.6595903e+002,3.4778163e-004,3.4778163e-004,3.4778163e-004
8.6596735e+002,3.4781404e-004,3.4781404e-004,3.4781404e-004
8.6597568e+002,3.4776890e-004,3.4776890e-004,3.4776890e-004
8.6598400e+002,3.4759002e-004,3.4759002e-004,3.4759002e-004
8.6599233e+002,3.4736650e-004,3.4736650e-004,3.4736650e-004
8.6600065e+002,3.4721588e-004,3.4721588e-004,3.4721588e-004
8.6600897e+002,3.4720582e-004,3.4720582e-004,3.4720582e-004
8.6601730e+002,3.4724598e-004,3.4724598e-004,3.4724598e-004
8.6602562e+002,3.4721481e-004,3.4721481e-004,3.4721481e-004
8.6603395e+002,3.4704123e-004,3.4704123e-004,3.4704123e-004
8.6604228e+002,3.4681562e-004,3.4681562e-004,3.4681562e-004
8.6605060e+002,3.4666057e-004,3.4666057e-004,3.4666057e-004
8.6605893e+002,3.4664834e-004,3.4664834e-004,3.4664834e-004
8.6606725e+002,3.4668901e-004,3.4668901e-004,3.4668901e-004
8.6607558e+002,3.4665999e-004,3.4665999e-004,3.4665999e-004
8.6608390e+002,3.4648840e-004,3.4648840e-004,3.4648840e-004
8.6609222e+002,3.4626298e-004,3.4626298e-004,3.4626298e-004
8.6610055e+002,3.4610529e-004,3.4610529e-004,3.4610529e-004
8.6610888e+002,3.4608865e-004,3.4608865e-004,3.4608865e-004
8.6611720e+002,3.4612799e-004,3.4612799e-004,3.4612799e-004
8.6612553e+002,3.4610575e-004,3.4610575e-004,3.4610575e-004
8.6613385e+002,3.4594841e-004,3.4594841e-004,3.4594841e-004
8.6614218e+002,3.4572827e-004,3.4572827e-004,3.4572827e-004
8.6615050e+002,3.4554780e-004,3.4554780e-004,3.4554780e-004
8.6615882e+002,3.4547998e-004,3.4547998e-004,3.4547998e-004
8.6616715e+002,3.4549923e-004,3.4549923e-004,3.4549923e-004
8.6617548e+002,3.4555938e-004,3.4555938e-004,3.4555938e-004
8.6618380e+002,3.4561531e-004,3.4561531e-004,3.4561531e-004
8.6619213e+002,3.4562536e-004,3.4562536e-004,3.4562536e-004
8.6620045e+002,3.4554861e-004,3.4554861e-004,3.4554861e-004
8.6620878e+002,3.4536903e-004,3.4536903e-004,3.4536903e-004
8.6621710e+002,3.4515541e-004,3.4515541e-004,3.4515541e-004
8.6622542e+002,3.4499452e-004,3.4499452e-004,3.4499452e-004
8.6623375e+002,3.4494475e-004,3.4494475e-004,3.4494475e-004
8.6624208e+002,3.4496696e-004,3.4496696e-004,3.4496696e-004
8.6625040e+002,3.4500112e-004,3.4500112e-004,3.4500112e-004
8.6625873e+002,3.4500451e-004,3.4500451e-004,3.4500451e-004
8.6626705e+002,3.4499443e-004,3.4499443e-004,3.4499443e-004
8.6627538e+002,3.4500119e-004,3.4500119e-004,3.4500119e-004
8.6628370e+002,3.4503768e-004,3.4503768e-004,3.4503768e-004
8.6629202e+002,3.4505604e-004,3.4505604e-004,3.4505604e-004
8.6630035e+002,3.4499514e-004,3.4499514e-004,3.4499514e-004
8.6630867e+002,3.4482254e-004,3.4482254e-004,3.4482254e-004
8.6631700e+002,3.4460711e-004,3.4460711e-004,3.4460711e-004
8.6632533e+002,3.4444004e-004,3.4444004e-004,3.4444004e-004
8.6633365e+002,3.4438473e-004,3.4438473e-004,3.4438473e-004
8.6634198e+002,3.4440573e-004,3.4440573e-004,3.4440573e-004
8.6635030e+002,3.4444565e-004,3.4444565e-004,3.4444565e-004
8.6635862e+002,3.4446056e-004,3.4446056e-004,3.4446056e-004
8.6636695e+002,3.4445498e-004,3.4445498e-004,3.4445498e-004
8.6637527e+002,3.4444427e-004,3.4444427e-004,3.4444427e-004
8.6638360e+002,3.4444023e-004,3.4444023e-004,3.4444023e-004
8.6639193e+002,3.4444172e-004,3.4444172e-004,3.4444172e-004
8.6640025e+002,3.4444461e-004,3.4444461e-004,3.4444461e-004
8.6640858e+002,3.4444575e-004,3.4444575e-004,3.4444575e-004
8.6641690e+002,3.4444538e-004,3.4444538e-004,3.4444538e-004
8.6642523e+002,3.4444452e-004,3.4444452e-004,3.4444452e-004
8.6643355e+002,3.4444402e-004,3.4444402e-004,3.4444402e-004
8.6644187e+002,3.4444403e-004,3.4444403e-004,3.4444403e-004
8.6645020e+002,3.4444456e-004,3.4444456e-004,3.4444456e-004
8.6645853e+002,3.4444541e-004,3.4444541e-004,3.4444541e-004
8.6646685e+002,3.4444573e-004,3.4444573e-004,3.4444573e-004
8.6647518e+002,3.4444449e-004,3.4444449e-004,3.4444449e-004
8.6648350e+002,3.4444157e-004,3.4444157e-004,3.4444157e-004
8.6649183e+002,3.4444027e-004,3.4444027e-004,3.4444027e-004
8.6650015e+002,3.4444469e-004,3.4444469e-004,3.4444469e-004
8.6650847e+002,3.4445552e-004,3.4445552e-004,3.4445552e-004
8.6651680e+002,3.4446043e-004,3.4446043e-004,3.4446043e-004
8.6652513e+002,3.4444406e-004,3.4444406e-004,3.4444406e-004
8.6653345e+002,3.4440372e-004,3.4440372e-004,3.4440372e-004
8.6654178e+002,3.4438521e-004,3.4438521e-004,3.4438521e-004
8.6655010e+002,3.4444597e-004,3.4444597e-004,3.4444597e-004
8.6655843e+002,3.4461771e-004,3.4461771e-004,3.4461771e-004
8.6656675e+002,3.4483316e-004,3.4483316e-004,3.4483316e-004
8.6657507e+002,3.4500113e-004,3.4500113e-004,3.4500113e-004
8.6658340e+002,3.4505651e-004,3.4505651e-004,3.4505651e-004
8.6659173e+002,3.4503574e-004,3.4503574e-004,3.4503574e-004
8.6660005e+002,3.4499996e-004,3.4499996e-004,3.4499996e-004
8.6660838e+002,3.4499479e-004,3.4499479e-004,3.4499479e-004
8.6661670e+002,3.4500492e-004,3.4500492e-004,3.4500492e-004
8.6662503e+002,3.4500003e-004,3.4500003e-004,3.4500003e-004
8.6663335e+002,3.4496503e-004,3.4496503e-004,3.4496503e-004
8.6664167e+002,3.4494504e-004,3.4494504e-004,3.4494504e-004
8.6665000e+002,3.4500010e-004,3.4500010e-004,3.4500010e-004
8.6665832e+002,3.4516578e-004,3.4516578e-004,3.4516578e-004
8.6666665e+002,3.4537976e-004,3.4537976e-004,3.4537976e-004
8.6667498e+002,3.4555527e-004,3.4555527e-004,3.4555527e-004
8.6668330e+002,3.4562660e-004,3.4562660e-004,3.4562660e-004
8.6669163e+002,3.4561322e-004,3.4561322e-004,3.4561322e-004
8.6669995e+002,3.4555604e-004,3.4555604e-004,3.4555604e-004
8.6670827e+002,3.4549686e-004,3.4549686e-004,3.4549686e-004
8.6671660e+002,3.4548095e-004,3.4548095e-004,3.4548095e-004
8.6672492e+002,3.4555444e-004,3.4555444e-004,3.4555444e-004
8.6673325e+002,3.4573940e-004,3.4573940e-004,3.4573940e-004
8.6674158e+002,3.4595881e-004,3.4595881e-004,3.4595881e-004
8.6674990e+002,3.4611022e-004,3.4611022e-004,3.4611022e-004
8.6675823e+002,3.4612653e-004,3.4612653e-004,3.4612653e-004
8.6676655e+002,3.4608722e-004,3.4608722e-004,3.4608722e-004
8.6677488e+002,3.4610980e-004,3.4610980e-004,3.4610980e-004
8.6678320e+002,3.4627369e-004,3.4627369e-004,3.4627369e-004
8.6679152e+002,3.4649922e-004,3.4649922e-004,3.4649922e-004
8.6679985e+002,3.4666507e-004,3.4666507e-004,3.4666507e-004
8.6680818e+002,3.4668827e-004,3.4668827e-004,3.4668827e-004
8.6681650e+002,3.4664768e-004,3.4664768e-004,3.4664768e-004
8.6682483e+002,3.4666490e-004,3.4666490e-004,3.4666490e-004
8.6683315e+002,3.4682391e-004,3.4682391e-004,3.4682391e-004
8.6684148e+002,3.4704851e-004,3.4704851e-004,3.4704851e-004
8.6684980e+002,3.4721984e-004,3.4721984e-004,3.4721984e-004
8.6685812e+002,3.4725415e-004,3.4725415e-004,3.4725415e-004
8.6686645e+002,3.4721855e-004,3.4721855e-004,3.4721855e-004
8.6687478e+002,3.4722073e-004,3.4722073e-004,3.4722073e-004
8.6688310e+002,3.4734173e-004,3.4734173e-004,3.4734173e-004
8.6689143e+002,3.4754721e-004,3.4754721e-004,3.4754721e-004
8.6689975e+002,3.4777153e-004,3.4777153e-004,3.4777153e-004
8.6690808e+002,3.4796388e-004,3.4796388e-004,3.4796388e-004
8.6691640e+002,3.4813831e-004,3.4813831e-004,3.4813831e-004
8.6692472e+002,3.4832661e-004,3.4832661e-004,3.4832661e-004
8.6693305e+002,3.4854650e-004,3.4854650e-004,3.4854650e-004
8.6694137e+002,3.4875360e-004,3.4875360e-004,3.4875360e-004
8.6694970e+002,3.4888637e-004,3.4888637e-004,3.4888637e-004
8.6695803e+002,3.4890607e-004,3.4890607e-004,3.4890607e-004
8.6696635e+002,3.4887568e-004,3.4887568e-004,3.4887568e-004
8.6697468e+002,3.4888647e-004,3.4888647e-004,3.4888647e-004
8.6698300e+002,3.4900774e-004,3.4900774e-004,3.4900774e-004
8.6699132e+002,3.4920985e-004,3.4920985e-004,3.4920985e-004
8.6699965e+002,3.4943540e-004,3.4943540e-004,3.4943540e-004
8.6700797e+002,3.4963762e-004,3.4963762e-004,3.4963762e-004
8.6701630e+002,3.4981810e-004,3.4981810e-004,3.4981810e-004
8.6702463e+002,3.4999216e-004,3.4999216e-004,3.4999216e-004
8.6703295e+002,3.5017234e-004,3.5017234e-004,3.5017234e-004
8.6704128e+002,3.5035844e-004,3.5035844e-004,3.5035844e-004
8.6704960e+002,3.5054662e-004,3.5054662e-004,3.5054662e-004
8.6705793e+002,3.5073362e-004,3.5073362e-004,3.5073362e-004
8.6706625e+002,3.5091870e-004,3.5091870e-004,3.5091870e-004
8.6707457e+002,3.5110191e-004,3.5110191e-004,3.5110191e-004
8.6708290e+002,3.5128378e-004,3.5128378e-004,3.5128378e-004
8.6709123e+002,3.5146735e-004,3.5146735e-004,3.5146735e-004
8.6709955e+002,3.5165632e-004,3.5165632e-004,3.5165632e-004
8.6710788e+002,3.5185181e-004,3.5185181e-004,3.5185181e-004
8.6711620e+002,3.5204250e-004,3.5204250e-004,3.5204250e-004
8.6712453e+002,3.5221347e-004,3.5221347e-004,3.5221347e-004
8.6713285e+002,3.5235969e-004,3.5235969e-004,3.5235969e-004
8.6714117e+002,3.5252323e-004,3.5252323e-004,3.5252323e-004
8.6714950e+002,3.5276009e-004,3.5276009e-004,3.5276009e-004
8.6715783e+002,3.5310664e-004,3.5310664e-004,3.5310664e-004
8.6716615e+002,3.5350501e-004,3.5350501e-004,3.5350501e-004
8.6717448e+002,3.5386915e-004,3.5386915e-004,3.5386915e-004
8.6718280e+002,3.5413057e-004,3.5413057e-004,3.5413057e-004
8.6719113e+002,3.5430566e-004,3.5430566e-004,3.5430566e-004
8.6719945e+002,3.5443644e-004,3.5443644e-004,3.5443644e-004
8.6720777e+002,3.5456481e-004,3.5456481e-004,3.5456481e-004
8.6721610e+002,3.5473200e-004,3.5473200e-004,3.5473200e-004
8.6722443e+002,3.5497904e-004,3.5497904e-004,3.5497904e-004
8.6723275e+002,3.5533028e-004,3.5533028e-004,3.5533028e-004
8.6724108e+002,3.5572789e-004,3.5572789e-004,3.5572789e-004
8.6724940e+002,3.5608883e-004,3.5608883e-004,3.5608883e-004
8.6725773e+002,3.5634708e-004,3.5634708e-004,3.5634708e-004
8.6726605e+002,3.5652143e-004,3.5652143e-004,3.5652143e-004
8.6727437e+002,3.5665691e-004,3.5665691e-004,3.5665691e-004
8.6728270e+002,3.5679606e-004,3.5679606e-004,3.5679606e-004
8.6729102e+002,3.5696876e-004,3.5696876e-004,3.5696876e-004
8.6729935e+002,3.5720094e-004,3.5720094e-004,3.5720094e-004
8.6730768e+002,3.5751176e-004,3.5751176e-004,3.5751176e-004
8.6731600e+002,3.5788636e-004,3.5788636e-004,3.5788636e-004
8.6732433e+002,3.5829908e-004,3.5829908e-004,3.5829908e-004
8.6733265e+002,3.5872159e-004,3.5872159e-004,3.5872159e-004
8.6734098e+002,3.5911184e-004,3.5911184e-004,3.5911184e-004
8.6734930e+002,3.5942340e-004,3.5942340e-004,3.5942340e-004
8.6735762e+002,3.5962711e-004,3.5962711e-004,3.5962711e-004
8.6736595e+002,3.5978265e-004,3.5978265e-004,3.5978265e-004
8.6737428e+002,3.5997826e-004,3.5997826e-004,3.5997826e-004
8.6738260e+002,3.6028335e-004,3.6028335e-004,3.6028335e-004
8.6739093e+002,3.6066929e-004,3.6066929e-004,3.6066929e-004
8.6739925e+002,3.6107566e-004,3.6107566e-004,3.6107566e-004
8.6740758e+002,3.6145346e-004,3.6145346e-004,3.6145346e-004
8.6741590e+002,3.6181345e-004,3.6181345e-004,3.6181345e-004
8.6742422e+002,3.6218593e-004,3.6218593e-004,3.6218593e-004
8.6743255e+002,3.6258991e-004,3.6258991e-004,3.6258991e-004
8.6744088e+002,3.6298430e-004,3.6298430e-004,3.6298430e-004
8.6744920e+002,3.6330825e-004,3.6330825e-004,3.6330825e-004
8.6745753e+002,3.6351946e-004,3.6351946e-004,3.6351946e-004
8.6746585e+002,3.6367497e-004,3.6367497e-004,3.6367497e-004
8.6747418e+002,3.6386487e-004,3.6386487e-004,3.6386487e-004
8.6748250e+002,3.6416177e-004,3.6416177e-004,3.6416177e-004
8.6749082e+002,3.6454398e-004,3.6454398e-004,3.6454398e-004
8.6749915e+002,3.6495812e-004,3.6495812e-004,3.6495812e-004
8.6750748e+002,3.6535730e-004,3.6535730e-004,3.6535730e-004
8.6751580e+002,3.6572991e-004,3.6572991e-004,3.6572991e-004
8.6752413e+002,3.6607631e-004,3.6607631e-004,3.6607631e-004
8.6753245e+002,3.6640303e-004,3.6640303e-004,3.6640303e-004
8.6754078e+002,3.6675042e-004,3.6675042e-004,3.6675042e-004
8.6754910e+002,3.6717039e-004,3.6717039e-004,3.6717039e-004
8.6755742e+002,3.6769868e-004,3.6769868e-004,3.6769868e-004
8.6756575e+002,3.6828127e-004,3.6828127e-004,3.6828127e-004
8.6757407e+002,3.6883324e-004,3.6883324e-004,3.6883324e-004
8.6758240e+002,3.6928446e-004,3.6928446e-004,3.6928446e-004
8.6759073e+002,3.6964779e-004,3.6964779e-004,3.6964779e-004
8.6759905e+002,3.6996497e-004,3.6996497e-004,3.6996497e-004
8.6760738e+002,3.7027768e-004,3.7027768e-004,3.7027768e-004
8.6761570e+002,3.7062709e-004,3.7062709e-004,3.7062709e-004
8.6762402e+002,3.7105421e-004,3.7105421e-004,3.7105421e-004
8.6763235e+002,3.7158587e-004,3.7158587e-004,3.7158587e-004
8.6764067e+002,3.7216800e-004,3.7216800e-004,3.7216800e-004
8.6764900e+002,3.7271792e-004,3.7271792e-004,3.7271792e-004
8.6765733e+002,3.7316727e-004,3.7316727e-004,3.7316727e-004
8.6766565e+002,3.7353022e-004,3.7353022e-004,3.7353022e-004
8.6767398e+002,3.7385039e-004,3.7385039e-004,3.7385039e-004
8.6768230e+002,3.7417006e-004,3.7417006e-004,3.7417006e-004
8.6769063e+002,3.7452329e-004,3.7452329e-004,3.7452329e-004
8.6769895e+002,3.7494123e-004,3.7494123e-004,3.7494123e-004
8.6770727e+002,3.7544653e-004,3.7544653e-004,3.7544653e-004
8.6771560e+002,3.7601214e-004,3.7601214e-004,3.7601214e-004
8.6772393e+002,3.7659299e-004,3.7659299e-004,3.7659299e-004
8.6773225e+002,3.7715181e-004,3.7715181e-004,3.7715181e-004
8.6774058e+002,3.7769780e-004,3.7769780e-004,3.7769780e-004
8.6774890e+002,3.7825714e-004,3.7825714e-004,3.7825714e-004
8.6775723e+002,3.7884669e-004,3.7884669e-004,3.7884669e-004
8.6776555e+002,3.7942737e-004,3.7942737e-004,3.7942737e-004
8.6777387e+002,3.7993943e-004,3.7993943e-004,3.7993943e-004
8.6778220e+002,3.8033922e-004,3.8033922e-004,3.8033922e-004
8.6779053e+002,3.8068028e-004,3.8068028e-004,3.8068028e-004
8.6779885e+002,3.8105235e-004,3.8105235e-004,3.8105235e-004
8.6780718e+002,3.8152999e-004,3.8152999e-004,3.8152999e-004
8.6781550e+002,3.8209485e-004,3.8209485e-004,3.8209485e-004
8.6782383e+002,3.8269369e-004,3.8269369e-004,3.8269369e-004
8.6783215e+002,3.8327886e-004,3.8327886e-004,3.8327886e-004
8.6784047e+002,3.8383749e-004,3.8383749e-004,3.8383749e-004
8.6784880e+002,3.8436994e-004,3.8436994e-004,3.8436994e-004
8.6785713e+002,3.8488195e-004,3.8488195e-004,3.8488195e-004
8.6786545e+002,3.8541259e-004,3.8541259e-004,3.8541259e-004
8.6787378e+002,3.8601369e-004,3.8601369e-004,3.8601369e-004
8.6788210e+002,3.8672298e-004,3.8672298e-004,3.8672298e-004
8.6789043e+002,3.8748991e-004,3.8748991e-004,3.8748991e-004
8.6789875e+002,3.8822990e-004,3.8822990e-004,3.8822990e-004
8.6790707e+002,3.8887109e-004,3.8887109e-004,3.8887109e-004
8.6791540e+002,3.8942257e-004,3.8942257e-004,3.8942257e-004
8.6792372e+002,3.8992493e-004,3.8992493e-004,3.8992493e-004
8.6793205e+002,3.9041928e-004,3.9041928e-004,3.9041928e-004
8.6794038e+002,3.9094960e-004,3.9094960e-004,3.9094960e-004
8.6794870e+002,3.9156104e-004,3.9156104e-004,3.9156104e-004
8.6795703e+002,3.9228439e-004,3.9228439e-004,3.9228439e-004
8.6796535e+002,3.9305815e-004,3.9305815e-004,3.9305815e-004
8.6797368e+002,3.9378432e-004,3.9378432e-004,3.9378432e-004
8.6798200e+002,3.9438454e-004,3.9438454e-004,3.9438454e-004
8.6799032e+002,3.9490859e-004,3.9490859e-004,3.9490859e-004
8.6799865e+002,3.9545746e-004,3.9545746e-004,3.9545746e-004
8.6800698e+002,3.9611643e-004,3.9611643e-004,3.9611643e-004
8.6801530e+002,3.9686721e-004,3.9686721e-004,3.9686721e-004
8.6802363e+002,3.9764976e-004,3.9764976e-004,3.9764976e-004
8.6803195e+002,3.9841135e-004,3.9841135e-004,3.9841135e-004
8.6804028e+002,3.9914837e-004,3.9914837e-004,3.9914837e-004
8.6804860e+002,3.9987719e-004,3.9987719e-004,3.9987719e-004
8.6805692e+002,4.0061211e-004,4.0061211e-004,4.0061211e-004
8.6806525e+002,4.0135341e-004,4.0135341e-004,4.0135341e-004
8.6807358e+002,4.0209560e-004,4.0209560e-004,4.0209560e-004
8.6808190e+002,4.0283425e-004,4.0283425e-004,4.0283425e-004
8.6809023e+002,4.0357198e-004,4.0357198e-004,4.0357198e-004
8.6809855e+002,4.0431437e-004,4.0431437e-004,4.0431437e-004
8.6810688e+002,4.0506486e-004,4.0506486e-004,4.0506486e-004
8.6811520e+002,4.0581267e-004,4.0581267e-004,4.0581267e-004
8.6812352e+002,4.0654103e-004,4.0654103e-004,4.0654103e-004
8.6813185e+002,4.0724044e-004,4.0724044e-004,4.0724044e-004
8.6814018e+002,4.0795136e-004,4.0795136e-004,4.0795136e-004
8.6814850e+002,4.0873525e-004,4.0873525e-004,4.0873525e-004
8.6815683e+002,4.0963824e-004,4.0963824e-004,4.0963824e-004
8.6816515e+002,4.1059953e-004,4.1059953e-004,4.1059953e-004
8.6817348e+002,4.1151301e-004,4.1151301e-004,4.1151301e-004
8.6818180e+002,4.1229272e-004,4.1229272e-004,4.1229272e-004
8.6819012e+002,4.1299499e-004,4.1299499e-004,4.1299499e-004
8.6819845e+002,4.1373701e-004,4.1373701e-004,4.1373701e-004
8.6820677e+002,4.1461512e-004,4.1461512e-004,4.1461512e-004
8.6821510e+002,4.1557662e-004,4.1557662e-004,4.1557662e-004
8.6822343e+002,4.1650461e-004,4.1650461e-004,4.1650461e-004
8.6823175e+002,4.1730165e-004,4.1730165e-004,4.1730165e-004
8.6824008e+002,4.1801130e-004,4.1801130e-004,4.1801130e-004
8.6824840e+002,4.1873845e-004,4.1873845e-004,4.1873845e-004
8.6825672e+002,4.1957395e-004,4.1957395e-004,4.1957395e-004
8.6826505e+002,4.2050591e-004,4.2050591e-004,4.2050591e-004
8.6827337e+002,4.2147742e-004,4.2147742e-004,4.2147742e-004
8.6828170e+002,4.2243632e-004,4.2243632e-004,4.2243632e-004
8.6829003e+002,4.2336679e-004,4.2336679e-004,4.2336679e-004
8.6829835e+002,4.2426906e-004,4.2426906e-004,4.2426906e-004
8.6830668e+002,4.2514819e-004,4.2514819e-004,4.2514819e-004
8.6831500e+002,4.2604440e-004,4.2604440e-004,4.2604440e-004
8.6832333e+002,4.2701357e-004,4.2701357e-004,4.2701357e-004
8.6833165e+002,4.2809830e-004,4.2809830e-004,4.2809830e-004
8.6833997e+002,4.2924230e-004,4.2924230e-004,4.2924230e-004
8.6834830e+002,4.3034477e-004,4.3034477e-004,4.3034477e-004
8.6835663e+002,4.3132177e-004,4.3132177e-004,4.3132177e-004
8.6836495e+002,4.3221698e-004,4.3221698e-004,4.3221698e-004
8.6837328e+002,4.3313200e-004,4.3313200e-004,4.3313200e-004
8.6838160e+002,4.3415523e-004,4.3415523e-004,4.3415523e-004
8.6838993e+002,4.3527318e-004,4.3527318e-004,4.3527318e-004
8.6839825e+002,4.3642576e-004,4.3642576e-004,4.3642576e-004
8.6840657e+002,4.3755891e-004,4.3755891e-004,4.3755891e-004
8.6841490e+002,4.3866673e-004,4.3866673e-004,4.3866673e-004
8.6842323e+002,4.3976547e-004,4.3976547e-004,4.3976547e-004
8.6843155e+002,4.4086976e-004,4.4086976e-004,4.4086976e-004
8.6843988e+002,4.4198073e-004,4.4198073e-004,4.4198073e-004
8.6844820e+002,4.4309322e-004,4.4309322e-004,4.4309322e-004
8.6845653e+002,4.4420281e-004,4.4420281e-004,4.4420281e-004
8.6846485e+002,4.4531106e-004,4.4531106e-004,4.4531106e-004
8.6847317e+002,4.4642234e-004,4.4642234e-004,4.4642234e-004
8.6848150e+002,4.4753971e-004,4.4753971e-004,4.4753971e-004
8.6848983e+002,4.4865579e-004,4.4865579e-004,4.4865579e-004
8.6849815e+002,4.4975823e-004,4.4975823e-004,4.4975823e-004
8.6850648e+002,4.5083918e-004,4.5083918e-004,4.5083918e-004
8.6851480e+002,4.5192654e-004,4.5192654e-004,4.5192654e-004
8.6852313e+002,4.5306528e-004,4.5306528e-004,4.5306528e-004
8.6853145e+002,4.5429351e-004,4.5429351e-004,4.5429351e-004
8.6853977e+002,4.5559344e-004,4.5559344e-004,4.5559344e-004
8.6854810e+002,4.5692038e-004,4.5692038e-004,4.5692038e-004
8.6855642e+002,4.5823381e-004,4.5823381e-004,4.5823381e-004
8.6856475e+002,4.5952794e-004,4.5952794e-004,4.5952794e-004
8.6857308e+002,4.6081387e-004,4.6081387e-004,4.6081387e-004
8.6858140e+002,4.6210197e-004,4.6210197e-004,4.6210197e-004
8.6858973e+002,4.6339565e-004,4.6339565e-004,4.6339565e-004
8.6859805e+002,4.6469497e-004,4.6469497e-004,4.6469497e-004
8.6860638e+002,4.6599908e-004,4.6599908e-004,4.6599908e-004
8.6861470e+002,4.6730019e-004,4.6730019e-004,4.6730019e-004
8.6862302e+002,4.6858705e-004,4.6858705e-004,4.6858705e-004
8.6863135e+002,4.6985256e-004,4.6985256e-004,4.6985256e-004
8.6863968e+002,4.7112437e-004,4.7112437e-004,4.7112437e-004
8.6864800e+002,4.7244742e-004,4.7244742e-004,4.7244742e-004
8.6865633e+002,4.7386010e-004,4.7386010e-004,4.7386010e-004
8.6866465e+002,4.7534483e-004,4.7534483e-004,4.7534483e-004
8.6867298e+002,4.7685597e-004,4.7685597e-004,4.7685597e-004
8.6868130e+002,4.7835207e-004,4.7835207e-004,4.7835207e-004
8.6868962e+002,4.7982928e-004,4.7982928e-004,4.7982928e-004
8.6869795e+002,4.8130277e-004,4.8130277e-004,4.8130277e-004
8.6870628e+002,4.8278565e-004,4.8278565e-004,4.8278565e-004
8.6871460e+002,4.8427223e-004,4.8427223e-004,4.8427223e-004
8.6872293e+002,4.8574721e-004,4.8574721e-004,4.8574721e-004
8.6873125e+002,4.8719957e-004,4.8719957e-004,4.8719957e-004
8.6873958e+002,4.8865594e-004,4.8865594e-004,4.8865594e-004
8.6874790e+002,4.9016233e-004,4.9016233e-004,4.9016233e-004
8.6875622e+002,4.9175845e-004,4.9175845e-004,4.9175845e-004
8.6876455e+002,4.9342761e-004,4.9342761e-004,4.9342761e-004
8.6877288e+002,4.9512392e-004,4.9512392e-004,4.9512392e-004
8.6878120e+002,4.9680543e-004,4.9680543e-004,4.9680543e-004
8.6878953e+002,4.9846778e-004,4.9846778e-004,4.9846778e-004
8.6879785e+002,5.0012616e-004,5.0012616e-004,5.0012616e-004
8.6880618e+002,5.0179389e-004,5.0179389e-004,5.0179389e-004
8.6881450e+002,5.0346551e-004,5.0346551e-004,5.0346551e-004
8.6882282e+002,5.0512573e-004,5.0512573e-004,5.0512573e-004
8.6883115e+002,5.0676330e-004,5.0676330e-004,5.0676330e-004
8.6883947e+002,5.0840434e-004,5.0840434e-004,5.0840434e-004
8.6884780e+002,5.1009486e-004,5.1009486e-004,5.1009486e-004
8.6885613e+002,5.1187491e-004,5.1187491e-004,5.1187491e-004
8.6886445e+002,5.1372851e-004,5.1372851e-004,5.1372851e-004
8.6887278e+002,5.1560972e-004,5.1560972e-004,5.1560972e-004
8.6888110e+002,5.1747633e-004,5.1747633e-004,5.1747633e-004
8.6888943e+002,5.1932365e-004,5.1932365e-004,5.1932365e-004
8.6889775e+002,5.2116717e-004,5.2116717e-004,5.2116717e-004
8.6890607e+002,5.2302051e-004,5.2302051e-004,5.2302051e-004
8.6891440e+002,5.2487781e-004,5.2487781e-004,5.2487781e-004
8.6892273e+002,5.2672260e-004,5.2672260e-004,5.2672260e-004
8.6893105e+002,5.2854261e-004,5.2854261e-004,5.2854261e-004
8.6893938e+002,5.3036600e-004,5.3036600e-004,5.3036600e-004
8.6894770e+002,5.3224310e-004,5.3224310e-004,5.3224310e-004
8.6895603e+002,5.3421732e-004,5.3421732e-004,5.3421732e-004
8.6896435e+002,5.3626408e-004,5.3626408e-004,5.3626408e-004
8.6897267e+002,5.3832118e-004,5.3832118e-004,5.3832118e-004
8.6898100e+002,5.4033472e-004,5.4033472e-004,5.4033472e-004
8.6898933e+002,5.4233434e-004,5.4233434e-004,5.4233434e-004
8.6899765e+002,5.4439626e-004,5.4439626e-004,5.4439626e-004
8.6900598e+002,5.4658503e-004,5.4658503e-004,5.4658503e-004
8.6901430e+002,5.4884673e-004,5.4884673e-004,5.4884673e-004
8.6902263e+002,5.5106083e-004,5.5106083e-004,5.5106083e-004
8.6903095e+002,5.5312331e-004,5.5312331e-004,5.5312331e-004
8.6903927e+002,5.5509932e-004,5.5509932e-004,5.5509932e-004
8.6904760e+002,5.5714994e-004,5.5714994e-004,5.5714994e-004
8.6905593e+002,5.5941808e-004,5.5941808e-004,5.5941808e-004
8.6906425e+002,5.6185591e-004,5.6185591e-004,5.6185591e-004
8.6907258e+002,5.6430659e-004,5.6430659e-004,5.6430659e-004
8.6908090e+002,5.6662737e-004,5.6662737e-004,5.6662737e-004
8.6908923e+002,5.6882951e-004,5.6882951e-004,5.6882951e-004
8.6909755e+002,5.7101304e-004,5.7101304e-004,5.7101304e-004
8.6910587e+002,5.7327314e-004,5.7327314e-004,5.7327314e-004
8.6911420e+002,5.7564500e-004,5.7564500e-004,5.7564500e-004
8.6912253e+002,5.7812897e-004,5.7812897e-004,5.7812897e-004
8.6913085e+002,5.8071913e-004,5.8071913e-004,5.8071913e-004
8.6913918e+002,5.8335004e-004,5.8335004e-004,5.8335004e-004
8.6914750e+002,5.8592137e-004,5.8592137e-004,5.8592137e-004
8.6915583e+002,5.8834709e-004,5.8834709e-004,5.8834709e-004
8.6916415e+002,5.9069319e-004,5.9069319e-004,5.9069319e-004
8.6917247e+002,5.9311549e-004,5.9311549e-004,5.9311549e-004
8.6918080e+002,5.9575319e-004,5.9575319e-004,5.9575319e-004
8.6918912e+002,5.9856023e-004,5.9856023e-004,5.9856023e-004
8.6919745e+002,6.0138027e-004,6.0138027e-004,6.0138027e-004
8.6920578e+002,6.0407011e-004,6.0407011e-004,6.0407011e-004
8.6921410e+002,6.0664090e-004,6.0664090e-004,6.0664090e-004
8.6922243e+002,6.0919644e-004,6.0919644e-004,6.0919644e-004
8.6923075e+002,6.1183509e-004,6.1183509e-004,6.1183509e-004
8.6923908e+002,6.1458424e-004,6.1458424e-004,6.1458424e-004
8.6924740e+002,6.1742835e-004,6.1742835e-004,6.1742835e-004
8.6925572e+002,6.2034994e-004,6.2034994e-004,6.2034994e-004
8.6926405e+002,6.2331736e-004,6.2331736e-004,6.2331736e-004
8.6927238e+002,6.2629031e-004,6.2629031e-004,6.2629031e-004
8.6928070e+002,6.2923344e-004,6.2923344e-004,6.2923344e-004
8.6928903e+002,6.3216692e-004,6.3216692e-004,6.3216692e-004
8.6929735e+002,6.3514504e-004,6.3514504e-004,6.3514504e-004
8.6930568e+002,6.3821677e-004,6.3821677e-004,6.3821677e-004
8.6931400e+002,6.4136686e-004,6.4136686e-004,6.4136686e-004
8.6932232e+002,6.4454025e-004,6.4454025e-004,6.4454025e-004
8.6933065e+002,6.4768654e-004,6.4768654e-004,6.4768654e-004
8.6933898e+002,6.5081350e-004,6.5081350e-004,6.5081350e-004
8.6934730e+002,6.5396524e-004,6.5396524e-004,6.5396524e-004
8.6935563e+002,6.5718414e-004,6.5718414e-004,6.5718414e-004
8.6936395e+002,6.6048676e-004,6.6048676e-004,6.6048676e-004
8.6937228e+002,6.6387339e-004,6.6387339e-004,6.6387339e-004
8.6938060e+002,6.6734179e-004,6.6734179e-004,6.6734179e-004
8.6938892e+002,6.7086384e-004,6.7086384e-004,6.7086384e-004
8.6939725e+002,6.7439496e-004,6.7439496e-004,6.7439496e-004
8.6940558e+002,6.7789539e-004,6.7789539e-004,6.7789539e-004
8.6941390e+002,6.8138350e-004,6.8138350e-004,6.8138350e-004
8.6942223e+002,6.8491486e-004,6.8491486e-004,6.8491486e-004
8.6943055e+002,6.8854007e-004,6.8854007e-004,6.8854007e-004
8.6943888e+002,6.9224487e-004,6.9224487e-004,6.9224487e-004
8.6944720e+002,6.9597314e-004,6.9597314e-004,6.9597314e-004
8.6945552e+002,6.9967315e-004,6.9967315e-004,6.9967315e-004
8.6946385e+002,7.0335322e-004,7.0335322e-004,7.0335322e-004
8.6947217e+002,7.0706070e-004,7.0706070e-004,7.0706070e-004
8.6948050e+002,7.1084070e-004,7.1084070e-004,7.1084070e-004
8.6948883e+002,7.1470400e-004,7.1470400e-004,7.1470400e-004
8.6949715e+002,7.1863886e-004,7.1863886e-004,7.1863886e-004
8.6950548e+002,7.2263375e-004,7.2263375e-004,7.2263375e-004
8.6951380e+002,7.2668434e-004,7.2668434e-004,7.2668434e-004
8.6952213e+002,7.3079106e-004,7.3079106e-004,7.3079106e-004
8.6953045e+002,7.3495487e-004,7.3495487e-004,7.3495487e-004
8.6953877e+002,7.3918216e-004,7.3918216e-004,7.3918216e-004
8.6954710e+002,7.4348293e-004,7.4348293e-004,7.4348293e-004
8.6955543e+002,7.4786491e-004,7.4786491e-004,7.4786491e-004
8.6956375e+002,7.5230701e-004,7.5230701e-004,7.5230701e-004
8.6957208e+002,7.5676880e-004,7.5676880e-004,7.5676880e-004
8.6958040e+002,7.6121272e-004,7.6121272e-004,7.6121272e-004
8.6958873e+002,7.6564118e-004,7.6564118e-004,7.6564118e-004
8.6959705e+002,7.7008366e-004,7.7008366e-004,7.7008366e-004
8.6960537e+002,7.7457077e-004,7.7457077e-004,7.7457077e-004
8.6961370e+002,7.7914098e-004,7.7914098e-004,7.7914098e-004
8.6962203e+002,7.8383809e-004,7.8383809e-004,7.8383809e-004
8.6963035e+002,7.8870040e-004,7.8870040e-004,7.8870040e-004
8.6963868e+002,7.9369520e-004,7.9369520e-004,7.9369520e-004
8.6964700e+002,7.9874093e-004,7.9874093e-004,7.9874093e-004
8.6965533e+002,8.0376041e-004,8.0376041e-004,8.0376041e-004
8.6966365e+002,8.0874511e-004,8.0874511e-004,8.0874511e-004
8.6967197e+002,8.1373409e-004,8.1373409e-004,8.1373409e-004
8.6968030e+002,8.1876763e-004,8.1876763e-004,8.1876763e-004
8.6968863e+002,8.2388905e-004,8.2388905e-004,8.2388905e-004
8.6969695e+002,8.2914381e-004,8.2914381e-004,8.2914381e-004
8.6970528e+002,8.3457131e-004,8.3457131e-004,8.3457131e-004
8.6971360e+002,8.4013043e-004,8.4013043e-004,8.4013043e-004
8.6972193e+002,8.4572337e-004,8.4572337e-004,8.4572337e-004
8.6973025e+002,8.5125963e-004,8.5125963e-004,8.5125963e-004
8.6973857e+002,8.5676163e-004,8.5676163e-004,8.5676163e-004
8.6974690e+002,8.6233193e-004,8.6233193e-004,8.6233193e-004
8.6975523e+002,8.6806757e-004,8.6806757e-004,8.6806757e-004
8.6976355e+002,8.7396794e-004,8.7396794e-004,8.7396794e-004
8.6977188e+002,8.7996260e-004,8.7996260e-004,8.7996260e-004
8.6978020e+002,8.8598494e-004,8.8598494e-004,8.8598494e-004
8.6978853e+002,8.9204154e-004,8.9204154e-004,8.9204154e-004
8.6979685e+002,8.9819176e-004,8.9819176e-004,8.9819176e-004
8.6980517e+002,9.0449184e-004,9.0449184e-004,9.0449184e-004
8.6981350e+002,9.1093874e-004,9.1093874e-004,9.1093874e-004
8.6982182e+002,9.1748640e-004,9.1748640e-004,9.1748640e-004
8.6983015e+002,9.2408980e-004,9.2408980e-004,9.2408980e-004
8.6983848e+002,9.3073227e-004,9.3073227e-004,9.3073227e-004
8.6984680e+002,9.3741793e-004,9.3741793e-004,9.3741793e-004
8.6985513e+002,9.4415232e-004,9.4415232e-004,9.4415232e-004
8.6986345e+002,9.5095415e-004,9.5095415e-004,9.5095415e-004
8.6987178e+002,9.5785185e-004,9.5785185e-004,9.5785185e-004
8.6988010e+002,9.6487314e-004,9.6487314e-004,9.6487314e-004
8.6988842e+002,9.7203217e-004,9.7203217e-004,9.7203217e-004
8.6989675e+002,9.7933301e-004,9.7933301e-004,9.7933301e-004
8.6990508e+002,9.8677766e-004,9.8677766e-004,9.8677766e-004
8.6991340e+002,9.9434216e-004,9.9434216e-004,9.9434216e-004
8.6992173e+002,1.0019831e-003,1.0019831e-003,1.0019831e-003
8.6993005e+002,1.0096599e-003,1.0096599e-003,1.0096599e-003
8.6993838e+002,1.0173824e-003,1.0173824e-003,1.0173824e-003
8.6994670e+002,1.0251986e-003,1.0251986e-003,1.0251986e-003
8.6995502e+002,1.0331544e-003,1.0331544e-003,1.0331544e-003
8.6996335e+002,1.0412541e-003,1.0412541e-003,1.0412541e-003
8.6997168e+002,1.0494703e-003,1.0494703e-003,1.0494703e-003
8.6998000e+002,1.0577781e-003,1.0577781e-003,1.0577781e-003
8.6998833e+002,1.0662024e-003,1.0662024e-003,1.0662024e-003
8.6999665e+002,1.0748062e-003,1.0748062e-003,1.0748062e-003
8.7000498e+002,1.0836478e-003,1.0836478e-003,1.0836478e-003
8.7001330e+002,1.0926943e-003,1.0926943e-003,1.0926943e-003
8.7002162e+002,1.1018423e-003,1.1018423e-003,1.1018423e-003
8.7002995e+002,1.1109943e-003,1.1109943e-003,1.1109943e-003
8.7003828e+002,1.1201681e-003,1.1201681e-003,1.1201681e-003
8.7004660e+002,1.1294714e-003,1.1294714e-003,1.1294714e-003
8.7005493e+002,1.1390075e-003,1.1390075e-003,1.1390075e-003
8.7006325e+002,1.1487732e-003,1.1487732e-003,1.1487732e-003
8.7007158e+002,1.1586813e-003,1.1586813e-003,1.1586813e-003
8.7007990e+002,1.1686497e-003,1.1686497e-003,1.1686497e-003
8.7008822e+002,1.1787099e-003,1.1787099e-003,1.1787099e-003
8.7009655e+002,1.1889839e-003,1.1889839e-003,1.1889839e-003
8.7010487e+002,1.1995866e-003,1.1995866e-003,1.1995866e-003
8.7011320e+002,1.2104808e-003,1.2104808e-003,1.2104808e-003
8.7012153e+002,1.2215079e-003,1.2215079e-003,1.2215079e-003
8.7012985e+002,1.2325163e-003,1.2325163e-003,1.2325163e-003
8.7013818e+002,1.2435217e-003,1.2435217e-003,1.2435217e-003
8.7014650e+002,1.2546747e-003,1.2546747e-003,1.2546747e-003
8.7015483e+002,1.2661216e-003,1.2661216e-003,1.2661216e-003
8.7016315e+002,1.2778824e-003,1.2778824e-003,1.2778824e-003
8.7017147e+002,1.2898741e-003,1.2898741e-003,1.2898741e-003
8.7017980e+002,1.3020157e-003,1.3020157e-003,1.3020157e-003
8.7018813e+002,1.3143060e-003,1.3143060e-003,1.3143060e-003
8.7019645e+002,1.3268096e-003,1.3268096e-003,1.3268096e-003
8.7020478e+002,1.3395889e-003,1.3395889e-003,1.3395889e-003
8.7021310e+002,1.3526421e-003,1.3526421e-003,1.3526421e-003
8.7022143e+002,1.3659143e-003,1.3659143e-003,1.3659143e-003
8.7022975e+002,1.3793521e-003,1.3793521e-003,1.3793521e-003
8.7023807e+002,1.3929502e-003,1.3929502e-003,1.3929502e-003
8.7024640e+002,1.4067438e-003,1.4067438e-003,1.4067438e-003
8.7025473e+002,1.4207689e-003,1.4207689e-003,1.4207689e-003
8.7026305e+002,1.4350609e-003,1.4350609e-003,1.4350609e-003
8.7027138e+002,1.4496542e-003,1.4496542e-003,1.4496542e-003
8.7027970e+002,1.4645806e-003,1.4645806e-003,1.4645806e-003
8.7028803e+002,1.4798278e-003,1.4798278e-003,1.4798278e-003
8.7029635e+002,1.4953462e-003,1.4953462e-003,1.4953462e-003
8.7030467e+002,1.5110881e-003,1.5110881e-003,1.5110881e-003
8.7031300e+002,1.5270551e-003,1.5270551e-003,1.5270551e-003
8.7032133e+002,1.5432913e-003,1.5432913e-003,1.5432913e-003
8.7032965e+002,1.5598405e-003,1.5598405e-003,1.5598405e-003
8.7033798e+002,1.5767193e-003,1.5767193e-003,1.5767193e-003
8.7034630e+002,1.5939206e-003,1.5939206e-003,1.5939206e-003
8.7035463e+002,1.6114365e-003,1.6114365e-003,1.6114365e-003
8.7036295e+002,1.6292557e-003,1.6292557e-003,1.6292557e-003
8.7037127e+002,1.6473638e-003,1.6473638e-003,1.6473638e-003
8.7037960e+002,1.6657487e-003,1.6657487e-003,1.6657487e-003
8.7038793e+002,1.6844391e-003,1.6844391e-003,1.6844391e-003
8.7039625e+002,1.7034990e-003,1.7034990e-003,1.7034990e-003
8.7040458e+002,1.7229920e-003,1.7229920e-003,1.7229920e-003
8.7041290e+002,1.7429478e-003,1.7429478e-003,1.7429478e-003
8.7042123e+002,1.7633668e-003,1.7633668e-003,1.7633668e-003
8.7042955e+002,1.7842464e-003,1.7842464e-003,1.7842464e-003
8.7043787e+002,1.8055531e-003,1.8055531e-003,1.8055531e-003
8.7044620e+002,1.8272255e-003,1.8272255e-003,1.8272255e-003
8.7045452e+002,1.8492067e-003,1.8492067e-003,1.8492067e-003
8.7046285e+002,1.8715348e-003,1.8715348e-003,1.8715348e-003
8.7047118e+002,1.8943332e-003,1.8943332e-003,1.8943332e-003
8.7047950e+002,1.9177229e-003,1.9177229e-003,1.9177229e-003
8.7048783e+002,1.9417241e-003,1.9417241e-003,1.9417241e-003
8.7049615e+002,1.9662662e-003,1.9662662e-003,1.9662662e-003
8.7050448e+002,1.9912783e-003,1.9912783e-003,1.9912783e-003
8.7051280e+002,2.0167500e-003,2.0167500e-003,2.0167500e-003
8.7052112e+002,2.0427253e-003,2.0427253e-003,2.0427253e-003
8.7052945e+002,2.0692494e-003,2.0692494e-003,2.0692494e-003
8.7053778e+002,2.0963508e-003,2.0963508e-003,2.0963508e-003
8.7054610e+002,2.1240431e-003,2.1240431e-003,2.1240431e-003
8.7055443e+002,2.1523392e-003,2.1523392e-003,2.1523392e-003
8.7056275e+002,2.1812588e-003,2.1812588e-003,2.1812588e-003
8.7057108e+002,2.2108274e-003,2.2108274e-003,2.2108274e-003
8.7057940e+002,2.2410703e-003,2.2410703e-003,2.2410703e-003
8.7058772e+002,2.2720035e-003,2.2720035e-003,2.2720035e-003
8.7059605e+002,2.3036349e-003,2.3036349e-003,2.3036349e-003
8.7060438e+002,2.3359733e-003,2.3359733e-003,2.3359733e-003
8.7061270e+002,2.3690574e-003,2.3690574e-003,2.3690574e-003
8.7062103e+002,2.4029539e-003,2.4029539e-003,2.4029539e-003
8.7062935e+002,2.4377284e-003,2.4377284e-003,2.4377284e-003
8.7063768e+002,2.4733967e-003,2.4733967e-003,2.4733967e-003
8.7064600e+002,2.5099283e-003,2.5099283e-003,2.5099283e-003
8.7065432e+002,2.5472929e-003,2.5472929e-003,2.5472929e-003
8.7066265e+002,2.5855067e-003,2.5855067e-003,2.5855067e-003
8.7067098e+002,2.6246298e-003,2.6246298e-003,2.6246298e-003
8.7067930e+002,2.6647234e-003,2.6647234e-003,2.6647234e-003
8.7068763e+002,2.7058337e-003,2.7058337e-003,2.7058337e-003
8.7069595e+002,2.7479920e-003,2.7479920e-003,2.7479920e-003
8.7070428e+002,2.7912300e-003,2.7912300e-003,2.7912300e-003
8.7071260e+002,2.8355937e-003,2.8355937e-003,2.8355937e-003
8.7072092e+002,2.8811431e-003,2.8811431e-003,2.8811431e-003
8.7072925e+002,2.9279370e-003,2.9279370e-003,2.9279370e-003
8.7073757e+002,2.9759912e-003,2.9759912e-003,2.9759912e-003
8.7074590e+002,3.0252806e-003,3.0252806e-003,3.0252806e-003
8.7075423e+002,3.0757822e-003,3.0757822e-003,3.0757822e-003
8.7076255e+002,3.1275692e-003,3.1275692e-003,3.1275692e-003
8.7077088e+002,3.1808083e-003,3.1808083e-003,3.1808083e-003
8.7077920e+002,3.2356658e-003,3.2356658e-003,3.2356658e-003
8.7078753e+002,3.2922060e-003,3.2922060e-003,3.2922060e-003
8.7079585e+002,3.3503927e-003,3.3503927e-003,3.3503927e-003
8.7080417e+002,3.4101884e-003,3.4101884e-003,3.4101884e-003
8.7081250e+002,3.4716304e-003,3.4716304e-003,3.4716304e-003
8.7082083e+002,3.5348304e-003,3.5348304e-003,3.5348304e-003
8.7082915e+002,3.5999023e-003,3.5999023e-003,3.5999023e-003
8.7083748e+002,3.6669403e-003,3.6669403e-003,3.6669403e-003
8.7084580e+002,3.7360192e-003,3.7360192e-003,3.7360192e-003
8.7085413e+002,3.8072128e-003,3.8072128e-003,3.8072128e-003
8.7086245e+002,3.8805993e-003,3.8805993e-003,3.8805993e-003
8.7087077e+002,3.9562610e-003,3.9562610e-003,3.9562610e-003
8.7087910e+002,4.0342806e-003,4.0342806e-003,4.0342806e-003
8.7088743e+002,4.1147436e-003,4.1147436e-003,4.1147436e-003
8.7089575e+002,4.1977381e-003,4.1977381e-003,4.1977381e-003
8.7090408e+002,4.2833543e-003,4.2833543e-003,4.2833543e-003
8.7091240e+002,4.3717254e-003,4.3717254e-003,4.3717254e-003
8.7092073e+002,4.4630289e-003,4.4630289e-003,4.4630289e-003
8.7092905e+002,4.5574417e-003,4.5574417e-003,4.5574417e-003
8.7093737e+002,4.6550827e-003,4.6550827e-003,4.6550827e-003
8.7094570e+002,4.7560099e-003,4.7560099e-003,4.7560099e-003
8.7095403e+002,4.8602818e-003,4.8602818e-003,4.8602818e-003
8.7096235e+002,4.9680313e-003,4.9680313e-003,4.9680313e-003
8.7097068e+002,5.0794692e-003,5.0794692e-003,5.0794692e-003
8.7097900e+002,5.1948097e-003,5.1948097e-003,5.1948097e-003
8.7098733e+002,5.3142575e-003,5.3142575e-003,5.3142575e-003
8.7099565e+002,5.4380075e-003,5.4380075e-003,5.4380075e-003
8.7100397e+002,5.5662526e-003,5.5662526e-003,5.5662526e-003
8.7101230e+002,5.6991492e-003,5.6991492e-003,5.6991492e-003
8.7102063e+002,5.8368150e-003,5.8368150e-003,5.8368150e-003
8.7102895e+002,5.9793697e-003,5.9793697e-003,5.9793697e-003
8.7103728e+002,6.1270306e-003,6.1270306e-003,6.1270306e-003
8.7104560e+002,6.2801194e-003,6.2801194e-003,6.2801194e-003
8.7105393e+002,6.4389605e-003,6.4389605e-003,6.4389605e-003
8.7106225e+002,6.6038089e-003,6.6038089e-003,6.6038089e-003
8.7107057e+002,6.7748449e-003,6.7748449e-003,6.7748449e-003
8.7107890e+002,6.9522479e-003,6.9522479e-003,6.9522479e-003
8.7108722e+002,7.1362627e-003,7.1362627e-003,7.1362627e-003
8.7109555e+002,7.3272060e-003,7.3272060e-003,7.3272060e-003
8.7110388e+002,7.5253969e-003,7.5253969e-003,7.5253969e-003
8.7111220e+002,7.7311299e-003,7.7311299e-003,7.7311299e-003
8.7112053e+002,7.9446725e-003,7.9446725e-003,7.9446725e-003
8.7112885e+002,8.1662922e-003,8.1662922e-003,8.1662922e-003
8.7113718e+002,8.3962891e-003,8.3962891e-003,8.3962891e-003
8.7114550e+002,8.6349999e-003,8.6349999e-003,8.6349999e-003
8.7115382e+002,8.8827632e-003,8.8827632e-003,8.8827632e-003
8.7116215e+002,9.1399226e-003,9.1399226e-003,9.1399226e-003
8.7117048e+002,9.4068272e-003,9.4068272e-003,9.4068272e-003
8.7117880e+002,9.6838245e-003,9.6838245e-003,9.6838245e-003
8.7118713e+002,9.9712098e-003,9.9712098e-003,9.9712098e-003
8.7119545e+002,1.0269219e-002,1.0269219e-002,1.0269219e-002
8.7120378e+002,1.0578090e-002,1.0578090e-002,1.0578090e-002
8.7121210e+002,1.0898152e-002,1.0898152e-002,1.0898152e-002
8.7122042e+002,1.1229838e-002,1.1229838e-002,1.1229838e-002
8.7122875e+002,1.1573587e-002,1.1573587e-002,1.1573587e-002
8.7123708e+002,1.1929736e-002,1.1929736e-002,1.1929736e-002
8.7124540e+002,1.2298514e-002,1.2298514e-002,1.2298514e-002
8.7125373e+002,1.2680143e-002,1.2680143e-002,1.2680143e-002
8.7126205e+002,1.3074869e-002,1.3074869e-002,1.3074869e-002
8.7127038e+002,1.3482963e-002,1.3482963e-002,1.3482963e-002
8.7127870e+002,1.3904698e-002,1.3904698e-002,1.3904698e-002
8.7128702e+002,1.4340294e-002,1.4340294e-002,1.4340294e-002
8.7129535e+002,1.4789919e-002,1.4789919e-002,1.4789919e-002
8.7130368e+002,1.5253733e-002,1.5253733e-002,1.5253733e-002
8.7131200e+002,1.5731911e-002,1.5731911e-002,1.5731911e-002
8.7132033e+002,1.6224637e-002,1.6224637e-002,1.6224637e-002
8.7132865e+002,1.6732094e-002,1.6732094e-002,1.6732094e-002
8.7133698e+002,1.7254305e-002,1.7254305e-002,1.7254305e-002
8.7134530e+002,1.7791114e-002,1.7791114e-002,1.7791114e-002
8.7135362e+002,1.8342354e-002,1.8342354e-002,1.8342354e-002
8.7136195e+002,1.8907930e-002,1.8907930e-002,1.8907930e-002
8.7137027e+002,1.9487833e-002,1.9487833e-002,1.9487833e-002
8.7137860e+002,2.0082052e-002,2.0082052e-002,2.0082052e-002
8.7138693e+002,2.0690393e-002,2.0690393e-002,2.0690393e-002
8.7139525e+002,2.1312440e-002,2.1312440e-002,2.1312440e-002
8.7140358e+002,2.1947766e-002,2.1947766e-002,2.1947766e-002
8.7141190e+002,2.2595910e-002,2.2595910e-002,2.2595910e-002
8.7142023e+002,2.3256373e-002,2.3256373e-002,2.3256373e-002
8.7142855e+002,2.3928652e-002,2.3928652e-002,2.3928652e-002
8.7143687e+002,2.4612182e-002,2.4612182e-002,2.4612182e-002
8.7144520e+002,2.5306322e-002,2.5306322e-002,2.5306322e-002
8.7145353e+002,2.6010424e-002,2.6010424e-002,2.6010424e-002
8.7146185e+002,2.6723693e-002,2.6723693e-002,2.6723693e-002
8.7147018e+002,2.7445160e-002,2.7445160e-002,2.7445160e-002
8.7147850e+002,2.8173843e-002,2.8173843e-002,2.8173843e-002
8.7148683e+002,2.8908710e-002,2.8908710e-002,2.8908710e-002
8.7149515e+002,2.9648672e-002,2.9648672e-002,2.9648672e-002
8.7150347e+002,3.0392632e-002,3.0392632e-002,3.0392632e-002
8.7151180e+002,3.1139409e-002,3.1139409e-002,3.1139409e-002
8.7152013e+002,3.1887722e-002,3.1887722e-002,3.1887722e-002
8.7152845e+002,3.2636278e-002,3.2636278e-002,3.2636278e-002
8.7153678e+002,3.3383694e-002,3.3383694e-002,3.3383694e-002
8.7154510e+002,3.4128477e-002,3.4128477e-002,3.4128477e-002
8.7155343e+002,3.4869122e-002,3.4869122e-002,3.4869122e-002
8.7156175e+002,3.5604102e-002,3.5604102e-002,3.5604102e-002
8.7157007e+002,3.6331852e-002,3.6331852e-002,3.6331852e-002
8.7157840e+002,3.7050808e-002,3.7050808e-002,3.7050808e-002
8.7158673e+002,3.7759393e-002,3.7759393e-002,3.7759393e-002
8.7159505e+002,3.8456016e-002,3.8456016e-002,3.8456016e-002
8.7160338e+002,3.9139081e-002,3.9139081e-002,3.9139081e-002
8.7161170e+002,3.9806912e-002,3.9806912e-002,3.9806912e-002
8.7162003e+002,4.0457726e-002,4.0457726e-002,4.0457726e-002
8.7162835e+002,4.1089739e-002,4.1089739e-002,4.1089739e-002
8.7163667e+002,4.1701298e-002,4.1701298e-002,4.1701298e-002
8.7164500e+002,4.2290924e-002,4.2290924e-002,4.2290924e-002
8.7165333e+002,4.2857150e-002,4.2857150e-002,4.2857150e-002
8.7166165e+002,4.3398461e-002,4.3398461e-002,4.3398461e-002
8.7166998e+002,4.3913291e-002,4.3913291e-002,4.3913291e-002
8.7167830e+002,4.4400071e-002,4.4400071e-002,4.4400071e-002
8.7168663e+002,4.4857372e-002,4.4857372e-002,4.4857372e-002
8.7169495e+002,4.5283956e-002,4.5283956e-002,4.5283956e-002
8.7170328e+002,4.5678594e-002,4.5678594e-002,4.5678594e-002
8.7171160e+002,4.6040146e-002,4.6040146e-002,4.6040146e-002
8.7171992e+002,4.6367580e-002,4.6367580e-002,4.6367580e-002
8.7172825e+002,4.6659878e-002,4.6659878e-002,4.6659878e-002
8.7173658e+002,4.6916147e-002,4.6916147e-002,4.6916147e-002
8.7174490e+002,4.7135662e-002,4.7135662e-002,4.7135662e-002
8.7175323e+002,4.7317715e-002,4.7317715e-002,4.7317715e-002
8.7176155e+002,4.7461708e-002,4.7461708e-002,4.7461708e-002
8.7176988e+002,4.7567193e-002,4.7567193e-002,4.7567193e-002
8.7177820e+002,4.7633737e-002,4.7633737e-002,4.7633737e-002
8.7178652e+002,4.7661136e-002,4.7661136e-002,4.7661136e-002
8.7179485e+002,4.7649490e-002,4.7649490e-002,4.7649490e-002
8.7180318e+002,4.7598922e-002,4.7598922e-002,4.7598922e-002
8.7181150e+002,4.7509585e-002,4.7509585e-002,4.7509585e-002
8.7181983e+002,4.7381668e-002,4.7381668e-002,4.7381668e-002
8.7182815e+002,4.7215368e-002,4.7215368e-002,4.7215368e-002
8.7183648e+002,4.7011139e-002,4.7011139e-002,4.7011139e-002
8.7184480e+002,4.6769788e-002,4.6769788e-002,4.6769788e-002
8.7185312e+002,4.6492148e-002,4.6492148e-002,4.6492148e-002
8.7186145e+002,4.6179084e-002,4.6179084e-002,4.6179084e-002
8.7186978e+002,4.5831501e-002,4.5831501e-002,4.5831501e-002
8.7187810e+002,4.5450312e-002,4.5450312e-002,4.5450312e-002
8.7188643e+002,4.5036592e-002,4.5036592e-002,4.5036592e-002
8.7189475e+002,4.4591637e-002,4.4591637e-002,4.4591637e-002
8.7190308e+002,4.4116763e-002,4.4116763e-002,4.4116763e-002
8.7191140e+002,4.3613345e-002,4.3613345e-002,4.3613345e-002
8.7191972e+002,4.3082842e-002,4.3082842e-002,4.3082842e-002
8.7192805e+002,4.2526720e-002,4.2526720e-002,4.2526720e-002
8.7193638e+002,4.1946485e-002,4.1946485e-002,4.1946485e-002
8.7194470e+002,4.1343694e-002,4.1343694e-002,4.1343694e-002
8.7195303e+002,4.0719911e-002,4.0719911e-002,4.0719911e-002
8.7196135e+002,4.0076729e-002,4.0076729e-002,4.0076729e-002
8.7196968e+002,3.9415783e-002,3.9415783e-002,3.9415783e-002
8.7197800e+002,3.8738710e-002,3.8738710e-002,3.8738710e-002
8.7198632e+002,3.8047188e-002,3.8047188e-002,3.8047188e-002
8.7199465e+002,3.7342943e-002,3.7342943e-002,3.7342943e-002
8.7200297e+002,3.6627705e-002,3.6627705e-002,3.6627705e-002
8.7201130e+002,3.5903127e-002,3.5903127e-002,3.5903127e-002
8.7201963e+002,3.5170745e-002,3.5170745e-002,3.5170745e-002
8.7202795e+002,3.4432084e-002,3.4432084e-002,3.4432084e-002
8.7203628e+002,3.3688668e-002,3.3688668e-002,3.3688668e-002
8.7204460e+002,3.2942011e-002,3.2942011e-002,3.2942011e-002
8.7205293e+002,3.2193627e-002,3.2193627e-002,3.2193627e-002
8.7206125e+002,3.1444936e-002,3.1444936e-002,3.1444936e-002
8.7206957e+002,3.0697228e-002,3.0697228e-002,3.0697228e-002
8.7207790e+002,2.9951779e-002,2.9951779e-002,2.9951779e-002
8.7208623e+002,2.9209809e-002,2.9209809e-002,2.9209809e-002
8.7209455e+002,2.8472455e-002,2.8472455e-002,2.8472455e-002
8.7210288e+002,2.7740848e-002,2.7740848e-002,2.7740848e-002
8.7211120e+002,2.7016056e-002,2.7016056e-002,2.7016056e-002
8.7211953e+002,2.6299055e-002,2.6299055e-002,2.6299055e-002
8.7212785e+002,2.5590813e-002,2.5590813e-002,2.5590813e-002
8.7213617e+002,2.4892178e-002,2.4892178e-002,2.4892178e-002
8.7214450e+002,2.4203821e-002,2.4203821e-002,2.4203821e-002
8.7215283e+002,2.3526396e-002,2.3526396e-002,2.3526396e-002
8.7216115e+002,2.2860535e-002,2.2860535e-002,2.2860535e-002
8.7216948e+002,2.2206837e-002,2.2206837e-002,2.2206837e-002
8.7217780e+002,2.1565892e-002,2.1565892e-002,2.1565892e-002
8.7218613e+002,2.0938182e-002,2.0938182e-002,2.0938182e-002
8.7219445e+002,2.0324010e-002,2.0324010e-002,2.0324010e-002
8.7220277e+002,1.9723668e-002,1.9723668e-002,1.9723668e-002
8.7221110e+002,1.9137416e-002,1.9137416e-002,1.9137416e-002
8.7221943e+002,1.8565471e-002,1.8565471e-002,1.8565471e-002
8.7222775e+002,1.8008043e-002,1.8008043e-002,1.8008043e-002
8.7223608e+002,1.7465254e-002,1.7465254e-002,1.7465254e-002
8.7224440e+002,1.6937083e-002,1.6937083e-002,1.6937083e-002
8.7225273e+002,1.6423498e-002,1.6423498e-002,1.6423498e-002
8.7226105e+002,1.5924448e-002,1.5924448e-002,1.5924448e-002
8.7226937e+002,1.5439851e-002,1.5439851e-002,1.5439851e-002
8.7227770e+002,1.4969622e-002,1.4969622e-002,1.4969622e-002
8.7228603e+002,1.4513663e-002,1.4513663e-002,1.4513663e-002
8.7229435e+002,1.4071853e-002,1.4071853e-002,1.4071853e-002
8.7230268e+002,1.3644069e-002,1.3644069e-002,1.3644069e-002
8.7231100e+002,1.3230128e-002,1.3230128e-002,1.3230128e-002
8.7231933e+002,1.2829751e-002,1.2829751e-002,1.2829751e-002
8.7232765e+002,1.2442649e-002,1.2442649e-002,1.2442649e-002
8.7233598e+002,1.2068521e-002,1.2068521e-002,1.2068521e-002
8.7234430e+002,1.1707042e-002,1.1707042e-002,1.1707042e-002
8.7235262e+002,1.1357886e-002,1.1357886e-002,1.1357886e-002
8.7236095e+002,1.1020753e-002,1.1020753e-002,1.1020753e-002
8.7236928e+002,1.0695388e-002,1.0695388e-002,1.0695388e-002
8.7237760e+002,1.0381538e-002,1.0381538e-002,1.0381538e-002
8.7238593e+002,1.0078903e-002,1.0078903e-002,1.0078903e-002
8.7239425e+002,9.7870981e-003,9.7870981e-003,9.7870981e-003
8.7240258e+002,9.5057320e-003,9.5057320e-003,9.5057320e-003
8.7241090e+002,9.2344551e-003,9.2344551e-003,9.2344551e-003
8.7241922e+002,8.9729866e-003,8.9729866e-003,8.9729866e-003
8.7242755e+002,8.7210515e-003,8.7210515e-003,8.7210515e-003
8.7243588e+002,8.4783459e-003,8.4783459e-003,8.4783459e-003
8.7244420e+002,8.2445181e-003,8.2445181e-003,8.2445181e-003
8.7245253e+002,8.0192122e-003,8.0192122e-003,8.0192122e-003
8.7246085e+002,7.8021026e-003,7.8021026e-003,7.8021026e-003
8.7246918e+002,7.5929151e-003,7.5929151e-003,7.5929151e-003
8.7247750e+002,7.3913800e-003,7.3913800e-003,7.3913800e-003
8.7248582e+002,7.1972212e-003,7.1972212e-003,7.1972212e-003
8.7249415e+002,7.0101503e-003,7.0101503e-003,7.0101503e-003
8.7250248e+002,6.8298783e-003,6.8298783e-003,6.8298783e-003
8.7251080e+002,6.6561132e-003,6.6561132e-003,6.6561132e-003
8.7251913e+002,6.4885584e-003,6.4885584e-003,6.4885584e-003
8.7252745e+002,6.3269178e-003,6.3269178e-003,6.3269178e-003
8.7253578e+002,6.1709551e-003,6.1709551e-003,6.1709551e-003
8.7254410e+002,6.0205368e-003,6.0205368e-003,6.0205368e-003
8.7255242e+002,5.8755391e-003,5.8755391e-003,5.8755391e-003
8.7256075e+002,5.7357710e-003,5.7357710e-003,5.7357710e-003
8.7256908e+002,5.6009262e-003,5.6009262e-003,5.6009262e-003
8.7257740e+002,5.4706875e-003,5.4706875e-003,5.4706875e-003
8.7258573e+002,5.3448182e-003,5.3448182e-003,5.3448182e-003
8.7259405e+002,5.2232227e-003,5.2232227e-003,5.2232227e-003
8.7260238e+002,5.1058191e-003,5.1058191e-003,5.1058191e-003
8.7261070e+002,4.9924791e-003,4.9924791e-003,4.9924791e-003
8.7261902e+002,4.8829935e-003,4.8829935e-003,4.8829935e-003
8.7262735e+002,4.7771447e-003,4.7771447e-003,4.7771447e-003
8.7263567e+002,4.6747363e-003,4.6747363e-003,4.6747363e-003
8.7264400e+002,4.5756088e-003,4.5756088e-003,4.5756088e-003
8.7265233e+002,4.4796069e-003,4.4796069e-003,4.4796069e-003
8.7266065e+002,4.3866206e-003,4.3866206e-003,4.3866206e-003
8.7266898e+002,4.2966199e-003,4.2966199e-003,4.2966199e-003
8.7267730e+002,4.2095827e-003,4.2095827e-003,4.2095827e-003
8.7268563e+002,4.1254104e-003,4.1254104e-003,4.1254104e-003
8.7269395e+002,4.0438664e-003,4.0438664e-003,4.0438664e-003
8.7270227e+002,3.9647008e-003,3.9647008e-003,3.9647008e-003
8.7271060e+002,3.8877599e-003,3.8877599e-003,3.8877599e-003
8.7271893e+002,3.8130659e-003,3.8130659e-003,3.8130659e-003
8.7272725e+002,3.7406591e-003,3.7406591e-003,3.7406591e-003
8.7273558e+002,3.6705140e-003,3.6705140e-003,3.6705140e-003
8.7274390e+002,3.6024851e-003,3.6024851e-003,3.6024851e-003
8.7275223e+002,3.5364144e-003,3.5364144e-003,3.5364144e-003
8.7276055e+002,3.4721881e-003,3.4721881e-003,3.4721881e-003
8.7276887e+002,3.4097752e-003,3.4097752e-003,3.4097752e-003
8.7277720e+002,3.3491534e-003,3.3491534e-003,3.3491534e-003
8.7278553e+002,3.2902677e-003,3.2902677e-003,3.2902677e-003
8.7279385e+002,3.2330025e-003,3.2330025e-003,3.2330025e-003
8.7280218e+002,3.1772360e-003,3.1772360e-003,3.1772360e-003
8.7281050e+002,3.1228919e-003,3.1228919e-003,3.1228919e-003
8.7281883e+002,3.0699793e-003,3.0699793e-003,3.0699793e-003
8.7282715e+002,3.0185166e-003,3.0185166e-003,3.0185166e-003
8.7283547e+002,2.9684920e-003,2.9684920e-003,2.9684920e-003
8.7284380e+002,2.9198365e-003,2.9198365e-003,2.9198365e-003
8.7285213e+002,2.8724746e-003,2.8724746e-003,2.8724746e-003
8.7286045e+002,2.8263275e-003,2.8263275e-003,2.8263275e-003
8.7286878e+002,2.7813097e-003,2.7813097e-003,2.7813097e-003
8.7287710e+002,2.7373354e-003,2.7373354e-003,2.7373354e-003
8.7288543e+002,2.6943623e-003,2.6943623e-003,2.6943623e-003
8.7289375e+002,2.6524314e-003,2.6524314e-003,2.6524314e-003
8.7290207e+002,2.6115932e-003,2.6115932e-003,2.6115932e-003
8.7291040e+002,2.5718453e-003,2.5718453e-003,2.5718453e-003
8.7291872e+002,2.5330825e-003,2.5330825e-003,2.5330825e-003
8.7292705e+002,2.4951884e-003,2.4951884e-003,2.4951884e-003
8.7293538e+002,2.4580980e-003,2.4580980e-003,2.4580980e-003
8.7294370e+002,2.4218470e-003,2.4218470e-003,2.4218470e-003
8.7295203e+002,2.3864824e-003,2.3864824e-003,2.3864824e-003
8.7296035e+002,2.3520141e-003,2.3520141e-003,2.3520141e-003
8.7296868e+002,2.3183779e-003,2.3183779e-003,2.3183779e-003
8.7297700e+002,2.2855012e-003,2.2855012e-003,2.2855012e-003
8.7298532e+002,2.2533330e-003,2.2533330e-003,2.2533330e-003
8.7299365e+002,2.2218659e-003,2.2218659e-003,2.2218659e-003
8.7300198e+002,2.1910976e-003,2.1910976e-003,2.1910976e-003
8.7301030e+002,2.1610136e-003,2.1610136e-003,2.1610136e-003
8.7301863e+002,2.1315760e-003,2.1315760e-003,2.1315760e-003
8.7302695e+002,2.1027438e-003,2.1027438e-003,2.1027438e-003
8.7303528e+002,2.0745019e-003,2.0745019e-003,2.0745019e-003
8.7304360e+002,2.0468873e-003,2.0468873e-003,2.0468873e-003
8.7305192e+002,2.0199429e-003,2.0199429e-003,2.0199429e-003
8.7306025e+002,1.9936584e-003,1.9936584e-003,1.9936584e-003
8.7306858e+002,1.9679152e-003,1.9679152e-003,1.9679152e-003
8.7307690e+002,1.9425816e-003,1.9425816e-003,1.9425816e-003
8.7308523e+002,1.9176007e-003,1.9176007e-003,1.9176007e-003
8.7309355e+002,1.8930690e-003,1.8930690e-003,1.8930690e-003
8.7310188e+002,1.8691019e-003,1.8691019e-003,1.8691019e-003
8.7311020e+002,1.8457548e-003,1.8457548e-003,1.8457548e-003
8.7311852e+002,1.8229590e-003,1.8229590e-003,1.8229590e-003
8.7312685e+002,1.8006302e-003,1.8006302e-003,1.8006302e-003
8.7313518e+002,1.7787021e-003,1.7787021e-003,1.7787021e-003
8.7314350e+002,1.7571452e-003,1.7571452e-003,1.7571452e-003
8.7315183e+002,1.7359348e-003,1.7359348e-003,1.7359348e-003
8.7316015e+002,1.7150716e-003,1.7150716e-003,1.7150716e-003
8.7316848e+002,1.6946088e-003,1.6946088e-003,1.6946088e-003
8.7317680e+002,1.6746064e-003,1.6746064e-003,1.6746064e-003
8.7318512e+002,1.6550793e-003,1.6550793e-003,1.6550793e-003
8.7319345e+002,1.6359472e-003,1.6359472e-003,1.6359472e-003
8.7320178e+002,1.6171178e-003,1.6171178e-003,1.6171178e-003
8.7321010e+002,1.5985443e-003,1.5985443e-003,1.5985443e-003
8.7321843e+002,1.5802783e-003,1.5802783e-003,1.5802783e-003
8.7322675e+002,1.5623839e-003,1.5623839e-003,1.5623839e-003
8.7323508e+002,1.5448946e-003,1.5448946e-003,1.5448946e-003
8.7324340e+002,1.5277777e-003,1.5277777e-003,1.5277777e-003
8.7325172e+002,1.5109919e-003,1.5109919e-003,1.5109919e-003
8.7326005e+002,1.4945014e-003,1.4945014e-003,1.4945014e-003
8.7326837e+002,1.4782828e-003,1.4782828e-003,1.4782828e-003
8.7327670e+002,1.4623145e-003,1.4623145e-003,1.4623145e-003
8.7328503e+002,1.4465823e-003,1.4465823e-003,1.4465823e-003
8.7329335e+002,1.4310894e-003,1.4310894e-003,1.4310894e-003
8.7330168e+002,1.4158412e-003,1.4158412e-003,1.4158412e-003
8.7331000e+002,1.4008416e-003,1.4008416e-003,1.4008416e-003
8.7331833e+002,1.3860913e-003,1.3860913e-003,1.3860913e-003
8.7332665e+002,1.3715907e-003,1.3715907e-003,1.3715907e-003
8.7333497e+002,1.3573379e-003,1.3573379e-003,1.3573379e-003
8.7334330e+002,1.3433272e-003,1.3433272e-003,1.3433272e-003
8.7335163e+002,1.3295519e-003,1.3295519e-003,1.3295519e-003
8.7335995e+002,1.3160147e-003,1.3160147e-003,1.3160147e-003
8.7336828e+002,1.3027387e-003,1.3027387e-003,1.3027387e-003
8.7337660e+002,1.2897496e-003,1.2897496e-003,1.2897496e-003
8.7338493e+002,1.2770390e-003,1.2770390e-003,1.2770390e-003
8.7339325e+002,1.2645206e-003,1.2645206e-003,1.2645206e-003
8.7340157e+002,1.2520974e-003,1.2520974e-003,1.2520974e-003
8.7340990e+002,1.2397316e-003,1.2397316e-003,1.2397316e-003
8.7341823e+002,1.2275205e-003,1.2275205e-003,1.2275205e-003
8.7342655e+002,1.2155808e-003,1.2155808e-003,1.2155808e-003
8.7343488e+002,1.2039630e-003,1.2039630e-003,1.2039630e-003
8.7344320e+002,1.1925656e-003,1.1925656e-003,1.1925656e-003
8.7345153e+002,1.1812656e-003,1.1812656e-003,1.1812656e-003
8.7345985e+002,1.1700089e-003,1.1700089e-003,1.1700089e-003
8.7346817e+002,1.1589025e-003,1.1589025e-003,1.1589025e-003
8.7347650e+002,1.1480758e-003,1.1480758e-003,1.1480758e-003
8.7348483e+002,1.1375830e-003,1.1375830e-003,1.1375830e-003
8.7349315e+002,1.1272995e-003,1.1272995e-003,1.1272995e-003
8.7350148e+002,1.1170756e-003,1.1170756e-003,1.1170756e-003
8.7350980e+002,1.1068289e-003,1.1068289e-003,1.1068289e-003
8.7351813e+002,1.0966371e-003,1.0966371e-003,1.0966371e-003
8.7352645e+002,1.0866012e-003,1.0866012e-003,1.0866012e-003
8.7353477e+002,1.0767930e-003,1.0767930e-003,1.0767930e-003
8.7354310e+002,1.0672148e-003,1.0672148e-003,1.0672148e-003
8.7355142e+002,1.0578586e-003,1.0578586e-003,1.0578586e-003
8.7355975e+002,1.0487001e-003,1.0487001e-003,1.0487001e-003
8.7356808e+002,1.0396761e-003,1.0396761e-003,1.0396761e-003
8.7357640e+002,1.0307177e-003,1.0307177e-003,1.0307177e-003
8.7358473e+002,1.0217839e-003,1.0217839e-003,1.0217839e-003
8.7359305e+002,1.0129026e-003,1.0129026e-003,1.0129026e-003
8.7360138e+002,1.0041117e-003,1.0041117e-003,1.0041117e-003
8.7360970e+002,9.9545000e-004,9.9545000e-004,9.9545000e-004
8.7361802e+002,9.8695703e-004,9.8695703e-004,9.8695703e-004
8.7362635e+002,9.7867262e-004,9.7867262e-004,9.7867262e-004
8.7363468e+002,9.7060699e-004,9.7060699e-004,9.7060699e-004
8.7364300e+002,9.6269683e-004,9.6269683e-004,9.6269683e-004
8.7365133e+002,9.5486771e-004,9.5486771e-004,9.5486771e-004
8.7365965e+002,9.4706737e-004,9.4706737e-004,9.4706737e-004
8.7366798e+002,9.3929924e-004,9.3929924e-004,9.3929924e-004
8.7367630e+002,9.3157530e-004,9.3157530e-004,9.3157530e-004
8.7368462e+002,9.2391126e-004,9.2391126e-004,9.2391126e-004
8.7369295e+002,9.1633226e-004,9.1633226e-004,9.1633226e-004
8.7370128e+002,9.0886489e-004,9.0886489e-004,9.0886489e-004
8.7370960e+002,9.0153019e-004,9.0153019e-004,9.0153019e-004
8.7371793e+002,8.9433509e-004,8.9433509e-004,8.9433509e-004
8.7372625e+002,8.8728427e-004,8.8728427e-004,8.8728427e-004
8.7373458e+002,8.8036979e-004,8.8036979e-004,8.8036979e-004
8.7374290e+002,8.7355137e-004,8.7355137e-004,8.7355137e-004
8.7375122e+002,8.6678363e-004,8.6678363e-004,8.6678363e-004
8.7375955e+002,8.6004597e-004,8.6004597e-004,8.6004597e-004
8.7376788e+002,8.5338205e-004,8.5338205e-004,8.5338205e-004
8.7377620e+002,8.4684573e-004,8.4684573e-004,8.4684573e-004
8.7378453e+002,8.4046585e-004,8.4046585e-004,8.4046585e-004
8.7379285e+002,8.3420581e-004,8.3420581e-004,8.3420581e-004
8.7380118e+002,8.2801849e-004,8.2801849e-004,8.2801849e-004
8.7380950e+002,8.2187121e-004,8.2187121e-004,8.2187121e-004
8.7381782e+002,8.1576937e-004,8.1576937e-004,8.1576937e-004
8.7382615e+002,8.0972459e-004,8.0972459e-004,8.0972459e-004
8.7383448e+002,8.0374581e-004,8.0374581e-004,8.0374581e-004
8.7384280e+002,7.9783488e-004,7.9783488e-004,7.9783488e-004
8.7385113e+002,7.9199251e-004,7.9199251e-004,7.9199251e-004
8.7385945e+002,7.8621573e-004,7.8621573e-004,7.8621573e-004
8.7386778e+002,7.8049176e-004,7.8049176e-004,7.8049176e-004
8.7387610e+002,7.7480624e-004,7.7480624e-004,7.7480624e-004
8.7388443e+002,7.6916194e-004,7.6916194e-004,7.6916194e-004
8.7389275e+002,7.6360796e-004,7.6360796e-004,7.6360796e-004
8.7390107e+002,7.5820115e-004,7.5820115e-004,7.5820115e-004
8.7390940e+002,7.5296329e-004,7.5296329e-004,7.5296329e-004
8.7391773e+002,7.4782050e-004,7.4782050e-004,7.4782050e-004
8.7392605e+002,7.4268275e-004,7.4268275e-004,7.4268275e-004
8.7393438e+002,7.3749490e-004,7.3749490e-004,7.3749490e-004
8.7394270e+002,7.3229775e-004,7.3229775e-004,7.3229775e-004
8.7395103e+002,7.2714848e-004,7.2714848e-004,7.2714848e-004
8.7395935e+002,7.2208716e-004,7.2208716e-004,7.2208716e-004
8.7396767e+002,7.1710634e-004,7.1710634e-004,7.1710634e-004
8.7397600e+002,7.1219039e-004,7.1219039e-004,7.1219039e-004
8.7398433e+002,7.0732856e-004,7.0732856e-004,7.0732856e-004
8.7399265e+002,7.0252382e-004,7.0252382e-004,7.0252382e-004
8.7400098e+002,6.9778152e-004,6.9778152e-004,6.9778152e-004
8.7400930e+002,6.9310443e-004,6.9310443e-004,6.9310443e-004
8.7401763e+002,6.8848808e-004,6.8848808e-004,6.8848808e-004
8.7402595e+002,6.8392672e-004,6.8392672e-004,6.8392672e-004
8.7403427e+002,6.7941999e-004,6.7941999e-004,6.7941999e-004
8.7404260e+002,6.7498281e-004,6.7498281e-004,6.7498281e-004
8.7405093e+002,6.7063280e-004,6.7063280e-004,6.7063280e-004
8.7405925e+002,6.6636880e-004,6.6636880e-004,6.6636880e-004
8.7406758e+002,6.6213566e-004,6.6213566e-004,6.6213566e-004
8.7407590e+002,6.5786865e-004,6.5786865e-004,6.5786865e-004
8.7408423e+002,6.5354439e-004,6.5354439e-004,6.5354439e-004
8.7409255e+002,6.4925968e-004,6.4925968e-004,6.4925968e-004
8.7410087e+002,6.4513289e-004,6.4513289e-004,6.4513289e-004
8.7410920e+002,6.4121936e-004,6.4121936e-004,6.4121936e-004
8.7411753e+002,6.3738989e-004,6.3738989e-004,6.3738989e-004
8.7412585e+002,6.3348176e-004,6.3348176e-004,6.3348176e-004
8.7413418e+002,6.2940478e-004,6.2940478e-004,6.2940478e-004
8.7414250e+002,6.2528306e-004,6.2528306e-004,6.2528306e-004
8.7415083e+002,6.2128002e-004,6.2128002e-004,6.2128002e-004
8.7415915e+002,6.1749616e-004,6.1749616e-004,6.1749616e-004
8.7416747e+002,6.1384439e-004,6.1384439e-004,6.1384439e-004
8.7417580e+002,6.1020291e-004,6.1020291e-004,6.1020291e-004
8.7418412e+002,6.0649359e-004,6.0649359e-004,6.0649359e-004
8.7419245e+002,6.0276957e-004,6.0276957e-004,6.0276957e-004
8.7420078e+002,5.9910852e-004,5.9910852e-004,5.9910852e-004
8.7420910e+002,5.9555695e-004,5.9555695e-004,5.9555695e-004
8.7421743e+002,5.9206684e-004,5.9206684e-004,5.9206684e-004
8.7422575e+002,5.8857235e-004,5.8857235e-004,5.8857235e-004
8.7423408e+002,5.8503530e-004,5.8503530e-004,5.8503530e-004
8.7424240e+002,5.8150224e-004,5.8150224e-004,5.8150224e-004
8.7425072e+002,5.7803584e-004,5.7803584e-004,5.7803584e-004
8.7425905e+002,5.7467217e-004,5.7467217e-004,5.7467217e-004
8.7426738e+002,5.7136524e-004,5.7136524e-004,5.7136524e-004
8.7427570e+002,5.6805331e-004,5.6805331e-004,5.6805331e-004
8.7428403e+002,5.6470070e-004,5.6470070e-004,5.6470070e-004
8.7429235e+002,5.6135294e-004,5.6135294e-004,5.6135294e-004
8.7430068e+002,5.5807133e-004,5.5807133e-004,5.5807133e-004
8.7430900e+002,5.5489157e-004,5.5489157e-004,5.5489157e-004
8.7431732e+002,5.5176906e-004,5.5176906e-004,5.5176906e-004
8.7432565e+002,5.4864351e-004,5.4864351e-004,5.4864351e-004
8.7433398e+002,5.4547904e-004,5.4547904e-004,5.4547904e-004
8.7434230e+002,5.4231724e-004,5.4231724e-004,5.4231724e-004
8.7435063e+002,5.3921503e-004,5.3921503e-004,5.3921503e-004
8.7435895e+002,5.3620837e-004,5.3620837e-004,5.3620837e-004
8.7436728e+002,5.3326640e-004,5.3326640e-004,5.3326640e-004
8.7437560e+002,5.3034488e-004,5.3034488e-004,5.3034488e-004
8.7438392e+002,5.2740803e-004,5.2740803e-004,5.2740803e-004
8.7439225e+002,5.2444728e-004,5.2444728e-004,5.2444728e-004
8.7440058e+002,5.2145952e-004,5.2145952e-004,5.2145952e-004
8.7440890e+002,5.1845381e-004,5.1845381e-004,5.1845381e-004
8.7441723e+002,5.1547874e-004,5.1547874e-004,5.1547874e-004
8.7442555e+002,5.1259095e-004,5.1259095e-004,5.1259095e-004
8.7443388e+002,5.0981537e-004,5.0981537e-004,5.0981537e-004
8.7444220e+002,5.0707300e-004,5.0707300e-004,5.0707300e-004
8.7445052e+002,5.0426352e-004,5.0426352e-004,5.0426352e-004
8.7445885e+002,5.0132638e-004,5.0132638e-004,5.0132638e-004
8.7446718e+002,4.9833285e-004,4.9833285e-004,4.9833285e-004
8.7447550e+002,4.9538141e-004,4.9538141e-004,4.9538141e-004
8.7448383e+002,4.9254161e-004,4.9254161e-004,4.9254161e-004
8.7449215e+002,4.8978612e-004,4.8978612e-004,4.8978612e-004
8.7450048e+002,4.8706740e-004,4.8706740e-004,4.8706740e-004
8.7450880e+002,4.8434107e-004,4.8434107e-004,4.8434107e-004
8.7451713e+002,4.8157346e-004,4.8157346e-004,4.8157346e-004
8.7452545e+002,4.7873311e-004,4.7873311e-004,4.7873311e-004
8.7453377e+002,4.7580453e-004,4.7580453e-004,4.7580453e-004
8.7454210e+002,4.7282640e-004,4.7282640e-004,4.7282640e-004
8.7455043e+002,4.6984893e-004,4.6984893e-004,4.6984893e-004
8.7455875e+002,4.6690366e-004,4.6690366e-004,4.6690366e-004
8.7456708e+002,4.6395803e-004,4.6395803e-004,4.6395803e-004
8.7457540e+002,4.6096571e-004,4.6096571e-004,4.6096571e-004
8.7458373e+002,4.5789157e-004,4.5789157e-004,4.5789157e-004
8.7459205e+002,4.5473919e-004,4.5473919e-004,4.5473919e-004
8.7460037e+002,4.5152055e-004,4.5152055e-004,4.5152055e-004
8.7460870e+002,4.4824504e-004,4.4824504e-004,4.4824504e-004
8.7461703e+002,4.4491306e-004,4.4491306e-004,4.4491306e-004
8.7462535e+002,4.4152308e-004,4.4152308e-004,4.4152308e-004
8.7463368e+002,4.3807274e-004,4.3807274e-004,4.3807274e-004
8.7464200e+002,4.3455689e-004,4.3455689e-004,4.3455689e-004
8.7465033e+002,4.3096979e-004,4.3096979e-004,4.3096979e-004
8.7465865e+002,4.2731134e-004,4.2731134e-004,4.2731134e-004
8.7466697e+002,4.2360164e-004,4.2360164e-004,4.2360164e-004
8.7467530e+002,4.1986529e-004,4.1986529e-004,4.1986529e-004
8.7468363e+002,4.1610515e-004,4.1610515e-004,4.1610515e-004
8.7469195e+002,4.1224613e-004,4.1224613e-004,4.1224613e-004
8.7470028e+002,4.0819562e-004,4.0819562e-004,4.0819562e-004
8.7470860e+002,4.0389635e-004,4.0389635e-004,4.0389635e-004
8.7471693e+002,3.9941897e-004,3.9941897e-004,3.9941897e-004
8.7472525e+002,3.9486311e-004,3.9486311e-004,3.9486311e-004
8.7473357e+002,3.9029936e-004,3.9029936e-004,3.9029936e-004
8.7474190e+002,3.8569224e-004,3.8569224e-004,3.8569224e-004
8.7475023e+002,3.8098204e-004,3.8098204e-004,3.8098204e-004
8.7475855e+002,3.7612273e-004,3.7612273e-004,3.7612273e-004
8.7476688e+002,3.7111884e-004,3.7111884e-004,3.7111884e-004
8.7477520e+002,3.6598653e-004,3.6598653e-004,3.6598653e-004
8.7478353e+002,3.6073820e-004,3.6073820e-004,3.6073820e-004
8.7479185e+002,3.5537215e-004,3.5537215e-004,3.5537215e-004
8.7480017e+002,3.4988342e-004,3.4988342e-004,3.4988342e-004
8.7480850e+002,3.4426858e-004,3.4426858e-004,3.4426858e-004
8.7481682e+002,3.3852996e-004,3.3852996e-004,3.3852996e-004
8.7482515e+002,3.3267127e-004,3.3267127e-004,3.3267127e-004
8.7483348e+002,3.2669383e-004,3.2669383e-004,3.2669383e-004
8.7484180e+002,3.2058994e-004,3.2058994e-004,3.2058994e-004
8.7485013e+002,3.1434978e-004,3.1434978e-004,3.1434978e-004
8.7485845e+002,3.0797144e-004,3.0797144e-004,3.0797144e-004
8.7486678e+002,3.0148330e-004,3.0148330e-004,3.0148330e-004
8.7487510e+002,2.9492095e-004,2.9492095e-004,2.9492095e-004
8.7488342e+002,2.8831223e-004,2.8831223e-004,2.8831223e-004
8.7489175e+002,2.8165485e-004,2.8165485e-004,2.8165485e-004
8.7490008e+002,2.7493929e-004,2.7493929e-004,2.7493929e-004
8.7490840e+002,2.6815807e-004,2.6815807e-004,2.6815807e-004
8.7491673e+002,2.6131175e-004,2.6131175e-004,2.6131175e-004
8.7492505e+002,2.5440284e-004,2.5440284e-004,2.5440284e-004
8.7493338e+002,2.4743333e-004,2.4743333e-004,2.4743333e-004
8.7494170e+002,2.4040322e-004,2.4040322e-004,2.4040322e-004
8.7495002e+002,2.3331201e-004,2.3331201e-004,2.3331201e-004
8.7495835e+002,2.2615919e-004,2.2615919e-004,2.2615919e-004
8.7496668e+002,2.1894426e-004,2.1894426e-004,2.1894426e-004
8.7497500e+002,2.1166673e-004,2.1166673e-004,2.1166673e-004
