8.5100000e+002,1.9645020e-003,1.9645020e-003,1.9645020e-003
8.5101066e+002,2.0479680e-003,2.0479680e-003,2.0479680e-003
8.5102131e+002,2.1314414e-003,2.1314414e-003,2.1314414e-003
8.5103197e+002,2.2147524e-003,2.2147524e-003,2.2147524e-003
8.5104262e+002,2.2977314e-003,2.2977314e-003,2.2977314e-003
8.5105328e+002,2.3802083e-003,2.3802083e-003,2.3802083e-003
8.5106394e+002,2.4620135e-003,2.4620135e-003,2.4620135e-003
8.5107459e+002,2.5429807e-003,2.5429807e-003,2.5429807e-003
8.5108525e+002,2.6229583e-003,2.6229583e-003,2.6229583e-003
8.5109590e+002,2.7017981e-003,2.7017981e-003,2.7017981e-003
8.5110656e+002,2.7793559e-003,2.7793559e-003,2.7793559e-003
8.5111722e+002,2.8555035e-003,2.8555035e-003,2.8555035e-003
8.5112787e+002,2.9301165e-003,2.9301165e-003,2.9301165e-003
8.5113853e+002,3.0030874e-003,3.0030874e-003,3.0030874e-003
8.5114918e+002,3.0743787e-003,3.0743787e-003,3.0743787e-003
8.5115984e+002,3.1439713e-003,3.1439713e-003,3.1439713e-003
8.5117050e+002,3.2118455e-003,3.2118455e-003,3.2118455e-003
8.5118115e+002,3.2779816e-003,3.2779816e-003,3.2779816e-003
8.5119181e+002,3.3423596e-003,3.3423596e-003,3.3423596e-003
8.5120246e+002,3.4049608e-003,3.4049608e-003,3.4049608e-003
8.5121312e+002,3.4657723e-003,3.4657723e-003,3.4657723e-003
8.5122378e+002,3.5247825e-003,3.5247825e-003,3.5247825e-003
8.5123443e+002,3.5819920e-003,3.5819920e-003,3.5819920e-003
8.5124509e+002,3.6374532e-003,3.6374532e-003,3.6374532e-003
8.5125574e+002,3.6912319e-003,3.6912319e-003,3.6912319e-003
8.5126640e+002,3.7433962e-003,3.7433962e-003,3.7433962e-003
8.5127706e+002,3.7940238e-003,3.7940238e-003,3.7940238e-003
8.5128771e+002,3.8431944e-003,3.8431944e-003,3.8431944e-003
8.5129837e+002,3.8909846e-003,3.8909846e-003,3.8909846e-003
8.5130902e+002,3.9374558e-003,3.9374558e-003,3.9374558e-003
8.5131968e+002,3.9826653e-003,3.9826653e-003,3.9826653e-003
8.5133034e+002,4.0266820e-003,4.0266820e-003,4.0266820e-003
8.5134099e+002,4.0696260e-003,4.0696260e-003,4.0696260e-003
8.5135165e+002,4.1116310e-003,4.1116310e-003,4.1116310e-003
8.5136230e+002,4.1528218e-003,4.1528218e-003,4.1528218e-003
8.5137296e+002,4.1932813e-003,4.1932813e-003,4.1932813e-003
8.5138362e+002,4.2330814e-003,4.2330814e-003,4.2330814e-003
8.5139427e+002,4.2722864e-003,4.2722864e-003,4.2722864e-003
8.5140493e+002,4.3109277e-003,4.3109277e-003,4.3109277e-003
8.5141558e+002,4.3490276e-003,4.3490276e-003,4.3490276e-003
8.5142624e+002,4.3866304e-003,4.3866304e-003,4.3866304e-003
8.5143690e+002,4.4238798e-003,4.4238798e-003,4.4238798e-003
8.5144755e+002,4.4609475e-003,4.4609475e-003,4.4609475e-003
8.5145821e+002,4.4979734e-003,4.4979734e-003,4.4979734e-003
8.5146886e+002,4.5349542e-003,4.5349542e-003,4.5349542e-003
8.5147952e+002,4.5718456e-003,4.5718456e-003,4.5718456e-003
8.5149018e+002,4.6086267e-003,4.6086267e-003,4.6086268e-003
8.5150083e+002,4.6453829e-003,4.6453829e-003,4.6453830e-003
8.5151149e+002,4.6822300e-003,4.6822300e-003,4.6822300e-003
8.5152214e+002,4.7192705e-003,4.7192705e-003,4.7192704e-003
8.5153280e+002,4.7565461e-003,4.7565461e-003,4.7565460e-003
8.5154346e+002,4.7940812e-003,4.7940812e-003,4.7940812e-003
8.5155411e+002,4.8318977e-003,4.8318977e-003,4.8318979e-003
8.5156477e+002,4.8700075e-003,4.8700075e-003,4.8700079e-003
8.5157542e+002,4.9084198e-003,4.9084198e-003,4.9084198e-003
8.5158608e+002,4.9471493e-003,4.9471493e-003,4.9471485e-003
8.5159674e+002,4.9862385e-003,4.9862385e-003,4.9862372e-003
8.5160739e+002,5.0257379e-003,5.0257379e-003,5.0257378e-003
8.5161805e+002,5.0656923e-003,5.0656923e-003,5.0656954e-003
8.5162870e+002,5.1061203e-003,5.1061203e-003,5.1061251e-003
8.5163936e+002,5.1470323e-003,5.1470323e-003,5.1470329e-003
8.5165002e+002,5.1884401e-003,5.1884401e-003,5.1884288e-003
8.5166067e+002,5.2303600e-003,5.2303600e-003,5.2303422e-003
8.5167133e+002,5.2728101e-003,5.2728101e-003,5.2728079e-003
8.5168198e+002,5.3158095e-003,5.3158095e-003,5.3158515e-003
8.5169264e+002,5.3593849e-003,5.3593849e-003,5.3594517e-003
8.5170330e+002,5.4035646e-003,5.4035646e-003,5.4035730e-003
8.5171395e+002,5.4483707e-003,5.4483707e-003,5.4481994e-003
8.5172461e+002,5.4937916e-003,5.4937916e-003,5.4934086e-003
8.5173526e+002,5.5398060e-003,5.5398060e-003,5.5393072e-003
8.5174592e+002,5.5864031e-003,5.5864031e-003,5.5859794e-003
8.5175658e+002,5.6336239e-003,5.6336239e-003,5.6334006e-003
8.5176723e+002,5.6815255e-003,5.6815255e-003,5.6815130e-003
8.5177789e+002,5.7301593e-003,5.7301593e-003,5.7302681e-003
8.5178854e+002,5.7795487e-003,5.7795487e-003,5.7796658e-003
8.5179920e+002,5.8297086e-003,5.8297086e-003,5.8297210e-003
8.5180986e+002,5.8806510e-003,5.8806510e-003,5.8804609e-003
8.5182051e+002,5.9323748e-003,5.9323748e-003,5.9319755e-003
8.5183117e+002,5.9848744e-003,5.9848744e-003,5.9843744e-003
8.5184182e+002,6.0381461e-003,6.0381461e-003,6.0377370e-003
8.5185248e+002,6.0921943e-003,6.0921943e-003,6.0919907e-003
8.5186314e+002,6.1470258e-003,6.1470258e-003,6.1470147e-003
8.5187379e+002,6.2026582e-003,6.2026582e-003,6.2027233e-003
8.5188445e+002,6.2591627e-003,6.2591627e-003,6.2592114e-003
8.5189510e+002,6.3166278e-003,6.3166278e-003,6.3166310e-003
8.5190576e+002,6.3751271e-003,6.3751271e-003,6.3751089e-003
8.5191642e+002,6.4346568e-003,6.4346568e-003,6.4346425e-003
8.5192707e+002,6.4951885e-003,6.4951885e-003,6.4951874e-003
8.5193773e+002,6.5567005e-003,6.5567005e-003,6.5567081e-003
8.5194838e+002,6.6192067e-003,6.6192067e-003,6.6192152e-003
8.5195904e+002,6.6827327e-003,6.6827327e-003,6.6827338e-003
8.5196970e+002,6.7473053e-003,6.7473053e-003,6.7472929e-003
8.5198035e+002,6.8129594e-003,6.8129594e-003,6.8129401e-003
8.5199101e+002,6.8797325e-003,6.8797325e-003,6.8797293e-003
8.5200166e+002,6.9476631e-003,6.9476631e-003,6.9477051e-003
8.5201232e+002,7.0167956e-003,7.0167956e-003,7.0168644e-003
8.5202298e+002,7.0871763e-003,7.0871763e-003,7.0871886e-003
8.5203363e+002,7.1588458e-003,7.1588458e-003,7.1586772e-003
8.5204429e+002,7.2318132e-003,7.2318132e-003,7.2314296e-003
8.5205494e+002,7.3060772e-003,7.3060772e-003,7.3055782e-003
8.5206560e+002,7.3816453e-003,7.3816453e-003,7.3812309e-003
8.5207626e+002,7.4585712e-003,7.4585712e-003,7.4583643e-003
8.5208691e+002,7.5369245e-003,7.5369245e-003,7.5369109e-003
8.5209757e+002,7.6167730e-003,7.6167730e-003,7.6168280e-003
8.5210822e+002,7.6981754e-003,7.6981754e-003,7.6982077e-003
8.5211888e+002,7.7811871e-003,7.7811871e-003,7.7811876e-003
8.5212954e+002,7.8658620e-003,7.8658620e-003,7.8658844e-003
8.5214019e+002,7.9522440e-003,7.9522440e-003,7.9522974e-003
8.5215085e+002,8.0403741e-003,8.0403741e-003,8.0403863e-003
8.5216150e+002,8.1302884e-003,8.1302884e-003,8.1301311e-003
8.5217216e+002,8.2219985e-003,8.2219985e-003,8.2216274e-003
8.5218282e+002,8.3155073e-003,8.3155073e-003,8.3150102e-003
8.5219347e+002,8.4108372e-003,8.4108372e-003,8.4104049e-003
8.5220413e+002,8.5081194e-003,8.5081194e-003,8.5078843e-003
8.5221478e+002,8.6075229e-003,8.6075229e-003,8.6075024e-003
8.5222544e+002,8.7091954e-003,8.7091954e-003,8.7093049e-003
8.5223610e+002,8.8131648e-003,8.8131648e-003,8.8132894e-003
8.5224675e+002,8.9194164e-003,8.9194164e-003,8.9194367e-003
8.5225741e+002,9.0279501e-003,9.0279501e-003,9.0277578e-003
8.5226806e+002,9.1388476e-003,9.1388476e-003,9.1384360e-003
8.5227872e+002,9.2522193e-003,9.2522193e-003,9.2517155e-003
8.5228938e+002,9.3681777e-003,9.3681777e-003,9.3678047e-003
8.5230003e+002,9.4868452e-003,9.4868452e-003,9.4867057e-003
8.5231069e+002,9.6083477e-003,9.6083477e-003,9.6083468e-003
8.5232134e+002,9.7328027e-003,9.7328027e-003,9.7326942e-003
8.5233200e+002,9.8602782e-003,9.8602782e-003,9.8599329e-003
8.5234266e+002,9.9908242e-003,9.9908242e-003,9.9903266e-003
8.5235331e+002,1.0124510e-002,1.0124510e-002,1.0124111e-002
8.5236397e+002,1.0261523e-002,1.0261523e-002,1.0261360e-002
8.5237462e+002,1.0402088e-002,1.0402088e-002,1.0402085e-002
8.5238528e+002,1.0546414e-002,1.0546414e-002,1.0546324e-002
8.5239594e+002,1.0694582e-002,1.0694582e-002,1.0694261e-002
8.5240659e+002,1.0846629e-002,1.0846629e-002,1.0846136e-002
8.5241725e+002,1.1002617e-002,1.1002617e-002,1.1002176e-002
8.5242790e+002,1.1162779e-002,1.1162779e-002,1.1162545e-002
8.5243856e+002,1.1327406e-002,1.1327406e-002,1.1327385e-002
8.5244922e+002,1.1496773e-002,1.1496773e-002,1.1496843e-002
8.5245987e+002,1.1671045e-002,1.1671045e-002,1.1671100e-002
8.5247053e+002,1.1850342e-002,1.1850342e-002,1.1850348e-002
8.5248118e+002,1.2034810e-002,1.2034810e-002,1.2034791e-002
8.5249184e+002,1.2224724e-002,1.2224724e-002,1.2224709e-002
8.5250250e+002,1.2420410e-002,1.2420410e-002,1.2420408e-002
8.5251315e+002,1.2622183e-002,1.2622183e-002,1.2622188e-002
8.5252381e+002,1.2830304e-002,1.2830304e-002,1.2830308e-002
8.5253446e+002,1.3045008e-002,1.3045008e-002,1.3045008e-002
8.5254512e+002,1.3266548e-002,1.3266548e-002,1.3266547e-002
8.5255578e+002,1.3495276e-002,1.3495276e-002,1.3495275e-002
8.5256643e+002,1.3731579e-002,1.3731579e-002,1.3731579e-002
8.5257709e+002,1.3975851e-002,1.3975851e-002,1.3975852e-002
8.5258774e+002,1.4228507e-002,1.4228507e-002,1.4228507e-002
8.5259840e+002,1.4489969e-002,1.4489969e-002,1.4489969e-002
8.5260906e+002,1.4760666e-002,1.4760666e-002,1.4760667e-002
8.5261971e+002,1.5041053e-002,1.5041053e-002,1.5041053e-002
8.5263037e+002,1.5331592e-002,1.5331592e-002,1.5331592e-002
8.5264102e+002,1.5632763e-002,1.5632763e-002,1.5632763e-002
8.5265168e+002,1.5945130e-002,1.5945130e-002,1.5945129e-002
8.5266234e+002,1.6269293e-002,1.6269293e-002,1.6269292e-002
8.5267299e+002,1.6605858e-002,1.6605858e-002,1.6605860e-002
8.5268365e+002,1.6955489e-002,1.6955489e-002,1.6955493e-002
8.5269430e+002,1.7318868e-002,1.7318868e-002,1.7318870e-002
8.5270496e+002,1.7696689e-002,1.7696689e-002,1.7696681e-002
8.5271562e+002,1.8089694e-002,1.8089694e-002,1.8089679e-002
8.5272627e+002,1.8498647e-002,1.8498647e-002,1.8498643e-002
8.5273693e+002,1.8924327e-002,1.8924327e-002,1.8924358e-002
8.5274758e+002,1.9367608e-002,1.9367608e-002,1.9367663e-002
8.5275824e+002,1.9829403e-002,1.9829403e-002,1.9829419e-002
8.5276890e+002,2.0310623e-002,2.0310623e-002,2.0310497e-002
8.5277955e+002,2.0812173e-002,2.0812173e-002,2.0811853e-002
8.5279021e+002,2.1334956e-002,2.1334956e-002,2.1334474e-002
8.5280086e+002,2.1879896e-002,2.1879896e-002,2.1879356e-002
8.5281152e+002,2.2448061e-002,2.2448061e-002,2.2447538e-002
8.5282218e+002,2.3040578e-002,2.3040578e-002,2.3040079e-002
8.5283283e+002,2.3658565e-002,2.3658565e-002,2.3658041e-002
8.5284349e+002,2.4303064e-002,2.4303064e-002,2.4302507e-002
8.5285414e+002,2.4975087e-002,2.4975087e-002,2.4974567e-002
8.5286480e+002,2.5675657e-002,2.5675657e-002,2.5675304e-002
8.5287546e+002,2.6405881e-002,2.6405881e-002,2.6405745e-002
8.5288611e+002,2.7166896e-002,2.7166896e-002,2.7166891e-002
8.5289677e+002,2.7959825e-002,2.7959825e-002,2.7959756e-002
8.5290742e+002,2.8785684e-002,2.8785684e-002,2.8785414e-002
8.5291808e+002,2.9645440e-002,2.9645440e-002,2.9644966e-002
8.5292874e+002,3.0540042e-002,3.0540042e-002,3.0539478e-002
8.5293939e+002,3.1470297e-002,3.1470297e-002,3.1469743e-002
8.5295005e+002,3.2436954e-002,3.2436954e-002,3.2436446e-002
8.5296070e+002,3.3440744e-002,3.3440744e-002,3.3440262e-002
8.5297136e+002,3.4482297e-002,3.4482297e-002,3.4481811e-002
8.5298202e+002,3.5562193e-002,3.5562193e-002,3.5561695e-002
8.5299267e+002,3.6680965e-002,3.6680965e-002,3.6680460e-002
8.5300333e+002,3.7838791e-002,3.7838791e-002,3.7838287e-002
8.5301398e+002,3.9035699e-002,3.9035699e-002,3.9035198e-002
8.5302464e+002,4.0271670e-002,4.0271670e-002,4.0271171e-002
8.5303530e+002,4.1546376e-002,4.1546376e-002,4.1545877e-002
8.5304595e+002,4.2859353e-002,4.2859353e-002,4.2858854e-002
8.5305661e+002,4.4210087e-002,4.4210087e-002,4.4209586e-002
8.5306726e+002,4.5597689e-002,4.5597689e-002,4.5597188e-002
8.5307792e+002,4.7021113e-002,4.7021113e-002,4.7020613e-002
8.5308858e+002,4.8479227e-002,4.8479227e-002,4.8478729e-002
8.5309923e+002,4.9970309e-002,4.9970309e-002,4.9969813e-002
8.5310989e+002,5.1492375e-002,5.1492375e-002,5.1491876e-002
8.5312054e+002,5.3043393e-002,5.3043393e-002,5.3042885e-002
8.5313120e+002,5.4620986e-002,5.4620986e-002,5.4620471e-002
8.5314186e+002,5.6222624e-002,5.6222624e-002,5.6222119e-002
8.5315251e+002,5.7845701e-002,5.7845701e-002,5.7845231e-002
8.5316317e+002,5.9487067e-002,5.9487067e-002,5.9486622e-002
8.5317382e+002,6.1143323e-002,6.1143323e-002,6.1142843e-002
8.5318448e+002,6.2811019e-002,6.2811019e-002,6.2810400e-002
8.5319514e+002,6.4486299e-002,6.4486299e-002,6.4485487e-002
8.5320579e+002,6.6165129e-002,6.6165129e-002,6.6164151e-002
8.5321645e+002,6.7843441e-002,6.7843441e-002,6.7842401e-002
8.5322710e+002,6.9516955e-002,6.9516955e-002,6.9515930e-002
8.5323776e+002,7.1181290e-002,7.1181290e-002,7.1180290e-002
8.5324842e+002,7.2832038e-002,7.2832038e-002,7.2831015e-002
8.5325907e+002,7.4464598e-002,7.4464598e-002,7.4463541e-002
8.5326973e+002,7.6074278e-002,7.6074278e-002,7.6073255e-002
8.5328038e+002,7.7656416e-002,7.7656416e-002,7.7655555e-002
8.5329104e+002,7.9206581e-002,7.9206581e-002,7.9205938e-002
8.5330170e+002,8.0720450e-002,8.0720450e-002,8.0719944e-002
8.5331235e+002,8.2193723e-002,8.2193723e-002,8.2193160e-002
8.5332301e+002,8.3622268e-002,8.3622268e-002,8.3621507e-002
8.5333366e+002,8.5002033e-002,8.5002033e-002,8.5001066e-002
8.5334432e+002,8.6329055e-002,8.6329055e-002,8.6327992e-002
8.5335498e+002,8.7600051e-002,8.7600051e-002,8.7598996e-002
8.5336563e+002,8.8812061e-002,8.8812061e-002,8.8811052e-002
8.5337629e+002,8.9962216e-002,8.9962216e-002,8.9961233e-002
8.5338694e+002,9.1048339e-002,9.1048339e-002,9.1047354e-002
8.5339760e+002,9.2068585e-002,9.2068585e-002,9.2067588e-002
8.5340826e+002,9.3021221e-002,9.3021221e-002,9.3020217e-002
8.5341891e+002,9.3905403e-002,9.3905403e-002,9.3904399e-002
8.5342957e+002,9.4720714e-002,9.4720714e-002,9.4719713e-002
8.5344022e+002,9.5466869e-002,9.5466869e-002,9.5465871e-002
8.5345088e+002,9.6144640e-002,9.6144640e-002,9.6143641e-002
8.5346154e+002,9.6755308e-002,9.6755308e-002,9.6754308e-002
8.5347219e+002,9.7300281e-002,9.7300281e-002,9.7299280e-002
8.5348285e+002,9.7781979e-002,9.7781979e-002,9.7780979e-002
8.5349350e+002,9.8203318e-002,9.8203318e-002,9.8202318e-002
8.5350416e+002,9.8567326e-002,9.8567326e-002,9.8566326e-002
8.5351482e+002,9.8877977e-002,9.8877977e-002,9.8876976e-002
8.5352547e+002,9.9139703e-002,9.9139703e-002,9.9138702e-002
8.5353613e+002,9.9357051e-002,9.9357051e-002,9.9356052e-002
8.5354678e+002,9.9535484e-002,9.9535484e-002,9.9534485e-002
8.5355744e+002,9.9680918e-002,9.9680918e-002,9.9679919e-002
8.5356810e+002,9.9799344e-002,9.9799344e-002,9.9798342e-002
8.5357875e+002,9.9897349e-002,9.9897349e-002,9.9896345e-002
8.5358941e+002,9.9981820e-002,9.9981820e-002,9.9980819e-002
8.5360006e+002,1.0005971e-001,1.0005971e-001,1.0005872e-001
8.5361072e+002,1.0013848e-001,1.0013848e-001,1.0013750e-001
8.5362138e+002,1.0022587e-001,1.0022587e-001,1.0022488e-001
8.5363203e+002,1.0032962e-001,1.0032962e-001,1.0032860e-001
8.5364269e+002,1.0045761e-001,1.0045761e-001,1.0045655e-001
8.5365334e+002,1.0061775e-001,1.0061775e-001,1.0061673e-001
8.5366400e+002,1.0081799e-001,1.0081799e-001,1.0081710e-001
8.5367466e+002,1.0106627e-001,1.0106627e-001,1.0106557e-001
8.5368531e+002,1.0137056e-001,1.0137056e-001,1.0137003e-001
8.5369597e+002,1.0173876e-001,1.0173876e-001,1.0173830e-001
8.5370662e+002,1.0217839e-001,1.0217839e-001,1.0217793e-001
8.5371728e+002,1.0269678e-001,1.0269678e-001,1.0269629e-001
8.5372794e+002,1.0330118e-001,1.0330118e-001,1.0330067e-001
8.5373859e+002,1.0399829e-001,1.0399829e-001,1.0399780e-001
8.5374925e+002,1.0479456e-001,1.0479456e-001,1.0479407e-001
8.5375990e+002,1.0569633e-001,1.0569633e-001,1.0569580e-001
8.5377056e+002,1.0670909e-001,1.0670909e-001,1.0670854e-001
8.5378122e+002,1.0783793e-001,1.0783793e-001,1.0783741e-001
8.5379187e+002,1.0908780e-001,1.0908780e-001,1.0908741e-001
8.5380253e+002,1.1046267e-001,1.1046267e-001,1.1046247e-001
8.5381318e+002,1.1196596e-001,1.1196596e-001,1.1196593e-001
8.5382384e+002,1.1360096e-001,1.1360096e-001,1.1360101e-001
8.5383450e+002,1.1536965e-001,1.1536965e-001,1.1536970e-001
8.5384515e+002,1.1727331e-001,1.1727331e-001,1.1727332e-001
8.5385581e+002,1.1931308e-001,1.1931308e-001,1.1931305e-001
8.5386646e+002,1.2148869e-001,1.2148869e-001,1.2148866e-001
8.5387712e+002,1.2379916e-001,1.2379916e-001,1.2379915e-001
8.5388778e+002,1.2624330e-001,1.2624330e-001,1.2624334e-001
8.5389843e+002,1.2881841e-001,1.2881841e-001,1.2881848e-001
8.5390909e+002,1.3152091e-001,1.3152091e-001,1.3152095e-001
8.5391974e+002,1.3434708e-001,1.3434708e-001,1.3434695e-001
8.5393040e+002,1.3729150e-001,1.3729150e-001,1.3729115e-001
8.5394106e+002,1.4034785e-001,1.4034785e-001,1.4034736e-001
8.5395171e+002,1.4350966e-001,1.4350966e-001,1.4350921e-001
8.5396237e+002,1.4676887e-001,1.4676887e-001,1.4676862e-001
8.5397302e+002,1.5011660e-001,1.5011660e-001,1.5011655e-001
8.5398368e+002,1.5354377e-001,1.5354377e-001,1.5354383e-001
8.5399434e+002,1.5703981e-001,1.5703981e-001,1.5703987e-001
8.5400499e+002,1.6059327e-001,1.6059327e-001,1.6059328e-001
8.5401565e+002,1.6419256e-001,1.6419256e-001,1.6419255e-001
8.5402630e+002,1.6782488e-001,1.6782488e-001,1.6782487e-001
8.5403696e+002,1.7147668e-001,1.7147668e-001,1.7147668e-001
8.5404762e+002,1.7513436e-001,1.7513436e-001,1.7513435e-001
8.5405827e+002,1.7878345e-001,1.7878345e-001,1.7878341e-001
8.5406893e+002,1.8240898e-001,1.8240898e-001,1.8240896e-001
8.5407958e+002,1.8599594e-001,1.8599594e-001,1.8599603e-001
8.5409024e+002,1.8952891e-001,1.8952891e-001,1.8952918e-001
8.5410090e+002,1.9299222e-001,1.9299222e-001,1.9299267e-001
8.5411155e+002,1.9637020e-001,1.9637020e-001,1.9637078e-001
8.5412221e+002,1.9964737e-001,1.9964737e-001,1.9964799e-001
8.5413286e+002,2.0280833e-001,2.0280833e-001,2.0280887e-001
8.5414352e+002,2.0583775e-001,2.0583775e-001,2.0583810e-001
8.5415418e+002,2.0872106e-001,2.0872106e-001,2.0872119e-001
8.5416483e+002,2.1144413e-001,2.1144413e-001,2.1144413e-001
8.5417549e+002,2.1399299e-001,2.1399299e-001,2.1399307e-001
8.5418614e+002,2.1635505e-001,2.1635505e-001,2.1635535e-001
8.5419680e+002,2.1851855e-001,2.1851855e-001,2.1851903e-001
8.5420746e+002,2.2047191e-001,2.2047191e-001,2.2047237e-001
8.5421811e+002,2.2220539e-001,2.2220539e-001,2.2220566e-001
8.5422877e+002,2.2371028e-001,2.2371028e-001,2.2371033e-001
8.5423942e+002,2.2497813e-001,2.2497813e-001,2.2497807e-001
8.5425008e+002,2.2600282e-001,2.2600282e-001,2.2600276e-001
8.5426074e+002,2.2677961e-001,2.2677961e-001,2.2677960e-001
8.5427139e+002,2.2730402e-001,2.2730402e-001,2.2730403e-001
8.5428205e+002,2.2757397e-001,2.2757397e-001,2.2757399e-001
8.5429270e+002,2.2758886e-001,2.2758886e-001,2.2758887e-001
8.5430336e+002,2.2734834e-001,2.2734834e-001,2.2734833e-001
8.5431402e+002,2.2685460e-001,2.2685460e-001,2.2685458e-001
8.5432467e+002,2.2611138e-001,2.2611138e-001,2.2611137e-001
8.5433533e+002,2.2512263e-001,2.2512263e-001,2.2512266e-001
8.5434598e+002,2.2389458e-001,2.2389458e-001,2.2389465e-001
8.5435664e+002,2.2243483e-001,2.2243483e-001,2.2243486e-001
8.5436730e+002,2.2075118e-001,2.2075118e-001,2.2075107e-001
8.5437795e+002,2.1885339e-001,2.1885339e-001,2.1885305e-001
8.5438861e+002,2.1675237e-001,2.1675237e-001,2.1675188e-001
8.5439926e+002,2.1445923e-001,2.1445923e-001,2.1445878e-001
8.5440992e+002,2.1198660e-001,2.1198660e-001,2.1198632e-001
8.5442058e+002,2.0934803e-001,2.0934803e-001,2.0934797e-001
8.5443123e+002,2.0655719e-001,2.0655719e-001,2.0655728e-001
8.5444189e+002,2.0362857e-001,2.0362857e-001,2.0362870e-001
8.5445254e+002,2.0057720e-001,2.0057720e-001,2.0057725e-001
8.5446320e+002,1.9741813e-001,1.9741813e-001,1.9741799e-001
8.5447386e+002,1.9416674e-001,1.9416674e-001,1.9416637e-001
8.5448451e+002,1.9083862e-001,1.9083862e-001,1.9083812e-001
8.5449517e+002,1.8744933e-001,1.8744933e-001,1.8744891e-001
8.5450582e+002,1.8401432e-001,1.8401432e-001,1.8401412e-001
8.5451648e+002,1.8054894e-001,1.8054894e-001,1.8054893e-001
8.5452714e+002,1.7706852e-001,1.7706852e-001,1.7706847e-001
8.5453779e+002,1.7358763e-001,1.7358763e-001,1.7358738e-001
8.5454845e+002,1.7012042e-001,1.7012042e-001,1.7011997e-001
8.5455910e+002,1.6668096e-001,1.6668096e-001,1.6668043e-001
8.5456976e+002,1.6328242e-001,1.6328242e-001,1.6328193e-001
8.5458042e+002,1.5993745e-001,1.5993745e-001,1.5993698e-001
8.5459107e+002,1.5665855e-001,1.5665855e-001,1.5665794e-001
8.5460173e+002,1.5345703e-001,1.5345703e-001,1.5345619e-001
8.5461238e+002,1.5034339e-001,1.5034339e-001,1.5034240e-001
8.5462304e+002,1.4732806e-001,1.4732806e-001,1.4732714e-001
8.5463370e+002,1.4442038e-001,1.4442038e-001,1.4441968e-001
8.5464435e+002,1.4162899e-001,1.4162899e-001,1.4162847e-001
8.5465501e+002,1.3896240e-001,1.3896240e-001,1.3896185e-001
8.5466566e+002,1.3642787e-001,1.3642787e-001,1.3642710e-001
8.5467632e+002,1.3403179e-001,1.3403179e-001,1.3403082e-001
8.5468698e+002,1.3178046e-001,1.3178046e-001,1.3177948e-001
8.5469763e+002,1.2967925e-001,1.2967925e-001,1.2967845e-001
8.5470829e+002,1.2773290e-001,1.2773290e-001,1.2773233e-001
8.5471894e+002,1.2594606e-001,1.2594606e-001,1.2594565e-001
8.5472960e+002,1.2432244e-001,1.2432244e-001,1.2432207e-001
8.5474026e+002,1.2286511e-001,1.2286511e-001,1.2286467e-001
8.5475091e+002,1.2157706e-001,1.2157706e-001,1.2157643e-001
8.5476157e+002,1.2046049e-001,1.2046049e-001,1.2045964e-001
8.5477222e+002,1.1951706e-001,1.1951706e-001,1.1951607e-001
8.5478288e+002,1.1874840e-001,1.1874840e-001,1.1874746e-001
8.5479354e+002,1.1815560e-001,1.1815560e-001,1.1815484e-001
8.5480419e+002,1.1773939e-001,1.1773939e-001,1.1773883e-001
8.5481485e+002,1.1750044e-001,1.1750044e-001,1.1749999e-001
8.5482550e+002,1.1743876e-001,1.1743876e-001,1.1743830e-001
8.5483616e+002,1.1755388e-001,1.1755388e-001,1.1755339e-001
8.5484682e+002,1.1784532e-001,1.1784532e-001,1.1784482e-001
8.5485747e+002,1.1831216e-001,1.1831216e-001,1.1831169e-001
8.5486813e+002,1.1895324e-001,1.1895324e-001,1.1895277e-001
8.5487878e+002,1.1976734e-001,1.1976734e-001,1.1976677e-001
8.5488944e+002,1.2075264e-001,1.2075264e-001,1.2075188e-001
8.5490010e+002,1.2190689e-001,1.2190689e-001,1.2190595e-001
8.5491075e+002,1.2322783e-001,1.2322783e-001,1.2322676e-001
8.5492141e+002,1.2471267e-001,1.2471267e-001,1.2471156e-001
8.5493206e+002,1.2635827e-001,1.2635827e-001,1.2635722e-001
8.5494272e+002,1.2816143e-001,1.2816143e-001,1.2816055e-001
8.5495338e+002,1.3011837e-001,1.3011837e-001,1.3011770e-001
8.5496403e+002,1.3222487e-001,1.3222487e-001,1.3222435e-001
8.5497469e+002,1.3447666e-001,1.3447666e-001,1.3447612e-001
8.5498534e+002,1.3686880e-001,1.3686880e-001,1.3686809e-001
8.5499600e+002,1.3939584e-001,1.3939584e-001,1.3939491e-001
8.5500666e+002,1.4205229e-001,1.4205229e-001,1.4205121e-001
8.5501731e+002,1.4483206e-001,1.4483206e-001,1.4483093e-001
8.5502797e+002,1.4772858e-001,1.4772858e-001,1.4772752e-001
8.5503862e+002,1.5073525e-001,1.5073525e-001,1.5073438e-001
8.5504928e+002,1.5384489e-001,1.5384489e-001,1.5384424e-001
8.5505994e+002,1.5704984e-001,1.5704984e-001,1.5704934e-001
8.5507059e+002,1.6034242e-001,1.6034242e-001,1.6034186e-001
8.5508125e+002,1.6371443e-001,1.6371443e-001,1.6371365e-001
8.5509190e+002,1.6715727e-001,1.6715727e-001,1.6715630e-001
8.5510256e+002,1.7066232e-001,1.7066232e-001,1.7066134e-001
8.5511322e+002,1.7422067e-001,1.7422067e-001,1.7421987e-001
8.5512387e+002,1.7782319e-001,1.7782319e-001,1.7782262e-001
8.5513453e+002,1.8146074e-001,1.8146074e-001,1.8146032e-001
8.5514518e+002,1.8512411e-001,1.8512411e-001,1.8512372e-001
8.5515584e+002,1.8880407e-001,1.8880407e-001,1.8880362e-001
8.5516650e+002,1.9249138e-001,1.9249138e-001,1.9249078e-001
8.5517715e+002,1.9617691e-001,1.9617691e-001,1.9617612e-001
8.5518781e+002,1.9985157e-001,1.9985157e-001,1.9985062e-001
8.5519846e+002,2.0350634e-001,2.0350634e-001,2.0350530e-001
8.5520912e+002,2.0713271e-001,2.0713271e-001,2.0713167e-001
8.5521978e+002,2.1072259e-001,2.1072259e-001,2.1072158e-001
8.5523043e+002,2.1426792e-001,2.1426792e-001,2.1426692e-001
8.5524109e+002,2.1776126e-001,2.1776126e-001,2.1776026e-001
8.5525174e+002,2.2119560e-001,2.2119560e-001,2.2119459e-001
8.5526240e+002,2.2456401e-001,2.2456401e-001,2.2456303e-001
8.5527306e+002,2.2786043e-001,2.2786043e-001,2.2785948e-001
8.5528371e+002,2.3107945e-001,2.3107945e-001,2.3107848e-001
8.5529437e+002,2.3421574e-001,2.3421574e-001,2.3421465e-001
8.5530502e+002,2.3726475e-001,2.3726475e-001,2.3726347e-001
8.5531568e+002,2.4022253e-001,2.4022253e-001,2.4022108e-001
8.5532634e+002,2.4308521e-001,2.4308521e-001,2.4308367e-001
8.5533699e+002,2.4584981e-001,2.4584981e-001,2.4584828e-001
8.5534765e+002,2.4851404e-001,2.4851404e-001,2.4851254e-001
8.5535830e+002,2.5107568e-001,2.5107568e-001,2.5107416e-001
8.5536896e+002,2.5353307e-001,2.5353307e-001,2.5353151e-001
8.5537962e+002,2.5588502e-001,2.5588502e-001,2.5588348e-001
8.5539027e+002,2.5813040e-001,2.5813040e-001,2.5812900e-001
8.5540093e+002,2.6026856e-001,2.6026856e-001,2.6026738e-001
8.5541158e+002,2.6229926e-001,2.6229926e-001,2.6229824e-001
8.5542224e+002,2.6422227e-001,2.6422227e-001,2.6422123e-001
8.5543290e+002,2.6603742e-001,2.6603742e-001,2.6603620e-001
8.5544355e+002,2.6774461e-001,2.6774461e-001,2.6774318e-001
8.5545421e+002,2.6934376e-001,2.6934376e-001,2.6934220e-001
8.5546486e+002,2.7083472e-001,2.7083472e-001,2.7083314e-001
8.5547552e+002,2.7221736e-001,2.7221736e-001,2.7221583e-001
8.5548618e+002,2.7349152e-001,2.7349152e-001,2.7349005e-001
8.5549683e+002,2.7465677e-001,2.7465677e-001,2.7465533e-001
8.5550749e+002,2.7571245e-001,2.7571245e-001,2.7571099e-001
8.5551814e+002,2.7665789e-001,2.7665789e-001,2.7665632e-001
8.5552880e+002,2.7749206e-001,2.7749206e-001,2.7749031e-001
8.5553946e+002,2.7821364e-001,2.7821364e-001,2.7821171e-001
8.5555011e+002,2.7882130e-001,2.7882130e-001,2.7881923e-001
8.5556077e+002,2.7931337e-001,2.7931337e-001,2.7931125e-001
8.5557142e+002,2.7968795e-001,2.7968795e-001,2.7968590e-001
8.5558208e+002,2.7994314e-001,2.7994314e-001,2.7994125e-001
8.5559274e+002,2.8007698e-001,2.8007698e-001,2.8007530e-001
8.5560339e+002,2.8008746e-001,2.8008746e-001,2.8008594e-001
8.5561405e+002,2.7997258e-001,2.7997258e-001,2.7997105e-001
8.5562470e+002,2.7973038e-001,2.7973038e-001,2.7972867e-001
8.5563536e+002,2.7935892e-001,2.7935892e-001,2.7935700e-001
8.5564602e+002,2.7885628e-001,2.7885628e-001,2.7885421e-001
8.5565667e+002,2.7822112e-001,2.7822112e-001,2.7821901e-001
8.5566733e+002,2.7745255e-001,2.7745255e-001,2.7745050e-001
8.5567798e+002,2.7654972e-001,2.7654972e-001,2.7654780e-001
8.5568864e+002,2.7551255e-001,2.7551255e-001,2.7551082e-001
8.5569930e+002,2.7434160e-001,2.7434160e-001,2.7434004e-001
8.5570995e+002,2.7303749e-001,2.7303749e-001,2.7303605e-001
8.5572061e+002,2.7160195e-001,2.7160195e-001,2.7160055e-001
8.5573126e+002,2.7003765e-001,2.7003765e-001,2.7003619e-001
8.5574192e+002,2.6834733e-001,2.6834733e-001,2.6834575e-001
8.5575258e+002,2.6653498e-001,2.6653498e-001,2.6653322e-001
8.5576323e+002,2.6460561e-001,2.6460561e-001,2.6460367e-001
8.5577389e+002,2.6256436e-001,2.6256436e-001,2.6256230e-001
8.5578454e+002,2.6041769e-001,2.6041769e-001,2.6041559e-001
8.5579520e+002,2.5817320e-001,2.5817320e-001,2.5817115e-001
8.5580586e+002,2.5583862e-001,2.5583862e-001,2.5583670e-001
8.5581651e+002,2.5342290e-001,2.5342290e-001,2.5342118e-001
8.5582717e+002,2.5093610e-001,2.5093610e-001,2.5093455e-001
8.5583782e+002,2.4838836e-001,2.4838836e-001,2.4838690e-001
8.5584848e+002,2.4579081e-001,2.4579081e-001,2.4578935e-001
8.5585914e+002,2.4315545e-001,2.4315545e-001,2.4315396e-001
8.5586979e+002,2.4049438e-001,2.4049438e-001,2.4049288e-001
8.5588045e+002,2.3782043e-001,2.3782043e-001,2.3781893e-001
8.5589110e+002,2.3514710e-001,2.3514710e-001,2.3514560e-001
8.5590176e+002,2.3248792e-001,2.3248792e-001,2.3248641e-001
8.5591242e+002,2.2985671e-001,2.2985671e-001,2.2985516e-001
8.5592307e+002,2.2726752e-001,2.2726752e-001,2.2726598e-001
8.5593373e+002,2.2473440e-001,2.2473440e-001,2.2473297e-001
8.5594438e+002,2.2227138e-001,2.2227138e-001,2.2227013e-001
8.5595504e+002,2.1989243e-001,2.1989243e-001,2.1989137e-001
8.5596570e+002,2.1761154e-001,2.1761154e-001,2.1761058e-001
8.5597635e+002,2.1544214e-001,2.1544214e-001,2.1544119e-001
8.5598701e+002,2.1339721e-001,2.1339721e-001,2.1339623e-001
8.5599766e+002,2.1148967e-001,2.1148967e-001,2.1148866e-001
8.5600832e+002,2.0973147e-001,2.0973147e-001,2.0973046e-001
8.5601898e+002,2.0813370e-001,2.0813370e-001,2.0813270e-001
8.5602963e+002,2.0670735e-001,2.0670735e-001,2.0670636e-001
8.5604029e+002,2.0546222e-001,2.0546222e-001,2.0546123e-001
8.5605094e+002,2.0440697e-001,2.0440697e-001,2.0440598e-001
8.5606160e+002,2.0355018e-001,2.0355018e-001,2.0354916e-001
8.5607226e+002,2.0289884e-001,2.0289884e-001,2.0289779e-001
8.5608291e+002,2.0245846e-001,2.0245846e-001,2.0245743e-001
8.5609357e+002,2.0223444e-001,2.0223444e-001,2.0223351e-001
8.5610422e+002,2.0223042e-001,2.0223042e-001,2.0222967e-001
8.5611488e+002,2.0244842e-001,2.0244842e-001,2.0244786e-001
8.5612554e+002,2.0289029e-001,2.0289029e-001,2.0288984e-001
8.5613619e+002,2.0355597e-001,2.0355597e-001,2.0355553e-001
8.5614685e+002,2.0444357e-001,2.0444357e-001,2.0444309e-001
8.5615750e+002,2.0555102e-001,2.0555102e-001,2.0555049e-001
8.5616816e+002,2.0687427e-001,2.0687427e-001,2.0687371e-001
8.5617882e+002,2.0840734e-001,2.0840734e-001,2.0840680e-001
8.5618947e+002,2.1014409e-001,2.1014409e-001,2.1014365e-001
8.5620013e+002,2.1207648e-001,2.1207648e-001,2.1207621e-001
8.5621078e+002,2.1419466e-001,2.1419466e-001,2.1419458e-001
8.5622144e+002,2.1648863e-001,2.1648863e-001,2.1648869e-001
8.5623210e+002,2.1894652e-001,2.1894652e-001,2.1894663e-001
8.5624275e+002,2.2155469e-001,2.2155469e-001,2.2155475e-001
8.5625341e+002,2.2429932e-001,2.2429932e-001,2.2429922e-001
8.5626406e+002,2.2716503e-001,2.2716503e-001,2.2716471e-001
8.5627472e+002,2.3013486e-001,2.3013486e-001,2.3013438e-001
8.5628538e+002,2.3319174e-001,2.3319174e-001,2.3319128e-001
8.5629603e+002,2.3631744e-001,2.3631744e-001,2.3631714e-001
8.5630669e+002,2.3949255e-001,2.3949255e-001,2.3949247e-001
8.5631734e+002,2.4269759e-001,2.4269759e-001,2.4269764e-001
8.5632800e+002,2.4591237e-001,2.4591237e-001,2.4591243e-001
8.5633866e+002,2.4911595e-001,2.4911595e-001,2.4911597e-001
8.5634931e+002,2.5228736e-001,2.5228736e-001,2.5228735e-001
8.5635997e+002,2.5540546e-001,2.5540546e-001,2.5540545e-001
8.5637062e+002,2.5844891e-001,2.5844891e-001,2.5844892e-001
8.5638128e+002,2.6139640e-001,2.6139640e-001,2.6139639e-001
8.5639194e+002,2.6422705e-001,2.6422705e-001,2.6422701e-001
8.5640259e+002,2.6692041e-001,2.6692041e-001,2.6692038e-001
8.5641325e+002,2.6945611e-001,2.6945611e-001,2.6945618e-001
8.5642390e+002,2.7181489e-001,2.7181489e-001,2.7181515e-001
8.5643456e+002,2.7397866e-001,2.7397866e-001,2.7397910e-001
8.5644522e+002,2.7592944e-001,2.7592944e-001,2.7592997e-001
8.5645587e+002,2.7765085e-001,2.7765085e-001,2.7765139e-001
8.5646653e+002,2.7912822e-001,2.7912822e-001,2.7912873e-001
8.5647718e+002,2.8034702e-001,2.8034702e-001,2.8034753e-001
8.5648784e+002,2.8129484e-001,2.8129484e-001,2.8129539e-001
8.5649850e+002,2.8196144e-001,2.8196144e-001,2.8196198e-001
8.5650915e+002,2.8233680e-001,2.8233680e-001,2.8233722e-001
8.5651981e+002,2.8241327e-001,2.8241327e-001,2.8241347e-001
8.5653046e+002,2.8218569e-001,2.8218569e-001,2.8218572e-001
8.5654112e+002,2.8164913e-001,2.8164913e-001,2.8164916e-001
8.5655178e+002,2.8080123e-001,2.8080123e-001,2.8080143e-001
8.5656243e+002,2.7964235e-001,2.7964235e-001,2.7964277e-001
8.5657309e+002,2.7817308e-001,2.7817308e-001,2.7817363e-001
8.5658374e+002,2.7639639e-001,2.7639639e-001,2.7639696e-001
8.5659440e+002,2.7431777e-001,2.7431777e-001,2.7431830e-001
8.5660506e+002,2.7194293e-001,2.7194293e-001,2.7194342e-001
8.5661571e+002,2.6927971e-001,2.6927971e-001,2.6928019e-001
8.5662637e+002,2.6633828e-001,2.6633828e-001,2.6633877e-001
8.5663702e+002,2.6312897e-001,2.6312897e-001,2.6312947e-001
8.5664768e+002,2.5966383e-001,2.5966383e-001,2.5966434e-001
8.5665834e+002,2.5595680e-001,2.5595680e-001,2.5595730e-001
8.5666899e+002,2.5202194e-001,2.5202194e-001,2.5202243e-001
8.5667965e+002,2.4787445e-001,2.4787445e-001,2.4787494e-001
8.5669030e+002,2.4353080e-001,2.4353080e-001,2.4353130e-001
8.5670096e+002,2.3900754e-001,2.3900754e-001,2.3900804e-001
8.5671162e+002,2.3432180e-001,2.3432180e-001,2.3432230e-001
8.5672227e+002,2.2949135e-001,2.2949135e-001,2.2949185e-001
8.5673293e+002,2.2453400e-001,2.2453400e-001,2.2453450e-001
8.5674358e+002,2.1946756e-001,2.1946756e-001,2.1946806e-001
8.5675424e+002,2.1430986e-001,2.1430986e-001,2.1431036e-001
8.5676490e+002,2.0907873e-001,2.0907873e-001,2.0907923e-001
8.5677555e+002,2.0379150e-001,2.0379150e-001,2.0379200e-001
8.5678621e+002,1.9846494e-001,1.9846494e-001,1.9846544e-001
8.5679686e+002,1.9311580e-001,1.9311580e-001,1.9311630e-001
8.5680752e+002,1.8775992e-001,1.8775992e-001,1.8776042e-001
8.5681818e+002,1.8241219e-001,1.8241219e-001,1.8241270e-001
8.5682883e+002,1.7708742e-001,1.7708742e-001,1.7708791e-001
8.5683949e+002,1.7179925e-001,1.7179925e-001,1.7179973e-001
8.5685014e+002,1.6656005e-001,1.6656005e-001,1.6656054e-001
8.5686080e+002,1.6138210e-001,1.6138210e-001,1.6138262e-001
8.5687146e+002,1.5627640e-001,1.5627640e-001,1.5627696e-001
8.5688211e+002,1.5125253e-001,1.5125253e-001,1.5125308e-001
8.5689277e+002,1.4631996e-001,1.4631996e-001,1.4632038e-001
8.5690342e+002,1.4148680e-001,1.4148680e-001,1.4148700e-001
8.5691408e+002,1.3675964e-001,1.3675964e-001,1.3675966e-001
8.5692474e+002,1.3214494e-001,1.3214494e-001,1.3214498e-001
8.5693539e+002,1.2764807e-001,1.2764807e-001,1.2764832e-001
8.5694605e+002,1.2327317e-001,1.2327317e-001,1.2327363e-001
8.5695670e+002,1.1902424e-001,1.1902424e-001,1.1902472e-001
8.5696736e+002,1.1490416e-001,1.1490416e-001,1.1490444e-001
8.5697802e+002,1.1091441e-001,1.1091441e-001,1.1091448e-001
8.5698867e+002,1.0705641e-001,1.0705641e-001,1.0705642e-001
8.5699933e+002,1.0333083e-001,1.0333083e-001,1.0333098e-001
8.5700998e+002,9.9737472e-002,9.9737472e-002,9.9737854e-002
8.5702064e+002,9.6276082e-002,9.6276082e-002,9.6276649e-002
8.5703130e+002,9.2945714e-002,9.2945714e-002,9.2946349e-002
8.5704195e+002,8.9744612e-002,8.9744612e-002,8.9745195e-002
8.5705261e+002,8.6670959e-002,8.6670959e-002,8.6671372e-002
8.5706326e+002,8.3722480e-002,8.3722480e-002,8.3722663e-002
8.5707392e+002,8.0896356e-002,8.0896356e-002,8.0896373e-002
8.5708458e+002,7.8189728e-002,7.8189728e-002,7.8189766e-002
8.5709523e+002,7.5599546e-002,7.5599546e-002,7.5599784e-002
8.5710589e+002,7.3122529e-002,7.3122529e-002,7.3122975e-002
8.5711654e+002,7.0755378e-002,7.0755378e-002,7.0755866e-002
8.5712720e+002,6.8494623e-002,6.8494623e-002,6.8494952e-002
8.5713786e+002,6.6336589e-002,6.6336589e-002,6.6336692e-002
8.5714851e+002,6.4277589e-002,6.4277589e-002,6.4277543e-002
8.5715917e+002,6.2313943e-002,6.2313943e-002,6.2313874e-002
8.5716982e+002,6.0441984e-002,6.0441984e-002,6.0441957e-002
8.5718048e+002,5.8658045e-002,5.8658045e-002,5.8658057e-002
8.5719114e+002,5.6958549e-002,5.6958549e-002,5.6958568e-002
8.5720179e+002,5.5340025e-002,5.5340025e-002,5.5340033e-002
8.5721245e+002,5.3799013e-002,5.3799013e-002,5.3799010e-002
8.5722310e+002,5.2332167e-002,5.2332167e-002,5.2332163e-002
8.5723376e+002,5.0936288e-002,5.0936288e-002,5.0936286e-002
8.5724442e+002,4.9608188e-002,4.9608188e-002,4.9608188e-002
8.5725507e+002,4.8344835e-002,4.8344835e-002,4.8344836e-002
8.5726573e+002,4.7143395e-002,4.7143395e-002,4.7143395e-002
8.5727638e+002,4.6001047e-002,4.6001047e-002,4.6001047e-002
8.5728704e+002,4.4915125e-002,4.4915125e-002,4.4915126e-002
8.5729770e+002,4.3883153e-002,4.3883153e-002,4.3883154e-002
8.5730835e+002,4.2902671e-002,4.2902671e-002,4.2902670e-002
8.5731901e+002,4.1971392e-002,4.1971392e-002,4.1971388e-002
8.5732966e+002,4.1087247e-002,4.1087247e-002,4.1087243e-002
8.5734032e+002,4.0248183e-002,4.0248183e-002,4.0248188e-002
8.5735098e+002,3.9452289e-002,3.9452289e-002,3.9452306e-002
8.5736163e+002,3.8697831e-002,3.8697831e-002,3.8697847e-002
8.5737229e+002,3.7983093e-002,3.7983093e-002,3.7983075e-002
8.5738294e+002,3.7306507e-002,3.7306507e-002,3.7306442e-002
8.5739360e+002,3.6666697e-002,3.6666697e-002,3.6666639e-002
8.5740426e+002,3.6062305e-002,3.6062305e-002,3.6062373e-002
8.5741491e+002,3.5492111e-002,3.5492111e-002,3.5492402e-002
8.5742557e+002,3.4955075e-002,3.4955075e-002,3.4955548e-002
8.5743622e+002,3.4450172e-002,3.4450172e-002,3.4450641e-002
8.5744688e+002,3.3976453e-002,3.3976453e-002,3.3976727e-002
8.5745754e+002,3.3533069e-002,3.3533069e-002,3.3533129e-002
8.5746819e+002,3.3119179e-002,3.3119179e-002,3.3119189e-002
8.5747885e+002,3.2734097e-002,3.2734097e-002,3.2734264e-002
8.5748950e+002,3.2377331e-002,3.2377331e-002,3.2377724e-002
8.5750016e+002,3.2048406e-002,3.2048406e-002,3.2048945e-002
8.5751082e+002,3.1746899e-002,3.1746899e-002,3.1747451e-002
8.5752147e+002,3.1472449e-002,3.1472449e-002,3.1472962e-002
8.5753213e+002,3.1224707e-002,3.1224707e-002,3.1225212e-002
8.5754278e+002,3.1003421e-002,3.1003421e-002,3.1003967e-002
8.5755344e+002,3.0808481e-002,3.0808481e-002,3.0809033e-002
8.5756410e+002,3.0639786e-002,3.0639786e-002,3.0640223e-002
8.5757475e+002,3.0497269e-002,3.0497269e-002,3.0497483e-002
8.5758541e+002,3.0380915e-002,3.0380915e-002,3.0380944e-002
8.5759606e+002,3.0290715e-002,3.0290715e-002,3.0290747e-002
8.5760672e+002,3.0226770e-002,3.0226770e-002,3.0227003e-002
8.5761738e+002,3.0189329e-002,3.0189329e-002,3.0189777e-002
8.5762803e+002,3.0178656e-002,3.0178656e-002,3.0179136e-002
8.5763869e+002,3.0194979e-002,3.0194979e-002,3.0195273e-002
8.5764934e+002,3.0238483e-002,3.0238483e-002,3.0238554e-002
8.5766000e+002,3.0309355e-002,3.0309355e-002,3.0309359e-002
8.5767066e+002,3.0407883e-002,3.0407883e-002,3.0408035e-002
8.5768131e+002,3.0534507e-002,3.0534507e-002,3.0534888e-002
8.5769197e+002,3.0689673e-002,3.0689673e-002,3.0690219e-002
8.5770262e+002,3.0873745e-002,3.0873745e-002,3.0874328e-002
8.5771328e+002,3.1086969e-002,3.1086969e-002,3.1087510e-002
8.5772394e+002,3.1329585e-002,3.1329585e-002,3.1330062e-002
8.5773459e+002,3.1601885e-002,3.1601885e-002,3.1602322e-002
8.5774525e+002,3.1904233e-002,3.1904233e-002,3.1904684e-002
8.5775590e+002,3.2237000e-002,3.2237000e-002,3.2237545e-002
8.5776656e+002,3.2600472e-002,3.2600472e-002,3.2601186e-002
8.5777722e+002,3.2994819e-002,3.2994819e-002,3.2995719e-002
8.5778787e+002,3.3420200e-002,3.3420200e-002,3.3421244e-002
8.5779853e+002,3.3876705e-002,3.3876705e-002,3.3877812e-002
8.5780918e+002,3.4364325e-002,3.4364325e-002,3.4365400e-002
8.5781984e+002,3.4883041e-002,3.4883041e-002,3.4883979e-002
8.5783050e+002,3.5432717e-002,3.5432717e-002,3.5433449e-002
8.5784115e+002,3.6013052e-002,3.6013052e-002,3.6013606e-002
8.5785181e+002,3.6623730e-002,3.6623730e-002,3.6624232e-002
8.5786246e+002,3.7264320e-002,3.7264320e-002,3.7264934e-002
8.5787312e+002,3.7934227e-002,3.7934227e-002,3.7935059e-002
8.5788378e+002,3.8632838e-002,3.8632838e-002,3.8633931e-002
8.5789443e+002,3.9359386e-002,3.9359386e-002,3.9360717e-002
8.5790509e+002,4.0112871e-002,4.0112871e-002,4.0114351e-002
8.5791574e+002,4.0892272e-002,4.0892272e-002,4.0893750e-002
8.5792640e+002,4.1696373e-002,4.1696373e-002,4.1697700e-002
8.5793706e+002,4.2523673e-002,4.2523673e-002,4.2524791e-002
8.5794771e+002,4.3372643e-002,4.3372643e-002,4.3373597e-002
8.5795837e+002,4.4241588e-002,4.4241588e-002,4.4242481e-002
8.5796902e+002,4.5128562e-002,4.5128562e-002,4.5129491e-002
8.5797968e+002,4.6031595e-002,4.6031595e-002,4.6032646e-002
8.5799034e+002,4.6948528e-002,4.6948528e-002,4.6949760e-002
8.5800099e+002,4.7876923e-002,4.7876923e-002,4.7878335e-002
8.5801165e+002,4.8814316e-002,4.8814316e-002,4.8815847e-002
8.5802230e+002,4.9758112e-002,4.9758112e-002,4.9759676e-002
8.5803296e+002,5.0705520e-002,5.0705520e-002,5.0707057e-002
8.5804362e+002,5.1653731e-002,5.1653731e-002,5.1655210e-002
8.5805427e+002,5.2599765e-002,5.2599765e-002,5.2601194e-002
8.5806493e+002,5.3540385e-002,5.3540385e-002,5.3541823e-002
8.5807558e+002,5.4472332e-002,5.4472332e-002,5.4473885e-002
8.5808624e+002,5.5392322e-002,5.5392322e-002,5.5394085e-002
8.5809690e+002,5.6297038e-002,5.6297038e-002,5.6298988e-002
8.5810755e+002,5.7183158e-002,5.7183158e-002,5.7185149e-002
8.5811821e+002,5.8047291e-002,5.8047291e-002,5.8049143e-002
8.5812886e+002,5.8885937e-002,5.8885937e-002,5.8887571e-002
8.5813952e+002,5.9695590e-002,5.9695590e-002,5.9697039e-002
8.5815018e+002,6.0472795e-002,6.0472795e-002,6.0474166e-002
8.5816083e+002,6.1214184e-002,6.1214184e-002,6.1215592e-002
8.5817149e+002,6.1916398e-002,6.1916398e-002,6.1917962e-002
8.5818214e+002,6.2576256e-002,6.2576256e-002,6.2578049e-002
8.5819280e+002,6.3190860e-002,6.3190860e-002,6.3192832e-002
8.5820346e+002,6.3757337e-002,6.3757337e-002,6.3759312e-002
8.5821411e+002,6.4272898e-002,6.4272898e-002,6.4274684e-002
8.5822477e+002,6.4734886e-002,6.4734886e-002,6.4736456e-002
8.5823542e+002,6.5140662e-002,6.5140662e-002,6.5142168e-002
8.5824608e+002,6.5487920e-002,6.5487920e-002,6.5489573e-002
8.5825674e+002,6.5774887e-002,6.5774887e-002,6.5776766e-002
8.5826739e+002,6.5999842e-002,6.5999842e-002,6.6001876e-002
8.5827805e+002,6.6161293e-002,6.6161293e-002,6.6163347e-002
8.5828870e+002,6.6258113e-002,6.6258113e-002,6.6260128e-002
8.5829936e+002,6.6289217e-002,6.6289217e-002,6.6291221e-002
8.5831002e+002,6.6253869e-002,6.6253869e-002,6.6255911e-002
8.5832067e+002,6.6151903e-002,6.6151903e-002,6.6153957e-002
8.5833133e+002,6.5983211e-002,6.5983211e-002,6.5985163e-002
8.5834198e+002,6.5747958e-002,6.5747958e-002,6.5749692e-002
8.5835264e+002,6.5446759e-002,6.5446759e-002,6.5448300e-002
8.5836330e+002,6.5080279e-002,6.5080279e-002,6.5081799e-002
8.5837395e+002,6.4649545e-002,6.4649545e-002,6.4651248e-002
8.5838461e+002,6.4156193e-002,6.4156193e-002,6.4158116e-002
8.5839526e+002,6.3601915e-002,6.3601915e-002,6.3603912e-002
8.5840592e+002,6.2988592e-002,6.2988592e-002,6.2990448e-002
8.5841658e+002,6.2318407e-002,6.2318407e-002,6.2320038e-002
8.5842723e+002,6.1593581e-002,6.1593581e-002,6.1595045e-002
8.5843789e+002,6.0816593e-002,6.0816593e-002,6.0818021e-002
8.5844854e+002,5.9990365e-002,5.9990365e-002,5.9991831e-002
8.5845920e+002,5.9117862e-002,5.9117862e-002,5.9119372e-002
8.5846986e+002,5.8202174e-002,5.8202174e-002,5.8203697e-002
8.5848051e+002,5.7246605e-002,5.7246605e-002,5.7248118e-002
8.5849117e+002,5.6254479e-002,5.6254479e-002,5.6255974e-002
8.5850182e+002,5.5229167e-002,5.5229167e-002,5.5230649e-002
8.5851248e+002,5.4174122e-002,5.4174122e-002,5.4175606e-002
8.5852314e+002,5.3092804e-002,5.3092804e-002,5.3094315e-002
8.5853379e+002,5.1988705e-002,5.1988705e-002,5.1990256e-002
8.5854445e+002,5.0865371e-002,5.0865371e-002,5.0866924e-002
8.5855510e+002,4.9726353e-002,4.9726353e-002,4.9727814e-002
8.5856576e+002,4.8575104e-002,4.8575104e-002,4.8576380e-002
8.5857642e+002,4.7414913e-002,4.7414913e-002,4.7415998e-002
8.5858707e+002,4.6249051e-002,4.6249051e-002,4.6250037e-002
8.5859773e+002,4.5080685e-002,4.5080685e-002,4.5081688e-002
8.5860838e+002,4.3912803e-002,4.3912803e-002,4.3913837e-002
8.5861904e+002,4.2748372e-002,4.2748372e-002,4.2749335e-002
8.5862970e+002,4.1590188e-002,4.1590188e-002,4.1590953e-002
8.5864035e+002,4.0440748e-002,4.0440748e-002,4.0441312e-002
8.5865101e+002,3.9302513e-002,3.9302513e-002,3.9303018e-002
8.5866166e+002,3.8177797e-002,3.8177797e-002,3.8178435e-002
8.5867232e+002,3.7068643e-002,3.7068643e-002,3.7069500e-002
8.5868298e+002,3.5977065e-002,3.5977065e-002,3.5978106e-002
8.5869363e+002,3.4904882e-002,3.4904882e-002,3.4905996e-002
8.5870429e+002,3.3853566e-002,3.3853566e-002,3.3854647e-002
8.5871494e+002,3.2824552e-002,3.2824552e-002,3.2825509e-002
8.5872560e+002,3.1819088e-002,3.1819088e-002,3.1819863e-002
8.5873626e+002,3.0838092e-002,3.0838092e-002,3.0838685e-002
8.5874691e+002,2.9882443e-002,2.9882443e-002,2.9882922e-002
8.5875757e+002,2.8952885e-002,2.8952885e-002,2.8953341e-002
8.5876822e+002,2.8049910e-002,2.8049910e-002,2.8050392e-002
8.5877888e+002,2.7173983e-002,2.7173983e-002,2.7174486e-002
8.5878954e+002,2.6325423e-002,2.6325423e-002,2.6325919e-002
8.5880019e+002,2.5504282e-002,2.5504282e-002,2.5504771e-002
8.5881085e+002,2.4710583e-002,2.4710583e-002,2.4711093e-002
8.5882150e+002,2.3944267e-002,2.3944267e-002,2.3944825e-002
8.5883216e+002,2.3205122e-002,2.3205122e-002,2.3205686e-002
8.5884282e+002,2.2492918e-002,2.2492918e-002,2.2493375e-002
8.5885347e+002,2.1807321e-002,2.1807321e-002,2.1807558e-002
8.5886413e+002,2.1147804e-002,2.1147804e-002,2.1147844e-002
8.5887478e+002,2.0513818e-002,2.0513818e-002,2.0513837e-002
8.5888544e+002,1.9904808e-002,1.9904808e-002,1.9905017e-002
8.5889610e+002,1.9320208e-002,1.9320208e-002,1.9320640e-002
8.5890675e+002,1.8759450e-002,1.8759450e-002,1.8759938e-002
8.5891741e+002,1.8221878e-002,1.8221878e-002,1.8222187e-002
8.5892806e+002,1.7706676e-002,1.7706676e-002,1.7706754e-002
8.5893872e+002,1.7213007e-002,1.7213007e-002,1.7213015e-002
8.5894938e+002,1.6740101e-002,1.6740101e-002,1.6740279e-002
8.5896003e+002,1.6287315e-002,1.6287315e-002,1.6287725e-002
8.5897069e+002,1.5854019e-002,1.5854019e-002,1.5854517e-002
8.5898134e+002,1.5439510e-002,1.5439510e-002,1.5439867e-002
8.5899200e+002,1.5042951e-002,1.5042951e-002,1.5043079e-002
8.5900266e+002,1.4663487e-002,1.4663487e-002,1.4663466e-002
8.5901331e+002,1.4300343e-002,1.4300343e-002,1.4300326e-002
8.5902397e+002,1.3952896e-002,1.3952896e-002,1.3952921e-002
8.5903462e+002,1.3620540e-002,1.3620540e-002,1.3620511e-002
8.5904528e+002,1.3302637e-002,1.3302637e-002,1.3302411e-002
8.5905594e+002,1.2998481e-002,1.2998481e-002,1.2998050e-002
8.5906659e+002,1.2707362e-002,1.2707362e-002,1.2706867e-002
8.5907725e+002,1.2428621e-002,1.2428621e-002,1.2428266e-002
8.5908790e+002,1.2161714e-002,1.2161714e-002,1.2161580e-002
8.5909856e+002,1.1906108e-002,1.1906108e-002,1.1906134e-002
8.5910922e+002,1.1661285e-002,1.1661285e-002,1.1661340e-002
8.5911987e+002,1.1426765e-002,1.1426765e-002,1.1426784e-002
8.5913053e+002,1.1202068e-002,1.1202068e-002,1.1202070e-002
8.5914118e+002,1.0986731e-002,1.0986731e-002,1.0986767e-002
8.5915184e+002,1.0780316e-002,1.0780316e-002,1.0780368e-002
8.5916250e+002,1.0582387e-002,1.0582387e-002,1.0582354e-002
8.5917315e+002,1.0392508e-002,1.0392508e-002,1.0392275e-002
8.5918381e+002,1.0210238e-002,1.0210238e-002,1.0209806e-002
8.5919446e+002,1.0035135e-002,1.0035135e-002,1.0034639e-002
8.5920512e+002,9.8668204e-003,9.8668204e-003,9.8664507e-003
8.5921578e+002,9.7050434e-003,9.7050434e-003,9.7048903e-003
8.5922643e+002,9.5495686e-003,9.5495686e-003,9.5496026e-003
8.5923709e+002,9.4001474e-003,9.4001474e-003,9.4002596e-003
8.5924774e+002,9.2565046e-003,9.2565046e-003,9.2565895e-003
8.5925840e+002,9.1183612e-003,9.1183612e-003,9.1183272e-003
8.5926906e+002,8.9854286e-003,8.9854286e-003,8.9852133e-003
8.5927971e+002,8.8573982e-003,8.8573982e-003,8.8570000e-003
8.5929037e+002,8.7339588e-003,8.7339588e-003,8.7334408e-003
8.5930102e+002,8.6148512e-003,8.6148512e-003,8.6143066e-003
8.5931168e+002,8.4999240e-003,8.4999240e-003,8.4994033e-003
8.5932234e+002,8.3890392e-003,8.3890392e-003,8.3885416e-003
8.5933299e+002,8.2820271e-003,8.2820271e-003,8.2815247e-003
8.5934365e+002,8.1786507e-003,8.1786507e-003,8.1781398e-003
8.5935430e+002,8.0786645e-003,8.0786645e-003,8.0781723e-003
8.5936496e+002,7.9818664e-003,7.9818664e-003,7.9814206e-003
8.5937562e+002,7.8881462e-003,7.8881462e-003,7.8877107e-003
8.5938627e+002,7.7974055e-003,7.7974055e-003,7.7968723e-003
8.5939693e+002,7.7095024e-003,7.7095024e-003,7.7087553e-003
8.5940758e+002,7.6242013e-003,7.6242013e-003,7.6232536e-003
8.5941824e+002,7.5412548e-003,7.5412548e-003,7.5402665e-003
8.5942890e+002,7.4604817e-003,7.4604817e-003,7.4596637e-003
8.5943955e+002,7.3818447e-003,7.3818447e-003,7.3812507e-003
8.5945021e+002,7.3053245e-003,7.3053245e-003,7.3048247e-003
8.5946086e+002,7.2308412e-003,7.2308412e-003,7.2302168e-003
8.5947152e+002,7.1581811e-003,7.1581811e-003,7.1573327e-003
8.5948218e+002,7.0871130e-003,7.0871130e-003,7.0860876e-003
8.5949283e+002,7.0174568e-003,7.0174568e-003,7.0163858e-003
8.5950349e+002,6.9491446e-003,6.9491446e-003,6.9481074e-003
8.5951414e+002,6.8821232e-003,6.8821232e-003,6.8811294e-003
8.5952480e+002,6.8163234e-003,6.8163234e-003,6.8153388e-003
8.5953546e+002,6.7516392e-003,6.7516392e-003,6.7506450e-003
8.5954611e+002,6.6879603e-003,6.6879603e-003,6.6869606e-003
8.5955677e+002,6.6251907e-003,6.6251907e-003,6.6242000e-003
8.5956742e+002,6.5632675e-003,6.5632675e-003,6.5622817e-003
8.5957808e+002,6.5021323e-003,6.5021323e-003,6.5011251e-003
8.5958874e+002,6.4417153e-003,6.4417153e-003,6.4406629e-003
8.5959939e+002,6.3819212e-003,6.3819212e-003,6.3808585e-003
8.5961005e+002,6.3226513e-003,6.3226513e-003,6.3216796e-003
8.5962070e+002,6.2638371e-003,6.2638371e-003,6.2630687e-003
8.5963136e+002,6.2054799e-003,6.2054799e-003,6.2049115e-003
8.5964202e+002,6.1475904e-003,6.1475904e-003,6.1470862e-003
8.5965267e+002,6.0901611e-003,6.0901611e-003,6.0895259e-003
8.5966333e+002,6.0331429e-003,6.0331429e-003,6.0322908e-003
8.5967398e+002,5.9764808e-003,5.9764808e-003,5.9754586e-003
8.5968464e+002,5.9201315e-003,5.9201315e-003,5.9190640e-003
8.5969530e+002,5.8640790e-003,5.8640790e-003,5.8630427e-003
8.5970595e+002,5.8083107e-003,5.8083107e-003,5.8073162e-003
8.5971661e+002,5.7528162e-003,5.7528162e-003,5.7518314e-003
8.5972726e+002,5.6975882e-003,5.6975882e-003,5.6965946e-003
8.5973792e+002,5.6426205e-003,5.6426205e-003,5.6416205e-003
8.5974858e+002,5.5879187e-003,5.5879187e-003,5.5869251e-003
8.5975923e+002,5.5335168e-003,5.5335168e-003,5.5325276e-003
8.5976989e+002,5.4794529e-003,5.4794529e-003,5.4784478e-003
8.5978054e+002,5.4257453e-003,5.4257453e-003,5.4247047e-003
8.5979120e+002,5.3723656e-003,5.3723656e-003,5.3713158e-003
8.5980186e+002,5.3192785e-003,5.3192785e-003,5.3182986e-003
8.5981251e+002,5.2664857e-003,5.2664857e-003,5.2656714e-003
8.5982317e+002,5.2140775e-003,5.2140775e-003,5.2134557e-003
8.5983382e+002,5.1621568e-003,5.1621568e-003,5.1616732e-003
8.5984448e+002,5.1107876e-003,5.1107876e-003,5.1103416e-003
8.5985514e+002,5.0599387e-003,5.0599387e-003,5.0594687e-003
8.5986579e+002,5.0095652e-003,5.0095652e-003,5.0090609e-003
8.5987645e+002,4.9596541e-003,4.9596541e-003,4.9591396e-003
8.5988710e+002,4.9102711e-003,4.9102711e-003,4.9097630e-003
8.5989776e+002,4.8614934e-003,4.8614934e-003,4.8609946e-003
8.5990842e+002,4.8133672e-003,4.8133672e-003,4.8128711e-003
8.5991907e+002,4.7658610e-003,4.7658610e-003,4.7653632e-003
8.5992973e+002,4.7189321e-003,4.7189321e-003,4.7184318e-003
8.5994038e+002,4.6725732e-003,4.6725732e-003,4.6720722e-003
8.5995104e+002,4.6268651e-003,4.6268651e-003,4.6263645e-003
8.5996170e+002,4.5819019e-003,4.5819019e-003,4.5814020e-003
8.5997235e+002,4.5377247e-003,4.5377247e-003,4.5372249e-003
8.5998301e+002,4.4942412e-003,4.4942412e-003,4.4937413e-003
8.5999366e+002,4.4513388e-003,4.4513388e-003,4.4508388e-003
8.6000432e+002,4.4089683e-003,4.4089683e-003,4.4084683e-003
8.6001498e+002,4.3672397e-003,4.3672397e-003,4.3667398e-003
8.6002563e+002,4.3262881e-003,4.3262881e-003,4.3257881e-003
8.6003629e+002,4.2861901e-003,4.2861901e-003,4.2856898e-003
8.6004694e+002,4.2468738e-003,4.2468738e-003,4.2463734e-003
8.6005760e+002,4.2082441e-003,4.2082441e-003,4.2077442e-003
8.6006826e+002,4.1702359e-003,4.1702359e-003,4.1697369e-003
8.6007891e+002,4.1328610e-003,4.1328610e-003,4.1323623e-003
8.6008957e+002,4.0961434e-003,4.0961434e-003,4.0956429e-003
8.6010022e+002,4.0601009e-003,4.0601009e-003,4.0595970e-003
8.6011088e+002,4.0247352e-003,4.0247352e-003,4.0242303e-003
8.6012154e+002,3.9900453e-003,3.9900453e-003,3.9895469e-003
8.6013219e+002,3.9560255e-003,3.9560255e-003,3.9555402e-003
8.6014285e+002,3.9226575e-003,3.9226575e-003,3.9221759e-003
8.6015350e+002,3.8899209e-003,3.8899209e-003,3.8894152e-003
8.6016416e+002,3.8577934e-003,3.8577934e-003,3.8572387e-003
8.6017482e+002,3.8262474e-003,3.8262474e-003,3.8256787e-003
8.6018547e+002,3.7952544e-003,3.7952544e-003,3.7947754e-003
8.6019613e+002,3.7647986e-003,3.7647986e-003,3.7645295e-003
8.6020678e+002,3.7348979e-003,3.7348979e-003,3.7348352e-003
8.6021744e+002,3.7055759e-003,3.7055759e-003,3.7055695e-003
8.6022810e+002,3.6768345e-003,3.6768345e-003,3.6766682e-003
8.6023875e+002,3.6486176e-003,3.6486176e-003,3.6482248e-003
8.6024941e+002,3.6208600e-003,3.6208600e-003,3.6203590e-003
8.6026006e+002,3.5935158e-003,3.5935158e-003,3.5931293e-003
8.6027072e+002,3.5665931e-003,3.5665931e-003,3.5664292e-003
8.6028138e+002,3.5401089e-003,3.5401089e-003,3.5401244e-003
8.6029203e+002,3.5140756e-003,3.5140756e-003,3.5141331e-003
8.6030269e+002,3.4884928e-003,3.4884928e-003,3.4885162e-003
8.6031334e+002,3.4633579e-003,3.4633579e-003,3.4633586e-003
8.6032400e+002,3.4386675e-003,3.4386675e-003,3.4387029e-003
8.6033466e+002,3.4144150e-003,3.4144150e-003,3.4144737e-003
8.6034531e+002,3.3905934e-003,3.3905934e-003,3.3905757e-003
8.6035597e+002,3.3671785e-003,3.3671785e-003,3.3669536e-003
8.6036662e+002,3.3440982e-003,3.3440982e-003,3.3436630e-003
8.6037728e+002,3.3212723e-003,3.3212723e-003,3.3207783e-003
8.6038794e+002,3.2986640e-003,3.2986640e-003,3.2983352e-003
8.6039859e+002,3.2763589e-003,3.2763589e-003,3.2762604e-003
8.6040925e+002,3.2544635e-003,3.2544635e-003,3.2544615e-003
8.6041990e+002,3.2330311e-003,3.2330311e-003,3.2328847e-003
8.6043056e+002,3.2119630e-003,3.2119630e-003,3.2115839e-003
8.6044122e+002,3.1911345e-003,3.1911345e-003,3.1906322e-003
8.6045187e+002,3.1704633e-003,3.1704633e-003,3.1700655e-003
8.6046253e+002,3.1499886e-003,3.1499886e-003,3.1498133e-003
8.6047318e+002,3.1297714e-003,3.1297714e-003,3.1297863e-003
8.6048384e+002,3.1098567e-003,3.1098567e-003,3.1099299e-003
8.6049450e+002,3.0902450e-003,3.0902450e-003,3.0902887e-003
8.6050515e+002,3.0709288e-003,3.0709288e-003,3.0709249e-003
8.6051581e+002,3.0518953e-003,3.0518953e-003,3.0518757e-003
8.6052646e+002,3.0331167e-003,3.0331167e-003,3.0331050e-003
8.6053712e+002,3.0145625e-003,3.0145625e-003,3.0145635e-003
8.6054778e+002,2.9962133e-003,2.9962133e-003,2.9962185e-003
8.6055843e+002,2.9780819e-003,2.9780819e-003,2.9780851e-003
8.6056909e+002,2.9601873e-003,2.9601873e-003,2.9601870e-003
8.6057974e+002,2.9425340e-003,2.9425340e-003,2.9425326e-003
8.6059040e+002,2.9250850e-003,2.9250850e-003,2.9250841e-003
8.6060106e+002,2.9077954e-003,2.9077954e-003,2.9077955e-003
8.6061171e+002,2.8906413e-003,2.8906413e-003,2.8906416e-003
8.6062237e+002,2.8736608e-003,2.8736608e-003,2.8736610e-003
8.6063302e+002,2.8569036e-003,2.8569036e-003,2.8569036e-003
8.6064368e+002,2.8403992e-003,2.8403992e-003,2.8403991e-003
8.6065434e+002,2.8241156e-003,2.8241156e-003,2.8241156e-003
8.6066499e+002,2.8080098e-003,2.8080098e-003,2.8080098e-003
8.6067565e+002,2.7920506e-003,2.7920506e-003,2.7920506e-003
8.6068630e+002,2.7762434e-003,2.7762434e-003,2.7762434e-003
8.6069696e+002,2.7606006e-003,2.7606006e-003,2.7606006e-003
8.6070762e+002,2.7451304e-003,2.7451304e-003,2.7451304e-003
8.6071827e+002,2.7298292e-003,2.7298292e-003,2.7298292e-003
8.6072893e+002,2.7146907e-003,2.7146907e-003,2.7146907e-003
8.6073958e+002,2.6997126e-003,2.6997126e-003,2.6997126e-003
8.6075024e+002,2.6849051e-003,2.6849051e-003,2.6849051e-003
8.6076090e+002,2.6702803e-003,2.6702803e-003,2.6702803e-003
8.6077155e+002,2.6558389e-003,2.6558389e-003,2.6558388e-003
8.6078221e+002,2.6415448e-003,2.6415448e-003,2.6415447e-003
8.6079286e+002,2.6273550e-003,2.6273550e-003,2.6273550e-003
8.6080352e+002,2.6132456e-003,2.6132456e-003,2.6132459e-003
8.6081418e+002,2.5992543e-003,2.5992543e-003,2.5992546e-003
8.6082483e+002,2.5854304e-003,2.5854304e-003,2.5854303e-003
8.6083549e+002,2.5718039e-003,2.5718039e-003,2.5718030e-003
8.6084614e+002,2.5583432e-003,2.5583432e-003,2.5583419e-003
8.6085680e+002,2.5450044e-003,2.5450044e-003,2.5450046e-003
8.6086746e+002,2.5317558e-003,2.5317558e-003,2.5317594e-003
8.6087811e+002,2.5186050e-003,2.5186050e-003,2.5186097e-003
8.6088877e+002,2.5055669e-003,2.5055669e-003,2.5055662e-003
8.6089942e+002,2.4926503e-003,2.4926503e-003,2.4926372e-003
8.6091008e+002,2.4798426e-003,2.4798426e-003,2.4798248e-003
8.6092074e+002,2.4671268e-003,2.4671268e-003,2.4671294e-003
8.6093139e+002,2.4545002e-003,2.4545002e-003,2.4545489e-003
8.6094205e+002,2.4420058e-003,2.4420058e-003,2.4420723e-003
8.6095270e+002,2.4296959e-003,2.4296959e-003,2.4296867e-003
8.6096336e+002,2.4175957e-003,2.4175957e-003,2.4173921e-003
8.6097402e+002,2.4056419e-003,2.4056419e-003,2.4052307e-003
8.6098467e+002,2.3937530e-003,2.3937530e-003,2.3932535e-003
8.6099533e+002,2.3818742e-003,2.3818742e-003,2.3814853e-003
8.6100598e+002,2.3700394e-003,2.3700394e-003,2.3698638e-003
8.6101664e+002,2.3583010e-003,2.3583010e-003,2.3583088e-003
8.6102730e+002,2.3466976e-003,2.3466976e-003,2.3467656e-003
8.6103795e+002,2.3352217e-003,2.3352217e-003,2.3352648e-003
8.6104861e+002,2.3238565e-003,2.3238565e-003,2.3238546e-003
8.6105926e+002,2.3125915e-003,2.3125915e-003,2.3125732e-003
8.6106992e+002,2.3014374e-003,2.3014374e-003,2.3014258e-003
8.6108058e+002,2.2904097e-003,2.2904097e-003,2.2904102e-003
8.6109123e+002,2.2795120e-003,2.2795120e-003,2.2795169e-003
8.6110189e+002,2.2687083e-003,2.2687083e-003,2.2687114e-003
8.6111254e+002,2.2579537e-003,2.2579537e-003,2.2579536e-003
8.6112320e+002,2.2472225e-003,2.2472225e-003,2.2472212e-003
8.6113386e+002,2.2365532e-003,2.2365532e-003,2.2365524e-003
8.6114451e+002,2.2259985e-003,2.2259985e-003,2.2259985e-003
8.6115517e+002,2.2155902e-003,2.2155902e-003,2.2155905e-003
8.6116582e+002,2.2052892e-003,2.2052892e-003,2.2052894e-003
8.6117648e+002,2.1950409e-003,2.1950409e-003,2.1950409e-003
8.6118714e+002,2.1848117e-003,2.1848117e-003,2.1848116e-003
8.6119779e+002,2.1746405e-003,2.1746405e-003,2.1746405e-003
8.6120845e+002,2.1645823e-003,2.1645823e-003,2.1645823e-003
8.6121910e+002,2.1546713e-003,2.1546713e-003,2.1546713e-003
8.6122976e+002,2.1448693e-003,2.1448693e-003,2.1448693e-003
8.6124042e+002,2.1351220e-003,2.1351220e-003,2.1351220e-003
8.6125107e+002,2.1253948e-003,2.1253948e-003,2.1253948e-003
8.6126173e+002,2.1157236e-003,2.1157236e-003,2.1157236e-003
8.6127238e+002,2.1061599e-003,2.1061599e-003,2.1061599e-003
8.6128304e+002,2.0967382e-003,2.0967382e-003,2.0967382e-003
8.6129370e+002,2.0874312e-003,2.0874312e-003,2.0874312e-003
8.6130435e+002,2.0781978e-003,2.0781978e-003,2.0781978e-003
8.6131501e+002,2.0690050e-003,2.0690050e-003,2.0690050e-003
8.6132566e+002,2.0598480e-003,2.0598480e-003,2.0598480e-003
8.6133632e+002,2.0507288e-003,2.0507288e-003,2.0507288e-003
8.6134698e+002,2.0416549e-003,2.0416549e-003,2.0416549e-003
8.6135763e+002,2.0326552e-003,2.0326552e-003,2.0326552e-003
8.6136829e+002,2.0237634e-003,2.0237634e-003,2.0237634e-003
8.6137894e+002,2.0150024e-003,2.0150024e-003,2.0150024e-003
8.6138960e+002,2.0063555e-003,2.0063555e-003,2.0063555e-003
8.6140026e+002,1.9977972e-003,1.9977972e-003,1.9977972e-003
8.6141091e+002,1.9892989e-003,1.9892989e-003,1.9892989e-003
8.6142157e+002,1.9808214e-003,1.9808214e-003,1.9808214e-003
8.6143222e+002,1.9723228e-003,1.9723228e-003,1.9723228e-003
8.6144288e+002,1.9637834e-003,1.9637834e-003,1.9637834e-003
8.6145354e+002,1.9552657e-003,1.9552657e-003,1.9552657e-003
8.6146419e+002,1.9468517e-003,1.9468517e-003,1.9468517e-003
8.6147485e+002,1.9385976e-003,1.9385976e-003,1.9385976e-003
8.6148550e+002,1.9304621e-003,1.9304621e-003,1.9304621e-003
8.6149616e+002,1.9223807e-003,1.9223807e-003,1.9223807e-003
8.6150682e+002,1.9143115e-003,1.9143115e-003,1.9143115e-003
8.6151747e+002,1.9062990e-003,1.9062990e-003,1.9062990e-003
8.6152813e+002,1.8984081e-003,1.8984081e-003,1.8984081e-003
8.6153878e+002,1.8906779e-003,1.8906779e-003,1.8906779e-003
8.6154944e+002,1.8830478e-003,1.8830478e-003,1.8830478e-003
8.6156010e+002,1.8754331e-003,1.8754331e-003,1.8754331e-003
8.6157075e+002,1.8677726e-003,1.8677726e-003,1.8677726e-003
8.6158141e+002,1.8600963e-003,1.8600963e-003,1.8600963e-003
8.6159206e+002,1.8524562e-003,1.8524562e-003,1.8524562e-003
8.6160272e+002,1.8448934e-003,1.8448934e-003,1.8448934e-003
8.6161338e+002,1.8374055e-003,1.8374055e-003,1.8374055e-003
8.6162403e+002,1.8299796e-003,1.8299796e-003,1.8299796e-003
8.6163469e+002,1.8226049e-003,1.8226049e-003,1.8226049e-003
8.6164534e+002,1.8152790e-003,1.8152790e-003,1.8152790e-003
8.6165600e+002,1.8080018e-003,1.8080018e-003,1.8080018e-003
8.6166666e+002,1.8007755e-003,1.8007755e-003,1.8007755e-003
8.6167731e+002,1.7936114e-003,1.7936114e-003,1.7936114e-003
8.6168797e+002,1.7865229e-003,1.7865229e-003,1.7865229e-003
8.6169862e+002,1.7795126e-003,1.7795126e-003,1.7795126e-003
8.6170928e+002,1.7725376e-003,1.7725376e-003,1.7725376e-003
8.6171994e+002,1.7655439e-003,1.7655439e-003,1.7655439e-003
8.6173059e+002,1.7585014e-003,1.7585014e-003,1.7585014e-003
8.6174125e+002,1.7514772e-003,1.7514772e-003,1.7514772e-003
8.6175190e+002,1.7445633e-003,1.7445633e-003,1.7445633e-003
8.6176256e+002,1.7378217e-003,1.7378217e-003,1.7378217e-003
8.6177322e+002,1.7311918e-003,1.7311918e-003,1.7311918e-003
8.6178387e+002,1.7245814e-003,1.7245814e-003,1.7245814e-003
8.6179453e+002,1.7179219e-003,1.7179219e-003,1.7179219e-003
8.6180518e+002,1.7112432e-003,1.7112432e-003,1.7112432e-003
8.6181584e+002,1.7046009e-003,1.7046009e-003,1.7046009e-003
8.6182650e+002,1.6980385e-003,1.6980385e-003,1.6980385e-003
8.6183715e+002,1.6915501e-003,1.6915501e-003,1.6915501e-003
8.6184781e+002,1.6851172e-003,1.6851172e-003,1.6851172e-003
8.6185846e+002,1.6787269e-003,1.6787269e-003,1.6787269e-003
8.6186912e+002,1.6723921e-003,1.6723921e-003,1.6723921e-003
8.6187978e+002,1.6661323e-003,1.6661323e-003,1.6661323e-003
8.6189043e+002,1.6599546e-003,1.6599546e-003,1.6599546e-003
8.6190109e+002,1.6538138e-003,1.6538138e-003,1.6538138e-003
8.6191174e+002,1.6476505e-003,1.6476505e-003,1.6476505e-003
8.6192240e+002,1.6414312e-003,1.6414312e-003,1.6414312e-003
8.6193306e+002,1.6352331e-003,1.6352331e-003,1.6352331e-003
8.6194371e+002,1.6291629e-003,1.6291629e-003,1.6291629e-003
8.6195437e+002,1.6232887e-003,1.6232887e-003,1.6232887e-003
8.6196502e+002,1.6175096e-003,1.6175096e-003,1.6175096e-003
8.6197568e+002,1.6116790e-003,1.6116790e-003,1.6116790e-003
8.6198634e+002,1.6056951e-003,1.6056951e-003,1.6056951e-003
8.6199699e+002,1.5996515e-003,1.5996515e-003,1.5996515e-003
8.6200765e+002,1.5936952e-003,1.5936952e-003,1.5936952e-003
8.6201830e+002,1.5879346e-003,1.5879346e-003,1.5879346e-003
8.6202896e+002,1.5823074e-003,1.5823074e-003,1.5823074e-003
8.6203962e+002,1.5767044e-003,1.5767044e-003,1.5767044e-003
8.6205027e+002,1.5710427e-003,1.5710427e-003,1.5710427e-003
8.6206093e+002,1.5653583e-003,1.5653583e-003,1.5653583e-003
8.6207158e+002,1.5597198e-003,1.5597198e-003,1.5597198e-003
8.6208224e+002,1.5541779e-003,1.5541779e-003,1.5541779e-003
8.6209290e+002,1.5487004e-003,1.5487004e-003,1.5487004e-003
8.6210355e+002,1.5432321e-003,1.5432321e-003,1.5432321e-003
8.6211421e+002,1.5377318e-003,1.5377318e-003,1.5377318e-003
8.6212486e+002,1.5322228e-003,1.5322228e-003,1.5322228e-003
8.6213552e+002,1.5267468e-003,1.5267468e-003,1.5267468e-003
8.6214618e+002,1.5213392e-003,1.5213392e-003,1.5213392e-003
8.6215683e+002,1.5160077e-003,1.5160077e-003,1.5160077e-003
8.6216749e+002,1.5107521e-003,1.5107521e-003,1.5107521e-003
8.6217814e+002,1.5055663e-003,1.5055663e-003,1.5055663e-003
8.6218880e+002,1.5004175e-003,1.5004175e-003,1.5004175e-003
8.6219946e+002,1.4952654e-003,1.4952654e-003,1.4952654e-003
8.6221011e+002,1.4900824e-003,1.4900824e-003,1.4900824e-003
8.6222077e+002,1.4849022e-003,1.4849022e-003,1.4849022e-003
8.6223142e+002,1.4797760e-003,1.4797760e-003,1.4797760e-003
8.6224208e+002,1.4747404e-003,1.4747404e-003,1.4747404e-003
8.6225274e+002,1.4697619e-003,1.4697619e-003,1.4697619e-003
8.6226339e+002,1.4647864e-003,1.4647864e-003,1.4647864e-003
8.6227405e+002,1.4597749e-003,1.4597749e-003,1.4597749e-003
8.6228470e+002,1.4547603e-003,1.4547603e-003,1.4547603e-003
8.6229536e+002,1.4497968e-003,1.4497968e-003,1.4497968e-003
8.6230602e+002,1.4449237e-003,1.4449237e-003,1.4449237e-003
8.6231667e+002,1.4401104e-003,1.4401104e-003,1.4401104e-003
8.6232733e+002,1.4353054e-003,1.4353054e-003,1.4353054e-003
8.6233798e+002,1.4304697e-003,1.4304697e-003,1.4304697e-003
8.6234864e+002,1.4256264e-003,1.4256264e-003,1.4256264e-003
8.6235930e+002,1.4208170e-003,1.4208170e-003,1.4208170e-003
8.6236995e+002,1.4160768e-003,1.4160768e-003,1.4160768e-003
8.6238061e+002,1.4114113e-003,1.4114113e-003,1.4114113e-003
8.6239126e+002,1.4068163e-003,1.4068163e-003,1.4068163e-003
8.6240192e+002,1.4022850e-003,1.4022850e-003,1.4022850e-003
8.6241258e+002,1.3977960e-003,1.3977960e-003,1.3977960e-003
8.6242323e+002,1.3933238e-003,1.3933238e-003,1.3933238e-003
8.6243389e+002,1.3888453e-003,1.3888453e-003,1.3888453e-003
8.6244454e+002,1.3843524e-003,1.3843524e-003,1.3843524e-003
8.6245520e+002,1.3798409e-003,1.3798409e-003,1.3798409e-003
8.6246586e+002,1.3753131e-003,1.3753131e-003,1.3753131e-003
8.6247651e+002,1.3708009e-003,1.3708009e-003,1.3708009e-003
8.6248717e+002,1.3663456e-003,1.3663456e-003,1.3663456e-003
8.6249782e+002,1.3619766e-003,1.3619766e-003,1.3619766e-003
8.6250848e+002,1.3576624e-003,1.3576624e-003,1.3576624e-003
8.6251914e+002,1.3533522e-003,1.3533522e-003,1.3533522e-003
8.6252979e+002,1.3490084e-003,1.3490084e-003,1.3490084e-003
8.6254045e+002,1.3446605e-003,1.3446605e-003,1.3446605e-003
8.6255110e+002,1.3403593e-003,1.3403593e-003,1.3403593e-003
8.6256176e+002,1.3361436e-003,1.3361436e-003,1.3361436e-003
8.6257242e+002,1.3319915e-003,1.3319915e-003,1.3319915e-003
8.6258307e+002,1.3278613e-003,1.3278613e-003,1.3278613e-003
8.6259373e+002,1.3237174e-003,1.3237174e-003,1.3237174e-003
8.6260438e+002,1.3195547e-003,1.3195547e-003,1.3195547e-003
8.6261504e+002,1.3153781e-003,1.3153781e-003,1.3153781e-003
8.6262570e+002,1.3111947e-003,1.3111947e-003,1.3111947e-003
8.6263635e+002,1.3070228e-003,1.3070228e-003,1.3070228e-003
8.6264701e+002,1.3028841e-003,1.3028841e-003,1.3028841e-003
8.6265766e+002,1.2988001e-003,1.2988001e-003,1.2988001e-003
8.6266832e+002,1.2947899e-003,1.2947899e-003,1.2947899e-003
8.6267898e+002,1.2908722e-003,1.2908722e-003,1.2908722e-003
8.6268963e+002,1.2870514e-003,1.2870514e-003,1.2870514e-003
8.6270029e+002,1.2832565e-003,1.2832565e-003,1.2832565e-003
8.6271094e+002,1.2793917e-003,1.2793917e-003,1.2793917e-003
8.6272160e+002,1.2753903e-003,1.2753903e-003,1.2753903e-003
8.6273226e+002,1.2713430e-003,1.2713430e-003,1.2713430e-003
8.6274291e+002,1.2673934e-003,1.2673934e-003,1.2673934e-003
8.6275357e+002,1.2636501e-003,1.2636501e-003,1.2636501e-003
8.6276422e+002,1.2600314e-003,1.2600314e-003,1.2600314e-003
8.6277488e+002,1.2563911e-003,1.2563911e-003,1.2563911e-003
8.6278554e+002,1.2526134e-003,1.2526134e-003,1.2526134e-003
8.6279619e+002,1.2487501e-003,1.2487501e-003,1.2487501e-003
8.6280685e+002,1.2449103e-003,1.2449103e-003,1.2449103e-003
8.6281750e+002,1.2411823e-003,1.2411823e-003,1.2411823e-003
8.6282816e+002,1.2375374e-003,1.2375374e-003,1.2375374e-003
8.6283882e+002,1.2339067e-003,1.2339067e-003,1.2339067e-003
8.6284947e+002,1.2302361e-003,1.2302361e-003,1.2302361e-003
8.6286013e+002,1.2265526e-003,1.2265526e-003,1.2265526e-003
8.6287078e+002,1.2229115e-003,1.2229115e-003,1.2229115e-003
8.6288144e+002,1.2193570e-003,1.2193570e-003,1.2193570e-003
8.6289210e+002,1.2158694e-003,1.2158694e-003,1.2158694e-003
8.6290275e+002,1.2124070e-003,1.2124070e-003,1.2124070e-003
8.6291341e+002,1.2089328e-003,1.2089328e-003,1.2089328e-003
8.6292406e+002,1.2054382e-003,1.2054382e-003,1.2054382e-003
8.6293472e+002,1.2019245e-003,1.2019245e-003,1.2019245e-003
8.6294538e+002,1.1983970e-003,1.1983970e-003,1.1983970e-003
8.6295603e+002,1.1948840e-003,1.1948840e-003,1.1948840e-003
8.6296669e+002,1.1914221e-003,1.1914221e-003,1.1914221e-003
8.6297734e+002,1.1880396e-003,1.1880396e-003,1.1880396e-003
8.6298800e+002,1.1847170e-003,1.1847170e-003,1.1847170e-003
8.6299866e+002,1.1814175e-003,1.1814175e-003,1.1814175e-003
8.6300931e+002,1.1781085e-003,1.1781085e-003,1.1781085e-003
8.6301997e+002,1.1747810e-003,1.1747810e-003,1.1747810e-003
8.6303062e+002,1.1714347e-003,1.1714347e-003,1.1714347e-003
8.6304128e+002,1.1680735e-003,1.1680735e-003,1.1680735e-003
8.6305194e+002,1.1647262e-003,1.1647262e-003,1.1647262e-003
8.6306259e+002,1.1614307e-003,1.1614307e-003,1.1614307e-003
8.6307325e+002,1.1582164e-003,1.1582164e-003,1.1582164e-003
8.6308390e+002,1.1550616e-003,1.1550616e-003,1.1550616e-003
8.6309456e+002,1.1519257e-003,1.1519257e-003,1.1519257e-003
8.6310522e+002,1.1487739e-003,1.1487739e-003,1.1487739e-003
8.6311587e+002,1.1456067e-003,1.1456067e-003,1.1456067e-003
8.6312653e+002,1.1424382e-003,1.1424382e-003,1.1424382e-003
8.6313718e+002,1.1392790e-003,1.1392790e-003,1.1392790e-003
8.6314784e+002,1.1361214e-003,1.1361214e-003,1.1361214e-003
8.6315850e+002,1.1329506e-003,1.1329506e-003,1.1329506e-003
8.6316915e+002,1.1297582e-003,1.1297582e-003,1.1297582e-003
8.6317981e+002,1.1265746e-003,1.1265746e-003,1.1265746e-003
8.6319046e+002,1.1234451e-003,1.1234451e-003,1.1234451e-003
8.6320112e+002,1.1204043e-003,1.1204043e-003,1.1204044e-003
8.6321178e+002,1.1174219e-003,1.1174219e-003,1.1174220e-003
8.6322243e+002,1.1144426e-003,1.1144426e-003,1.1144426e-003
8.6323309e+002,1.1114234e-003,1.1114234e-003,1.1114234e-003
8.6324374e+002,1.1083997e-003,1.1083997e-003,1.1083996e-003
8.6325440e+002,1.1054367e-003,1.1054367e-003,1.1054367e-003
8.6326506e+002,1.1025835e-003,1.1025835e-003,1.1025837e-003
8.6327571e+002,1.0997849e-003,1.0997849e-003,1.0997853e-003
8.6328637e+002,1.0969456e-003,1.0969456e-003,1.0969457e-003
8.6329702e+002,1.0939893e-003,1.0939893e-003,1.0939885e-003
8.6330768e+002,1.0909628e-003,1.0909628e-003,1.0909615e-003
8.6331834e+002,1.0879613e-003,1.0879613e-003,1.0879610e-003
8.6332899e+002,1.0850643e-003,1.0850643e-003,1.0850671e-003
8.6333965e+002,1.0822483e-003,1.0822483e-003,1.0822532e-003
8.6335030e+002,1.0794493e-003,1.0794493e-003,1.0794506e-003
8.6336096e+002,1.0766145e-003,1.0766145e-003,1.0766042e-003
8.6337162e+002,1.0737648e-003,1.0737648e-003,1.0737465e-003
8.6338227e+002,1.0709507e-003,1.0709507e-003,1.0709454e-003
8.6339293e+002,1.0682148e-003,1.0682148e-003,1.0682530e-003
8.6340358e+002,1.0655506e-003,1.0655506e-003,1.0656189e-003
8.6341424e+002,1.0629312e-003,1.0629312e-003,1.0629513e-003
8.6342490e+002,1.0603273e-003,1.0603273e-003,1.0601746e-003
8.6343555e+002,1.0576919e-003,1.0576919e-003,1.0573228e-003
8.6344621e+002,1.0549709e-003,1.0549709e-003,1.0544742e-003
8.6345686e+002,1.0521282e-003,1.0521282e-003,1.0516997e-003
8.6346752e+002,1.0492469e-003,1.0492469e-003,1.0490198e-003
8.6347818e+002,1.0464592e-003,1.0464592e-003,1.0464342e-003
8.6348883e+002,1.0438713e-003,1.0438713e-003,1.0439354e-003
8.6349949e+002,1.0414134e-003,1.0414134e-003,1.0414664e-003
8.6351014e+002,1.0389431e-003,1.0389431e-003,1.0389499e-003
8.6352080e+002,1.0363413e-003,1.0363413e-003,1.0363242e-003
8.6353146e+002,1.0336473e-003,1.0336473e-003,1.0336331e-003
8.6354211e+002,1.0309666e-003,1.0309666e-003,1.0309647e-003
8.6355277e+002,1.0283897e-003,1.0283897e-003,1.0283942e-003
8.6356342e+002,1.0259020e-003,1.0259020e-003,1.0259058e-003
8.6357408e+002,1.0234450e-003,1.0234450e-003,1.0234455e-003
8.6358474e+002,1.0209671e-003,1.0209671e-003,1.0209658e-003
8.6359539e+002,1.0184657e-003,1.0184657e-003,1.0184647e-003
8.6360605e+002,1.0159592e-003,1.0159592e-003,1.0159591e-003
8.6361670e+002,1.0134631e-003,1.0134631e-003,1.0134635e-003
8.6362736e+002,1.0109715e-003,1.0109715e-003,1.0109717e-003
8.6363802e+002,1.0084693e-003,1.0084693e-003,1.0084693e-003
8.6364867e+002,1.0059466e-003,1.0059466e-003,1.0059465e-003
8.6365933e+002,1.0034295e-003,1.0034295e-003,1.0034294e-003
8.6366998e+002,1.0009596e-003,1.0009596e-003,1.0009596e-003
8.6368064e+002,9.9857105e-004,9.9857105e-004,9.9857108e-004
8.6369130e+002,9.9624610e-004,9.9624610e-004,9.9624612e-004
8.6370195e+002,9.9394417e-004,9.9394417e-004,9.9394417e-004
8.6371261e+002,9.9162909e-004,9.9162909e-004,9.9162908e-004
8.6372326e+002,9.8929685e-004,9.8929685e-004,9.8929685e-004
8.6373392e+002,9.8695756e-004,9.8695756e-004,9.8695756e-004
8.6374458e+002,9.8462049e-004,9.8462049e-004,9.8462049e-004
8.6375523e+002,9.8228849e-004,9.8228849e-004,9.8228849e-004
8.6376589e+002,9.7996157e-004,9.7996157e-004,9.7996157e-004
8.6377654e+002,9.7763886e-004,9.7763886e-004,9.7763886e-004
8.6378720e+002,9.7531308e-004,9.7531308e-004,9.7531307e-004
8.6379786e+002,9.7297408e-004,9.7297408e-004,9.7297408e-004
8.6380851e+002,9.7061603e-004,9.7061603e-004,9.7061603e-004
8.6381917e+002,9.6826508e-004,9.6826508e-004,9.6826508e-004
8.6382982e+002,9.6596178e-004,9.6596178e-004,9.6596178e-004
8.6384048e+002,9.6373985e-004,9.6373985e-004,9.6373985e-004
8.6385114e+002,9.6158131e-004,9.6158131e-004,9.6158131e-004
8.6386179e+002,9.5944475e-004,9.5944475e-004,9.5944475e-004
8.6387245e+002,9.5729329e-004,9.5729329e-004,9.5729329e-004
8.6388310e+002,9.5512544e-004,9.5512544e-004,9.5512544e-004
8.6389376e+002,9.5295586e-004,9.5295586e-004,9.5295586e-004
8.6390442e+002,9.5079666e-004,9.5079666e-004,9.5079666e-004
8.6391507e+002,9.4863974e-004,9.4863974e-004,9.4863974e-004
8.6392573e+002,9.4646768e-004,9.4646768e-004,9.4646768e-004
8.6393638e+002,9.4426891e-004,9.4426891e-004,9.4426891e-004
8.6394704e+002,9.4207730e-004,9.4207730e-004,9.4207730e-004
8.6395770e+002,9.3994784e-004,9.3994784e-004,9.3994784e-004
8.6396835e+002,9.3792383e-004,9.3792383e-004,9.3792383e-004
8.6397901e+002,9.3595647e-004,9.3595647e-004,9.3595647e-004
8.6398966e+002,9.3395380e-004,9.3395380e-004,9.3395380e-004
8.6400032e+002,9.3183821e-004,9.3183821e-004,9.3183821e-004
8.6401098e+002,9.2964719e-004,9.2964719e-004,9.2964719e-004
8.6402163e+002,9.2747265e-004,9.2747265e-004,9.2747265e-004
8.6403229e+002,9.2539524e-004,9.2539524e-004,9.2539524e-004
8.6404294e+002,9.2340389e-004,9.2340389e-004,9.2340389e-004
8.6405360e+002,9.2144373e-004,9.2144373e-004,9.2144373e-004
8.6406426e+002,9.1946529e-004,9.1946529e-004,9.1946529e-004
8.6407491e+002,9.1746419e-004,9.1746419e-004,9.1746419e-004
8.6408557e+002,9.1545776e-004,9.1545776e-004,9.1545776e-004
8.6409622e+002,9.1346102e-004,9.1346102e-004,9.1346102e-004
8.6410688e+002,9.1146895e-004,9.1146895e-004,9.1146895e-004
8.6411754e+002,9.0946685e-004,9.0946685e-004,9.0946685e-004
8.6412819e+002,9.0744421e-004,9.0744421e-004,9.0744421e-004
8.6413885e+002,9.0542546e-004,9.0542546e-004,9.0542546e-004
8.6414950e+002,9.0345209e-004,9.0345209e-004,9.0345209e-004
8.6416016e+002,9.0155955e-004,9.0155955e-004,9.0155955e-004
8.6417082e+002,8.9973225e-004,8.9973225e-004,8.9973225e-004
8.6418147e+002,8.9792946e-004,8.9792946e-004,8.9792946e-004
8.6419213e+002,8.9611415e-004,8.9611415e-004,8.9611415e-004
8.6420278e+002,8.9428143e-004,8.9428143e-004,8.9428143e-004
8.6421344e+002,8.9244239e-004,8.9244239e-004,8.9244239e-004
8.6422410e+002,8.9060716e-004,8.9060716e-004,8.9060716e-004
8.6423475e+002,8.8877647e-004,8.8877647e-004,8.8877647e-004
8.6424541e+002,8.8694640e-004,8.8694640e-004,8.8694640e-004
8.6425606e+002,8.8511358e-004,8.8511358e-004,8.8511358e-004
8.6426672e+002,8.8328000e-004,8.8328000e-004,8.8328000e-004
8.6427738e+002,8.8145030e-004,8.8145030e-004,8.8145030e-004
8.6428803e+002,8.7962779e-004,8.7962779e-004,8.7962779e-004
8.6429869e+002,8.7780384e-004,8.7780384e-004,8.7780384e-004
8.6430934e+002,8.7596375e-004,8.7596375e-004,8.7596375e-004
8.6432000e+002,8.7409765e-004,8.7409765e-004,8.7409765e-004
8.6433066e+002,8.7223793e-004,8.7223793e-004,8.7223793e-004
8.6434131e+002,8.7043873e-004,8.7043873e-004,8.7043873e-004
8.6435197e+002,8.6874417e-004,8.6874417e-004,8.6874417e-004
8.6436262e+002,8.6710917e-004,8.6710917e-004,8.6710917e-004
8.6437328e+002,8.6544243e-004,8.6544243e-004,8.6544243e-004
8.6438394e+002,8.6366484e-004,8.6366484e-004,8.6366484e-004
8.6439459e+002,8.6180863e-004,8.6180863e-004,8.6180863e-004
8.6440525e+002,8.5996418e-004,8.5996418e-004,8.5996418e-004
8.6441590e+002,8.5821278e-004,8.5821278e-004,8.5821278e-004
8.6442656e+002,8.5654978e-004,8.5654978e-004,8.5654978e-004
8.6443722e+002,8.5492521e-004,8.5492521e-004,8.5492521e-004
8.6444787e+002,8.5329210e-004,8.5329210e-004,8.5329210e-004
8.6445853e+002,8.5163387e-004,8.5163387e-004,8.5163387e-004
8.6446918e+002,8.4995011e-004,8.4995011e-004,8.4995011e-004
8.6447984e+002,8.4824397e-004,8.4824397e-004,8.4824397e-004
8.6449050e+002,8.4654996e-004,8.4654996e-004,8.4654996e-004
8.6450115e+002,8.4491934e-004,8.4491934e-004,8.4491934e-004
8.6451181e+002,8.4339396e-004,8.4339396e-004,8.4339396e-004
8.6452246e+002,8.4192732e-004,8.4192732e-004,8.4192732e-004
8.6453312e+002,8.4042521e-004,8.4042521e-004,8.4042521e-004
8.6454378e+002,8.3880591e-004,8.3880591e-004,8.3880591e-004
8.6455443e+002,8.3710868e-004,8.3710868e-004,8.3710868e-004
8.6456509e+002,8.3543858e-004,8.3543858e-004,8.3543858e-004
8.6457574e+002,8.3388772e-004,8.3388772e-004,8.3388772e-004
8.6458640e+002,8.3242038e-004,8.3242038e-004,8.3242038e-004
8.6459706e+002,8.3093063e-004,8.3093063e-004,8.3093063e-004
8.6460771e+002,8.2932485e-004,8.2932485e-004,8.2932485e-004
8.6461837e+002,8.2763313e-004,8.2763313e-004,8.2763313e-004
8.6462902e+002,8.2595404e-004,8.2595404e-004,8.2595404e-004
8.6463968e+002,8.2437633e-004,8.2437633e-004,8.2437633e-004
8.6465034e+002,8.2288798e-004,8.2288798e-004,8.2288798e-004
8.6466099e+002,8.2142068e-004,8.2142068e-004,8.2142068e-004
8.6467165e+002,8.1991385e-004,8.1991385e-004,8.1991385e-004
8.6468230e+002,8.1838727e-004,8.1838727e-004,8.1838727e-004
8.6469296e+002,8.1690596e-004,8.1690596e-004,8.1690596e-004
8.6470362e+002,8.1552645e-004,8.1552645e-004,8.1552645e-004
8.6471427e+002,8.1421695e-004,8.1421695e-004,8.1421695e-004
8.6472493e+002,8.1289561e-004,8.1289561e-004,8.1289561e-004
8.6473558e+002,8.1148752e-004,8.1148752e-004,8.1148752e-004
8.6474624e+002,8.0999223e-004,8.0999223e-004,8.0999223e-004
8.6475690e+002,8.0845186e-004,8.0845186e-004,8.0845186e-004
8.6476755e+002,8.0690786e-004,8.0690786e-004,8.0690786e-004
8.6477821e+002,8.0538983e-004,8.0538983e-004,8.0538983e-004
8.6478886e+002,8.0392059e-004,8.0392059e-004,8.0392059e-004
8.6479952e+002,8.0252019e-004,8.0252019e-004,8.0252019e-004
8.6481018e+002,8.0118175e-004,8.0118175e-004,8.0118175e-004
8.6482083e+002,7.9988274e-004,7.9988274e-004,7.9988274e-004
8.6483149e+002,7.9859930e-004,7.9859930e-004,7.9859930e-004
8.6484214e+002,7.9729578e-004,7.9729578e-004,7.9729578e-004
8.6485280e+002,7.9592965e-004,7.9592965e-004,7.9592965e-004
8.6486346e+002,7.9446543e-004,7.9446543e-004,7.9446543e-004
8.6487411e+002,7.9294141e-004,7.9294141e-004,7.9294141e-004
8.6488477e+002,7.9143947e-004,7.9143947e-004,7.9143947e-004
8.6489542e+002,7.9003368e-004,7.9003368e-004,7.9003368e-004
8.6490608e+002,7.8871104e-004,7.8871104e-004,7.8871104e-004
8.6491674e+002,7.8740672e-004,7.8740672e-004,7.8740672e-004
8.6492739e+002,7.8606267e-004,7.8606267e-004,7.8606267e-004
8.6493805e+002,7.8469978e-004,7.8469978e-004,7.8469978e-004
8.6494870e+002,7.8338631e-004,7.8338631e-004,7.8338631e-004
8.6495936e+002,7.8218191e-004,7.8218191e-004,7.8218191e-004
8.6497002e+002,7.8104773e-004,7.8104773e-004,7.8104773e-004
8.6498067e+002,7.7988529e-004,7.7988529e-004,7.7988529e-004
8.6499133e+002,7.7860649e-004,7.7860649e-004,7.7860649e-004
8.6500198e+002,7.7724356e-004,7.7724356e-004,7.7724356e-004
8.6501264e+002,7.7590219e-004,7.7590219e-004,7.7590219e-004
8.6502330e+002,7.7467769e-004,7.7467769e-004,7.7467769e-004
8.6503395e+002,7.7354141e-004,7.7354141e-004,7.7354141e-004
8.6504461e+002,7.7238846e-004,7.7238846e-004,7.7238846e-004
8.6505526e+002,7.7112349e-004,7.7112349e-004,7.7112349e-004
8.6506592e+002,7.6976845e-004,7.6976845e-004,7.6976845e-004
8.6507658e+002,7.6841800e-004,7.6841800e-004,7.6841800e-004
8.6508723e+002,7.6716000e-004,7.6716000e-004,7.6716000e-004
8.6509789e+002,7.6599466e-004,7.6599466e-004,7.6599466e-004
8.6510854e+002,7.6486740e-004,7.6486740e-004,7.6486740e-004
8.6511920e+002,7.6372645e-004,7.6372645e-004,7.6372645e-004
8.6512986e+002,7.6256081e-004,7.6256081e-004,7.6256081e-004
8.6514051e+002,7.6138519e-004,7.6138519e-004,7.6138519e-004
8.6515117e+002,7.6021368e-004,7.6021368e-004,7.6021368e-004
8.6516182e+002,7.5904875e-004,7.5904875e-004,7.5904875e-004
8.6517248e+002,7.5788550e-004,7.5788550e-004,7.5788550e-004
8.6518314e+002,7.5671941e-004,7.5671941e-004,7.5671941e-004
8.6519379e+002,7.5555171e-004,7.5555171e-004,7.5555171e-004
8.6520445e+002,7.5438730e-004,7.5438730e-004,7.5438730e-004
8.6521510e+002,7.5323017e-004,7.5323017e-004,7.5323017e-004
8.6522576e+002,7.5207294e-004,7.5207294e-004,7.5207294e-004
8.6523642e+002,7.5090088e-004,7.5090088e-004,7.5090088e-004
8.6524707e+002,7.4970254e-004,7.4970254e-004,7.4970254e-004
8.6525773e+002,7.4850608e-004,7.4850608e-004,7.4850608e-004
8.6526838e+002,7.4736547e-004,7.4736547e-004,7.4736547e-004
8.6527904e+002,7.4632807e-004,7.4632807e-004,7.4632807e-004
8.6528970e+002,7.4535766e-004,7.4535766e-004,7.4535766e-004
8.6530035e+002,7.4436321e-004,7.4436321e-004,7.4436321e-004
8.6531101e+002,7.4326146e-004,7.4326146e-004,7.4326146e-004
8.6532166e+002,7.4207392e-004,7.4207392e-004,7.4207392e-004
8.6533232e+002,7.4089130e-004,7.4089130e-004,7.4089130e-004
8.6534298e+002,7.3979874e-004,7.3979874e-004,7.3979874e-004
8.6535363e+002,7.3879828e-004,7.3879828e-004,7.3879828e-004
8.6536429e+002,7.3783661e-004,7.3783661e-004,7.3783661e-004
8.6537494e+002,7.3686260e-004,7.3686260e-004,7.3686260e-004
8.6538560e+002,7.3586408e-004,7.3586408e-004,7.3586408e-004
8.6539626e+002,7.3485506e-004,7.3485506e-004,7.3485506e-004
8.6540691e+002,7.3384918e-004,7.3384918e-004,7.3384918e-004
8.6541757e+002,7.3284989e-004,7.3284989e-004,7.3284989e-004
8.6542822e+002,7.3185368e-004,7.3185368e-004,7.3185368e-004
8.6543888e+002,7.3085711e-004,7.3085711e-004,7.3085711e-004
8.6544954e+002,7.2985875e-004,7.2985875e-004,7.2985875e-004
8.6546019e+002,7.2885859e-004,7.2885859e-004,7.2885859e-004
8.6547085e+002,7.2785677e-004,7.2785677e-004,7.2785677e-004
8.6548150e+002,7.2685549e-004,7.2685549e-004,7.2685549e-004
8.6549216e+002,7.2585834e-004,7.2585834e-004,7.2585834e-004
8.6550282e+002,7.2486817e-004,7.2486817e-004,7.2486817e-004
8.6551347e+002,7.2387765e-004,7.2387765e-004,7.2387765e-004
8.6552413e+002,7.2287244e-004,7.2287244e-004,7.2287244e-004
8.6553478e+002,7.2184103e-004,7.2184103e-004,7.2184103e-004
8.6554544e+002,7.2081031e-004,7.2081031e-004,7.2081031e-004
8.6555610e+002,7.1983404e-004,7.1983404e-004,7.1983404e-004
8.6556675e+002,7.1896032e-004,7.1896032e-004,7.1896032e-004
8.6557741e+002,7.1815579e-004,7.1815579e-004,7.1815579e-004
8.6558806e+002,7.1732968e-004,7.1732968e-004,7.1732968e-004
8.6559872e+002,7.1639773e-004,7.1639773e-004,7.1639773e-004
8.6560938e+002,7.1537783e-004,7.1537783e-004,7.1537783e-004
8.6562003e+002,7.1436038e-004,7.1436038e-004,7.1436038e-004
8.6563069e+002,7.1343131e-004,7.1343131e-004,7.1343131e-004
8.6564134e+002,7.1259554e-004,7.1259554e-004,7.1259554e-004
8.6565200e+002,7.1180003e-004,7.1180003e-004,7.1180003e-004
8.6566266e+002,7.1099328e-004,7.1099328e-004,7.1099328e-004
8.6567331e+002,7.1016175e-004,7.1016175e-004,7.1016175e-004
8.6568397e+002,7.0931932e-004,7.0931932e-004,7.0931932e-004
8.6569462e+002,7.0847974e-004,7.0847974e-004,7.0847974e-004
8.6570528e+002,7.0764681e-004,7.0764681e-004,7.0764681e-004
8.6571594e+002,7.0681707e-004,7.0681707e-004,7.0681707e-004
8.6572659e+002,7.0598704e-004,7.0598704e-004,7.0598704e-004
8.6573725e+002,7.0515523e-004,7.0515523e-004,7.0515523e-004
8.6574790e+002,7.0432161e-004,7.0432161e-004,7.0432161e-004
8.6575856e+002,7.0348633e-004,7.0348633e-004,7.0348633e-004
8.6576922e+002,7.0265151e-004,7.0265151e-004,7.0265151e-004
8.6577987e+002,7.0182070e-004,7.0182070e-004,7.0182070e-004
8.6579053e+002,7.0099682e-004,7.0099682e-004,7.0099682e-004
8.6580118e+002,7.0017295e-004,7.0017295e-004,7.0017295e-004
8.6581184e+002,6.9933486e-004,6.9933486e-004,6.9933486e-004
8.6582250e+002,6.9847072e-004,6.9847072e-004,6.9847072e-004
8.6583315e+002,6.9760594e-004,6.9760594e-004,6.9760594e-004
8.6584381e+002,6.9679389e-004,6.9679389e-004,6.9679389e-004
8.6585446e+002,6.9608320e-004,6.9608320e-004,6.9608320e-004
8.6586512e+002,6.9544388e-004,6.9544388e-004,6.9544388e-004
8.6587578e+002,6.9478643e-004,6.9478643e-004,6.9478643e-004
8.6588643e+002,6.9402645e-004,6.9402645e-004,6.9402645e-004
8.6589709e+002,6.9317646e-004,6.9317646e-004,6.9317646e-004
8.6590774e+002,6.9232288e-004,6.9232288e-004,6.9232288e-004
8.6591840e+002,6.9154935e-004,6.9154935e-004,6.9154935e-004
8.6592906e+002,6.9087001e-004,6.9087001e-004,6.9087001e-004
8.6593971e+002,6.9024562e-004,6.9024562e-004,6.9024562e-004
8.6595037e+002,6.8963570e-004,6.8963570e-004,6.8963570e-004
8.6596102e+002,6.8900195e-004,6.8900195e-004,6.8900195e-004
8.6597168e+002,6.8830772e-004,6.8830772e-004,6.8830772e-004
8.6598234e+002,6.8752037e-004,6.8752037e-004,6.8752037e-004
8.6599299e+002,6.8666768e-004,6.8666768e-004,6.8666768e-004
8.6600365e+002,6.8582463e-004,6.8582463e-004,6.8582463e-004
8.6601430e+002,6.8506318e-004,6.8506318e-004,6.8506318e-004
8.6602496e+002,6.8438967e-004,6.8438967e-004,6.8438967e-004
8.6603562e+002,6.8375878e-004,6.8375878e-004,6.8375878e-004
8.6604627e+002,6.8312535e-004,6.8312535e-004,6.8312535e-004
8.6605693e+002,6.8246906e-004,6.8246906e-004,6.8246906e-004
8.6606758e+002,6.8178929e-004,6.8178929e-004,6.8178929e-004
8.6607824e+002,6.8108753e-004,6.8108753e-004,6.8108753e-004
8.6608890e+002,6.8039028e-004,6.8039028e-004,6.8039028e-004
8.6609955e+002,6.7974409e-004,6.7974409e-004,6.7974409e-004
8.6611021e+002,6.7919192e-004,6.7919192e-004,6.7919192e-004
8.6612086e+002,6.7871090e-004,6.7871090e-004,6.7871090e-004
8.6613152e+002,6.7822505e-004,6.7822505e-004,6.7822505e-004
8.6614218e+002,6.7766074e-004,6.7766074e-004,6.7766074e-004
8.6615283e+002,6.7700694e-004,6.7700694e-004,6.7700694e-004
8.6616349e+002,6.7630347e-004,6.7630347e-004,6.7630347e-004
8.6617414e+002,6.7559101e-004,6.7559101e-004,6.7559101e-004
8.6618480e+002,6.7490074e-004,6.7490074e-004,6.7490074e-004
8.6619546e+002,6.7425604e-004,6.7425604e-004,6.7425604e-004
8.6620611e+002,6.7367860e-004,6.7367860e-004,6.7367860e-004
8.6621677e+002,6.7316590e-004,6.7316590e-004,6.7316590e-004
8.6622742e+002,6.7269546e-004,6.7269546e-004,6.7269546e-004
8.6623808e+002,6.7224363e-004,6.7224363e-004,6.7224363e-004
8.6624874e+002,6.7177709e-004,6.7177709e-004,6.7177709e-004
8.6625939e+002,6.7125448e-004,6.7125448e-004,6.7125448e-004
8.6627005e+002,6.7063786e-004,6.7063786e-004,6.7063786e-004
8.6628070e+002,6.6995188e-004,6.6995188e-004,6.6995188e-004
8.6629136e+002,6.6927362e-004,6.6927362e-004,6.6927362e-004
8.6630202e+002,6.6867789e-004,6.6867789e-004,6.6867789e-004
8.6631267e+002,6.6817188e-004,6.6817188e-004,6.6817188e-004
8.6632333e+002,6.6770573e-004,6.6770573e-004,6.6770573e-004
8.6633398e+002,6.6722978e-004,6.6722978e-004,6.6722978e-004
8.6634464e+002,6.6672998e-004,6.6672998e-004,6.6672998e-004
8.6635530e+002,6.6622260e-004,6.6622260e-004,6.6622260e-004
8.6636595e+002,6.6572386e-004,6.6572386e-004,6.6572386e-004
8.6637661e+002,6.6523224e-004,6.6523224e-004,6.6523224e-004
8.6638726e+002,6.6473102e-004,6.6473102e-004,6.6473102e-004
8.6639792e+002,6.6420494e-004,6.6420494e-004,6.6420494e-004
8.6640858e+002,6.6367408e-004,6.6367408e-004,6.6367408e-004
8.6641923e+002,6.6318913e-004,6.6318913e-004,6.6318913e-004
8.6642989e+002,6.6279810e-004,6.6279810e-004,6.6279810e-004
8.6644054e+002,6.6248233e-004,6.6248233e-004,6.6248233e-004
8.6645120e+002,6.6216507e-004,6.6216507e-004,6.6216507e-004
8.6646186e+002,6.6177092e-004,6.6177092e-004,6.6177092e-004
8.6647251e+002,6.6128581e-004,6.6128581e-004,6.6128581e-004
8.6648317e+002,6.6074950e-004,6.6074950e-004,6.6074950e-004
8.6649382e+002,6.6020311e-004,6.6020311e-004,6.6020311e-004
8.6650448e+002,6.5967832e-004,6.5967832e-004,6.5967832e-004
8.6651514e+002,6.5919847e-004,6.5919847e-004,6.5919847e-004
8.6652579e+002,6.5878539e-004,6.5878539e-004,6.5878539e-004
8.6653645e+002,6.5843757e-004,6.5843757e-004,6.5843757e-004
8.6654710e+002,6.5813268e-004,6.5813268e-004,6.5813268e-004
8.6655776e+002,6.5784719e-004,6.5784719e-004,6.5784719e-004
8.6656842e+002,6.5754819e-004,6.5754819e-004,6.5754819e-004
8.6657907e+002,6.5719437e-004,6.5719437e-004,6.5719437e-004
8.6658973e+002,6.5674725e-004,6.5674725e-004,6.5674725e-004
8.6660038e+002,6.5622875e-004,6.5622875e-004,6.5622875e-004
8.6661104e+002,6.5571561e-004,6.5571561e-004,6.5571561e-004
8.6662170e+002,6.5528323e-004,6.5528323e-004,6.5528323e-004
8.6663235e+002,6.5494173e-004,6.5494173e-004,6.5494173e-004
8.6664301e+002,6.5464163e-004,6.5464163e-004,6.5464163e-004
8.6665366e+002,6.5433298e-004,6.5433298e-004,6.5433298e-004
8.6666432e+002,6.5400017e-004,6.5400017e-004,6.5400017e-004
8.6667498e+002,6.5365927e-004,6.5365927e-004,6.5365927e-004
8.6668563e+002,6.5332664e-004,6.5332664e-004,6.5332664e-004
8.6669629e+002,6.5300154e-004,6.5300154e-004,6.5300154e-004
8.6670694e+002,6.5266736e-004,6.5266736e-004,6.5266736e-004
8.6671760e+002,6.5230853e-004,6.5230853e-004,6.5230853e-004
8.6672826e+002,6.5194360e-004,6.5194360e-004,6.5194360e-004
8.6673891e+002,6.5162302e-004,6.5162302e-004,6.5162302e-004
8.6674957e+002,6.5139537e-004,6.5139537e-004,6.5139537e-004
8.6676022e+002,6.5124493e-004,6.5124493e-004,6.5124493e-004
8.6677088e+002,6.5109536e-004,6.5109536e-004,6.5109536e-004
8.6678154e+002,6.5087075e-004,6.5087075e-004,6.5087075e-004
8.6679219e+002,6.5055432e-004,6.5055432e-004,6.5055432e-004
8.6680285e+002,6.5018545e-004,6.5018545e-004,6.5018545e-004
8.6681350e+002,6.4980531e-004,6.4980531e-004,6.4980531e-004
8.6682416e+002,6.4944601e-004,6.4944601e-004,6.4944601e-004
8.6683482e+002,6.4913098e-004,6.4913098e-004,6.4913098e-004
8.6684547e+002,6.4888226e-004,6.4888226e-004,6.4888226e-004
8.6685613e+002,6.4869935e-004,6.4869935e-004,6.4869935e-004
8.6686678e+002,6.4855999e-004,6.4855999e-004,6.4855999e-004
8.6687744e+002,6.4844063e-004,6.4844063e-004,6.4844063e-004
8.6688810e+002,6.4830892e-004,6.4830892e-004,6.4830892e-004
8.6689875e+002,6.4812393e-004,6.4812393e-004,6.4812393e-004
8.6690941e+002,6.4784699e-004,6.4784699e-004,6.4784699e-004
8.6692006e+002,6.4749684e-004,6.4749684e-004,6.4749684e-004
8.6693072e+002,6.4714861e-004,6.4714861e-004,6.4714861e-004
8.6694138e+002,6.4687710e-004,6.4687710e-004,6.4687710e-004
8.6695203e+002,6.4669709e-004,6.4669709e-004,6.4669709e-004
8.6696269e+002,6.4656406e-004,6.4656406e-004,6.4656406e-004
8.6697334e+002,6.4643192e-004,6.4643192e-004,6.4643192e-004
8.6698400e+002,6.4627720e-004,6.4627720e-004,6.4627720e-004
8.6699466e+002,6.4609892e-004,6.4609892e-004,6.4609892e-004
8.6700531e+002,6.4589806e-004,6.4589806e-004,6.4589806e-004
8.6701597e+002,6.4569809e-004,6.4569809e-004,6.4569809e-004
8.6702662e+002,6.4554510e-004,6.4554510e-004,6.4554510e-004
8.6703728e+002,6.4548361e-004,6.4548361e-004,6.4548361e-004
8.6704794e+002,6.4549884e-004,6.4549884e-004,6.4549884e-004
8.6705859e+002,6.4551599e-004,6.4551599e-004,6.4551599e-004
8.6706925e+002,6.4545993e-004,6.4545993e-004,6.4545993e-004
8.6707990e+002,6.4531190e-004,6.4531190e-004,6.4531190e-004
8.6709056e+002,6.4511061e-004,6.4511061e-004,6.4511061e-004
8.6710122e+002,6.4489701e-004,6.4489701e-004,6.4489701e-004
8.6711187e+002,6.4470341e-004,6.4470341e-004,6.4470341e-004
8.6712253e+002,6.4455331e-004,6.4455331e-004,6.4455331e-004
8.6713318e+002,6.4446890e-004,6.4446890e-004,6.4446890e-004
8.6714384e+002,6.4445077e-004,6.4445077e-004,6.4445077e-004
8.6715450e+002,6.4447712e-004,6.4447712e-004,6.4447712e-004
8.6716515e+002,6.4452473e-004,6.4452473e-004,6.4452473e-004
8.6717581e+002,6.4456119e-004,6.4456119e-004,6.4456119e-004
8.6718646e+002,6.4454444e-004,6.4454444e-004,6.4454444e-004
8.6719712e+002,6.4443428e-004,6.4443428e-004,6.4443428e-004
8.6720778e+002,6.4424867e-004,6.4424867e-004,6.4424867e-004
8.6721843e+002,6.4406677e-004,6.4406677e-004,6.4406677e-004
8.6722909e+002,6.4396798e-004,6.4396798e-004,6.4396798e-004
8.6723974e+002,6.4396371e-004,6.4396371e-004,6.4396371e-004
8.6725040e+002,6.4399324e-004,6.4399324e-004,6.4399324e-004
8.6726106e+002,6.4399465e-004,6.4399465e-004,6.4399465e-004
8.6727171e+002,6.4396536e-004,6.4396536e-004,6.4396536e-004
8.6728237e+002,6.4396623e-004,6.4396623e-004,6.4396623e-004
8.6729302e+002,6.4405868e-004,6.4405868e-004,6.4405868e-004
8.6730368e+002,6.4423737e-004,6.4423737e-004,6.4423737e-004
8.6731434e+002,6.4442502e-004,6.4442502e-004,6.4442502e-004
8.6732499e+002,6.4454283e-004,6.4454283e-004,6.4454283e-004
8.6733565e+002,6.4456650e-004,6.4456650e-004,6.4456650e-004
8.6734630e+002,6.4453089e-004,6.4453089e-004,6.4453089e-004
8.6735696e+002,6.4447386e-004,6.4447386e-004,6.4447386e-004
8.6736762e+002,6.4443443e-004,6.4443443e-004,6.4443442e-004
8.6737827e+002,6.4445280e-004,6.4445280e-004,6.4445280e-004
8.6738893e+002,6.4456714e-004,6.4456714e-004,6.4456715e-004
8.6739958e+002,6.4475712e-004,6.4475712e-004,6.4475714e-004
8.6741024e+002,6.4493787e-004,6.4493787e-004,6.4493789e-004
8.6742090e+002,6.4502412e-004,6.4502412e-004,6.4502409e-004
8.6743155e+002,6.4501178e-004,6.4501178e-004,6.4501169e-004
8.6744221e+002,6.4498700e-004,6.4498700e-004,6.4498693e-004
8.6745286e+002,6.4503838e-004,6.4503838e-004,6.4503848e-004
8.6746352e+002,6.4518918e-004,6.4518918e-004,6.4518951e-004
8.6747418e+002,6.4538951e-004,6.4538951e-004,6.4538978e-004
8.6748483e+002,6.4558665e-004,6.4558665e-004,6.4558627e-004
8.6749549e+002,6.4575807e-004,6.4575807e-004,6.4575686e-004
8.6750614e+002,6.4591536e-004,6.4591536e-004,6.4591436e-004
8.6751680e+002,6.4607175e-004,6.4607175e-004,6.4607314e-004
8.6752746e+002,6.4623448e-004,6.4623448e-004,6.4623896e-004
8.6753811e+002,6.4640402e-004,6.4640402e-004,6.4640777e-004
8.6754877e+002,6.4658024e-004,6.4658024e-004,6.4657509e-004
8.6755942e+002,6.4675685e-004,6.4675685e-004,6.4674016e-004
8.6757008e+002,6.4692045e-004,6.4692045e-004,6.4690641e-004
8.6758074e+002,6.4705827e-004,6.4705827e-004,6.4707734e-004
8.6759139e+002,6.4718806e-004,6.4718806e-004,6.4725028e-004
8.6760205e+002,6.4736292e-004,6.4736292e-004,6.4741549e-004
8.6761270e+002,6.4763574e-004,6.4763574e-004,6.4756352e-004
8.6762336e+002,6.4799284e-004,6.4799284e-004,6.4770566e-004
8.6763402e+002,6.4834293e-004,6.4834293e-004,6.4787741e-004
8.6764467e+002,6.4859321e-004,6.4859321e-004,6.4811475e-004
8.6765533e+002,6.4873954e-004,6.4873954e-004,6.4842576e-004
8.6766598e+002,6.4888196e-004,6.4888196e-004,6.4878577e-004
8.6767664e+002,6.4912352e-004,6.4912352e-004,6.4916806e-004
8.6768730e+002,6.4947412e-004,6.4947412e-004,6.4953932e-004
8.6769795e+002,6.4983345e-004,6.4983345e-004,6.4985848e-004
8.6770861e+002,6.5009758e-004,6.5009758e-004,6.5008570e-004
8.6771926e+002,6.5025237e-004,6.5025237e-004,6.5023488e-004
8.6772992e+002,6.5039084e-004,6.5039084e-004,6.5038409e-004
8.6774058e+002,6.5061005e-004,6.5061005e-004,6.5061322e-004
8.6775123e+002,6.5093409e-004,6.5093409e-004,6.5093878e-004
8.6776189e+002,6.5129928e-004,6.5129928e-004,6.5130110e-004
8.6777254e+002,6.5163848e-004,6.5163848e-004,6.5163764e-004
8.6778320e+002,6.5194259e-004,6.5194259e-004,6.5194133e-004
8.6779386e+002,6.5227282e-004,6.5227282e-004,6.5227233e-004
8.6780451e+002,6.5269277e-004,6.5269277e-004,6.5269300e-004
8.6781517e+002,6.5320254e-004,6.5320254e-004,6.5320288e-004
8.6782582e+002,6.5372469e-004,6.5372469e-004,6.5372483e-004
8.6783648e+002,6.5417861e-004,6.5417861e-004,6.5417855e-004
8.6784714e+002,6.5453664e-004,6.5453664e-004,6.5453655e-004
8.6785779e+002,6.5483639e-004,6.5483639e-004,6.5483635e-004
8.6786845e+002,6.5511927e-004,6.5511927e-004,6.5511929e-004
8.6787910e+002,6.5542028e-004,6.5542028e-004,6.5542030e-004
8.6788976e+002,6.5576641e-004,6.5576641e-004,6.5576642e-004
8.6790042e+002,6.5618342e-004,6.5618342e-004,6.5618342e-004
8.6791107e+002,6.5667019e-004,6.5667019e-004,6.5667018e-004
8.6792173e+002,6.5719200e-004,6.5719200e-004,6.5719200e-004
8.6793238e+002,6.5771257e-004,6.5771257e-004,6.5771257e-004
8.6794304e+002,6.5821539e-004,6.5821539e-004,6.5821539e-004
8.6795370e+002,6.5870895e-004,6.5870895e-004,6.5870895e-004
8.6796435e+002,6.5920314e-004,6.5920314e-004,6.5920314e-004
8.6797501e+002,6.5970223e-004,6.5970223e-004,6.5970223e-004
8.6798566e+002,6.6020324e-004,6.6020324e-004,6.6020325e-004
8.6799632e+002,6.6070285e-004,6.6070285e-004,6.6070285e-004
8.6800698e+002,6.6120065e-004,6.6120065e-004,6.6120065e-004
8.6801763e+002,6.6170001e-004,6.6170001e-004,6.6170000e-004
8.6802829e+002,6.6220438e-004,6.6220438e-004,6.6220439e-004
8.6803894e+002,6.6271112e-004,6.6271112e-004,6.6271114e-004
8.6804960e+002,6.6320972e-004,6.6320972e-004,6.6320974e-004
8.6806026e+002,6.6368968e-004,6.6368968e-004,6.6368966e-004
8.6807091e+002,6.6416189e-004,6.6416189e-004,6.6416181e-004
8.6808157e+002,6.6466501e-004,6.6466501e-004,6.6466493e-004
8.6809222e+002,6.6523871e-004,6.6523871e-004,6.6523879e-004
8.6810288e+002,6.6588937e-004,6.6588937e-004,6.6588968e-004
8.6811354e+002,6.6657967e-004,6.6657967e-004,6.6657995e-004
8.6812419e+002,6.6726983e-004,6.6726983e-004,6.6726951e-004
8.6813485e+002,6.6794065e-004,6.6794065e-004,6.6793948e-004
8.6814550e+002,6.6860007e-004,6.6860007e-004,6.6859901e-004
8.6815616e+002,6.6925785e-004,6.6925785e-004,6.6925903e-004
8.6816682e+002,6.6992010e-004,6.6992010e-004,6.6992445e-004
8.6817747e+002,6.7058814e-004,6.7058814e-004,6.7059212e-004
8.6818813e+002,6.7126281e-004,6.7126281e-004,6.7125842e-004
8.6819878e+002,6.7193897e-004,6.7193897e-004,6.7192274e-004
8.6820944e+002,6.7260341e-004,6.7260341e-004,6.7258850e-004
8.6822010e+002,6.7324304e-004,6.7324304e-004,6.7325927e-004
8.6823075e+002,6.7387214e-004,6.7387214e-004,6.7393261e-004
8.6824141e+002,6.7454213e-004,6.7454213e-004,6.7459795e-004
8.6825206e+002,6.7530568e-004,6.7530568e-004,6.7524464e-004
8.6826272e+002,6.7615690e-004,6.7615690e-004,6.7588292e-004
8.6827338e+002,6.7700989e-004,6.7700989e-004,6.7655164e-004
8.6828403e+002,6.7777470e-004,6.7777470e-004,6.7729093e-004
8.6829469e+002,6.7843440e-004,6.7843440e-004,6.7810791e-004
8.6830534e+002,6.7907260e-004,6.7907260e-004,6.7896427e-004
8.6831600e+002,6.7977896e-004,6.7977896e-004,6.7981889e-004
8.6832666e+002,6.8058682e-004,6.8058682e-004,6.8065314e-004
8.6833731e+002,6.8145151e-004,6.8145151e-004,6.8147948e-004
8.6834797e+002,6.8232304e-004,6.8232304e-004,6.8231240e-004
8.6835862e+002,6.8317141e-004,6.8317141e-004,6.8315362e-004
8.6836928e+002,6.8399455e-004,6.8399455e-004,6.8398701e-004
8.6837994e+002,6.8479290e-004,6.8479290e-004,6.8479574e-004
8.6839059e+002,6.8558676e-004,6.8558676e-004,6.8559155e-004
8.6840125e+002,6.8642439e-004,6.8642439e-004,6.8642644e-004
8.6841190e+002,6.8735502e-004,6.8735502e-004,6.8735424e-004
8.6842256e+002,6.8837248e-004,6.8837248e-004,6.8837112e-004
8.6843322e+002,6.8939205e-004,6.8939205e-004,6.8939142e-004
8.6844387e+002,6.9032443e-004,6.9032443e-004,6.9032471e-004
8.6845453e+002,6.9115130e-004,6.9115130e-004,6.9115195e-004
8.6846518e+002,6.9195582e-004,6.9195582e-004,6.9195626e-004
8.6847584e+002,6.9282788e-004,6.9282788e-004,6.9282754e-004
8.6848650e+002,6.9380194e-004,6.9380194e-004,6.9380070e-004
8.6849715e+002,6.9483256e-004,6.9483256e-004,6.9483142e-004
8.6850781e+002,6.9586848e-004,6.9586848e-004,6.9586956e-004
8.6851846e+002,6.9688033e-004,6.9688033e-004,6.9688463e-004
8.6852912e+002,6.9787055e-004,6.9787055e-004,6.9787466e-004
8.6853978e+002,6.9884427e-004,6.9884427e-004,6.9884030e-004
8.6855043e+002,6.9981702e-004,6.9981702e-004,6.9980106e-004
8.6856109e+002,7.0081949e-004,7.0081949e-004,7.0080413e-004
8.6857174e+002,7.0188321e-004,7.0188321e-004,7.0189790e-004
8.6858240e+002,7.0301916e-004,7.0301916e-004,7.0307859e-004
8.6859306e+002,7.0420796e-004,7.0420796e-004,7.0426541e-004
8.6860371e+002,7.0542755e-004,7.0542755e-004,7.0537249e-004
8.6861437e+002,7.0664309e-004,7.0664309e-004,7.0637641e-004
8.6862502e+002,7.0780074e-004,7.0780074e-004,7.0734673e-004
8.6863568e+002,7.0884641e-004,7.0884641e-004,7.0836003e-004
8.6864634e+002,7.0979714e-004,7.0979714e-004,7.0946375e-004
8.6865699e+002,7.1077672e-004,7.1077672e-004,7.1066159e-004
8.6866765e+002,7.1191592e-004,7.1191592e-004,7.1195313e-004
8.6867830e+002,7.1324189e-004,7.1324189e-004,7.1330873e-004
8.6868896e+002,7.1462500e-004,7.1462500e-004,7.1465459e-004
8.6869962e+002,7.1592422e-004,7.1592422e-004,7.1591432e-004
8.6871027e+002,7.1709149e-004,7.1709149e-004,7.1707357e-004
8.6872093e+002,7.1822060e-004,7.1822060e-004,7.1821263e-004
8.6873158e+002,7.1941626e-004,7.1941626e-004,7.1941889e-004
8.6874224e+002,7.2072191e-004,7.2072191e-004,7.2072671e-004
8.6875290e+002,7.2208684e-004,7.2208684e-004,7.2208898e-004
8.6876355e+002,7.2345280e-004,7.2345280e-004,7.2345210e-004
8.6877421e+002,7.2479010e-004,7.2479010e-004,7.2478881e-004
8.6878486e+002,7.2611333e-004,7.2611333e-004,7.2611275e-004
8.6879552e+002,7.2744066e-004,7.2744066e-004,7.2744085e-004
8.6880618e+002,7.2877806e-004,7.2877806e-004,7.2877840e-004
8.6881683e+002,7.3011235e-004,7.3011235e-004,7.3011251e-004
8.6882749e+002,7.3142906e-004,7.3142906e-004,7.3142901e-004
8.6883814e+002,7.3273410e-004,7.3273410e-004,7.3273400e-004
8.6884880e+002,7.3406553e-004,7.3406553e-004,7.3406548e-004
8.6885946e+002,7.3546380e-004,7.3546380e-004,7.3546382e-004
8.6887011e+002,7.3694063e-004,7.3694063e-004,7.3694066e-004
8.6888077e+002,7.3846207e-004,7.3846207e-004,7.3846209e-004
8.6889142e+002,7.3999036e-004,7.3999036e-004,7.3999035e-004
8.6890208e+002,7.4150157e-004,7.4150157e-004,7.4150156e-004
8.6891274e+002,7.4299400e-004,7.4299400e-004,7.4299399e-004
8.6892339e+002,7.4446813e-004,7.4446813e-004,7.4446814e-004
8.6893405e+002,7.4593762e-004,7.4593762e-004,7.4593764e-004
8.6894470e+002,7.4743739e-004,7.4743739e-004,7.4743741e-004
8.6895536e+002,7.4900392e-004,7.4900392e-004,7.4900390e-004
8.6896602e+002,7.5064722e-004,7.5064722e-004,7.5064714e-004
8.6897667e+002,7.5233433e-004,7.5233433e-004,7.5233425e-004
8.6898733e+002,7.5402850e-004,7.5402850e-004,7.5402856e-004
8.6899798e+002,7.5570617e-004,7.5570617e-004,7.5570647e-004
8.6900864e+002,7.5736543e-004,7.5736543e-004,7.5736573e-004
8.6901930e+002,7.5900654e-004,7.5900654e-004,7.5900630e-004
8.6902995e+002,7.6064270e-004,7.6064270e-004,7.6064161e-004
8.6904061e+002,7.6230850e-004,7.6230850e-004,7.6230738e-004
8.6905126e+002,7.6404018e-004,7.6404018e-004,7.6404107e-004
8.6906192e+002,7.6584853e-004,7.6584853e-004,7.6585260e-004
8.6907258e+002,7.6770189e-004,7.6770189e-004,7.6770607e-004
8.6908323e+002,7.6956473e-004,7.6956473e-004,7.6956145e-004
8.6909389e+002,7.7141239e-004,7.7141239e-004,7.7139720e-004
8.6910454e+002,7.7323844e-004,7.7323844e-004,7.7322279e-004
8.6911520e+002,7.7503847e-004,7.7503847e-004,7.7505057e-004
8.6912586e+002,7.7682863e-004,7.7682863e-004,7.7688524e-004
8.6913651e+002,7.7865996e-004,7.7865996e-004,7.7871851e-004
8.6914717e+002,7.8058616e-004,7.8058616e-004,7.8054100e-004
8.6915782e+002,7.8260672e-004,7.8260672e-004,7.8235553e-004
8.6916848e+002,7.8462859e-004,7.8462859e-004,7.8418577e-004
8.6917914e+002,7.8655064e-004,7.8655064e-004,7.8605739e-004
8.6918979e+002,7.8835255e-004,7.8835255e-004,7.8799324e-004
8.6920045e+002,7.9015310e-004,7.9015310e-004,7.9001127e-004
8.6921110e+002,7.9208387e-004,7.9208387e-004,7.9212851e-004
8.6922176e+002,7.9419833e-004,7.9419833e-004,7.9432324e-004
8.6923242e+002,7.9641438e-004,7.9641438e-004,7.9650654e-004
8.6924307e+002,7.9863689e-004,7.9863689e-004,7.9858373e-004
8.6925373e+002,8.0081295e-004,8.0081295e-004,8.0054152e-004
8.6926438e+002,8.0296356e-004,8.0296356e-004,8.0250905e-004
8.6927504e+002,8.0511698e-004,8.0511698e-004,8.0462869e-004
8.6928570e+002,8.0728570e-004,8.0728570e-004,8.0694483e-004
8.6929635e+002,8.0945442e-004,8.0945442e-004,8.0932911e-004
8.6930701e+002,8.1160522e-004,8.1160522e-004,8.1163646e-004
8.6931766e+002,8.1374113e-004,8.1374113e-004,8.1380735e-004
8.6932832e+002,8.1590248e-004,8.1590248e-004,8.1593430e-004
8.6933898e+002,8.1813309e-004,8.1813309e-004,8.1812485e-004
8.6934963e+002,8.2044607e-004,8.2044607e-004,8.2042859e-004
8.6936029e+002,8.2279945e-004,8.2279945e-004,8.2279117e-004
8.6937094e+002,8.2514581e-004,8.2514581e-004,8.2514780e-004
8.6938160e+002,8.2746554e-004,8.2746554e-004,8.2746921e-004
8.6939226e+002,8.2978922e-004,8.2978922e-004,8.2979037e-004
8.6940291e+002,8.3215264e-004,8.3215264e-004,8.3215286e-004
8.6941357e+002,8.3458471e-004,8.3458471e-004,8.3458751e-004
8.6942422e+002,8.3710178e-004,8.3710178e-004,8.3710552e-004
8.6943488e+002,8.3971852e-004,8.3971852e-004,8.3971573e-004
8.6944554e+002,8.4241312e-004,8.4241312e-004,8.4239828e-004
8.6945619e+002,8.4509682e-004,8.4509682e-004,8.4508067e-004
8.6946685e+002,8.4767443e-004,8.4767443e-004,8.4768525e-004
8.6947750e+002,8.5013017e-004,8.5013017e-004,8.5018663e-004
8.6948816e+002,8.5259535e-004,8.5259535e-004,8.5265632e-004
8.6949882e+002,8.5521630e-004,8.5521630e-004,8.5517596e-004
8.6950947e+002,8.5803937e-004,8.5803937e-004,8.5779143e-004
8.6952013e+002,8.6092426e-004,8.6092426e-004,8.6048182e-004
8.6953078e+002,8.6371114e-004,8.6371114e-004,8.6321905e-004
8.6954144e+002,8.6634478e-004,8.6634478e-004,8.6599417e-004
8.6955210e+002,8.6896689e-004,8.6896689e-004,8.6883415e-004
8.6956275e+002,8.7174000e-004,8.7174000e-004,8.7176961e-004
8.6957341e+002,8.7472273e-004,8.7472273e-004,8.7479057e-004
8.6958406e+002,8.7777631e-004,8.7777631e-004,8.7781000e-004
8.6959472e+002,8.8074077e-004,8.8074077e-004,8.8073291e-004
8.6960538e+002,8.8355436e-004,8.8355436e-004,8.8353617e-004
8.6961603e+002,8.8634330e-004,8.8634330e-004,8.8633424e-004
8.6962669e+002,8.8925442e-004,8.8925442e-004,8.8925651e-004
8.6963734e+002,8.9235722e-004,8.9235722e-004,8.9236210e-004
8.6964800e+002,8.9557203e-004,8.9557203e-004,8.9557447e-004
8.6965866e+002,8.9880245e-004,8.9880245e-004,8.9880190e-004
8.6966931e+002,9.0198809e-004,9.0198809e-004,9.0198679e-004
8.6967997e+002,9.0513862e-004,9.0513862e-004,9.0513797e-004
8.6969062e+002,9.0827181e-004,9.0827181e-004,9.0827195e-004
8.6970128e+002,9.1140790e-004,9.1140790e-004,9.1140825e-004
8.6971194e+002,9.1457206e-004,9.1457206e-004,9.1457223e-004
8.6972259e+002,9.1778991e-004,9.1778991e-004,9.1778987e-004
8.6973325e+002,9.2107605e-004,9.2107605e-004,9.2107596e-004
8.6974390e+002,9.2442319e-004,9.2442319e-004,9.2442314e-004
8.6975456e+002,9.2782153e-004,9.2782153e-004,9.2782154e-004
8.6976522e+002,9.3126853e-004,9.3126853e-004,9.3126856e-004
8.6977587e+002,9.3477619e-004,9.3477619e-004,9.3477620e-004
8.6978653e+002,9.3835804e-004,9.3835804e-004,9.3835804e-004
8.6979718e+002,9.4200969e-004,9.4200969e-004,9.4200968e-004
8.6980784e+002,9.4569054e-004,9.4569054e-004,9.4569053e-004
8.6981850e+002,9.4935588e-004,9.4935588e-004,9.4935588e-004
8.6982915e+002,9.5299154e-004,9.5299154e-004,9.5299154e-004
8.6983981e+002,9.5664522e-004,9.5664522e-004,9.5664522e-004
8.6985046e+002,9.6037190e-004,9.6037190e-004,9.6037190e-004
8.6986112e+002,9.6419008e-004,9.6419008e-004,9.6419008e-004
8.6987178e+002,9.6804374e-004,9.6804374e-004,9.6804373e-004
8.6988243e+002,9.7186802e-004,9.7186802e-004,9.7186802e-004
8.6989309e+002,9.7564618e-004,9.7564618e-004,9.7564618e-004
8.6990374e+002,9.7946059e-004,9.7946059e-004,9.7946059e-004
8.6991440e+002,9.8340551e-004,9.8340551e-004,9.8340551e-004
8.6992506e+002,9.8751949e-004,9.8751949e-004,9.8751949e-004
8.6993571e+002,9.9172521e-004,9.9172521e-004,9.9172521e-004
8.6994637e+002,9.9593115e-004,9.9593115e-004,9.9593115e-004
8.6995702e+002,1.0000882e-003,1.0000882e-003,1.0000882e-003
8.6996768e+002,1.0042360e-003,1.0042360e-003,1.0042360e-003
8.6997834e+002,1.0084255e-003,1.0084255e-003,1.0084255e-003
8.6998899e+002,1.0126921e-003,1.0126921e-003,1.0126921e-003
8.6999965e+002,1.0170388e-003,1.0170388e-003,1.0170388e-003
8.7001030e+002,1.0214645e-003,1.0214645e-003,1.0214645e-003
8.7002096e+002,1.0259547e-003,1.0259547e-003,1.0259547e-003
8.7003162e+002,1.0304664e-003,1.0304664e-003,1.0304664e-003
8.7004227e+002,1.0349535e-003,1.0349535e-003,1.0349535e-003
8.7005293e+002,1.0394053e-003,1.0394053e-003,1.0394052e-003
8.7006358e+002,1.0438883e-003,1.0438883e-003,1.0438882e-003
8.7007424e+002,1.0484785e-003,1.0484785e-003,1.0484786e-003
8.7008490e+002,1.0532194e-003,1.0532194e-003,1.0532196e-003
8.7009555e+002,1.0580829e-003,1.0580829e-003,1.0580832e-003
8.7010621e+002,1.0630316e-003,1.0630316e-003,1.0630315e-003
8.7011686e+002,1.0680281e-003,1.0680281e-003,1.0680274e-003
8.7012752e+002,1.0730347e-003,1.0730347e-003,1.0730339e-003
8.7013818e+002,1.0780139e-003,1.0780139e-003,1.0780143e-003
8.7014883e+002,1.0829609e-003,1.0829609e-003,1.0829637e-003
8.7015949e+002,1.0879435e-003,1.0879435e-003,1.0879468e-003
8.7017014e+002,1.0930390e-003,1.0930390e-003,1.0930374e-003
8.7018080e+002,1.0982884e-003,1.0982884e-003,1.0982778e-003
8.7019146e+002,1.1036520e-003,1.1036520e-003,1.1036396e-003
8.7020211e+002,1.1090796e-003,1.1090796e-003,1.1090853e-003
8.7021277e+002,1.1145387e-003,1.1145387e-003,1.1145781e-003
8.7022342e+002,1.1200375e-003,1.1200375e-003,1.1200838e-003
8.7023408e+002,1.1255897e-003,1.1255897e-003,1.1255685e-003
8.7024474e+002,1.1312038e-003,1.1312038e-003,1.1310255e-003
8.7025539e+002,1.1368774e-003,1.1368774e-003,1.1365090e-003
8.7026605e+002,1.1426063e-003,1.1426063e-003,1.1420821e-003
8.7027670e+002,1.1483883e-003,1.1483883e-003,1.1477910e-003
8.7028736e+002,1.1542257e-003,1.1542257e-003,1.1536452e-003
8.7029802e+002,1.1601211e-003,1.1601211e-003,1.1596485e-003
8.7030867e+002,1.1660746e-003,1.1660746e-003,1.1657820e-003
8.7031933e+002,1.1720801e-003,1.1720801e-003,1.1719739e-003
8.7032998e+002,1.1781309e-003,1.1781309e-003,1.1781451e-003
8.7034064e+002,1.1842286e-003,1.1842286e-003,1.1842632e-003
8.7035130e+002,1.1903954e-003,1.1903954e-003,1.1904043e-003
8.7036195e+002,1.1966562e-003,1.1966562e-003,1.1966596e-003
8.7037261e+002,1.2030341e-003,1.2030341e-003,1.2030780e-003
8.7038326e+002,1.2095476e-003,1.2095476e-003,1.2096087e-003
8.7039392e+002,1.2162145e-003,1.2162145e-003,1.2161872e-003
8.7040458e+002,1.2230216e-003,1.2230216e-003,1.2227817e-003
8.7041523e+002,1.2298829e-003,1.2298829e-003,1.2294379e-003
8.7042589e+002,1.2367023e-003,1.2367023e-003,1.2362127e-003
8.7043654e+002,1.2434486e-003,1.2434486e-003,1.2431335e-003
8.7044720e+002,1.2502457e-003,1.2502457e-003,1.2501585e-003
8.7045786e+002,1.2572398e-003,1.2572398e-003,1.2572354e-003
8.7046851e+002,1.2644963e-003,1.2644963e-003,1.2643370e-003
8.7047917e+002,1.2718866e-003,1.2718866e-003,1.2714956e-003
8.7048982e+002,1.2792542e-003,1.2792542e-003,1.2787521e-003
8.7050048e+002,1.2865231e-003,1.2865231e-003,1.2861362e-003
8.7051114e+002,1.2938134e-003,1.2938134e-003,1.2936511e-003
8.7052179e+002,1.3012741e-003,1.3012741e-003,1.3012959e-003
8.7053245e+002,1.3089866e-003,1.3089866e-003,1.3090602e-003
8.7054310e+002,1.3168687e-003,1.3168687e-003,1.3169098e-003
8.7055376e+002,1.3248134e-003,1.3248134e-003,1.3248075e-003
8.7056442e+002,1.3327567e-003,1.3327567e-003,1.3327361e-003
8.7057507e+002,1.3407400e-003,1.3407400e-003,1.3407278e-003
8.7058573e+002,1.3488207e-003,1.3488207e-003,1.3488227e-003
8.7059638e+002,1.3570382e-003,1.3570382e-003,1.3570472e-003
8.7060704e+002,1.3653875e-003,1.3653875e-003,1.3653951e-003
8.7061770e+002,1.3738569e-003,1.3738569e-003,1.3738548e-003
8.7062835e+002,1.3824350e-003,1.3824350e-003,1.3824195e-003
8.7063901e+002,1.3911113e-003,1.3911113e-003,1.3910931e-003
8.7064966e+002,1.3998754e-003,1.3998754e-003,1.3998816e-003
8.7066032e+002,1.4087331e-003,1.4087331e-003,1.4087860e-003
8.7067098e+002,1.4177315e-003,1.4177315e-003,1.4177966e-003
8.7068163e+002,1.4269239e-003,1.4269239e-003,1.4269016e-003
8.7069229e+002,1.4363268e-003,1.4363268e-003,1.4361025e-003
8.7070294e+002,1.4458624e-003,1.4458624e-003,1.4454354e-003
8.7071360e+002,1.4554383e-003,1.4554383e-003,1.4549414e-003
8.7072426e+002,1.4650093e-003,1.4650093e-003,1.4646406e-003
8.7073491e+002,1.4746512e-003,1.4746512e-003,1.4744992e-003
8.7074557e+002,1.4844586e-003,1.4844586e-003,1.4844752e-003
8.7075622e+002,1.4944865e-003,1.4944865e-003,1.4945409e-003
8.7076688e+002,1.5046857e-003,1.5046857e-003,1.5047074e-003
8.7077754e+002,1.5149911e-003,1.5149911e-003,1.5149919e-003
8.7078819e+002,1.5253671e-003,1.5253671e-003,1.5254006e-003
8.7079885e+002,1.5358576e-003,1.5358576e-003,1.5359119e-003
8.7080950e+002,1.5465187e-003,1.5465187e-003,1.5464996e-003
8.7082016e+002,1.5573809e-003,1.5573809e-003,1.5571654e-003
8.7083082e+002,1.5684062e-003,1.5684062e-003,1.5679853e-003
8.7084147e+002,1.5795453e-003,1.5795453e-003,1.5790472e-003
8.7085213e+002,1.5907684e-003,1.5907684e-003,1.5903923e-003
8.7086278e+002,1.6020967e-003,1.6020967e-003,1.6019367e-003
8.7087344e+002,1.6135596e-003,1.6135596e-003,1.6135764e-003
8.7088410e+002,1.6251897e-003,1.6251897e-003,1.6252584e-003
8.7089475e+002,1.6370274e-003,1.6370274e-003,1.6370672e-003
8.7090541e+002,1.6491145e-003,1.6491145e-003,1.6491101e-003
8.7091606e+002,1.6614619e-003,1.6614619e-003,1.6614435e-003
8.7092672e+002,1.6739978e-003,1.6739978e-003,1.6739871e-003
8.7093738e+002,1.6866365e-003,1.6866365e-003,1.6866377e-003
8.7094803e+002,1.6993317e-003,1.6993317e-003,1.6993367e-003
8.7095869e+002,1.7121451e-003,1.7121451e-003,1.7121480e-003
8.7096934e+002,1.7251564e-003,1.7251564e-003,1.7251561e-003
8.7098000e+002,1.7384238e-003,1.7384238e-003,1.7384225e-003
8.7099066e+002,1.7519454e-003,1.7519454e-003,1.7519446e-003
8.7100131e+002,1.7657090e-003,1.7657090e-003,1.7657091e-003
8.7101197e+002,1.7796982e-003,1.7796982e-003,1.7796985e-003
8.7102262e+002,1.7938834e-003,1.7938834e-003,1.7938836e-003
8.7103328e+002,1.8082332e-003,1.8082332e-003,1.8082331e-003
8.7104394e+002,1.8227297e-003,1.8227297e-003,1.8227296e-003
8.7105459e+002,1.8373939e-003,1.8373939e-003,1.8373938e-003
8.7106525e+002,1.8522531e-003,1.8522531e-003,1.8522531e-003
8.7107590e+002,1.8673360e-003,1.8673360e-003,1.8673360e-003
8.7108656e+002,1.8826744e-003,1.8826744e-003,1.8826744e-003
8.7109722e+002,1.8983006e-003,1.8983006e-003,1.8983006e-003
8.7110787e+002,1.9142291e-003,1.9142291e-003,1.9142291e-003
8.7111853e+002,1.9304226e-003,1.9304226e-003,1.9304226e-003
8.7112918e+002,1.9468349e-003,1.9468349e-003,1.9468349e-003
8.7113984e+002,1.9634400e-003,1.9634400e-003,1.9634400e-003
8.7115050e+002,1.9802692e-003,1.9802692e-003,1.9802691e-003
8.7116115e+002,1.9973642e-003,1.9973642e-003,1.9973642e-003
8.7117181e+002,2.0147550e-003,2.0147550e-003,2.0147552e-003
8.7118246e+002,2.0324380e-003,2.0324380e-003,2.0324382e-003
8.7119312e+002,2.0504033e-003,2.0504033e-003,2.0504032e-003
8.7120378e+002,2.0686427e-003,2.0686427e-003,2.0686420e-003
8.7121443e+002,2.0871530e-003,2.0871530e-003,2.0871521e-003
8.7122509e+002,2.1059317e-003,2.1059317e-003,2.1059319e-003
8.7123574e+002,2.1249812e-003,2.1249812e-003,2.1249838e-003
8.7124640e+002,2.1443185e-003,2.1443185e-003,2.1443220e-003
8.7125706e+002,2.1639632e-003,2.1639632e-003,2.1639625e-003
8.7126771e+002,2.1839382e-003,2.1839382e-003,2.1839284e-003
8.7127837e+002,2.2042766e-003,2.2042766e-003,2.2042637e-003
8.7128902e+002,2.2250132e-003,2.2250132e-003,2.2250158e-003
8.7129968e+002,2.2461647e-003,2.2461647e-003,2.2462011e-003
8.7131034e+002,2.2676929e-003,2.2676929e-003,2.2677411e-003
8.7132099e+002,2.2895496e-003,2.2895496e-003,2.2895400e-003
8.7133165e+002,2.3117071e-003,2.3117071e-003,2.3115474e-003
8.7134230e+002,2.3342015e-003,2.3342015e-003,2.3338521e-003
8.7135296e+002,2.3570805e-003,2.3570805e-003,2.3565688e-003
8.7136362e+002,2.3803748e-003,2.3803748e-003,2.3797809e-003
8.7137427e+002,2.4040622e-003,2.4040622e-003,2.4034759e-003
8.7138493e+002,2.4281102e-003,2.4281102e-003,2.4276225e-003
8.7139558e+002,2.4525110e-003,2.4525110e-003,2.4521983e-003
8.7140624e+002,2.4773315e-003,2.4773315e-003,2.4772077e-003
8.7141690e+002,2.5026529e-003,2.5026529e-003,2.5026599e-003
8.7142755e+002,2.5285242e-003,2.5285242e-003,2.5285609e-003
8.7143821e+002,2.5548935e-003,2.5548935e-003,2.5549065e-003
8.7144886e+002,2.5816894e-003,2.5816894e-003,2.5816904e-003
8.7145952e+002,2.6088752e-003,2.6088752e-003,2.6089110e-003
8.7147018e+002,2.6365231e-003,2.6365231e-003,2.6365811e-003
8.7148083e+002,2.6647269e-003,2.6647269e-003,2.6647165e-003
8.7149149e+002,2.6935437e-003,2.6935437e-003,2.6933410e-003
8.7150214e+002,2.7229146e-003,2.7229146e-003,2.7225035e-003
8.7151280e+002,2.7527578e-003,2.7527578e-003,2.7522584e-003
8.7152346e+002,2.7830338e-003,2.7830338e-003,2.7826462e-003
8.7153411e+002,2.8138384e-003,2.8138384e-003,2.8136648e-003
8.7154477e+002,2.8452943e-003,2.8452943e-003,2.8453036e-003
8.7155542e+002,2.8774834e-003,2.8774834e-003,2.8775518e-003
8.7156608e+002,2.9103552e-003,2.9103552e-003,2.9103980e-003
8.7157674e+002,2.9438331e-003,2.9438331e-003,2.9438307e-003
8.7158739e+002,2.9778708e-003,2.9778708e-003,2.9778525e-003
8.7159805e+002,3.0125220e-003,3.0125220e-003,3.0125105e-003
8.7160870e+002,3.0478604e-003,3.0478604e-003,3.0478610e-003
8.7161936e+002,3.0839456e-003,3.0839456e-003,3.0839506e-003
8.7163002e+002,3.1207903e-003,3.1207903e-003,3.1207934e-003
8.7164067e+002,3.1583974e-003,3.1583974e-003,3.1583972e-003
8.7165133e+002,3.1967742e-003,3.1967742e-003,3.1967728e-003
8.7166198e+002,3.2359428e-003,3.2359428e-003,3.2359419e-003
8.7167264e+002,3.2759283e-003,3.2759283e-003,3.2759284e-003
8.7168330e+002,3.3167523e-003,3.3167523e-003,3.3167529e-003
8.7169395e+002,3.3584247e-003,3.3584247e-003,3.3584252e-003
8.7170461e+002,3.4009531e-003,3.4009531e-003,3.4009531e-003
8.7171526e+002,3.4443544e-003,3.4443544e-003,3.4443536e-003
8.7172592e+002,3.4886776e-003,3.4886776e-003,3.4886765e-003
8.7173658e+002,3.5339781e-003,3.5339781e-003,3.5339782e-003
8.7174723e+002,3.5802992e-003,3.5802992e-003,3.5803020e-003
8.7175789e+002,3.6276415e-003,3.6276415e-003,3.6276454e-003
8.7176854e+002,3.6759967e-003,3.6759967e-003,3.6759962e-003
8.7177920e+002,3.7253750e-003,3.7253750e-003,3.7253647e-003
8.7178986e+002,3.7758515e-003,3.7758515e-003,3.7758370e-003
8.7180051e+002,3.8275146e-003,3.8275146e-003,3.8275160e-003
8.7181117e+002,3.8804334e-003,3.8804334e-003,3.8804720e-003
8.7182182e+002,3.9346087e-003,3.9346087e-003,3.9346628e-003
8.7183248e+002,3.9900268e-003,3.9900268e-003,3.9900218e-003
8.7184314e+002,4.0466912e-003,4.0466912e-003,4.0465264e-003
8.7185379e+002,4.1046661e-003,4.1046661e-003,4.1043064e-003
8.7186445e+002,4.1640289e-003,4.1640289e-003,4.1635249e-003
8.7187510e+002,4.2248492e-003,4.2248492e-003,4.2243083e-003
8.7188576e+002,4.2871696e-003,4.2871696e-003,4.2866529e-003
8.7189642e+002,4.3510265e-003,4.3510265e-003,4.3505262e-003
8.7190707e+002,4.4164494e-003,4.4164494e-003,4.4159163e-003
8.7191773e+002,4.4834419e-003,4.4834419e-003,4.4828842e-003
8.7192838e+002,4.5520024e-003,4.5520024e-003,4.5515071e-003
8.7193904e+002,4.6221649e-003,4.6221649e-003,4.6218581e-003
8.7194970e+002,4.6940929e-003,4.6940929e-003,4.6939965e-003
8.7196035e+002,4.7679787e-003,4.7679787e-003,4.7679787e-003
8.7197101e+002,4.8439604e-003,4.8439604e-003,4.8438559e-003
8.7198166e+002,4.9219796e-003,4.9219796e-003,4.9216626e-003
8.7199232e+002,5.0019332e-003,5.0019332e-003,5.0014292e-003
8.7200298e+002,5.0837770e-003,5.0837770e-003,5.0832089e-003
8.7201363e+002,5.1676816e-003,5.1676816e-003,5.1671369e-003
8.7202429e+002,5.2538665e-003,5.2538665e-003,5.2533674e-003
8.7203494e+002,5.3425115e-003,5.3425115e-003,5.3420300e-003
8.7204560e+002,5.4336507e-003,5.4336507e-003,5.4331630e-003
8.7205626e+002,5.5272842e-003,5.5272842e-003,5.5267840e-003
8.7206691e+002,5.6234323e-003,5.6234323e-003,5.6229267e-003
8.7207757e+002,5.7221895e-003,5.7221895e-003,5.7216852e-003
8.7208822e+002,5.8236678e-003,5.8236678e-003,5.8231679e-003
8.7209888e+002,5.9279780e-003,5.9279780e-003,5.9274820e-003
8.7210954e+002,6.0352271e-003,6.0352271e-003,6.0347318e-003
8.7212019e+002,6.1455210e-003,6.1455210e-003,6.1450208e-003
8.7213085e+002,6.2589696e-003,6.2589696e-003,6.2584594e-003
8.7214150e+002,6.3756983e-003,6.3756983e-003,6.3751839e-003
8.7215216e+002,6.4958362e-003,6.4958362e-003,6.4953366e-003
8.7216282e+002,6.6195165e-003,6.6195165e-003,6.6190532e-003
8.7217347e+002,6.7468888e-003,6.7468888e-003,6.7464420e-003
8.7218413e+002,6.8781065e-003,6.8781065e-003,6.8776052e-003
8.7219478e+002,7.0133213e-003,7.0133213e-003,7.0126660e-003
8.7220544e+002,7.1526782e-003,7.1526782e-003,7.1518294e-003
8.7221610e+002,7.2963209e-003,7.2963209e-003,7.2953200e-003
8.7222675e+002,7.4443955e-003,7.4443955e-003,7.4433423e-003
8.7223741e+002,7.5970581e-003,7.5970581e-003,7.5960226e-003
8.7224806e+002,7.7544676e-003,7.7544676e-003,7.7534678e-003
8.7225872e+002,7.9168117e-003,7.9168117e-003,7.9158253e-003
8.7226938e+002,8.0843917e-003,8.0843917e-003,8.0834003e-003
8.7228003e+002,8.2575369e-003,8.2575369e-003,8.2565369e-003
8.7229069e+002,8.4365523e-003,8.4365523e-003,8.4355511e-003
8.7230134e+002,8.6216477e-003,8.6216477e-003,8.6206489e-003
8.7231200e+002,8.8130088e-003,8.8130088e-003,8.8120088e-003
8.7232266e+002,9.0108519e-003,9.0108519e-003,9.0098432e-003
8.7233331e+002,9.2155139e-003,9.2155139e-003,9.2145003e-003
8.7234397e+002,9.4273621e-003,9.4273621e-003,9.4263620e-003
8.7235462e+002,9.6467773e-003,9.6467773e-003,9.6458130e-003
8.7236528e+002,9.8741957e-003,9.8741957e-003,9.8732488e-003
8.7237594e+002,1.0110067e-002,1.0110067e-002,1.0109068e-002
8.7238659e+002,1.0354830e-002,1.0354830e-002,1.0353678e-002
8.7239725e+002,1.0608877e-002,1.0608877e-002,1.0607532e-002
8.7240790e+002,1.0872590e-002,1.0872590e-002,1.0871091e-002
8.7241856e+002,1.1146399e-002,1.1146399e-002,1.1144846e-002
8.7242922e+002,1.1430935e-002,1.1430935e-002,1.1429399e-002
8.7243987e+002,1.1726885e-002,1.1726885e-002,1.1725384e-002
8.7245053e+002,1.2034925e-002,1.2034925e-002,1.2033439e-002
8.7246118e+002,1.2355710e-002,1.2355710e-002,1.2354219e-002
8.7247184e+002,1.2689890e-002,1.2689890e-002,1.2688390e-002
8.7248250e+002,1.3038139e-002,1.3038139e-002,1.3036636e-002
8.7249315e+002,1.3401249e-002,1.3401249e-002,1.3399748e-002
8.7250381e+002,1.3780040e-002,1.3780040e-002,1.3778540e-002
8.7251446e+002,1.4175369e-002,1.4175369e-002,1.4173866e-002
8.7252512e+002,1.4588249e-002,1.4588249e-002,1.4586745e-002
8.7253578e+002,1.5019737e-002,1.5019737e-002,1.5018237e-002
8.7254643e+002,1.5470887e-002,1.5470887e-002,1.5469400e-002
8.7255709e+002,1.5942751e-002,1.5942751e-002,1.5941270e-002
8.7256774e+002,1.6436381e-002,1.6436381e-002,1.6434882e-002
8.7257840e+002,1.6952880e-002,1.6952880e-002,1.6951332e-002
8.7258906e+002,1.7493574e-002,1.7493574e-002,1.7492001e-002
8.7259971e+002,1.8059845e-002,1.8059845e-002,1.8058342e-002
8.7261037e+002,1.8653098e-002,1.8653098e-002,1.8651793e-002
8.7262102e+002,1.9274807e-002,1.9274807e-002,1.9273720e-002
8.7263168e+002,1.9926472e-002,1.9926472e-002,1.9925472e-002
8.7264234e+002,2.0609603e-002,2.0609603e-002,2.0608464e-002
8.7265299e+002,2.1325783e-002,2.1325783e-002,2.1324412e-002
8.7266365e+002,2.2076610e-002,2.2076610e-002,2.2075111e-002
8.7267430e+002,2.2863723e-002,2.2863723e-002,2.2862337e-002
8.7268496e+002,2.3688927e-002,2.3688927e-002,2.3687774e-002
8.7269562e+002,2.4554079e-002,2.4554079e-002,2.4553077e-002
8.7270627e+002,2.5461012e-002,2.5461012e-002,2.5459937e-002
8.7271693e+002,2.6411481e-002,2.6411481e-002,2.6410191e-002
8.7272758e+002,2.7407213e-002,2.7407213e-002,2.7405719e-002
8.7273824e+002,2.8449959e-002,2.8449959e-002,2.8448387e-002
8.7274890e+002,2.9541556e-002,2.9541556e-002,2.9540005e-002
8.7275955e+002,3.0683867e-002,3.0683867e-002,3.0682365e-002
8.7277021e+002,3.1878712e-002,3.1878712e-002,3.1877230e-002
8.7278086e+002,3.3127711e-002,3.3127711e-002,3.3126223e-002
8.7279152e+002,3.4432427e-002,3.4432427e-002,3.4430927e-002
8.7280218e+002,3.5794402e-002,3.5794402e-002,3.5792900e-002
8.7281283e+002,3.7215075e-002,3.7215075e-002,3.7213575e-002
8.7282349e+002,3.8695853e-002,3.8695853e-002,3.8694353e-002
8.7283414e+002,4.0238038e-002,4.0238038e-002,4.0236531e-002
8.7284480e+002,4.1842441e-002,4.1842441e-002,4.1840928e-002
8.7285546e+002,4.3509728e-002,4.3509728e-002,4.3508226e-002
8.7286611e+002,4.5240489e-002,4.5240489e-002,4.5239023e-002
8.7287677e+002,4.7034962e-002,4.7034962e-002,4.7033515e-002
8.7288742e+002,4.8893278e-002,4.8893278e-002,4.8891784e-002
8.7289808e+002,5.0815415e-002,5.0815415e-002,5.0813772e-002
8.7290874e+002,5.2800612e-002,5.2800612e-002,5.2798774e-002
8.7291939e+002,5.4847891e-002,5.4847891e-002,5.4845897e-002
8.7293005e+002,5.6956136e-002,5.6956136e-002,5.6954085e-002
8.7294070e+002,5.9123558e-002,5.9123558e-002,5.9121524e-002
8.7295136e+002,6.1348174e-002,6.1348174e-002,6.1346172e-002
8.7296202e+002,6.3627789e-002,6.3627789e-002,6.3625794e-002
8.7297267e+002,6.5959213e-002,6.5959213e-002,6.5957209e-002
8.7298333e+002,6.8338955e-002,6.8338955e-002,6.8336954e-002
8.7299398e+002,7.0763366e-002,7.0763366e-002,7.0761395e-002
8.7300464e+002,7.3228019e-002,7.3228019e-002,7.3226069e-002
8.7301530e+002,7.5728255e-002,7.5728255e-002,7.5726261e-002
8.7302595e+002,7.8259201e-002,7.8259201e-002,7.8257064e-002
8.7303661e+002,8.0814944e-002,8.0814944e-002,8.0812615e-002
8.7304726e+002,8.3389252e-002,8.3389252e-002,8.3386760e-002
8.7305792e+002,8.5975735e-002,8.5975735e-002,8.5973172e-002
8.7306858e+002,8.8567217e-002,8.8567217e-002,8.8564663e-002
8.7307923e+002,9.1156283e-002,9.1156283e-002,9.1153779e-002
8.7308989e+002,9.3735398e-002,9.3735398e-002,9.3732948e-002
8.7310054e+002,9.6296440e-002,9.6296440e-002,9.6294008e-002
8.7311120e+002,9.8831105e-002,9.8831105e-002,9.8828614e-002
8.7312186e+002,1.0133100e-001,1.0133100e-001,1.0132835e-001
8.7313251e+002,1.0378726e-001,1.0378726e-001,1.0378441e-001
8.7314317e+002,1.0619091e-001,1.0619091e-001,1.0618792e-001
8.7315382e+002,1.0853294e-001,1.0853294e-001,1.0852992e-001
8.7316448e+002,1.1080436e-001,1.1080436e-001,1.1080137e-001
8.7317514e+002,1.1299616e-001,1.1299616e-001,1.1299317e-001
8.7318579e+002,1.1509942e-001,1.1509942e-001,1.1509629e-001
8.7319645e+002,1.1710551e-001,1.1710551e-001,1.1710219e-001
8.7320710e+002,1.1900591e-001,1.1900591e-001,1.1900242e-001
8.7321776e+002,1.2079225e-001,1.2079225e-001,1.2078870e-001
8.7322842e+002,1.2245686e-001,1.2245686e-001,1.2245331e-001
8.7323907e+002,1.2399227e-001,1.2399227e-001,1.2398877e-001
8.7324973e+002,1.2539126e-001,1.2539126e-001,1.2538777e-001
8.7326038e+002,1.2664769e-001,1.2664769e-001,1.2664420e-001
8.7327104e+002,1.2775578e-001,1.2775578e-001,1.2775228e-001
8.7328170e+002,1.2871001e-001,1.2871001e-001,1.2870651e-001
8.7329235e+002,1.2950617e-001,1.2950617e-001,1.2950267e-001
8.7330301e+002,1.3014045e-001,1.3014045e-001,1.3013695e-001
8.7331366e+002,1.3060939e-001,1.3060939e-001,1.3060588e-001
8.7332432e+002,1.3091110e-001,1.3091110e-001,1.3090758e-001
8.7333498e+002,1.3104426e-001,1.3104426e-001,1.3104076e-001
8.7334563e+002,1.3100782e-001,1.3100782e-001,1.3100436e-001
8.7335629e+002,1.3080231e-001,1.3080231e-001,1.3079887e-001
8.7336694e+002,1.3042876e-001,1.3042876e-001,1.3042527e-001
8.7337760e+002,1.2988852e-001,1.2988852e-001,1.2988486e-001
8.7338826e+002,1.2918453e-001,1.2918453e-001,1.2918065e-001
8.7339891e+002,1.2832025e-001,1.2832025e-001,1.2831626e-001
8.7340957e+002,1.2729942e-001,1.2729942e-001,1.2729550e-001
8.7342022e+002,1.2612712e-001,1.2612712e-001,1.2612341e-001
8.7343088e+002,1.2480892e-001,1.2480892e-001,1.2480541e-001
8.7344154e+002,1.2335060e-001,1.2335060e-001,1.2334716e-001
8.7345219e+002,1.2175904e-001,1.2175904e-001,1.2175559e-001
8.7346285e+002,1.2004153e-001,1.2004153e-001,1.2003804e-001
8.7347350e+002,1.1820549e-001,1.1820549e-001,1.1820198e-001
8.7348416e+002,1.1625905e-001,1.1625905e-001,1.1625555e-001
8.7349482e+002,1.1421064e-001,1.1421064e-001,1.1420715e-001
8.7350547e+002,1.1206873e-001,1.1206873e-001,1.1206520e-001
8.7351613e+002,1.0984212e-001,1.0984212e-001,1.0983857e-001
8.7352678e+002,1.0753976e-001,1.0753976e-001,1.0753624e-001
8.7353744e+002,1.0517057e-001,1.0517057e-001,1.0516720e-001
8.7354810e+002,1.0274359e-001,1.0274359e-001,1.0274040e-001
8.7355875e+002,1.0026783e-001,1.0026783e-001,1.0026481e-001
8.7356941e+002,9.7752258e-002,9.7752258e-002,9.7749327e-002
8.7358006e+002,9.5205460e-002,9.5205460e-002,9.5202530e-002
8.7359072e+002,9.2635881e-002,9.2635881e-002,9.2632892e-002
8.7360138e+002,9.0051858e-002,9.0051858e-002,9.0048779e-002
8.7361203e+002,8.7461093e-002,8.7461093e-002,8.7457970e-002
8.7362269e+002,8.4871061e-002,8.4871061e-002,8.4868035e-002
8.7363334e+002,8.2289118e-002,8.2289118e-002,8.2286391e-002
8.7364400e+002,7.9721921e-002,7.9721921e-002,7.9719585e-002
8.7365466e+002,7.7175875e-002,7.7175875e-002,7.7173850e-002
8.7366531e+002,7.4657218e-002,7.4657218e-002,7.4655288e-002
8.7367597e+002,7.2171207e-002,7.2171207e-002,7.2169232e-002
8.7368662e+002,6.9722746e-002,6.9722746e-002,6.9720741e-002
8.7369728e+002,6.7316590e-002,6.7316590e-002,6.7314693e-002
8.7370794e+002,6.4956623e-002,6.4956623e-002,6.4954924e-002
8.7371859e+002,6.2646406e-002,6.2646406e-002,6.2644889e-002
8.7372925e+002,6.0389356e-002,6.0389356e-002,6.0387913e-002
8.7373990e+002,5.8188024e-002,5.8188024e-002,5.8186567e-002
8.7375056e+002,5.6044637e-002,5.6044637e-002,5.6043141e-002
8.7376122e+002,5.3961295e-002,5.3961295e-002,5.3959787e-002
8.7377187e+002,5.1939327e-002,5.1939327e-002,5.1937828e-002
8.7378253e+002,4.9979774e-002,4.9979774e-002,4.9978276e-002
8.7379318e+002,4.8083570e-002,4.8083570e-002,4.8082044e-002
8.7380384e+002,4.6250994e-002,4.6250994e-002,4.6249445e-002
8.7381450e+002,4.4482082e-002,4.4482082e-002,4.4480569e-002
8.7382515e+002,4.2776798e-002,4.2776798e-002,4.2775420e-002
8.7383581e+002,4.1134680e-002,4.1134680e-002,4.1133493e-002
8.7384646e+002,3.9555105e-002,3.9555105e-002,3.9554087e-002
8.7385712e+002,3.8037379e-002,3.8037379e-002,3.8036441e-002
8.7386778e+002,3.6580363e-002,3.6580363e-002,3.6579424e-002
8.7387843e+002,3.5182754e-002,3.5182754e-002,3.5181764e-002
8.7388909e+002,3.3843217e-002,3.3843217e-002,3.3842162e-002
8.7389974e+002,3.2560245e-002,3.2560245e-002,3.2559161e-002
8.7391040e+002,3.1332262e-002,3.1332262e-002,3.1331241e-002
8.7392106e+002,3.0157682e-002,3.0157682e-002,3.0156852e-002
8.7393171e+002,2.9034835e-002,2.9034835e-002,2.9034228e-002
8.7394237e+002,2.7962022e-002,2.7962022e-002,2.7961525e-002
8.7395302e+002,2.6937520e-002,2.6937520e-002,2.6936907e-002
8.7396368e+002,2.5959459e-002,2.5959459e-002,2.5958614e-002
8.7397434e+002,2.5025911e-002,2.5025911e-002,2.5024915e-002
8.7398499e+002,2.4134975e-002,2.4134975e-002,2.4134063e-002
8.7399565e+002,2.3284917e-002,2.3284917e-002,2.3284232e-002
8.7400630e+002,2.2474070e-002,2.2474070e-002,2.2473560e-002
8.7401696e+002,2.1700762e-002,2.1700762e-002,2.1700214e-002
8.7402762e+002,2.0963297e-002,2.0963297e-002,2.0962551e-002
8.7403827e+002,2.0259972e-002,2.0259972e-002,2.0259001e-002
8.7404893e+002,1.9589102e-002,1.9589102e-002,1.9588003e-002
8.7405958e+002,1.8949147e-002,1.8949147e-002,1.8948037e-002
8.7407024e+002,1.8338626e-002,1.8338626e-002,1.8337603e-002
8.7408090e+002,1.7756070e-002,1.7756070e-002,1.7755211e-002
8.7409155e+002,1.7200102e-002,1.7200102e-002,1.7199432e-002
8.7410221e+002,1.6669382e-002,1.6669382e-002,1.6668864e-002
8.7411286e+002,1.6162590e-002,1.6162590e-002,1.6162135e-002
8.7412352e+002,1.5678537e-002,1.5678537e-002,1.5678075e-002
8.7413418e+002,1.5216090e-002,1.5216090e-002,1.5215594e-002
8.7414483e+002,1.4774126e-002,1.4774126e-002,1.4773614e-002
8.7415549e+002,1.4351618e-002,1.4351618e-002,1.4351108e-002
8.7416614e+002,1.3947573e-002,1.3947573e-002,1.3947072e-002
8.7417680e+002,1.3561011e-002,1.3561011e-002,1.3560514e-002
8.7418746e+002,1.3191020e-002,1.3191020e-002,1.3190523e-002
8.7419811e+002,1.2836718e-002,1.2836718e-002,1.2836218e-002
8.7420877e+002,1.2497240e-002,1.2497240e-002,1.2496740e-002
8.7421942e+002,1.2171847e-002,1.2171847e-002,1.2171348e-002
8.7423008e+002,1.1859855e-002,1.1859855e-002,1.1859355e-002
8.7424074e+002,1.1560586e-002,1.1560586e-002,1.1560083e-002
8.7425139e+002,1.1273428e-002,1.1273428e-002,1.1272924e-002
8.7426205e+002,1.0997799e-002,1.0997799e-002,1.0997297e-002
8.7427270e+002,1.0733118e-002,1.0733118e-002,1.0732628e-002
8.7428336e+002,1.0478846e-002,1.0478846e-002,1.0478364e-002
8.7429402e+002,1.0234462e-002,1.0234462e-002,1.0233968e-002
8.7430467e+002,9.9994490e-003,9.9994490e-003,9.9989126e-003
8.7431533e+002,9.7733560e-003,9.7733560e-003,9.7727888e-003
8.7432598e+002,9.5557565e-003,9.5557565e-003,9.5552342e-003
8.7433664e+002,9.3462339e-003,9.3462339e-003,9.3458792e-003
8.7434730e+002,9.1444380e-003,9.1444380e-003,9.1442984e-003
8.7435795e+002,8.9500477e-003,8.9500477e-003,8.9500420e-003
8.7436861e+002,8.7627452e-003,8.7627452e-003,8.7626853e-003
8.7437926e+002,8.5822363e-003,8.5822363e-003,8.5819835e-003
8.7438992e+002,8.4082371e-003,8.4082371e-003,8.4077710e-003
8.7440058e+002,8.2404609e-003,8.2404609e-003,8.2398681e-003
8.7441123e+002,8.0786008e-003,8.0786008e-003,8.0779920e-003
8.7442189e+002,7.9223409e-003,7.9223409e-003,7.9218141e-003
8.7443254e+002,7.7713825e-003,7.7713825e-003,7.7710182e-003
8.7444320e+002,7.6255546e-003,7.6255546e-003,7.6253815e-003
8.7445386e+002,7.4847429e-003,7.4847429e-003,7.4847227e-003
8.7446451e+002,7.3488240e-003,7.3488240e-003,7.3488621e-003
8.7447517e+002,7.2176044e-003,7.2176044e-003,7.2176298e-003
8.7448582e+002,7.0908592e-003,7.0908592e-003,7.0908602e-003
8.7449648e+002,6.9683742e-003,6.9683742e-003,6.9683888e-003
8.7450714e+002,6.8500185e-003,6.8500185e-003,6.8500583e-003
8.7451779e+002,6.7356985e-003,6.7356985e-003,6.7357150e-003
8.7452845e+002,6.6253140e-003,6.6253140e-003,6.6252089e-003
8.7453910e+002,6.5187120e-003,6.5187120e-003,6.5184208e-003
8.7454976e+002,6.4157153e-003,6.4157153e-003,6.4152453e-003
8.7456042e+002,6.3161545e-003,6.3161545e-003,6.3155783e-003
8.7457107e+002,6.2199184e-003,6.2199184e-003,6.2193258e-003
8.7458173e+002,6.1269229e-003,6.1269229e-003,6.1263981e-003
8.7459238e+002,6.0370874e-003,6.0370874e-003,6.0367055e-003
8.7460304e+002,5.9503587e-003,5.9503587e-003,5.9501581e-003
8.7461370e+002,5.8666959e-003,5.8666959e-003,5.8666654e-003
8.7462435e+002,5.7860548e-003,5.7860548e-003,5.7861362e-003
8.7463501e+002,5.7083630e-003,5.7083630e-003,5.7084711e-003
8.7464566e+002,5.6335351e-003,5.6335351e-003,5.6335672e-003
8.7465632e+002,5.5614874e-003,5.5614874e-003,5.5613343e-003
8.7466698e+002,5.4921523e-003,5.4921523e-003,5.4917835e-003
8.7467763e+002,5.4254696e-003,5.4254696e-003,5.4249738e-003
8.7468829e+002,5.3613835e-003,5.3613835e-003,5.3609494e-003
8.7469894e+002,5.2998715e-003,5.2998715e-003,5.2996338e-003
8.7470960e+002,5.2409273e-003,5.2409273e-003,5.2408935e-003
8.7472026e+002,5.1845431e-003,5.1845431e-003,5.1846071e-003
8.7473091e+002,5.1306991e-003,5.1306991e-003,5.1307583e-003
8.7474157e+002,5.0793700e-003,5.0793700e-003,5.0793809e-003
8.7475222e+002,5.0305320e-003,5.0305320e-003,5.0305062e-003
8.7476288e+002,4.9841756e-003,4.9841756e-003,4.9841428e-003
8.7477354e+002,4.9402982e-003,4.9402982e-003,4.9402885e-003
8.7478419e+002,4.8988999e-003,4.8988999e-003,4.8989391e-003
8.7479485e+002,4.8600051e-003,4.8600051e-003,4.8600770e-003
8.7480550e+002,4.8236496e-003,4.8236496e-003,4.8236775e-003
8.7481616e+002,4.7898644e-003,4.7898644e-003,4.7897255e-003
8.7482682e+002,4.7586395e-003,4.7586395e-003,4.7582833e-003
8.7483747e+002,4.7299444e-003,4.7299444e-003,4.7294508e-003
8.7484813e+002,4.7037571e-003,4.7037571e-003,4.7033180e-003
8.7485878e+002,4.6801278e-003,4.6801278e-003,4.6798846e-003
8.7486944e+002,4.6591426e-003,4.6591426e-003,4.6591060e-003
8.7488010e+002,4.6408827e-003,4.6408827e-003,4.6409463e-003
8.7489075e+002,4.6253873e-003,4.6253873e-003,4.6254464e-003
8.7490141e+002,4.6126742e-003,4.6126742e-003,4.6126855e-003
8.7491206e+002,4.6027648e-003,4.6027648e-003,4.6027417e-003
8.7492272e+002,4.5957085e-003,4.5957085e-003,4.5956805e-003
8.7493338e+002,4.5915690e-003,4.5915690e-003,4.5915609e-003
8.7494403e+002,4.5904100e-003,4.5904100e-003,4.5904388e-003
8.7495469e+002,4.5922918e-003,4.5922918e-003,4.5923445e-003
8.7496534e+002,4.5972734e-003,4.5972734e-003,4.5972948e-003
8.7497600e+002,4.6054120e-003,4.6054120e-003,4.6053121e-003
8.7498666e+002,4.6167485e-003,4.6167485e-003,4.6164667e-003
8.7499731e+002,4.6313158e-003,4.6313158e-003,4.6308537e-003
8.7500797e+002,4.6491467e-003,4.6491467e-003,4.6485647e-003
8.7501862e+002,4.6702730e-003,4.6702730e-003,4.6696612e-003
8.7502928e+002,4.6947262e-003,4.6947262e-003,4.6941887e-003
8.7503994e+002,4.7225397e-003,4.7225397e-003,4.7221860e-003
8.7505059e+002,4.7537666e-003,4.7537666e-003,4.7536297e-003
8.7506125e+002,4.7884698e-003,4.7884698e-003,4.7884643e-003
8.7507190e+002,4.8267041e-003,4.8267041e-003,4.8266425e-003
8.7508256e+002,4.8684475e-003,4.8684475e-003,4.8681914e-003
8.7509322e+002,4.9136382e-003,4.9136382e-003,4.9131773e-003
8.7510387e+002,4.9622154e-003,4.9622154e-003,4.9616557e-003
8.7511453e+002,5.0141353e-003,5.0141353e-003,5.0135807e-003
8.7512518e+002,5.0693625e-003,5.0693625e-003,5.0688523e-003
8.7513584e+002,5.1278555e-003,5.1278555e-003,5.1273699e-003
8.7514650e+002,5.1895160e-003,5.1895160e-003,5.1890274e-003
8.7515715e+002,5.2542152e-003,5.2542152e-003,5.2537165e-003
8.7516781e+002,5.3218250e-003,5.3218250e-003,5.3213272e-003
8.7517846e+002,5.3922272e-003,5.3922272e-003,5.3917364e-003
8.7518912e+002,5.4653085e-003,5.4653085e-003,5.4648138e-003
8.7519978e+002,5.5409437e-003,5.5409437e-003,5.5404207e-003
8.7521043e+002,5.6188913e-003,5.6188913e-003,5.6183428e-003
8.7522109e+002,5.6988469e-003,5.6988469e-003,5.6983244e-003
8.7523174e+002,5.7805109e-003,5.7805109e-003,5.7801074e-003
8.7524240e+002,5.8636367e-003,5.8636367e-003,5.8634164e-003
8.7525306e+002,5.9480064e-003,5.9480064e-003,5.9479662e-003
8.7526371e+002,6.0333925e-003,6.0333925e-003,6.0334661e-003
8.7527437e+002,6.1194724e-003,6.1194724e-003,6.1195707e-003
8.7528502e+002,6.2058710e-003,6.2058710e-003,6.2059049e-003
8.7529568e+002,6.2922120e-003,6.2922120e-003,6.2920966e-003
8.7530634e+002,6.3781140e-003,6.3781140e-003,6.3778089e-003
8.7531699e+002,6.4631924e-003,6.4631924e-003,6.4627243e-003
8.7532765e+002,6.5470609e-003,6.5470609e-003,6.5465167e-003
8.7533830e+002,6.6293166e-003,6.6293166e-003,6.6287747e-003
8.7534896e+002,6.7095470e-003,6.7095470e-003,6.7090385e-003
8.7535962e+002,6.7873405e-003,6.7873405e-003,6.7868523e-003
8.7537027e+002,6.8622908e-003,6.8622908e-003,6.8618021e-003
8.7538093e+002,6.9339952e-003,6.9339952e-003,6.9334975e-003
8.7539158e+002,7.0020503e-003,7.0020503e-003,7.0015471e-003
8.7540224e+002,7.0660461e-003,7.0660461e-003,7.0655431e-003
8.7541290e+002,7.1255692e-003,7.1255692e-003,7.1250686e-003
8.7542355e+002,7.1802144e-003,7.1802144e-003,7.1797153e-003
8.7543421e+002,7.2296626e-003,7.2296626e-003,7.2291634e-003
8.7544486e+002,7.2736441e-003,7.2736441e-003,7.2731443e-003
8.7545552e+002,7.3118890e-003,7.3118890e-003,7.3113888e-003
8.7546618e+002,7.3441195e-003,7.3441195e-003,7.3436193e-003
8.7547683e+002,7.3700533e-003,7.3700533e-003,7.3695533e-003
8.7548749e+002,7.3894155e-003,7.3894155e-003,7.3889155e-003
8.7549814e+002,7.4020082e-003,7.4020082e-003,7.4015083e-003
8.7550880e+002,7.4076788e-003,7.4076788e-003,7.4071788e-003
8.7551946e+002,7.4062840e-003,7.4062840e-003,7.4057840e-003
8.7553011e+002,7.3977733e-003,7.3977733e-003,7.3972733e-003
8.7554077e+002,7.3821507e-003,7.3821507e-003,7.3816507e-003
8.7555142e+002,7.3594220e-003,7.3594220e-003,7.3589220e-003
8.7556208e+002,7.3296032e-003,7.3296032e-003,7.3291032e-003
8.7557274e+002,7.2927165e-003,7.2927165e-003,7.2922165e-003
8.7558339e+002,7.2487963e-003,7.2487963e-003,7.2482963e-003
8.7559405e+002,7.1980037e-003,7.1980037e-003,7.1975037e-003
8.7560470e+002,7.1405763e-003,7.1405763e-003,7.1400763e-003
8.7561536e+002,7.0767527e-003,7.0767527e-003,7.0762527e-003
8.7562602e+002,7.0067739e-003,7.0067739e-003,7.0062740e-003
8.7563667e+002,6.9308822e-003,6.9308822e-003,6.9303823e-003
8.7564733e+002,6.8493255e-003,6.8493255e-003,6.8488254e-003
8.7565798e+002,6.7624104e-003,6.7624104e-003,6.7619101e-003
8.7566864e+002,6.6704792e-003,6.6704792e-003,6.6699791e-003
8.7567930e+002,6.5738769e-003,6.5738769e-003,6.5733775e-003
8.7568995e+002,6.4729700e-003,6.4729700e-003,6.4724713e-003
8.7570061e+002,6.3681381e-003,6.3681381e-003,6.3676388e-003
8.7571126e+002,6.2597658e-003,6.2597658e-003,6.2592636e-003
8.7572192e+002,6.1482860e-003,6.1482860e-003,6.1477812e-003
8.7573258e+002,6.0341618e-003,6.0341618e-003,6.0336592e-003
8.7574323e+002,5.9178489e-003,5.9178489e-003,5.9173571e-003
8.7575389e+002,5.7997162e-003,5.7997162e-003,5.7992342e-003
8.7576454e+002,5.6800782e-003,5.6800782e-003,5.6795878e-003
8.7577520e+002,5.5592524e-003,5.5592524e-003,5.5587221e-003
8.7578586e+002,5.4375981e-003,5.4375981e-003,5.4370312e-003
8.7579651e+002,5.3155017e-003,5.3155017e-003,5.3149658e-003
8.7580717e+002,5.1933480e-003,5.1933480e-003,5.1929661e-003
8.7581782e+002,5.0715043e-003,5.0715043e-003,5.0713405e-003
8.7582848e+002,4.9503265e-003,4.9503265e-003,4.9503139e-003
8.7583914e+002,4.8301620e-003,4.8301620e-003,4.8301145e-003
8.7584979e+002,4.7112592e-003,4.7112592e-003,4.7110235e-003
8.7586045e+002,4.5938032e-003,4.5938032e-003,4.5933561e-003
8.7587110e+002,4.4779807e-003,4.4779807e-003,4.4774211e-003
8.7588176e+002,4.3640089e-003,4.3640089e-003,4.3634465e-003
8.7589242e+002,4.2521245e-003,4.2521245e-003,4.2516086e-003
8.7590307e+002,4.1425570e-003,4.1425570e-003,4.1420783e-003
8.7591373e+002,4.0354501e-003,4.0354501e-003,4.0349787e-003
8.7592438e+002,3.9308908e-003,3.9308908e-003,3.9304016e-003
8.7593504e+002,3.8289652e-003,3.8289652e-003,3.8284398e-003
8.7594570e+002,3.7297574e-003,3.7297574e-003,3.7292052e-003
8.7595635e+002,3.6333498e-003,3.6333498e-003,3.6328221e-003
8.7596701e+002,3.5398223e-003,3.5398223e-003,3.5394075e-003
8.7597766e+002,3.4492231e-003,3.4492231e-003,3.4489871e-003
8.7598832e+002,3.3615793e-003,3.3615793e-003,3.3615264e-003
8.7599898e+002,3.2769179e-003,3.2769179e-003,3.2769923e-003
8.7600963e+002,3.1952688e-003,3.1952688e-003,3.1953820e-003
8.7602029e+002,3.1166641e-003,3.1166641e-003,3.1167132e-003
8.7603094e+002,3.0411271e-003,3.0411271e-003,3.0410011e-003
8.7604160e+002,2.9685754e-003,2.9685754e-003,2.9682308e-003
8.7605226e+002,2.8988556e-003,2.8988556e-003,2.8983666e-003
8.7606291e+002,2.8318213e-003,2.8318213e-003,2.8313697e-003
8.7607357e+002,2.7674326e-003,2.7674326e-003,2.7671679e-003
8.7608422e+002,2.7057215e-003,2.7057215e-003,2.7056662e-003
8.7609488e+002,2.6467159e-003,2.6467159e-003,2.6467721e-003
8.7610554e+002,2.5903744e-003,2.5903744e-003,2.5904331e-003
8.7611619e+002,2.5366085e-003,2.5366085e-003,2.5366233e-003
8.7612685e+002,2.4853275e-003,2.4853275e-003,2.4853125e-003
8.7613750e+002,2.4364242e-003,2.4364242e-003,2.4364085e-003
8.7614816e+002,2.3897801e-003,2.3897801e-003,2.3897762e-003
8.7615882e+002,2.3452824e-003,2.3452824e-003,2.3452862e-003
8.7616947e+002,2.3028900e-003,2.3028900e-003,2.3028938e-003
8.7618013e+002,2.2626120e-003,2.2626120e-003,2.2626129e-003
8.7619078e+002,2.2244521e-003,2.2244521e-003,2.2244516e-003
8.7620144e+002,2.1883279e-003,2.1883279e-003,2.1883282e-003
8.7621210e+002,2.1540974e-003,2.1540974e-003,2.1540979e-003
8.7622275e+002,2.1216236e-003,2.1216236e-003,2.1216217e-003
8.7623341e+002,2.0908549e-003,2.0908549e-003,2.0908501e-003
8.7624406e+002,2.0617992e-003,2.0617992e-003,2.0617962e-003
8.7625472e+002,2.0344608e-003,2.0344608e-003,2.0344688e-003
8.7626538e+002,2.0087743e-003,2.0087743e-003,2.0087933e-003
8.7627603e+002,1.9846251e-003,1.9846251e-003,1.9846365e-003
8.7628669e+002,1.9619026e-003,1.9619026e-003,1.9618726e-003
8.7629734e+002,1.9405661e-003,1.9405661e-003,1.9404950e-003
8.7630800e+002,1.9206250e-003,1.9206250e-003,1.9205822e-003
8.7631866e+002,1.9020877e-003,1.9020877e-003,1.9022035e-003
8.7632931e+002,1.8849368e-003,1.8849368e-003,1.8852810e-003
8.7633997e+002,1.8691360e-003,1.8691360e-003,1.8696306e-003
8.7635062e+002,1.8546468e-003,1.8546468e-003,1.8550774e-003
8.7636128e+002,1.8414037e-003,1.8414037e-003,1.8416115e-003
8.7637194e+002,1.8293217e-003,1.8293217e-003,1.8293423e-003
8.7638259e+002,1.8183205e-003,1.8183205e-003,1.8183718e-003
8.7639325e+002,1.8083921e-003,1.8083921e-003,1.8086569e-003
8.7640390e+002,1.7995814e-003,1.7995814e-003,1.8000484e-003
8.7641456e+002,1.7919288e-003,1.7919288e-003,1.7924026e-003
8.7642522e+002,1.7853955e-003,1.7853955e-003,1.7856868e-003
8.7643587e+002,1.7798837e-003,1.7798837e-003,1.7799500e-003
8.7644653e+002,1.7752988e-003,1.7752988e-003,1.7752396e-003
8.7645718e+002,1.7716100e-003,1.7716100e-003,1.7715459e-003
8.7646784e+002,1.7688339e-003,1.7688339e-003,1.7688168e-003
8.7647850e+002,1.7669846e-003,1.7669846e-003,1.7669992e-003
8.7648915e+002,1.7660213e-003,1.7660213e-003,1.7660354e-003
8.7649981e+002,1.7658621e-003,1.7658621e-003,1.7658648e-003
8.7651046e+002,1.7664266e-003,1.7664266e-003,1.7664275e-003
8.7652112e+002,1.7676690e-003,1.7676690e-003,1.7676769e-003
8.7653178e+002,1.7695700e-003,1.7695700e-003,1.7695767e-003
8.7654243e+002,1.7721094e-003,1.7721094e-003,1.7720915e-003
8.7655309e+002,1.7752423e-003,1.7752423e-003,1.7751966e-003
8.7656374e+002,1.7789051e-003,1.7789051e-003,1.7788756e-003
8.7657440e+002,1.7830340e-003,1.7830340e-003,1.7831085e-003
8.7658506e+002,1.7875687e-003,1.7875687e-003,1.7878192e-003
8.7659571e+002,1.7924516e-003,1.7924516e-003,1.7928881e-003
8.7660637e+002,1.7976260e-003,1.7976260e-003,1.7981973e-003
8.7661702e+002,1.8030454e-003,1.8030454e-003,1.8036632e-003
8.7662768e+002,1.8086711e-003,1.8086711e-003,1.8092294e-003
8.7663834e+002,1.8144619e-003,1.8144619e-003,1.8148425e-003
8.7664899e+002,1.8203321e-003,1.8203321e-003,1.8204848e-003
8.7665965e+002,1.8261611e-003,1.8261611e-003,1.8261671e-003
8.7667030e+002,1.8318306e-003,1.8318306e-003,1.8318928e-003
8.7668096e+002,1.8372713e-003,1.8372713e-003,1.8375470e-003
8.7669162e+002,1.8424525e-003,1.8424525e-003,1.8429213e-003
8.7670227e+002,1.8473424e-003,1.8473424e-003,1.8478139e-003
8.7671293e+002,1.8518759e-003,1.8518759e-003,1.8521655e-003
8.7672358e+002,1.8559617e-003,1.8559617e-003,1.8560298e-003
8.7673424e+002,1.8595090e-003,1.8595090e-003,1.8594575e-003
8.7674490e+002,1.8624525e-003,1.8624525e-003,1.8624017e-003
8.7675555e+002,1.8647469e-003,1.8647469e-003,1.8647373e-003
8.7676621e+002,1.8663468e-003,1.8663468e-003,1.8663417e-003
8.7677686e+002,1.8671984e-003,1.8671984e-003,1.8671641e-003
8.7678752e+002,1.8672405e-003,1.8672405e-003,1.8672114e-003
8.7679818e+002,1.8664127e-003,1.8664127e-003,1.8664877e-003
8.7680883e+002,1.8646641e-003,1.8646641e-003,1.8649247e-003
8.7681949e+002,1.8619514e-003,1.8619514e-003,1.8623954e-003
8.7683014e+002,1.8582336e-003,1.8582336e-003,1.8587771e-003
8.7684080e+002,1.8534980e-003,1.8534980e-003,1.8540482e-003
8.7685146e+002,1.8477547e-003,1.8477547e-003,1.8482696e-003
8.7686211e+002,1.8410144e-003,1.8410144e-003,1.8415024e-003
8.7687277e+002,1.8332814e-003,1.8332814e-003,1.8337668e-003
8.7688342e+002,1.8245546e-003,1.8245546e-003,1.8250498e-003
8.7689408e+002,1.8148328e-003,1.8148328e-003,1.8153376e-003
8.7690474e+002,1.8041118e-003,1.8041118e-003,1.8046200e-003
8.7691539e+002,1.7923855e-003,1.7923855e-003,1.7928897e-003
8.7692605e+002,1.7796487e-003,1.7796487e-003,1.7801413e-003
8.7693670e+002,1.7659129e-003,1.7659129e-003,1.7663948e-003
8.7694736e+002,1.7512040e-003,1.7512040e-003,1.7516920e-003
8.7695802e+002,1.7355511e-003,1.7355511e-003,1.7360757e-003
8.7696867e+002,1.7190335e-003,1.7190335e-003,1.7195976e-003
8.7697933e+002,1.7017725e-003,1.7017725e-003,1.7023165e-003
8.7698998e+002,1.6838851e-003,1.6838851e-003,1.6842913e-003
8.7700064e+002,1.6653864e-003,1.6653864e-003,1.6655781e-003
8.7701130e+002,1.6462053e-003,1.6462053e-003,1.6462305e-003
8.7702195e+002,1.6262748e-003,1.6262748e-003,1.6263020e-003
8.7703261e+002,1.6056556e-003,1.6056556e-003,1.6058494e-003
8.7704326e+002,1.5845175e-003,1.5845175e-003,1.5849319e-003
8.7705392e+002,1.5630303e-003,1.5630303e-003,1.5636084e-003
8.7706458e+002,1.5412978e-003,1.5412978e-003,1.5419284e-003
8.7707523e+002,1.5193668e-003,1.5193668e-003,1.5199339e-003
8.7708589e+002,1.4972806e-003,1.4972806e-003,1.4976680e-003
8.7709654e+002,1.4750484e-003,1.4750484e-003,1.4752076e-003
8.7710720e+002,1.4526504e-003,1.4526504e-003,1.4526589e-003
8.7711786e+002,1.4300704e-003,1.4300704e-003,1.4301250e-003
8.7712851e+002,1.4073790e-003,1.4073790e-003,1.4076414e-003
8.7713917e+002,1.3847229e-003,1.3847229e-003,1.3851836e-003
8.7714982e+002,1.3622469e-003,1.3622469e-003,1.3627288e-003
8.7716048e+002,1.3400083e-003,1.3400083e-003,1.3403235e-003
8.7717114e+002,1.3179870e-003,1.3179870e-003,1.3180749e-003
8.7718179e+002,1.2961624e-003,1.2961624e-003,1.2960906e-003
8.7719245e+002,1.2745516e-003,1.2745516e-003,1.2744384e-003
8.7720310e+002,1.2532057e-003,1.2532057e-003,1.2531510e-003
8.7721376e+002,1.2321763e-003,1.2321763e-003,1.2322586e-003
8.7722442e+002,1.2115069e-003,1.2115069e-003,1.2117687e-003
8.7723507e+002,1.1912333e-003,1.1912333e-003,1.1916686e-003
8.7724573e+002,1.1713907e-003,1.1713907e-003,1.1719458e-003
8.7725638e+002,1.1520104e-003,1.1520104e-003,1.1526057e-003
8.7726704e+002,1.1331196e-003,1.1331196e-003,1.1336705e-003
8.7727770e+002,1.1147439e-003,1.1147439e-003,1.1151628e-003
8.7728835e+002,1.0968787e-003,1.0968787e-003,1.0971114e-003
8.7729901e+002,1.0794915e-003,1.0794915e-003,1.0795499e-003
8.7730966e+002,1.0625496e-003,1.0625496e-003,1.0625103e-003
8.7732032e+002,1.0460348e-003,1.0460348e-003,1.0459838e-003
8.7733098e+002,1.0299426e-003,1.0299426e-003,1.0299242e-003
8.7734163e+002,1.0142702e-003,1.0142702e-003,1.0142864e-003
8.7735229e+002,9.9904158e-004,9.9904158e-004,9.9907128e-004
8.7736294e+002,9.8430586e-004,9.8430586e-004,9.8432259e-004
8.7737360e+002,9.7010976e-004,9.7010976e-004,9.7008410e-004
8.7738426e+002,9.5643316e-004,9.5643316e-004,9.5636554e-004
8.7739491e+002,9.4319336e-004,9.4319336e-004,9.4314477e-004
8.7740557e+002,9.3030893e-004,9.3030893e-004,9.3039750e-004
8.7741622e+002,9.1777432e-004,9.1777432e-004,9.1808000e-004
8.7742688e+002,9.0565558e-004,9.0565558e-004,9.0613021e-004
8.7743754e+002,8.9401804e-004,8.9401804e-004,8.9448808e-004
8.7744819e+002,8.8285424e-004,8.8285424e-004,8.8315034e-004
8.7745885e+002,8.7208755e-004,8.7208755e-004,8.7216773e-004
8.7746950e+002,8.6164101e-004,8.6164101e-004,8.6159103e-004
8.7748016e+002,8.5148984e-004,8.5148984e-004,8.5142658e-004
8.7749082e+002,8.4165924e-004,8.4165924e-004,8.4163817e-004
8.7750147e+002,8.3217511e-004,8.3217511e-004,8.3218845e-004
8.7751213e+002,8.2303578e-004,8.2303578e-004,8.2305275e-004
8.7752278e+002,8.1421298e-004,8.1421298e-004,8.1421866e-004
8.7753344e+002,8.0567752e-004,8.0567752e-004,8.0567396e-004
8.7754410e+002,7.9740455e-004,7.9740455e-004,7.9740000e-004
8.7755475e+002,7.8937343e-004,7.8937343e-004,7.8937189e-004
8.7756541e+002,7.8156412e-004,7.8156412e-004,7.8156507e-004
8.7757606e+002,7.7396676e-004,7.7396676e-004,7.7396798e-004
8.7758672e+002,7.6658144e-004,7.6658144e-004,7.6658185e-004
8.7759738e+002,7.5940904e-004,7.5940904e-004,7.5940879e-004
8.7760803e+002,7.5245911e-004,7.5245911e-004,7.5245879e-004
8.7761869e+002,7.4574975e-004,7.4574975e-004,7.4574964e-004
8.7762934e+002,7.3929747e-004,7.3929747e-004,7.3929754e-004
8.7764000e+002,7.3307422e-004,7.3307422e-004,7.3307431e-004
8.7765066e+002,7.2700756e-004,7.2700756e-004,7.2700759e-004
8.7766131e+002,7.2102584e-004,7.2102584e-004,7.2102582e-004
8.7767197e+002,7.1512044e-004,7.1512044e-004,7.1512042e-004
8.7768262e+002,7.0934602e-004,7.0934602e-004,7.0934602e-004
8.7769328e+002,7.0375794e-004,7.0375794e-004,7.0375795e-004
8.7770394e+002,6.9836297e-004,6.9836297e-004,6.9836298e-004
8.7771459e+002,6.9311875e-004,6.9311875e-004,6.9311875e-004
8.7772525e+002,6.8798182e-004,6.8798182e-004,6.8798181e-004
8.7773590e+002,6.8293459e-004,6.8293459e-004,6.8293456e-004
8.7774656e+002,6.7798586e-004,6.7798586e-004,6.7798584e-004
8.7775722e+002,6.7314550e-004,6.7314550e-004,6.7314553e-004
8.7776787e+002,6.6842085e-004,6.6842085e-004,6.6842094e-004
8.7777853e+002,6.6381666e-004,6.6381666e-004,6.6381673e-004
8.7778918e+002,6.5933691e-004,6.5933691e-004,6.5933680e-004
8.7779984e+002,6.5497001e-004,6.5497001e-004,6.5496969e-004
8.7781050e+002,6.5068825e-004,6.5068825e-004,6.5068799e-004
8.7782115e+002,6.4646368e-004,6.4646368e-004,6.4646408e-004
8.7783181e+002,6.4228095e-004,6.4228095e-004,6.4228217e-004
8.7784246e+002,6.3813789e-004,6.3813789e-004,6.3813886e-004
8.7785312e+002,6.3403362e-004,6.3403362e-004,6.3403213e-004
8.7786378e+002,6.2998417e-004,6.2998417e-004,6.2997963e-004
8.7787443e+002,6.2602337e-004,6.2602337e-004,6.2601975e-004
8.7788509e+002,6.2218480e-004,6.2218480e-004,6.2219033e-004
8.7789574e+002,6.1847363e-004,6.1847363e-004,6.1849053e-004
8.7790640e+002,6.1486492e-004,6.1486492e-004,6.1487848e-004
8.7791706e+002,6.1133203e-004,6.1133203e-004,6.1131152e-004
8.7792771e+002,6.0784209e-004,6.0784209e-004,6.0777907e-004
8.7793837e+002,6.0435554e-004,6.0435554e-004,6.0430476e-004
8.7794902e+002,6.0083453e-004,6.0083453e-004,6.0091248e-004
8.7795968e+002,5.9729421e-004,5.9729421e-004,5.9758794e-004
8.7797034e+002,5.9380687e-004,5.9380687e-004,5.9427578e-004
8.7798099e+002,5.9044565e-004,5.9044565e-004,5.9092120e-004
8.7799165e+002,5.8723130e-004,5.8723130e-004,5.8753867e-004
8.7800230e+002,5.8412768e-004,5.8412768e-004,5.8421791e-004
8.7801296e+002,5.8109593e-004,5.8109593e-004,5.8104926e-004
8.7802362e+002,5.7810137e-004,5.7810137e-004,5.7803682e-004
8.7803427e+002,5.7511393e-004,5.7511393e-004,5.7509036e-004
8.7804493e+002,5.7210503e-004,5.7210503e-004,5.7211748e-004
8.7805558e+002,5.6908140e-004,5.6908140e-004,5.6909871e-004
8.7806624e+002,5.6608863e-004,5.6608863e-004,5.6609498e-004
8.7807690e+002,5.6317278e-004,5.6317278e-004,5.6316946e-004
8.7808755e+002,5.6033570e-004,5.6033570e-004,5.6033105e-004
8.7809821e+002,5.5753007e-004,5.5753007e-004,5.5752836e-004
8.7810886e+002,5.5470749e-004,5.5470749e-004,5.5470837e-004
8.7811952e+002,5.5186057e-004,5.5186057e-004,5.5186182e-004
8.7813018e+002,5.4902794e-004,5.4902794e-004,5.4902840e-004
8.7814083e+002,5.4624997e-004,5.4624997e-004,5.4624973e-004
8.7815149e+002,5.4354694e-004,5.4354694e-004,5.4354660e-004
8.7816214e+002,5.4091649e-004,5.4091649e-004,5.4091636e-004
8.7817280e+002,5.3835470e-004,5.3835470e-004,5.3835476e-004
8.7818346e+002,5.3584726e-004,5.3584726e-004,5.3584735e-004
8.7819411e+002,5.3336806e-004,5.3336806e-004,5.3336810e-004
8.7820477e+002,5.3089076e-004,5.3089076e-004,5.3089075e-004
8.7821542e+002,5.2840083e-004,5.2840083e-004,5.2840080e-004
8.7822608e+002,5.2589731e-004,5.2589731e-004,5.2589730e-004
8.7823674e+002,5.2338041e-004,5.2338041e-004,5.2338042e-004
8.7824739e+002,5.2086266e-004,5.2086266e-004,5.2086267e-004
8.7825805e+002,5.1837083e-004,5.1837083e-004,5.1837083e-004
8.7826870e+002,5.1593211e-004,5.1593211e-004,5.1593211e-004
8.7827936e+002,5.1356182e-004,5.1356182e-004,5.1356182e-004
8.7829002e+002,5.1126142e-004,5.1126142e-004,5.1126142e-004
8.7830067e+002,5.0903117e-004,5.0903117e-004,5.0903117e-004
8.7831133e+002,5.0685768e-004,5.0685768e-004,5.0685768e-004
8.7832198e+002,5.0471152e-004,5.0471152e-004,5.0471152e-004
8.7833264e+002,5.0256293e-004,5.0256293e-004,5.0256293e-004
8.7834330e+002,5.0039972e-004,5.0039972e-004,5.0039972e-004
8.7835395e+002,4.9823055e-004,4.9823055e-004,4.9823055e-004
8.7836461e+002,4.9606502e-004,4.9606502e-004,4.9606502e-004
8.7837526e+002,4.9390446e-004,4.9390446e-004,4.9390446e-004
8.7838592e+002,4.9174036e-004,4.9174036e-004,4.9174036e-004
8.7839658e+002,4.8956406e-004,4.8956406e-004,4.8956406e-004
8.7840723e+002,4.8738241e-004,4.8738241e-004,4.8738241e-004
8.7841789e+002,4.8522090e-004,4.8522090e-004,4.8522090e-004
8.7842854e+002,4.8310593e-004,4.8310593e-004,4.8310593e-004
8.7843920e+002,4.8105829e-004,4.8105829e-004,4.8105829e-004
8.7844986e+002,4.7909196e-004,4.7909196e-004,4.7909196e-004
8.7846051e+002,4.7721932e-004,4.7721932e-004,4.7721932e-004
8.7847117e+002,4.7541212e-004,4.7541212e-004,4.7541212e-004
8.7848182e+002,4.7359255e-004,4.7359255e-004,4.7359255e-004
8.7849248e+002,4.7168184e-004,4.7168184e-004,4.7168184e-004
8.7850314e+002,4.6967365e-004,4.6967365e-004,4.6967365e-004
8.7851379e+002,4.6765074e-004,4.6765074e-004,4.6765074e-004
8.7852445e+002,4.6569968e-004,4.6569968e-004,4.6569968e-004
8.7853510e+002,4.6384786e-004,4.6384786e-004,4.6384786e-004
8.7854576e+002,4.6204925e-004,4.6204925e-004,4.6204925e-004
8.7855642e+002,4.6025387e-004,4.6025387e-004,4.6025387e-004
8.7856707e+002,4.5843468e-004,4.5843468e-004,4.5843468e-004
8.7857773e+002,4.5659328e-004,4.5659328e-004,4.5659328e-004
8.7858838e+002,4.5473349e-004,4.5473349e-004,4.5473349e-004
8.7859904e+002,4.5287327e-004,4.5287327e-004,4.5287327e-004
8.7860970e+002,4.5104839e-004,4.5104839e-004,4.5104839e-004
8.7862035e+002,4.4929488e-004,4.4929488e-004,4.4929488e-004
8.7863101e+002,4.4761633e-004,4.4761633e-004,4.4761633e-004
8.7864166e+002,4.4597512e-004,4.4597512e-004,4.4597512e-004
8.7865232e+002,4.4433155e-004,4.4433155e-004,4.4433155e-004
8.7866298e+002,4.4266840e-004,4.4266840e-004,4.4266840e-004
8.7867363e+002,4.4099730e-004,4.4099730e-004,4.4099730e-004
8.7868429e+002,4.3933145e-004,4.3933145e-004,4.3933145e-004
8.7869494e+002,4.3767274e-004,4.3767274e-004,4.3767274e-004
8.7870560e+002,4.3600843e-004,4.3600843e-004,4.3600843e-004
8.7871626e+002,4.3432539e-004,4.3432539e-004,4.3432539e-004
8.7872691e+002,4.3263330e-004,4.3263330e-004,4.3263330e-004
8.7873757e+002,4.3097149e-004,4.3097149e-004,4.3097149e-004
8.7874822e+002,4.2938044e-004,4.2938044e-004,4.2938044e-004
8.7875888e+002,4.2786675e-004,4.2786675e-004,4.2786675e-004
8.7876954e+002,4.2639263e-004,4.2639263e-004,4.2639263e-004
8.7878019e+002,4.2491780e-004,4.2491780e-004,4.2491780e-004
8.7879085e+002,4.2342328e-004,4.2342328e-004,4.2342328e-004
8.7880150e+002,4.2191828e-004,4.2191828e-004,4.2191828e-004
8.7881216e+002,4.2041377e-004,4.2041377e-004,4.2041377e-004
8.7882282e+002,4.1891468e-004,4.1891468e-004,4.1891468e-004
8.7883347e+002,4.1741786e-004,4.1741786e-004,4.1741786e-004
8.7884413e+002,4.1591967e-004,4.1591967e-004,4.1591967e-004
8.7885478e+002,4.1441949e-004,4.1441949e-004,4.1441949e-004
8.7886544e+002,4.1292074e-004,4.1292074e-004,4.1292074e-004
8.7887610e+002,4.1142700e-004,4.1142700e-004,4.1142700e-004
8.7888675e+002,4.0993584e-004,4.0993584e-004,4.0993584e-004
8.7889741e+002,4.0843669e-004,4.0843669e-004,4.0843669e-004
8.7890806e+002,4.0691887e-004,4.0691887e-004,4.0691887e-004
8.7891872e+002,4.0539265e-004,4.0539265e-004,4.0539265e-004
8.7892938e+002,4.0389686e-004,4.0389686e-004,4.0389686e-004
8.7894003e+002,4.0247166e-004,4.0247166e-004,4.0247166e-004
8.7895069e+002,4.0112415e-004,4.0112415e-004,4.0112415e-004
8.7896134e+002,3.9981600e-004,3.9981600e-004,3.9981600e-004
8.7897200e+002,3.9850609e-004,3.9850609e-004,3.9850609e-004
8.7898266e+002,3.9717579e-004,3.9717579e-004,3.9717579e-004
8.7899331e+002,3.9583763e-004,3.9583763e-004,3.9583763e-004
8.7900397e+002,3.9450618e-004,3.9450618e-004,3.9450618e-004
8.7901462e+002,3.9318309e-004,3.9318309e-004,3.9318309e-004
8.7902528e+002,3.9185196e-004,3.9185196e-004,3.9185196e-004
8.7903594e+002,3.9049569e-004,3.9049569e-004,3.9049569e-004
8.7904659e+002,3.8912628e-004,3.8912628e-004,3.8912628e-004
8.7905725e+002,3.8779673e-004,3.8779673e-004,3.8779673e-004
8.7906790e+002,3.8656187e-004,3.8656187e-004,3.8656187e-004
8.7907856e+002,3.8541694e-004,3.8541694e-004,3.8541694e-004
8.7908922e+002,3.8427255e-004,3.8427255e-004,3.8427255e-004
8.7909987e+002,3.8303446e-004,3.8303446e-004,3.8303446e-004
8.7911053e+002,3.8168713e-004,3.8168713e-004,3.8168713e-004
8.7912118e+002,3.8032760e-004,3.8032760e-004,3.8032760e-004
8.7913184e+002,3.7905995e-004,3.7905995e-004,3.7905995e-004
8.7914250e+002,3.7790622e-004,3.7790622e-004,3.7790622e-004
8.7915315e+002,3.7677017e-004,3.7677017e-004,3.7677017e-004
8.7916381e+002,3.7554783e-004,3.7554783e-004,3.7554783e-004
8.7917446e+002,3.7421258e-004,3.7421258e-004,3.7421258e-004
8.7918512e+002,3.7285014e-004,3.7285014e-004,3.7285014e-004
8.7919578e+002,3.7155404e-004,3.7155404e-004,3.7155404e-004
8.7920643e+002,3.7036168e-004,3.7036168e-004,3.7036168e-004
8.7921709e+002,3.6922827e-004,3.6922827e-004,3.6922827e-004
8.7922774e+002,3.6810284e-004,3.6810284e-004,3.6810284e-004
8.7923840e+002,3.6695404e-004,3.6695404e-004,3.6695404e-004
8.7924906e+002,3.6577955e-004,3.6577955e-004,3.6577955e-004
8.7925971e+002,3.6457973e-004,3.6457973e-004,3.6457973e-004
8.7927037e+002,3.6337446e-004,3.6337446e-004,3.6337446e-004
8.7928102e+002,3.6221272e-004,3.6221272e-004,3.6221272e-004
8.7929168e+002,3.6114485e-004,3.6114485e-004,3.6114485e-004
8.7930234e+002,3.6016597e-004,3.6016597e-004,3.6016597e-004
8.7931299e+002,3.5918832e-004,3.5918832e-004,3.5918832e-004
8.7932365e+002,3.5811865e-004,3.5811865e-004,3.5811865e-004
8.7933430e+002,3.5693900e-004,3.5693900e-004,3.5693900e-004
8.7934496e+002,3.5574534e-004,3.5574534e-004,3.5574534e-004
8.7935562e+002,3.5464175e-004,3.5464175e-004,3.5464175e-004
8.7936627e+002,3.5365325e-004,3.5365325e-004,3.5365325e-004
8.7937693e+002,3.5268435e-004,3.5268435e-004,3.5268435e-004
8.7938758e+002,3.5163066e-004,3.5163066e-004,3.5163066e-004
8.7939824e+002,3.5046275e-004,3.5046275e-004,3.5046275e-004
8.7940890e+002,3.4926644e-004,3.4926644e-004,3.4926644e-004
8.7941955e+002,3.4813643e-004,3.4813643e-004,3.4813643e-004
8.7943021e+002,3.4711151e-004,3.4711151e-004,3.4711151e-004
8.7944086e+002,3.4614385e-004,3.4614385e-004,3.4614385e-004
8.7945152e+002,3.4517859e-004,3.4517859e-004,3.4517859e-004
8.7946218e+002,3.4418665e-004,3.4418665e-004,3.4418665e-004
8.7947283e+002,3.4317927e-004,3.4317927e-004,3.4317927e-004
8.7948349e+002,3.4217110e-004,3.4217110e-004,3.4217110e-004
8.7949414e+002,3.4117001e-004,3.4117001e-004,3.4117001e-004
8.7950480e+002,3.4017324e-004,3.4017324e-004,3.4017324e-004
8.7951546e+002,3.3917714e-004,3.3917714e-004,3.3917714e-004
8.7952611e+002,3.3817937e-004,3.3817937e-004,3.3817937e-004
8.7953677e+002,3.3717977e-004,3.3717977e-004,3.3717977e-004
8.7954742e+002,3.3617839e-004,3.3617839e-004,3.3617839e-004
8.7955808e+002,3.3517656e-004,3.3517656e-004,3.3517656e-004
8.7956874e+002,3.3417770e-004,3.3417770e-004,3.3417770e-004
8.7957939e+002,3.3318530e-004,3.3318530e-004,3.3318530e-004
8.7959005e+002,3.3219637e-004,3.3219637e-004,3.3219637e-004
8.7960070e+002,3.3119746e-004,3.3119746e-004,3.3119746e-004
8.7961136e+002,3.3017452e-004,3.3017452e-004,3.3017452e-004
8.7962202e+002,3.2913802e-004,3.2913802e-004,3.2913802e-004
8.7963267e+002,3.2813834e-004,3.2813834e-004,3.2813834e-004
8.7964333e+002,3.2722878e-004,3.2722878e-004,3.2722878e-004
8.7965398e+002,3.2641097e-004,3.2641097e-004,3.2641097e-004
8.7966464e+002,3.2560180e-004,3.2560180e-004,3.2560180e-004
8.7967530e+002,3.2471119e-004,3.2471119e-004,3.2471119e-004
8.7968595e+002,3.2371258e-004,3.2371258e-004,3.2371258e-004
8.7969661e+002,3.2268439e-004,3.2268439e-004,3.2268439e-004
8.7970726e+002,3.2171427e-004,3.2171427e-004,3.2171427e-004
8.7971792e+002,3.2084448e-004,3.2084448e-004,3.2084448e-004
8.7972858e+002,3.2004164e-004,3.2004164e-004,3.2004164e-004
8.7973923e+002,3.1926520e-004,3.1926520e-004,3.1926520e-004
8.7974989e+002,3.1847595e-004,3.1847595e-004,3.1847595e-004
8.7976054e+002,3.1763682e-004,3.1763682e-004,3.1763682e-004
8.7977120e+002,3.1671150e-004,3.1671150e-004,3.1671150e-004
8.7978186e+002,3.1570337e-004,3.1570337e-004,3.1570337e-004
8.7979251e+002,3.1468303e-004,3.1468303e-004,3.1468303e-004
8.7980317e+002,3.1372707e-004,3.1372707e-004,3.1372707e-004
8.7981382e+002,3.1286798e-004,3.1286798e-004,3.1286798e-004
8.7982448e+002,3.1206301e-004,3.1206301e-004,3.1206301e-004
8.7983514e+002,3.1126232e-004,3.1126232e-004,3.1126232e-004
8.7984579e+002,3.1043763e-004,3.1043763e-004,3.1043763e-004
8.7985645e+002,3.0959781e-004,3.0959781e-004,3.0959781e-004
8.7986710e+002,3.0875533e-004,3.0875533e-004,3.0875533e-004
8.7987776e+002,3.0791838e-004,3.0791838e-004,3.0791838e-004
8.7988842e+002,3.0708770e-004,3.0708770e-004,3.0708770e-004
8.7989907e+002,3.0626323e-004,3.0626323e-004,3.0626323e-004
8.7990973e+002,3.0544067e-004,3.0544067e-004,3.0544067e-004
8.7992038e+002,3.0460824e-004,3.0460824e-004,3.0460824e-004
8.7993104e+002,3.0375367e-004,3.0375367e-004,3.0375367e-004
8.7994170e+002,3.0288586e-004,3.0288586e-004,3.0288586e-004
8.7995235e+002,3.0205109e-004,3.0205109e-004,3.0205109e-004
8.7996301e+002,3.0129898e-004,3.0129898e-004,3.0129898e-004
8.7997366e+002,3.0063636e-004,3.0063636e-004,3.0063636e-004
8.7998432e+002,2.9999401e-004,2.9999401e-004,2.9999401e-004
8.7999498e+002,2.9929530e-004,2.9929530e-004,2.9929530e-004
8.8000563e+002,2.9850157e-004,2.9850157e-004,2.9850157e-004
8.8001629e+002,2.9764232e-004,2.9764232e-004,2.9764232e-004
8.8002694e+002,2.9675413e-004,2.9675413e-004,2.9675413e-004
8.8003760e+002,2.9587524e-004,2.9587524e-004,2.9587524e-004
8.8004826e+002,2.9504688e-004,2.9504688e-004,2.9504688e-004
8.8005891e+002,2.9431015e-004,2.9431015e-004,2.9431015e-004
8.8006957e+002,2.9366202e-004,2.9366202e-004,2.9366202e-004
8.8008022e+002,2.9301905e-004,2.9301905e-004,2.9301905e-004
8.8009088e+002,2.9228991e-004,2.9228991e-004,2.9228991e-004
8.8010154e+002,2.9144789e-004,2.9144789e-004,2.9144789e-004
8.8011219e+002,2.9058509e-004,2.9058509e-004,2.9058509e-004
8.8012285e+002,2.8980563e-004,2.8980563e-004,2.8980563e-004
8.8013350e+002,2.8914494e-004,2.8914494e-004,2.8914494e-004
8.8014416e+002,2.8851108e-004,2.8851108e-004,2.8851108e-004
8.8015482e+002,2.8779893e-004,2.8779893e-004,2.8779893e-004
8.8016547e+002,2.8696904e-004,2.8696904e-004,2.8696904e-004
8.8017613e+002,2.8610453e-004,2.8610453e-004,2.8610453e-004
8.8018678e+002,2.8530153e-004,2.8530153e-004,2.8530153e-004
8.8019744e+002,2.8460597e-004,2.8460597e-004,2.8460597e-004
8.8020810e+002,2.8396930e-004,2.8396930e-004,2.8396930e-004
8.8021875e+002,2.8333280e-004,2.8333280e-004,2.8333280e-004
8.8022941e+002,2.8266580e-004,2.8266580e-004,2.8266580e-004
8.8024006e+002,2.8199096e-004,2.8199096e-004,2.8199096e-004
8.8025072e+002,2.8133665e-004,2.8133665e-004,2.8133665e-004
8.8026138e+002,2.8070447e-004,2.8070447e-004,2.8070447e-004
8.8027203e+002,2.8004476e-004,2.8004476e-004,2.8004476e-004
8.8028269e+002,2.7930243e-004,2.7930243e-004,2.7930243e-004
8.8029334e+002,2.7846604e-004,2.7846604e-004,2.7846604e-004
8.8030400e+002,2.7760842e-004,2.7760842e-004,2.7760842e-004
8.8031466e+002,2.7681164e-004,2.7681164e-004,2.7681164e-004
8.8032531e+002,2.7611527e-004,2.7611527e-004,2.7611527e-004
8.8033597e+002,2.7547615e-004,2.7547615e-004,2.7547615e-004
8.8034662e+002,2.7484175e-004,2.7484175e-004,2.7484175e-004
8.8035728e+002,2.7418153e-004,2.7418153e-004,2.7418153e-004
8.8036794e+002,2.7350804e-004,2.7350804e-004,2.7350804e-004
8.8037859e+002,2.7283875e-004,2.7283875e-004,2.7283875e-004
8.8038925e+002,2.7218023e-004,2.7218023e-004,2.7218023e-004
8.8039990e+002,2.7151746e-004,2.7151746e-004,2.7151746e-004
8.8041056e+002,2.7083304e-004,2.7083304e-004,2.7083304e-004
8.8042122e+002,2.7013126e-004,2.7013126e-004,2.7013126e-004
8.8043187e+002,2.6945965e-004,2.6945965e-004,2.6945965e-004
8.8044253e+002,2.6887059e-004,2.6887059e-004,2.6887059e-004
8.8045318e+002,2.6837501e-004,2.6837501e-004,2.6837501e-004
8.8046384e+002,2.6790059e-004,2.6790059e-004,2.6790059e-004
8.8047450e+002,2.6736527e-004,2.6736527e-004,2.6736527e-004
8.8048515e+002,2.6672892e-004,2.6672892e-004,2.6672892e-004
8.8049581e+002,2.6603634e-004,2.6603634e-004,2.6603634e-004
8.8050646e+002,2.6534248e-004,2.6534248e-004,2.6534248e-004
8.8051712e+002,2.6467730e-004,2.6467730e-004,2.6467730e-004
8.8052778e+002,2.6401976e-004,2.6401976e-004,2.6401976e-004
8.8053843e+002,2.6334272e-004,2.6334272e-004,2.6334272e-004
8.8054909e+002,2.6264353e-004,2.6264353e-004,2.6264353e-004
8.8055974e+002,2.6197003e-004,2.6197003e-004,2.6197003e-004
8.8057040e+002,2.6137603e-004,2.6137603e-004,2.6137603e-004
8.8058106e+002,2.6087582e-004,2.6087582e-004,2.6087582e-004
8.8059171e+002,2.6040143e-004,2.6040143e-004,2.6040143e-004
8.8060237e+002,2.5987488e-004,2.5987488e-004,2.5987488e-004
8.8061302e+002,2.5925244e-004,2.5925244e-004,2.5925245e-004
8.8062368e+002,2.5856226e-004,2.5856226e-004,2.5856227e-004
8.8063434e+002,2.5784154e-004,2.5784154e-004,2.5784154e-004
8.8064499e+002,2.5712836e-004,2.5712836e-004,2.5712835e-004
8.8065565e+002,2.5646270e-004,2.5646270e-004,2.5646269e-004
8.8066630e+002,2.5588454e-004,2.5588454e-004,2.5588454e-004
8.8067696e+002,2.5539653e-004,2.5539653e-004,2.5539655e-004
8.8068762e+002,2.5492164e-004,2.5492164e-004,2.5492167e-004
8.8069827e+002,2.5437290e-004,2.5437290e-004,2.5437289e-004
8.8070893e+002,2.5371414e-004,2.5371414e-004,2.5371406e-004
8.8071958e+002,2.5301845e-004,2.5301845e-004,2.5301836e-004
8.8073024e+002,2.5237289e-004,2.5237289e-004,2.5237294e-004
8.8074090e+002,2.5182766e-004,2.5182766e-004,2.5182794e-004
8.8075155e+002,2.5135300e-004,2.5135300e-004,2.5135333e-004
8.8076221e+002,2.5090872e-004,2.5090872e-004,2.5090856e-004
8.8077286e+002,2.5045547e-004,2.5045547e-004,2.5045442e-004
8.8078352e+002,2.4995581e-004,2.4995581e-004,2.4995459e-004
8.8079418e+002,2.4937271e-004,2.4937271e-004,2.4937329e-004
8.8080483e+002,2.4870207e-004,2.4870207e-004,2.4870596e-004
8.8081549e+002,2.4801240e-004,2.4801240e-004,2.4801694e-004
8.8082614e+002,2.4738174e-004,2.4738174e-004,2.4737960e-004
8.8083680e+002,2.4685060e-004,2.4685060e-004,2.4683610e-004
8.8084746e+002,2.4637616e-004,2.4637616e-004,2.4635921e-004
8.8085811e+002,2.4590447e-004,2.4590447e-004,2.4591231e-004
8.8086877e+002,2.4540447e-004,2.4540447e-004,2.4545844e-004
8.8087942e+002,2.4489643e-004,2.4489643e-004,2.4495981e-004
8.8089008e+002,2.4440753e-004,2.4440753e-004,2.4437863e-004
8.8090074e+002,2.4394194e-004,2.4394194e-004,2.4370940e-004
8.8091139e+002,2.4345176e-004,2.4345176e-004,2.4301958e-004
8.8092205e+002,2.4288214e-004,2.4288214e-004,2.4238648e-004
8.8093270e+002,2.4221628e-004,2.4221628e-004,2.4185193e-004
8.8094336e+002,2.4152420e-004,2.4152420e-004,2.4137670e-004
8.8095402e+002,2.4088780e-004,2.4088780e-004,2.4091043e-004
8.8096467e+002,2.4035213e-004,2.4035213e-004,2.4042039e-004
8.8097533e+002,2.3987739e-004,2.3987739e-004,2.3991442e-004
8.8098598e+002,2.3941198e-004,2.3941198e-004,2.3940600e-004
8.8099664e+002,2.3892224e-004,2.3892224e-004,2.3890394e-004
8.8100730e+002,2.3841613e-004,2.3841613e-004,2.3840617e-004
8.8101795e+002,2.3790749e-004,2.3790749e-004,2.3790907e-004
8.8102861e+002,2.3740536e-004,2.3740536e-004,2.3741026e-004
8.8103926e+002,2.3690762e-004,2.3690762e-004,2.3691030e-004
8.8104992e+002,2.3641056e-004,2.3641056e-004,2.3641015e-004
8.8106058e+002,2.3591176e-004,2.3591176e-004,2.3591045e-004
8.8107123e+002,2.3541179e-004,2.3541179e-004,2.3541107e-004
8.8108189e+002,2.3491166e-004,2.3491166e-004,2.3491177e-004
8.8109254e+002,2.3441201e-004,2.3441201e-004,2.3441237e-004
8.8110320e+002,2.3391265e-004,2.3391265e-004,2.3391284e-004
8.8111386e+002,2.3341323e-004,2.3341323e-004,2.3341320e-004
8.8112451e+002,2.3291359e-004,2.3291359e-004,2.3291350e-004
8.8113517e+002,2.3241401e-004,2.3241401e-004,2.3241396e-004
8.8114582e+002,2.3191483e-004,2.3191483e-004,2.3191484e-004
8.8115648e+002,2.3141602e-004,2.3141602e-004,2.3141604e-004
8.8116714e+002,2.3091670e-004,2.3091670e-004,2.3091671e-004
8.8117779e+002,2.3041586e-004,2.3041586e-004,2.3041586e-004
8.8118845e+002,2.2991373e-004,2.2991373e-004,2.2991372e-004
8.8119910e+002,2.2941357e-004,2.2941357e-004,2.2941357e-004
8.8120976e+002,2.2891910e-004,2.2891910e-004,2.2891910e-004
8.8122042e+002,2.2842942e-004,2.2842942e-004,2.2842942e-004
8.8123107e+002,2.2793240e-004,2.2793240e-004,2.2793240e-004
8.8124173e+002,2.2741422e-004,2.2741422e-004,2.2741422e-004
8.8125238e+002,2.2687804e-004,2.2687804e-004,2.2687804e-004
8.8126304e+002,2.2636914e-004,2.2636914e-004,2.2636914e-004
8.8127370e+002,2.2593911e-004,2.2593911e-004,2.2593911e-004
8.8128435e+002,2.2560519e-004,2.2560519e-004,2.2560519e-004
8.8129501e+002,2.2529847e-004,2.2529847e-004,2.2529847e-004
8.8130566e+002,2.2493689e-004,2.2493689e-004,2.2493689e-004
8.8131632e+002,2.2447345e-004,2.2447345e-004,2.2447345e-004
8.8132698e+002,2.2394976e-004,2.2394976e-004,2.2394976e-004
8.8133763e+002,2.2342111e-004,2.2342111e-004,2.2342111e-004
8.8134829e+002,2.2292159e-004,2.2292159e-004,2.2292159e-004
8.8135894e+002,2.2243116e-004,2.2243116e-004,2.2243116e-004
8.8136960e+002,2.2192136e-004,2.2192136e-004,2.2192136e-004
8.8138026e+002,2.2138563e-004,2.2138563e-004,2.2138563e-004
8.8139091e+002,2.2087378e-004,2.2087378e-004,2.2087378e-004
8.8140157e+002,2.2044443e-004,2.2044443e-004,2.2044443e-004
8.8141222e+002,2.2011774e-004,2.2011774e-004,2.2011774e-004
8.8142288e+002,2.1981408e-004,2.1981408e-004,2.1981408e-004
8.8143354e+002,2.1943797e-004,2.1943797e-004,2.1943797e-004
8.8144419e+002,2.1894287e-004,2.1894287e-004,2.1894287e-004
8.8145485e+002,2.1841016e-004,2.1841016e-004,2.1841016e-004
8.8146550e+002,2.1794177e-004,2.1794177e-004,2.1794177e-004
8.8147616e+002,2.1759220e-004,2.1759220e-004,2.1759220e-004
8.8148682e+002,2.1729086e-004,2.1729086e-004,2.1729086e-004
8.8149747e+002,2.1694684e-004,2.1694684e-004,2.1694684e-004
8.8150813e+002,2.1650124e-004,2.1650124e-004,2.1650124e-004
8.8151878e+002,2.1598037e-004,2.1598037e-004,2.1598037e-004
8.8152944e+002,2.1542452e-004,2.1542452e-004,2.1542452e-004
8.8154010e+002,2.1487407e-004,2.1487407e-004,2.1487407e-004
8.8155075e+002,2.1436951e-004,2.1436951e-004,2.1436951e-004
8.8156141e+002,2.1395131e-004,2.1395131e-004,2.1395131e-004
8.8157206e+002,2.1362820e-004,2.1362820e-004,2.1362820e-004
8.8158272e+002,2.1332294e-004,2.1332294e-004,2.1332294e-004
8.8159338e+002,2.1294398e-004,2.1294398e-004,2.1294398e-004
8.8160403e+002,2.1244652e-004,2.1244652e-004,2.1244652e-004
8.8161469e+002,2.1191340e-004,2.1191340e-004,2.1191340e-004
8.8162534e+002,2.1144896e-004,2.1144896e-004,2.1144896e-004
8.8163600e+002,2.1110810e-004,2.1110810e-004,2.1110810e-004
8.8164666e+002,2.1080958e-004,2.1080958e-004,2.1080958e-004
8.8165731e+002,2.1044898e-004,2.1044898e-004,2.1044898e-004
8.8166797e+002,2.0996802e-004,2.0996802e-004,2.0996802e-004
8.8167862e+002,2.0943657e-004,2.0943657e-004,2.0943657e-004
8.8168928e+002,2.0894655e-004,2.0894655e-004,2.0894655e-004
8.8169994e+002,2.0855871e-004,2.0855871e-004,2.0855871e-004
8.8171059e+002,2.0824645e-004,2.0824645e-004,2.0824645e-004
8.8172125e+002,2.0796799e-004,2.0796799e-004,2.0796799e-004
8.8173190e+002,2.0768297e-004,2.0768297e-004,2.0768297e-004
8.8174256e+002,2.0735509e-004,2.0735509e-004,2.0735509e-004
8.8175322e+002,2.0694877e-004,2.0694877e-004,2.0694877e-004
8.8176387e+002,2.0645344e-004,2.0645344e-004,2.0645344e-004
8.8177453e+002,2.0592991e-004,2.0592991e-004,2.0592991e-004
8.8178518e+002,2.0545155e-004,2.0545155e-004,2.0545155e-004
8.8179584e+002,2.0506672e-004,2.0506672e-004,2.0506672e-004
8.8180650e+002,2.0475180e-004,2.0475180e-004,2.0475180e-004
8.8181715e+002,2.0447027e-004,2.0447027e-004,2.0447027e-004
8.8182781e+002,2.0418526e-004,2.0418526e-004,2.0418526e-004
8.8183846e+002,2.0385878e-004,2.0385878e-004,2.0385878e-004
8.8184912e+002,2.0345266e-004,2.0345266e-004,2.0345266e-004
8.8185978e+002,2.0295489e-004,2.0295489e-004,2.0295489e-004
8.8187043e+002,2.0243001e-004,2.0243001e-004,2.0243001e-004
8.8188109e+002,2.0195646e-004,2.0195646e-004,2.0195646e-004
8.8189174e+002,2.0158320e-004,2.0158320e-004,2.0158320e-004
8.8190240e+002,2.0127209e-004,2.0127209e-004,2.0127209e-004
8.8191306e+002,2.0096900e-004,2.0096900e-004,2.0096900e-004
8.8192371e+002,2.0063780e-004,2.0063780e-004,2.0063780e-004
8.8193437e+002,2.0029583e-004,2.0029583e-004,2.0029583e-004
8.8194502e+002,1.9997039e-004,1.9997039e-004,1.9997039e-004
8.8195568e+002,1.9967073e-004,1.9967073e-004,1.9967072e-004
8.8196634e+002,1.9935195e-004,1.9935195e-004,1.9935194e-004
8.8197699e+002,1.9895903e-004,1.9895903e-004,1.9895903e-004
8.8198765e+002,1.9846673e-004,1.9846673e-004,1.9846675e-004
8.8199830e+002,1.9794008e-004,1.9794008e-004,1.9794011e-004
8.8200896e+002,1.9746113e-004,1.9746113e-004,1.9746113e-004
8.8201962e+002,1.9708312e-004,1.9708312e-004,1.9708305e-004
8.8203027e+002,1.9677115e-004,1.9677115e-004,1.9677106e-004
8.8204093e+002,1.9647355e-004,1.9647355e-004,1.9647356e-004
8.8205158e+002,1.9615263e-004,1.9615263e-004,1.9615289e-004
8.8206224e+002,1.9581401e-004,1.9581401e-004,1.9581435e-004
8.8207290e+002,1.9547160e-004,1.9547160e-004,1.9547154e-004
8.8208355e+002,1.9513551e-004,1.9513551e-004,1.9513456e-004
8.8209421e+002,1.9480407e-004,1.9480407e-004,1.9480280e-004
8.8210486e+002,1.9447331e-004,1.9447331e-004,1.9447352e-004
8.8211552e+002,1.9414049e-004,1.9414049e-004,1.9414402e-004
8.8212618e+002,1.9380683e-004,1.9380683e-004,1.9381159e-004
8.8213683e+002,1.9347432e-004,1.9347432e-004,1.9347354e-004
8.8214749e+002,1.9314370e-004,1.9314370e-004,1.9313054e-004
8.8215814e+002,1.9281178e-004,1.9281178e-004,1.9279400e-004
8.8216880e+002,1.9247461e-004,1.9247461e-004,1.9247741e-004
8.8217946e+002,1.9213192e-004,1.9213192e-004,1.9218088e-004
8.8219011e+002,1.9179520e-004,1.9179520e-004,1.9186161e-004
8.8220077e+002,1.9147831e-004,1.9147831e-004,1.9146827e-004
8.8221142e+002,1.9118170e-004,1.9118170e-004,1.9097670e-004
8.8222208e+002,1.9086262e-004,1.9086262e-004,1.9045032e-004
8.8223274e+002,1.9046961e-004,1.9046961e-004,1.8997018e-004
8.8224339e+002,1.8997822e-004,1.8997822e-004,1.8959041e-004
8.8225405e+002,1.8945179e-004,1.8945179e-004,1.8927745e-004
8.8226470e+002,1.8897149e-004,1.8897149e-004,1.8898000e-004
8.8227536e+002,1.8859167e-004,1.8859167e-004,1.8865979e-004
8.8228602e+002,1.8827870e-004,1.8827870e-004,1.8832152e-004
8.8229667e+002,1.8798087e-004,1.8798087e-004,1.8797869e-004
8.8230733e+002,1.8765981e-004,1.8765981e-004,1.8764157e-004
8.8231798e+002,1.8732122e-004,1.8732122e-004,1.8730970e-004
8.8232864e+002,1.8697988e-004,1.8697988e-004,1.8698044e-004
8.8233930e+002,1.8664617e-004,1.8664617e-004,1.8665106e-004
8.8234995e+002,1.8631567e-004,1.8631567e-004,1.8631876e-004
8.8236061e+002,1.8598083e-004,1.8598083e-004,1.8598069e-004
8.8237126e+002,1.8563864e-004,1.8563864e-004,1.8563733e-004
8.8238192e+002,1.8530119e-004,1.8530119e-004,1.8530036e-004
8.8239258e+002,1.8498379e-004,1.8498379e-004,1.8498383e-004
8.8240323e+002,1.8468829e-004,1.8468829e-004,1.8468864e-004
8.8241389e+002,1.8437073e-004,1.8437073e-004,1.8437096e-004
8.8242454e+002,1.8397743e-004,1.8397743e-004,1.8397742e-004
8.8243520e+002,1.8348223e-004,1.8348223e-004,1.8348213e-004
8.8244586e+002,1.8295353e-004,1.8295353e-004,1.8295347e-004
8.8245651e+002,1.8248001e-004,1.8248001e-004,1.8248001e-004
8.8246717e+002,1.8211809e-004,1.8211809e-004,1.8211811e-004
8.8247782e+002,1.8181249e-004,1.8181249e-004,1.8181251e-004
8.8248848e+002,1.8148376e-004,1.8148376e-004,1.8148376e-004
8.8249914e+002,1.8106901e-004,1.8106901e-004,1.8106900e-004
8.8250979e+002,1.8056317e-004,1.8056317e-004,1.8056317e-004
8.8252045e+002,1.7997382e-004,1.7997382e-004,1.7997382e-004
8.8253110e+002,1.7931637e-004,1.7931637e-004,1.7931637e-004
8.8254176e+002,1.7863389e-004,1.7863389e-004,1.7863389e-004
8.8255242e+002,1.7797553e-004,1.7797553e-004,1.7797553e-004
8.8256307e+002,1.7736380e-004,1.7736380e-004,1.7736380e-004
8.8257373e+002,1.7672636e-004,1.7672636e-004,1.7672636e-004
8.8258438e+002,1.7596978e-004,1.7596978e-004,1.7596978e-004
8.8259504e+002,1.7503703e-004,1.7503703e-004,1.7503703e-004
8.8260570e+002,1.7400179e-004,1.7400179e-004,1.7400179e-004
8.8261635e+002,1.7296708e-004,1.7296708e-004,1.7296708e-004
8.8262701e+002,1.7199915e-004,1.7199915e-004,1.7199915e-004
8.8263766e+002,1.7103108e-004,1.7103108e-004,1.7103108e-004
8.8264832e+002,1.6996584e-004,1.6996584e-004,1.6996584e-004
8.8265898e+002,1.6873562e-004,1.6873562e-004,1.6873562e-004
8.8266963e+002,1.6737965e-004,1.6737965e-004,1.6737965e-004
8.8268029e+002,1.6596157e-004,1.6596157e-004,1.6596157e-004
8.8269094e+002,1.6452512e-004,1.6452512e-004,1.6452512e-004
8.8270160e+002,1.6304044e-004,1.6304044e-004,1.6304044e-004
8.8271226e+002,1.6146074e-004,1.6146074e-004,1.6146074e-004
8.8272291e+002,1.5974988e-004,1.5974988e-004,1.5974988e-004
8.8273357e+002,1.5791138e-004,1.5791138e-004,1.5791138e-004
8.8274422e+002,1.5595800e-004,1.5595800e-004,1.5595800e-004
8.8275488e+002,1.5389947e-004,1.5389947e-004,1.5389947e-004
8.8276554e+002,1.5173425e-004,1.5173425e-004,1.5173425e-004
8.8277619e+002,1.4945813e-004,1.4945813e-004,1.4945813e-004
8.8278685e+002,1.4706838e-004,1.4706838e-004,1.4706838e-004
8.8279750e+002,1.4456773e-004,1.4456773e-004,1.4456773e-004
8.8280816e+002,1.4196022e-004,1.4196022e-004,1.4196022e-004
8.8281882e+002,1.3924709e-004,1.3924709e-004,1.3924709e-004
8.8282947e+002,1.3641895e-004,1.3641895e-004,1.3641895e-004
8.8284013e+002,1.3346384e-004,1.3346384e-004,1.3346384e-004
8.8285078e+002,1.3037943e-004,1.3037943e-004,1.3037943e-004
8.8286144e+002,1.2720054e-004,1.2720054e-004,1.2720054e-004
8.8287210e+002,1.2397093e-004,1.2397093e-004,1.2397093e-004
8.8288275e+002,1.2071792e-004,1.2071792e-004,1.2071792e-004
8.8289341e+002,1.1740475e-004,1.1740475e-004,1.1740475e-004
8.8290406e+002,1.1397910e-004,1.1397910e-004,1.1397910e-004
8.8291472e+002,1.1040682e-004,1.1040682e-004,1.1040682e-004
8.8292538e+002,1.0672514e-004,1.0672514e-004,1.0672514e-004
8.8293603e+002,1.0298886e-004,1.0298886e-004,1.0298886e-004
8.8294669e+002,9.9252734e-005,9.9252734e-005,9.9252734e-005
8.8295734e+002,9.5571553e-005,9.5571553e-005,9.5571553e-005
8.8296800e+002,9.2000092e-005,9.2000092e-005,9.2000092e-005
