4.5900000e+002,2.9899876e-003,2.9899876e-003,2.9899876e-003
4.5901199e+002,3.1321268e-003,3.1321268e-003,3.1321269e-003
4.5902398e+002,3.2743425e-003,3.2743425e-003,3.2743425e-003
4.5903596e+002,3.4162273e-003,3.4162273e-003,3.4162273e-003
4.5904795e+002,3.5573740e-003,3.5573740e-003,3.5573740e-003
4.5905994e+002,3.6973756e-003,3.6973756e-003,3.6973756e-003
4.5907193e+002,3.8358247e-003,3.8358247e-003,3.8358247e-003
4.5908392e+002,3.9723514e-003,3.9723514e-003,3.9723515e-003
4.5909590e+002,4.1067376e-003,4.1067376e-003,4.1067377e-003
4.5910789e+002,4.2388037e-003,4.2388037e-003,4.2388037e-003
4.5911988e+002,4.3683422e-003,4.3683422e-003,4.3683419e-003
4.5913187e+002,4.4950309e-003,4.4950309e-003,4.4950306e-003
4.5914386e+002,4.6185183e-003,4.6185183e-003,4.6185183e-003
4.5915584e+002,4.7385268e-003,4.7385268e-003,4.7385276e-003
4.5916783e+002,4.8550858e-003,4.8550858e-003,4.8550869e-003
4.5917982e+002,4.9683042e-003,4.9683042e-003,4.9683043e-003
4.5919181e+002,5.0782604e-003,5.0782604e-003,5.0782575e-003
4.5920380e+002,5.1849036e-003,5.1849036e-003,5.1848992e-003
4.5921578e+002,5.2881494e-003,5.2881494e-003,5.2881492e-003
4.5922777e+002,5.3879628e-003,5.3879628e-003,5.3879735e-003
4.5923976e+002,5.4845173e-003,5.4845173e-003,5.4845336e-003
4.5925175e+002,5.5780417e-003,5.5780417e-003,5.5780423e-003
4.5926374e+002,5.6687143e-003,5.6687143e-003,5.6686743e-003
4.5927572e+002,5.7565005e-003,5.7565005e-003,5.7564400e-003
4.5928771e+002,5.8413090e-003,5.8413090e-003,5.8413061e-003
4.5929970e+002,5.9231408e-003,5.9231408e-003,5.9232895e-003
4.5931169e+002,6.0023954e-003,6.0023954e-003,6.0026214e-003
4.5932368e+002,6.0795793e-003,6.0795793e-003,6.0795912e-003
4.5933566e+002,6.1551076e-003,6.1551076e-003,6.1544977e-003
4.5934765e+002,6.2289997e-003,6.2289997e-003,6.2276832e-003
4.5935964e+002,6.3011675e-003,6.3011675e-003,6.2995012e-003
4.5937163e+002,6.3715691e-003,6.3715691e-003,6.3702171e-003
4.5938362e+002,6.4403642e-003,6.4403642e-003,6.4397099e-003
4.5939560e+002,6.5077676e-003,6.5077676e-003,6.5077526e-003
4.5940759e+002,6.5740125e-003,6.5740125e-003,6.5742360e-003
4.5941958e+002,6.6394130e-003,6.6394130e-003,6.6395705e-003
4.5943157e+002,6.7043055e-003,6.7043055e-003,6.7043099e-003
4.5944356e+002,6.7689639e-003,6.7689639e-003,6.7689040e-003
4.5945554e+002,6.8333822e-003,6.8333822e-003,6.8333399e-003
4.5946753e+002,6.8974768e-003,6.8974768e-003,6.8974755e-003
4.5947952e+002,6.9612307e-003,6.9612307e-003,6.9612468e-003
4.5949151e+002,7.0249272e-003,7.0249272e-003,7.0249386e-003
4.5950350e+002,7.0889339e-003,7.0889339e-003,7.0889343e-003
4.5951548e+002,7.1535237e-003,7.1535237e-003,7.1535194e-003
4.5952747e+002,7.2185394e-003,7.2185394e-003,7.2185363e-003
4.5953946e+002,7.2837021e-003,7.2837021e-003,7.2837020e-003
4.5955145e+002,7.3488283e-003,7.3488283e-003,7.3488294e-003
4.5956344e+002,7.4141720e-003,7.4141720e-003,7.4141728e-003
4.5957542e+002,7.4801123e-003,7.4801123e-003,7.4801124e-003
4.5958741e+002,7.5469553e-003,7.5469553e-003,7.5469550e-003
4.5959940e+002,7.6146687e-003,7.6146687e-003,7.6146685e-003
4.5961139e+002,7.6831226e-003,7.6831226e-003,7.6831225e-003
4.5962338e+002,7.7522254e-003,7.7522254e-003,7.7522255e-003
4.5963536e+002,7.8220655e-003,7.8220655e-003,7.8220656e-003
4.5964735e+002,7.8927835e-003,7.8927835e-003,7.8927835e-003
4.5965934e+002,7.9644910e-003,7.9644910e-003,7.9644910e-003
4.5967133e+002,8.0371649e-003,8.0371649e-003,8.0371649e-003
4.5968332e+002,8.1107422e-003,8.1107422e-003,8.1107422e-003
4.5969530e+002,8.1851842e-003,8.1851842e-003,8.1851842e-003
4.5970729e+002,8.2605681e-003,8.2605681e-003,8.2605681e-003
4.5971928e+002,8.3370052e-003,8.3370052e-003,8.3370052e-003
4.5973127e+002,8.4145896e-003,8.4145896e-003,8.4145896e-003
4.5974326e+002,8.4933329e-003,8.4933329e-003,8.4933329e-003
4.5975524e+002,8.5732215e-003,8.5732215e-003,8.5732215e-003
4.5976723e+002,8.6542361e-003,8.6542361e-003,8.6542361e-003
4.5977922e+002,8.7363276e-003,8.7363276e-003,8.7363276e-003
4.5979121e+002,8.8194380e-003,8.8194380e-003,8.8194380e-003
4.5980320e+002,8.9035506e-003,8.9035506e-003,8.9035506e-003
4.5981518e+002,8.9888493e-003,8.9888493e-003,8.9888493e-003
4.5982717e+002,9.0755794e-003,9.0755794e-003,9.0755794e-003
4.5983916e+002,9.1639283e-003,9.1639283e-003,9.1639283e-003
4.5985115e+002,9.2537991e-003,9.2537991e-003,9.2537991e-003
4.5986314e+002,9.3450074e-003,9.3450074e-003,9.3450074e-003
4.5987512e+002,9.4374099e-003,9.4374099e-003,9.4374099e-003
4.5988711e+002,9.5310663e-003,9.5310663e-003,9.5310663e-003
4.5989910e+002,9.6260996e-003,9.6260996e-003,9.6260996e-003
4.5991109e+002,9.7226246e-003,9.7226246e-003,9.7226246e-003
4.5992308e+002,9.8207159e-003,9.8207159e-003,9.8207159e-003
4.5993506e+002,9.9204357e-003,9.9204357e-003,9.9204357e-003
4.5994705e+002,1.0021838e-002,1.0021838e-002,1.0021838e-002
4.5995904e+002,1.0124933e-002,1.0124933e-002,1.0124933e-002
4.5997103e+002,1.0229720e-002,1.0229720e-002,1.0229720e-002
4.5998302e+002,1.0336190e-002,1.0336190e-002,1.0336190e-002
4.5999500e+002,1.0444300e-002,1.0444300e-002,1.0444300e-002
4.6000699e+002,1.0553995e-002,1.0553995e-002,1.0553995e-002
4.6001898e+002,1.0665257e-002,1.0665257e-002,1.0665257e-002
4.6003097e+002,1.0778247e-002,1.0778247e-002,1.0778247e-002
4.6004296e+002,1.0893180e-002,1.0893180e-002,1.0893180e-002
4.6005494e+002,1.1010237e-002,1.1010237e-002,1.1010237e-002
4.6006693e+002,1.1129404e-002,1.1129404e-002,1.1129404e-002
4.6007892e+002,1.1250604e-002,1.1250604e-002,1.1250604e-002
4.6009091e+002,1.1373781e-002,1.1373781e-002,1.1373781e-002
4.6010290e+002,1.1498989e-002,1.1498989e-002,1.1498989e-002
4.6011488e+002,1.1626320e-002,1.1626320e-002,1.1626320e-002
4.6012687e+002,1.1755863e-002,1.1755863e-002,1.1755862e-002
4.6013886e+002,1.1887702e-002,1.1887702e-002,1.1887702e-002
4.6015085e+002,1.2021923e-002,1.2021923e-002,1.2021923e-002
4.6016284e+002,1.2158592e-002,1.2158592e-002,1.2158593e-002
4.6017482e+002,1.2297682e-002,1.2297682e-002,1.2297683e-002
4.6018681e+002,1.2439137e-002,1.2439137e-002,1.2439137e-002
4.6019880e+002,1.2582924e-002,1.2582924e-002,1.2582921e-002
4.6021079e+002,1.2729142e-002,1.2729142e-002,1.2729138e-002
4.6022278e+002,1.2877937e-002,1.2877937e-002,1.2877936e-002
4.6023476e+002,1.3029461e-002,1.3029461e-002,1.3029471e-002
4.6024675e+002,1.3183916e-002,1.3183916e-002,1.3183933e-002
4.6025874e+002,1.3341521e-002,1.3341521e-002,1.3341524e-002
4.6027073e+002,1.3502433e-002,1.3502433e-002,1.3502397e-002
4.6028272e+002,1.3666487e-002,1.3666487e-002,1.3666427e-002
4.6029470e+002,1.3833404e-002,1.3833404e-002,1.3833392e-002
4.6030669e+002,1.4003002e-002,1.4003002e-002,1.4003136e-002
4.6031868e+002,1.4175623e-002,1.4175623e-002,1.4175847e-002
4.6033067e+002,1.4351791e-002,1.4351791e-002,1.4351837e-002
4.6034266e+002,1.4531929e-002,1.4531929e-002,1.4531388e-002
4.6035464e+002,1.4715893e-002,1.4715893e-002,1.4714640e-002
4.6036663e+002,1.4903341e-002,1.4903341e-002,1.4901682e-002
4.6037862e+002,1.5094027e-002,1.5094027e-002,1.5092601e-002
4.6039061e+002,1.5288235e-002,1.5288235e-002,1.5287474e-002
4.6040260e+002,1.5486439e-002,1.5486439e-002,1.5486374e-002
4.6041458e+002,1.5689049e-002,1.5689049e-002,1.5689366e-002
4.6042657e+002,1.5896118e-002,1.5896118e-002,1.5896455e-002
4.6043856e+002,1.6107574e-002,1.6107574e-002,1.6107626e-002
4.6045055e+002,1.6323374e-002,1.6323374e-002,1.6322908e-002
4.6046254e+002,1.6543643e-002,1.6543643e-002,1.6542567e-002
4.6047452e+002,1.6768572e-002,1.6768572e-002,1.6766958e-002
4.6048651e+002,1.6998332e-002,1.6998332e-002,1.6996404e-002
4.6049850e+002,1.7233013e-002,1.7233013e-002,1.7231045e-002
4.6051049e+002,1.7472676e-002,1.7472676e-002,1.7470957e-002
4.6052248e+002,1.7717407e-002,1.7717407e-002,1.7716215e-002
4.6053446e+002,1.7967460e-002,1.7967460e-002,1.7966902e-002
4.6054645e+002,1.8223147e-002,1.8223147e-002,1.8223102e-002
4.6055844e+002,1.8484765e-002,1.8484765e-002,1.8484926e-002
4.6057043e+002,1.8752515e-002,1.8752515e-002,1.8752642e-002
4.6058242e+002,1.9026563e-002,1.9026563e-002,1.9026576e-002
4.6059440e+002,1.9307073e-002,1.9307073e-002,1.9307028e-002
4.6060639e+002,1.9594182e-002,1.9594182e-002,1.9594145e-002
4.6061838e+002,1.9888019e-002,1.9888019e-002,1.9888015e-002
4.6063037e+002,2.0188747e-002,2.0188747e-002,2.0188766e-002
4.6064236e+002,2.0496717e-002,2.0496717e-002,2.0496738e-002
4.6065434e+002,2.0812352e-002,2.0812352e-002,2.0812356e-002
4.6066633e+002,2.1136033e-002,2.1136033e-002,2.1136004e-002
4.6067832e+002,2.1467881e-002,2.1467881e-002,2.1467834e-002
4.6069031e+002,2.1807921e-002,2.1807921e-002,2.1807909e-002
4.6070230e+002,2.2156237e-002,2.2156237e-002,2.2156333e-002
4.6071428e+002,2.2513277e-002,2.2513277e-002,2.2513445e-002
4.6072627e+002,2.2879628e-002,2.2879628e-002,2.2879671e-002
4.6073826e+002,2.3255838e-002,2.3255838e-002,2.3255444e-002
4.6075025e+002,2.3642212e-002,2.3642212e-002,2.3641196e-002
4.6076224e+002,2.4038963e-002,2.4038963e-002,2.4037366e-002
4.6077422e+002,2.4446326e-002,2.4446326e-002,2.4444387e-002
4.6078621e+002,2.4864658e-002,2.4864658e-002,2.4862674e-002
4.6079820e+002,2.5294366e-002,2.5294366e-002,2.5292636e-002
4.6081019e+002,2.5735893e-002,2.5735893e-002,2.5734690e-002
4.6082218e+002,2.6189896e-002,2.6189896e-002,2.6189327e-002
4.6083416e+002,2.6657118e-002,2.6657118e-002,2.6657064e-002
4.6084615e+002,2.7138258e-002,2.7138258e-002,2.7138413e-002
4.6085814e+002,2.7633739e-002,2.7633739e-002,2.7633864e-002
4.6087013e+002,2.8143878e-002,2.8143878e-002,2.8143892e-002
4.6088212e+002,2.8669052e-002,2.8669052e-002,2.8669017e-002
4.6089410e+002,2.9210051e-002,2.9210051e-002,2.9210029e-002
4.6090609e+002,2.9767824e-002,2.9767824e-002,2.9767823e-002
4.6091808e+002,3.0343294e-002,3.0343294e-002,3.0343281e-002
4.6093007e+002,3.0937215e-002,3.0937215e-002,3.0937181e-002
4.6094206e+002,3.1550271e-002,3.1550271e-002,3.1550260e-002
4.6095404e+002,3.2183188e-002,3.2183188e-002,3.2183275e-002
4.6096603e+002,3.2836968e-002,3.2836968e-002,3.2837127e-002
4.6097802e+002,3.3512724e-002,3.3512724e-002,3.3512771e-002
4.6099001e+002,3.4211571e-002,3.4211571e-002,3.4211199e-002
4.6100200e+002,3.4934643e-002,3.4934643e-002,3.4933659e-002
4.6101398e+002,3.5683082e-002,3.5683082e-002,3.5681499e-002
4.6102597e+002,3.6458045e-002,3.6458045e-002,3.6456074e-002
4.6103796e+002,3.7260822e-002,3.7260822e-002,3.7258772e-002
4.6104995e+002,3.8092752e-002,3.8092752e-002,3.8090994e-002
4.6106194e+002,3.8955238e-002,3.8955238e-002,3.8954155e-002
4.6107392e+002,3.9850097e-002,3.9850097e-002,3.9849755e-002
4.6108591e+002,4.0779321e-002,4.0779321e-002,4.0779333e-002
4.6109790e+002,4.1744880e-002,4.1744880e-002,4.1744508e-002
4.6110989e+002,4.2748606e-002,4.2748606e-002,4.2747463e-002
4.6112188e+002,4.3792271e-002,4.3792271e-002,4.3790618e-002
4.6113386e+002,4.4877737e-002,4.4877737e-002,4.4876361e-002
4.6114585e+002,4.6007479e-002,4.6007479e-002,4.6006860e-002
4.6115784e+002,4.7184232e-002,4.7184232e-002,4.7184196e-002
4.6116983e+002,4.8410736e-002,4.8410736e-002,4.8410560e-002
4.6118182e+002,4.9689771e-002,4.9689771e-002,4.9688917e-002
4.6119380e+002,5.1024136e-002,5.1024136e-002,5.1022566e-002
4.6120579e+002,5.2416688e-002,5.2416688e-002,5.2414794e-002
4.6121778e+002,5.3870680e-002,5.3870680e-002,5.3868823e-002
4.6122977e+002,5.5389539e-002,5.5389539e-002,5.5387846e-002
4.6124176e+002,5.6976759e-002,5.6976759e-002,5.6975151e-002
4.6125374e+002,5.8636308e-002,5.8636308e-002,5.8634689e-002
4.6126573e+002,6.0372357e-002,6.0372357e-002,6.0370697e-002
4.6127772e+002,6.2189087e-002,6.2189087e-002,6.2187411e-002
4.6128971e+002,6.4090729e-002,6.4090729e-002,6.4089061e-002
4.6130170e+002,6.6081535e-002,6.6081535e-002,6.6079870e-002
4.6131368e+002,6.8165859e-002,6.8165859e-002,6.8164171e-002
4.6132567e+002,7.0348784e-002,7.0348784e-002,7.0347073e-002
4.6133766e+002,7.2635707e-002,7.2635707e-002,7.2634024e-002
4.6134965e+002,7.5032010e-002,7.5032010e-002,7.5030438e-002
4.6136164e+002,7.7542919e-002,7.7542919e-002,7.7541431e-002
4.6137362e+002,8.0173598e-002,8.0173598e-002,8.0171993e-002
4.6138561e+002,8.2929253e-002,8.2929253e-002,8.2927198e-002
4.6139760e+002,8.5815441e-002,8.5815441e-002,8.5812746e-002
4.6140959e+002,8.8837874e-002,8.8837874e-002,8.8834619e-002
4.6142158e+002,9.2002252e-002,9.2002252e-002,9.1998752e-002
4.6143356e+002,9.5314204e-002,9.5314204e-002,9.5310727e-002
4.6144555e+002,9.8779323e-002,9.8779323e-002,9.8775968e-002
4.6145754e+002,1.0240317e-001,1.0240317e-001,1.0239988e-001
4.6146953e+002,1.0619101e-001,1.0619101e-001,1.0618771e-001
4.6148152e+002,1.1014799e-001,1.1014799e-001,1.1014467e-001
4.6149350e+002,1.1427921e-001,1.1427921e-001,1.1427587e-001
4.6150549e+002,1.1858933e-001,1.1858933e-001,1.1858599e-001
4.6151748e+002,1.2308283e-001,1.2308283e-001,1.2307949e-001
4.6152947e+002,1.2776406e-001,1.2776406e-001,1.2776074e-001
4.6154146e+002,1.3263660e-001,1.3263660e-001,1.3263328e-001
4.6155344e+002,1.3770361e-001,1.3770361e-001,1.3770028e-001
4.6156543e+002,1.4296816e-001,1.4296816e-001,1.4296480e-001
4.6157742e+002,1.4843234e-001,1.4843234e-001,1.4842895e-001
4.6158941e+002,1.5409777e-001,1.5409777e-001,1.5409442e-001
4.6160140e+002,1.5996596e-001,1.5996596e-001,1.5996273e-001
4.6161338e+002,1.6603731e-001,1.6603731e-001,1.6603416e-001
4.6162537e+002,1.7231169e-001,1.7231169e-001,1.7230843e-001
4.6163736e+002,1.7878883e-001,1.7878883e-001,1.7878509e-001
4.6164935e+002,1.8546708e-001,1.8546708e-001,1.8546268e-001
4.6166134e+002,1.9234418e-001,1.9234418e-001,1.9233925e-001
4.6167332e+002,1.9941769e-001,1.9941769e-001,1.9941262e-001
4.6168531e+002,2.0668410e-001,2.0668410e-001,2.0667914e-001
4.6169730e+002,2.1413935e-001,2.1413935e-001,2.1413440e-001
4.6170929e+002,2.2177924e-001,2.2177924e-001,2.2177391e-001
4.6172128e+002,2.2959845e-001,2.2959845e-001,2.2959248e-001
4.6173326e+002,2.3759114e-001,2.3759114e-001,2.3758457e-001
4.6174525e+002,2.4575135e-001,2.4575135e-001,2.4574451e-001
4.6175724e+002,2.5407225e-001,2.5407225e-001,2.5406543e-001
4.6176923e+002,2.6254662e-001,2.6254662e-001,2.6253992e-001
4.6178122e+002,2.7116714e-001,2.7116714e-001,2.7116052e-001
4.6179320e+002,2.7992604e-001,2.7992604e-001,2.7991942e-001
4.6180519e+002,2.8881531e-001,2.8881531e-001,2.8880865e-001
4.6181718e+002,2.9782686e-001,2.9782686e-001,2.9782018e-001
4.6182917e+002,3.0695223e-001,3.0695223e-001,3.0694555e-001
4.6184116e+002,3.1618272e-001,3.1618272e-001,3.1617605e-001
4.6185314e+002,3.2550962e-001,3.2550962e-001,3.2550295e-001
4.6186513e+002,3.3492408e-001,3.3492408e-001,3.3491742e-001
4.6187712e+002,3.4441720e-001,3.4441720e-001,3.4441054e-001
4.6188911e+002,3.5398007e-001,3.5398007e-001,3.5397340e-001
4.6190110e+002,3.6360383e-001,3.6360383e-001,3.6359716e-001
4.6191308e+002,3.7327965e-001,3.7327965e-001,3.7327298e-001
4.6192507e+002,3.8299865e-001,3.8299865e-001,3.8299198e-001
4.6193706e+002,3.9275141e-001,3.9275141e-001,3.9274474e-001
4.6194905e+002,4.0252823e-001,4.0252823e-001,4.0252156e-001
4.6196104e+002,4.1231937e-001,4.1231937e-001,4.1231271e-001
4.6197302e+002,4.2211468e-001,4.2211468e-001,4.2210802e-001
4.6198501e+002,4.3190378e-001,4.3190378e-001,4.3189711e-001
4.6199700e+002,4.4167618e-001,4.4167618e-001,4.4166950e-001
4.6200899e+002,4.5142043e-001,4.5142043e-001,4.5141375e-001
4.6202098e+002,4.6112459e-001,4.6112459e-001,4.6111792e-001
4.6203296e+002,4.7077653e-001,4.7077653e-001,4.7076988e-001
4.6204495e+002,4.8036250e-001,4.8036250e-001,4.8035588e-001
4.6205694e+002,4.8986796e-001,4.8986796e-001,4.8986131e-001
4.6206893e+002,4.9927815e-001,4.9927815e-001,4.9927140e-001
4.6208092e+002,5.0857693e-001,5.0857693e-001,5.0857009e-001
4.6209290e+002,5.1774740e-001,5.1774740e-001,5.1774066e-001
4.6210489e+002,5.2677246e-001,5.2677246e-001,5.2676614e-001
4.6211688e+002,5.3563330e-001,5.3563330e-001,5.3562761e-001
4.6212887e+002,5.4431021e-001,5.4431021e-001,5.4430509e-001
4.6214086e+002,5.5278331e-001,5.5278331e-001,5.5277849e-001
4.6215284e+002,5.6103134e-001,5.6103134e-001,5.6102654e-001
4.6216483e+002,5.6903230e-001,5.6903230e-001,5.6902735e-001
4.6217682e+002,5.7676410e-001,5.7676410e-001,5.7675896e-001
4.6218881e+002,5.8420383e-001,5.8420383e-001,5.8419860e-001
4.6220080e+002,5.9132816e-001,5.9132816e-001,5.9132307e-001
4.6221278e+002,5.9811383e-001,5.9811383e-001,5.9810921e-001
4.6222477e+002,6.0453812e-001,6.0453812e-001,6.0453417e-001
4.6223676e+002,6.1057866e-001,6.1057866e-001,6.1057524e-001
4.6224875e+002,6.1621316e-001,6.1621316e-001,6.1620987e-001
4.6226074e+002,6.2142029e-001,6.2142029e-001,6.2141689e-001
4.6227272e+002,6.2617927e-001,6.2617927e-001,6.2617586e-001
4.6228471e+002,6.3046959e-001,6.3046959e-001,6.3046664e-001
4.6229670e+002,6.3427373e-001,6.3427373e-001,6.3427149e-001
4.6230869e+002,6.3757573e-001,6.3757573e-001,6.3757402e-001
4.6232068e+002,6.4036001e-001,6.4036001e-001,6.4035821e-001
4.6233266e+002,6.4261404e-001,6.4261404e-001,6.4261165e-001
4.6234465e+002,6.4432703e-001,6.4432703e-001,6.4432388e-001
4.6235664e+002,6.4548865e-001,6.4548865e-001,6.4548495e-001
4.6236863e+002,6.4609305e-001,6.4609305e-001,6.4608919e-001
4.6238062e+002,6.4613686e-001,6.4613686e-001,6.4613333e-001
4.6239260e+002,6.4561721e-001,6.4561721e-001,6.4561458e-001
4.6240459e+002,6.4453572e-001,6.4453572e-001,6.4453433e-001
4.6241658e+002,6.4289660e-001,6.4289660e-001,6.4289635e-001
4.6242857e+002,6.4070448e-001,6.4070448e-001,6.4070489e-001
4.6244056e+002,6.3796845e-001,6.3796845e-001,6.3796897e-001
4.6245254e+002,6.3470012e-001,6.3470012e-001,6.3470029e-001
4.6246453e+002,6.3091148e-001,6.3091148e-001,6.3091098e-001
4.6247652e+002,6.2661833e-001,6.2661833e-001,6.2661711e-001
4.6248851e+002,6.2183863e-001,6.2183863e-001,6.2183698e-001
4.6250050e+002,6.1659070e-001,6.1659070e-001,6.1658923e-001
4.6251248e+002,6.1089640e-001,6.1089640e-001,6.1089556e-001
4.6252447e+002,6.0477961e-001,6.0477961e-001,6.0477945e-001
4.6253646e+002,5.9826444e-001,5.9826444e-001,5.9826466e-001
4.6254845e+002,5.9137711e-001,5.9137711e-001,5.9137736e-001
4.6256044e+002,5.8414506e-001,5.8414506e-001,5.8414513e-001
4.6257242e+002,5.7659589e-001,5.7659589e-001,5.7659572e-001
4.6258441e+002,5.6875833e-001,5.6875833e-001,5.6875805e-001
4.6259640e+002,5.6066186e-001,5.6066186e-001,5.6066173e-001
4.6260839e+002,5.5233598e-001,5.5233598e-001,5.5233643e-001
4.6262038e+002,5.4381081e-001,5.4381081e-001,5.4381200e-001
4.6263236e+002,5.3511679e-001,5.3511679e-001,5.3511844e-001
4.6264435e+002,5.2628427e-001,5.2628427e-001,5.2628571e-001
4.6265634e+002,5.1734248e-001,5.1734248e-001,5.1734321e-001
4.6266833e+002,5.0831997e-001,5.0831997e-001,5.0832007e-001
4.6268032e+002,4.9924520e-001,4.9924520e-001,4.9924523e-001
4.6269230e+002,4.9014551e-001,4.9014551e-001,4.9014606e-001
4.6270429e+002,4.8104757e-001,4.8104757e-001,4.8104896e-001
4.6271628e+002,4.7197785e-001,4.7197785e-001,4.7198012e-001
4.6272827e+002,4.6296054e-001,4.6296054e-001,4.6296353e-001
4.6274026e+002,4.5401848e-001,4.5401848e-001,4.5402181e-001
4.6275224e+002,4.4517425e-001,4.4517425e-001,4.4517738e-001
4.6276423e+002,4.3644778e-001,4.3644778e-001,4.3645031e-001
4.6277622e+002,4.2785742e-001,4.2785742e-001,4.2785926e-001
4.6278821e+002,4.1942119e-001,4.1942119e-001,4.1942259e-001
4.6280020e+002,4.1115418e-001,4.1115418e-001,4.1115548e-001
4.6281218e+002,4.0306967e-001,4.0306967e-001,4.0307120e-001
4.6282417e+002,3.9518064e-001,3.9518064e-001,3.9518270e-001
4.6283616e+002,3.8749706e-001,3.8749706e-001,3.8749978e-001
4.6284815e+002,3.8002704e-001,3.8002704e-001,3.8003028e-001
4.6286014e+002,3.7277839e-001,3.7277839e-001,3.7278178e-001
4.6287212e+002,3.6575584e-001,3.6575584e-001,3.6575914e-001
4.6288411e+002,3.5896222e-001,3.5896222e-001,3.5896549e-001
4.6289610e+002,3.5240008e-001,3.5240008e-001,3.5240370e-001
4.6290809e+002,3.4606926e-001,3.4606926e-001,3.4607350e-001
4.6292008e+002,3.3996788e-001,3.3996788e-001,3.3997274e-001
4.6293206e+002,3.3409383e-001,3.3409383e-001,3.3409899e-001
4.6294405e+002,3.2844245e-001,3.2844245e-001,3.2844762e-001
4.6295604e+002,3.2300751e-001,3.2300751e-001,3.2301254e-001
4.6296803e+002,3.1778257e-001,3.1778257e-001,3.1778753e-001
4.6298002e+002,3.1275954e-001,3.1275954e-001,3.1276450e-001
4.6299200e+002,3.0792925e-001,3.0792925e-001,3.0793424e-001
4.6300399e+002,3.0328238e-001,3.0328238e-001,3.0328738e-001
4.6301598e+002,2.9880823e-001,2.9880823e-001,2.9881323e-001
4.6302797e+002,2.9449522e-001,2.9449522e-001,2.9450022e-001
4.6303996e+002,2.9033170e-001,2.9033170e-001,2.9033672e-001
4.6305194e+002,2.8630562e-001,2.8630562e-001,2.8631066e-001
4.6306393e+002,2.8240466e-001,2.8240466e-001,2.8240969e-001
4.6307592e+002,2.7861651e-001,2.7861651e-001,2.7862143e-001
4.6308791e+002,2.7492890e-001,2.7492890e-001,2.7493373e-001
4.6309990e+002,2.7132962e-001,2.7132962e-001,2.7133453e-001
4.6311188e+002,2.6780651e-001,2.6780651e-001,2.6781181e-001
4.6312387e+002,2.6434797e-001,2.6434797e-001,2.6435389e-001
4.6313586e+002,2.6094283e-001,2.6094283e-001,2.6094934e-001
4.6314785e+002,2.5758000e-001,2.5758000e-001,2.5758684e-001
4.6315984e+002,2.5424954e-001,2.5424954e-001,2.5425641e-001
4.6317182e+002,2.5094227e-001,2.5094227e-001,2.5094901e-001
4.6318381e+002,2.4764915e-001,2.4764915e-001,2.4765569e-001
4.6319580e+002,2.4436218e-001,2.4436218e-001,2.4436863e-001
4.6320779e+002,2.4107417e-001,2.4107417e-001,2.4108073e-001
4.6321978e+002,2.3777804e-001,2.3777804e-001,2.3778503e-001
4.6323176e+002,2.3446848e-001,2.3446848e-001,2.3447610e-001
4.6324375e+002,2.3114135e-001,2.3114135e-001,2.3114954e-001
4.6325574e+002,2.2779263e-001,2.2779263e-001,2.2780109e-001
4.6326773e+002,2.2441936e-001,2.2441936e-001,2.2442780e-001
4.6327972e+002,2.2101935e-001,2.2101935e-001,2.2102769e-001
4.6329170e+002,2.1759049e-001,2.1759049e-001,2.1759886e-001
4.6330369e+002,2.1413215e-001,2.1413215e-001,2.1414062e-001
4.6331568e+002,2.1064464e-001,2.1064464e-001,2.1065306e-001
4.6332767e+002,2.0712838e-001,2.0712838e-001,2.0713642e-001
4.6333966e+002,2.0358466e-001,2.0358466e-001,2.0359208e-001
4.6335164e+002,2.0001540e-001,2.0001540e-001,2.0002222e-001
4.6336363e+002,1.9642257e-001,1.9642257e-001,1.9642910e-001
4.6337562e+002,1.9280901e-001,1.9280901e-001,1.9281553e-001
4.6338761e+002,1.8917812e-001,1.8917812e-001,1.8918475e-001
4.6339960e+002,1.8553334e-001,1.8553334e-001,1.8554002e-001
4.6341158e+002,1.8187842e-001,1.8187842e-001,1.8188507e-001
4.6342357e+002,1.7821733e-001,1.7821733e-001,1.7822397e-001
4.6343556e+002,1.7455406e-001,1.7455406e-001,1.7456081e-001
4.6344755e+002,1.7089302e-001,1.7089302e-001,1.7089990e-001
4.6345954e+002,1.6723893e-001,1.6723893e-001,1.6724573e-001
4.6347152e+002,1.6359647e-001,1.6359647e-001,1.6360279e-001
4.6348351e+002,1.5997002e-001,1.5997002e-001,1.5997561e-001
4.6349550e+002,1.5636370e-001,1.5636370e-001,1.5636876e-001
4.6350749e+002,1.5278166e-001,1.5278166e-001,1.5278678e-001
4.6351948e+002,1.4922809e-001,1.4922809e-001,1.4923380e-001
4.6353146e+002,1.4570722e-001,1.4570722e-001,1.4571366e-001
4.6354345e+002,1.4222324e-001,1.4222324e-001,1.4223017e-001
4.6355544e+002,1.3877985e-001,1.3877985e-001,1.3878689e-001
4.6356743e+002,1.3538035e-001,1.3538035e-001,1.3538718e-001
4.6357942e+002,1.3202806e-001,1.3202806e-001,1.3203439e-001
4.6359140e+002,1.2872599e-001,1.2872599e-001,1.2873169e-001
4.6360339e+002,1.2547697e-001,1.2547697e-001,1.2548212e-001
4.6361538e+002,1.2228379e-001,1.2228379e-001,1.2228866e-001
4.6362737e+002,1.1914857e-001,1.1914857e-001,1.1915343e-001
4.6363936e+002,1.1607295e-001,1.1607295e-001,1.1607791e-001
4.6365134e+002,1.1305854e-001,1.1305854e-001,1.1306357e-001
4.6366333e+002,1.1010683e-001,1.1010683e-001,1.1011186e-001
4.6367532e+002,1.0721918e-001,1.0721918e-001,1.0722419e-001
4.6368731e+002,1.0439694e-001,1.0439694e-001,1.0440193e-001
4.6369930e+002,1.0164083e-001,1.0164083e-001,1.0164583e-001
4.6371128e+002,9.8951116e-002,9.8951116e-002,9.8956121e-002
4.6372327e+002,9.6328054e-002,9.6328054e-002,9.6333038e-002
4.6373526e+002,9.3771630e-002,9.3771630e-002,9.3776586e-002
4.6374725e+002,9.1281640e-002,9.1281640e-002,9.1286611e-002
4.6375924e+002,8.8857864e-002,8.8857864e-002,8.8862934e-002
4.6377122e+002,8.6499904e-002,8.6499904e-002,8.6505077e-002
4.6378321e+002,8.4207225e-002,8.4207225e-002,8.4212335e-002
4.6379520e+002,8.1979260e-002,8.1979260e-002,8.1983984e-002
4.6380719e+002,7.9815015e-002,7.9815015e-002,7.9819113e-002
4.6381918e+002,7.7713165e-002,7.7713165e-002,7.7716667e-002
4.6383116e+002,7.5672384e-002,7.5672384e-002,7.5675579e-002
4.6384315e+002,7.3691447e-002,7.3691447e-002,7.3694632e-002
4.6385514e+002,7.1769202e-002,7.1769202e-002,7.1772498e-002
4.6386713e+002,6.9904490e-002,6.9904490e-002,6.9907843e-002
4.6387912e+002,6.8095985e-002,6.8095985e-002,6.8099316e-002
4.6389110e+002,6.6342231e-002,6.6342231e-002,6.6345548e-002
4.6390309e+002,6.4641768e-002,6.4641768e-002,6.4645159e-002
4.6391508e+002,6.2993109e-002,6.2993109e-002,6.2996600e-002
4.6392707e+002,6.1394747e-002,6.1394747e-002,6.1398187e-002
4.6393906e+002,5.9845180e-002,5.9845180e-002,5.9848252e-002
4.6395104e+002,5.8342976e-002,5.8342976e-002,5.8345434e-002
4.6396303e+002,5.6886757e-002,5.6886757e-002,5.6888610e-002
4.6397502e+002,5.5475146e-002,5.5475146e-002,5.5476652e-002
4.6398701e+002,5.4106704e-002,5.4106704e-002,5.4108163e-002
4.6399900e+002,5.2779949e-002,5.2779949e-002,5.2781539e-002
4.6401098e+002,5.1493405e-002,5.1493405e-002,5.1495176e-002
4.6402297e+002,5.0245760e-002,5.0245760e-002,5.0247638e-002
4.6403496e+002,4.9035832e-002,4.9035832e-002,4.9037622e-002
4.6404695e+002,4.7862442e-002,4.7862442e-002,4.7863842e-002
4.6405894e+002,4.6724408e-002,4.6724408e-002,4.6725195e-002
4.6407092e+002,4.5620541e-002,4.5620541e-002,4.5620731e-002
4.6408291e+002,4.4549656e-002,4.4549656e-002,4.4549494e-002
4.6409490e+002,4.3510623e-002,4.3510623e-002,4.3510402e-002
4.6410689e+002,4.2502354e-002,4.2502354e-002,4.2502266e-002
4.6411888e+002,4.1523776e-002,4.1523776e-002,4.1523902e-002
4.6413086e+002,4.0573989e-002,4.0573989e-002,4.0574262e-002
4.6414285e+002,3.9652242e-002,3.9652242e-002,3.9652410e-002
4.6415484e+002,3.8757775e-002,3.8757775e-002,3.8757423e-002
4.6416683e+002,3.7889650e-002,3.7889650e-002,3.7888542e-002
4.6417882e+002,3.7046782e-002,3.7046782e-002,3.7045151e-002
4.6419080e+002,3.6228100e-002,3.6228100e-002,3.6226620e-002
4.6420279e+002,3.5432879e-002,3.5432879e-002,3.5432102e-002
4.6421478e+002,3.4660680e-002,3.4660680e-002,3.4660562e-002
4.6422677e+002,3.3911062e-002,3.3911062e-002,3.3910981e-002
4.6423876e+002,3.3183344e-002,3.3183344e-002,3.3182671e-002
4.6425074e+002,3.2476644e-002,3.2476644e-002,3.2475226e-002
4.6426273e+002,3.1790087e-002,3.1790087e-002,3.1788241e-002
4.6427472e+002,3.1123024e-002,3.1123024e-002,3.1121154e-002
4.6428671e+002,3.0474999e-002,3.0474999e-002,3.0473277e-002
4.6429870e+002,2.9845556e-002,2.9845556e-002,2.9843917e-002
4.6431068e+002,2.9234144e-002,2.9234144e-002,2.9232479e-002
4.6432267e+002,2.8640133e-002,2.8640133e-002,2.8638445e-002
4.6433466e+002,2.8062899e-002,2.8062899e-002,2.8061299e-002
4.6434665e+002,2.7501968e-002,2.7501968e-002,2.7500498e-002
4.6435864e+002,2.6956993e-002,2.6956993e-002,2.6955470e-002
4.6437062e+002,2.6427626e-002,2.6427626e-002,2.6425656e-002
4.6438261e+002,2.5913394e-002,2.5913394e-002,2.5910710e-002
4.6439460e+002,2.5413713e-002,2.5413713e-002,2.5410468e-002
4.6440659e+002,2.4928005e-002,2.4928005e-002,2.4924759e-002
4.6441858e+002,2.4455855e-002,2.4455855e-002,2.4453163e-002
4.6443056e+002,2.3996996e-002,2.3996996e-002,2.3995040e-002
4.6444255e+002,2.3551167e-002,2.3551167e-002,2.3549754e-002
4.6445454e+002,2.3118135e-002,2.3118135e-002,2.3116894e-002
4.6446653e+002,2.2697692e-002,2.2697692e-002,2.2696245e-002
4.6447852e+002,2.2289616e-002,2.2289616e-002,2.2287596e-002
4.6449050e+002,2.1893408e-002,2.1893408e-002,2.1890654e-002
4.6450249e+002,2.1508322e-002,2.1508322e-002,2.1505048e-002
4.6451448e+002,2.1133628e-002,2.1133628e-002,2.1130416e-002
4.6452647e+002,2.0769118e-002,2.0769118e-002,2.0766498e-002
4.6453846e+002,2.0415051e-002,2.0415051e-002,2.0413138e-002
4.6455044e+002,2.0071676e-002,2.0071676e-002,2.0070171e-002
4.6456243e+002,1.9738745e-002,1.9738745e-002,1.9737267e-002
4.6457442e+002,1.9415561e-002,1.9415561e-002,1.9413948e-002
4.6458641e+002,1.9101426e-002,1.9101426e-002,1.9099737e-002
4.6459840e+002,1.8796001e-002,1.8796001e-002,1.8794341e-002
4.6461038e+002,1.8499274e-002,1.8499274e-002,1.8497634e-002
4.6462237e+002,1.8211231e-002,1.8211231e-002,1.8209493e-002
4.6463436e+002,1.7931671e-002,1.7931671e-002,1.7929789e-002
4.6464635e+002,1.7660213e-002,1.7660213e-002,1.7658382e-002
4.6465834e+002,1.7396479e-002,1.7396479e-002,1.7395127e-002
4.6467032e+002,1.7140324e-002,1.7140324e-002,1.7139732e-002
4.6468231e+002,1.6891814e-002,1.6891814e-002,1.6891771e-002
4.6469430e+002,1.6651003e-002,1.6651003e-002,1.6650826e-002
4.6470629e+002,1.6417594e-002,1.6417594e-002,1.6416696e-002
4.6471828e+002,1.6190951e-002,1.6190951e-002,1.6189389e-002
4.6473026e+002,1.5970452e-002,1.5970452e-002,1.5968911e-002
4.6474225e+002,1.5755937e-002,1.5755937e-002,1.5755079e-002
4.6475424e+002,1.5547683e-002,1.5547683e-002,1.5547532e-002
4.6476623e+002,1.5345968e-002,1.5345968e-002,1.5345908e-002
4.6477822e+002,1.5150658e-002,1.5150658e-002,1.5150020e-002
4.6479020e+002,1.4961235e-002,1.4961235e-002,1.4959843e-002
4.6480219e+002,1.4777176e-002,1.4777176e-002,1.4775353e-002
4.6481418e+002,1.4598220e-002,1.4598220e-002,1.4596388e-002
4.6482617e+002,1.4424352e-002,1.4424352e-002,1.4422656e-002
4.6483816e+002,1.4255566e-002,1.4255566e-002,1.4253868e-002
4.6485014e+002,1.4091763e-002,1.4091763e-002,1.4089929e-002
4.6486213e+002,1.3932754e-002,1.3932754e-002,1.3930935e-002
4.6487412e+002,1.3778349e-002,1.3778349e-002,1.3776974e-002
4.6488611e+002,1.3628474e-002,1.3628474e-002,1.3627854e-002
4.6489810e+002,1.3483158e-002,1.3483158e-002,1.3483105e-002
4.6491008e+002,1.3342429e-002,1.3342429e-002,1.3342266e-002
4.6492207e+002,1.3206145e-002,1.3206145e-002,1.3205270e-002
4.6493406e+002,1.3073993e-002,1.3073993e-002,1.3072444e-002
4.6494605e+002,1.2945666e-002,1.2945666e-002,1.2944110e-002
4.6495804e+002,1.2821069e-002,1.2821069e-002,1.2820177e-002
4.6497002e+002,1.2700325e-002,1.2700325e-002,1.2700149e-002
4.6498201e+002,1.2583557e-002,1.2583557e-002,1.2583528e-002
4.6499400e+002,1.2470729e-002,1.2470729e-002,1.2470176e-002
4.6500599e+002,1.2361643e-002,1.2361643e-002,1.2360318e-002
4.6501798e+002,1.2256101e-002,1.2256101e-002,1.2254188e-002
4.6502996e+002,1.2153971e-002,1.2153971e-002,1.2151868e-002
4.6504195e+002,1.2055195e-002,1.2055195e-002,1.2053288e-002
4.6505394e+002,1.1959718e-002,1.1959718e-002,1.1958369e-002
4.6506593e+002,1.1867542e-002,1.1867542e-002,1.1866921e-002
4.6507792e+002,1.1778724e-002,1.1778724e-002,1.1778640e-002
4.6508990e+002,1.1693318e-002,1.1693318e-002,1.1693231e-002
4.6510189e+002,1.1611265e-002,1.1611265e-002,1.1610634e-002
4.6511388e+002,1.1532388e-002,1.1532388e-002,1.1531035e-002
4.6512587e+002,1.1456506e-002,1.1456506e-002,1.1454625e-002
4.6513786e+002,1.1383492e-002,1.1383492e-002,1.1381450e-002
4.6514984e+002,1.1313277e-002,1.1313277e-002,1.1311406e-002
4.6516183e+002,1.1245796e-002,1.1245796e-002,1.1244385e-002
4.6517382e+002,1.1181055e-002,1.1181055e-002,1.1180268e-002
4.6518581e+002,1.1119136e-002,1.1119136e-002,1.1118926e-002
4.6519780e+002,1.1060117e-002,1.1060117e-002,1.1060232e-002
4.6520978e+002,1.1003910e-002,1.1003910e-002,1.1004063e-002
4.6522177e+002,1.0950250e-002,1.0950250e-002,1.0950304e-002
4.6523376e+002,1.0898869e-002,1.0898869e-002,1.0898838e-002
4.6524575e+002,1.0849575e-002,1.0849575e-002,1.0849534e-002
4.6525774e+002,1.0802260e-002,1.0802260e-002,1.0802245e-002
4.6526972e+002,1.0756819e-002,1.0756819e-002,1.0756827e-002
4.6528171e+002,1.0713176e-002,1.0713176e-002,1.0713187e-002
4.6529370e+002,1.0671284e-002,1.0671284e-002,1.0671288e-002
4.6530569e+002,1.0631098e-002,1.0631098e-002,1.0631096e-002
4.6531768e+002,1.0592554e-002,1.0592554e-002,1.0592550e-002
4.6532966e+002,1.0555569e-002,1.0555569e-002,1.0555568e-002
4.6534165e+002,1.0520054e-002,1.0520054e-002,1.0520056e-002
4.6535364e+002,1.0485794e-002,1.0485794e-002,1.0485799e-002
4.6536563e+002,1.0452440e-002,1.0452440e-002,1.0452443e-002
4.6537762e+002,1.0419641e-002,1.0419641e-002,1.0419636e-002
4.6538960e+002,1.0387226e-002,1.0387226e-002,1.0387211e-002
4.6540159e+002,1.0355220e-002,1.0355220e-002,1.0355208e-002
4.6541358e+002,1.0323652e-002,1.0323652e-002,1.0323670e-002
4.6542557e+002,1.0292470e-002,1.0292470e-002,1.0292526e-002
4.6543756e+002,1.0261535e-002,1.0261535e-002,1.0261581e-002
4.6544954e+002,1.0230700e-002,1.0230700e-002,1.0230634e-002
4.6546153e+002,1.0199799e-002,1.0199799e-002,1.0199591e-002
4.6547352e+002,1.0168641e-002,1.0168641e-002,1.0168470e-002
4.6548551e+002,1.0137040e-002,1.0137040e-002,1.0137292e-002
4.6549750e+002,1.0104976e-002,1.0104976e-002,1.0105946e-002
4.6550948e+002,1.0072613e-002,1.0072613e-002,1.0074171e-002
4.6552147e+002,1.0040119e-002,1.0040119e-002,1.0041709e-002
4.6553346e+002,1.0007524e-002,1.0007524e-002,1.0008561e-002
4.6554545e+002,9.9747044e-003,9.9747044e-003,9.9750164e-003
4.6555744e+002,9.9415312e-003,9.9415312e-003,9.9413738e-003
4.6556942e+002,9.9079263e-003,9.9079263e-003,9.9076953e-003
4.6558141e+002,9.8738712e-003,9.8738712e-003,9.8737782e-003
4.6559340e+002,9.8393537e-003,9.8393537e-003,9.8394118e-003
4.6560539e+002,9.8044551e-003,9.8044551e-003,9.8045687e-003
4.6561738e+002,9.7693626e-003,9.7693626e-003,9.7694309e-003
4.6562936e+002,9.7342661e-003,9.7342661e-003,9.7341912e-003
4.6564135e+002,9.6992614e-003,9.6992614e-003,9.6990383e-003
4.6565334e+002,9.6643357e-003,9.6643357e-003,9.6641553e-003
4.6566533e+002,9.6294744e-003,9.6294744e-003,9.6297199e-003
4.6567732e+002,9.5947823e-003,9.5947823e-003,9.5957456e-003
4.6568930e+002,9.5605021e-003,9.5605021e-003,9.5620563e-003
4.6570129e+002,9.5268826e-003,9.5268826e-003,9.5284761e-003
4.6571328e+002,9.4941167e-003,9.4941167e-003,9.4951605e-003
4.6572527e+002,9.4623325e-003,9.4623325e-003,9.4626517e-003
4.6573726e+002,9.4316525e-003,9.4316525e-003,9.4315022e-003
4.6574924e+002,9.4021403e-003,9.4021403e-003,9.4019192e-003
4.6576123e+002,9.3737902e-003,9.3737902e-003,9.3737038e-003
4.6577322e+002,9.3465966e-003,9.3465966e-003,9.3466412e-003
4.6578521e+002,9.3206822e-003,9.3206822e-003,9.3207563e-003
4.6579720e+002,9.2963217e-003,9.2963217e-003,9.2963577e-003
4.6580918e+002,9.2737946e-003,9.2737946e-003,9.2737662e-003
4.6582117e+002,9.2532495e-003,9.2532495e-003,9.2531744e-003
4.6583316e+002,9.2346790e-003,9.2346790e-003,9.2346218e-003
4.6584515e+002,9.2180688e-003,9.2180688e-003,9.2181374e-003
4.6585714e+002,9.2034776e-003,9.2034776e-003,9.2037034e-003
4.6586912e+002,9.1910523e-003,9.1910523e-003,9.1912455e-003
4.6588111e+002,9.1809401e-003,9.1809401e-003,9.1806908e-003
4.6589310e+002,9.1731263e-003,9.1731263e-003,9.1721207e-003
4.6590509e+002,9.1674007e-003,9.1674007e-003,9.1658039e-003
4.6591708e+002,9.1635486e-003,9.1635486e-003,9.1620130e-003
4.6592906e+002,9.1616088e-003,9.1616088e-003,9.1607695e-003
4.6594105e+002,9.1619297e-003,9.1619297e-003,9.1617885e-003
4.6595304e+002,9.1648679e-003,9.1648679e-003,9.1647725e-003
4.6596503e+002,9.1704049e-003,9.1704049e-003,9.1696379e-003
4.6597702e+002,9.1780604e-003,9.1780604e-003,9.1765648e-003
4.6598900e+002,9.1873342e-003,9.1873342e-003,9.1857411e-003
4.6600099e+002,9.1980241e-003,9.1980241e-003,9.1970662e-003
4.6601298e+002,9.2102970e-003,9.2102970e-003,9.2100814e-003
4.6602497e+002,9.2243381e-003,9.2243381e-003,9.2243141e-003
4.6603696e+002,9.2401445e-003,9.2401445e-003,9.2396027e-003
4.6604894e+002,9.2574791e-003,9.2574791e-003,9.2561737e-003
4.6606093e+002,9.2760893e-003,9.2760893e-003,9.2742693e-003
4.6607292e+002,9.2957068e-003,9.2957068e-003,9.2938047e-003
4.6608491e+002,9.3160431e-003,9.3160431e-003,9.3142825e-003
4.6609690e+002,9.3368111e-003,9.3368111e-003,9.3351852e-003
4.6610888e+002,9.3578175e-003,9.3578175e-003,9.3562138e-003
4.6612087e+002,9.3789885e-003,9.3789885e-003,9.3773470e-003
4.6613286e+002,9.4002567e-003,9.4002567e-003,9.3985793e-003
4.6614485e+002,9.4215051e-003,9.4215051e-003,9.4198223e-003
4.6615684e+002,9.4425537e-003,9.4425537e-003,9.4408809e-003
4.6616882e+002,9.4632167e-003,9.4632167e-003,9.4615521e-003
4.6618081e+002,9.4832586e-003,9.4832586e-003,9.4815936e-003
4.6619280e+002,9.5023793e-003,9.5023793e-003,9.5007119e-003
4.6620479e+002,9.5202771e-003,9.5202771e-003,9.5186127e-003
4.6621678e+002,9.5367449e-003,9.5367449e-003,9.5350877e-003
4.6622876e+002,9.5516986e-003,9.5516986e-003,9.5500412e-003
4.6624075e+002,9.5650621e-003,9.5650621e-003,9.5633846e-003
4.6625274e+002,9.5767360e-003,9.5767360e-003,9.5750296e-003
4.6626473e+002,9.5865908e-003,9.5865908e-003,9.5848879e-003
4.6627672e+002,9.5944950e-003,9.5944950e-003,9.5928692e-003
4.6628870e+002,9.6003149e-003,9.6003149e-003,9.5987975e-003
4.6630069e+002,9.6039140e-003,9.6039140e-003,9.6023833e-003
4.6631268e+002,9.6051561e-003,9.6051561e-003,9.6033345e-003
4.6632467e+002,9.6039368e-003,9.6039368e-003,9.6015485e-003
4.6633666e+002,9.6001930e-003,9.6001930e-003,9.5971766e-003
4.6634864e+002,9.5938654e-003,9.5938654e-003,9.5903855e-003
4.6636063e+002,9.5849220e-003,9.5849220e-003,9.5812702e-003
4.6637262e+002,9.5733680e-003,9.5733680e-003,9.5698297e-003
4.6638461e+002,9.5592112e-003,9.5592112e-003,9.5560546e-003
4.6639660e+002,9.5424682e-003,9.5424682e-003,9.5398837e-003
4.6640858e+002,9.5231677e-003,9.5231677e-003,9.5211856e-003
4.6642057e+002,9.5013410e-003,9.5013410e-003,9.4998268e-003
4.6643256e+002,9.4771058e-003,9.4771058e-003,9.4758030e-003
4.6644455e+002,9.4506977e-003,9.4506977e-003,9.4492861e-003
4.6645654e+002,9.4223560e-003,9.4223560e-003,9.4204603e-003
4.6646852e+002,9.3921155e-003,9.3921155e-003,9.3894906e-003
4.6648051e+002,9.3597301e-003,9.3597301e-003,9.3565153e-003
4.6649250e+002,9.3249391e-003,9.3249391e-003,9.3216698e-003
4.6650449e+002,9.2877692e-003,9.2877692e-003,9.2850383e-003
4.6651648e+002,9.2486453e-003,9.2486453e-003,9.2466339e-003
4.6652846e+002,9.2080166e-003,9.2080166e-003,9.2064663e-003
4.6654045e+002,9.1661241e-003,9.1661241e-003,9.1646217e-003
4.6655244e+002,9.1229176e-003,9.1229176e-003,9.1212928e-003
4.6656443e+002,9.0783273e-003,9.0783273e-003,9.0766779e-003
4.6657642e+002,9.0323922e-003,9.0323922e-003,9.0308677e-003
4.6658840e+002,8.9853039e-003,8.9853039e-003,8.9838016e-003
4.6660039e+002,8.9372641e-003,8.9372641e-003,8.9354116e-003
4.6661238e+002,8.8883936e-003,8.8883936e-003,8.8858377e-003
4.6662437e+002,8.8386985e-003,8.8386985e-003,8.8355148e-003
4.6663636e+002,8.7881777e-003,8.7881777e-003,8.7848946e-003
4.6664834e+002,8.7368999e-003,8.7368999e-003,8.7341404e-003
4.6666033e+002,8.6850336e-003,8.6850336e-003,8.6830034e-003
4.6667232e+002,8.6327541e-003,8.6327541e-003,8.6312075e-003
4.6668431e+002,8.5801820e-003,8.5801820e-003,8.5787004e-003
4.6669630e+002,8.5273595e-003,8.5273595e-003,8.5257528e-003
4.6670828e+002,8.4743225e-003,8.4743225e-003,8.4726568e-003
4.6672027e+002,8.4211122e-003,8.4211122e-003,8.4195272e-003
4.6673226e+002,8.3677773e-003,8.3677773e-003,8.3662203e-003
4.6674425e+002,8.3143675e-003,8.3143675e-003,8.3125761e-003
4.6675624e+002,8.2609664e-003,8.2609664e-003,8.2586358e-003
4.6676822e+002,8.2077064e-003,8.2077064e-003,8.2047362e-003
4.6678021e+002,8.1547215e-003,8.1547215e-003,8.1512335e-003
4.6679220e+002,8.1020068e-003,8.1020068e-003,8.0982818e-003
4.6680419e+002,8.0493532e-003,8.0493532e-003,8.0457363e-003
4.6681618e+002,7.9965389e-003,7.9965389e-003,7.9934291e-003
4.6682816e+002,7.9435799e-003,7.9435799e-003,7.9412358e-003
4.6684015e+002,7.8908450e-003,7.8908450e-003,7.8890968e-003
4.6685214e+002,7.8387276e-003,7.8387276e-003,7.8369611e-003
4.6686413e+002,7.7873731e-003,7.7873731e-003,7.7849438e-003
4.6687612e+002,7.7365546e-003,7.7365546e-003,7.7334099e-003
4.6688810e+002,7.6860181e-003,7.6860181e-003,7.6827399e-003
4.6690009e+002,7.6357056e-003,7.6357056e-003,7.6330260e-003
4.6691208e+002,7.5858550e-003,7.5858550e-003,7.5839242e-003
4.6692407e+002,7.5367270e-003,7.5367270e-003,7.5350591e-003
4.6693606e+002,7.4884634e-003,7.4884634e-003,7.4863467e-003
4.6694804e+002,7.4410244e-003,7.4410244e-003,7.4381467e-003
4.6696003e+002,7.3943551e-003,7.3943551e-003,7.3908534e-003
4.6697202e+002,7.3484051e-003,7.3484051e-003,7.3446753e-003
4.6698401e+002,7.3031312e-003,7.3031312e-003,7.2995357e-003
4.6699600e+002,7.2584923e-003,7.2584923e-003,7.2553343e-003
4.6700798e+002,7.2145467e-003,7.2145467e-003,7.2120106e-003
4.6701997e+002,7.1715071e-003,7.1715071e-003,7.1695660e-003
4.6703196e+002,7.1295971e-003,7.1295971e-003,7.1280076e-003
4.6704395e+002,7.0889123e-003,7.0889123e-003,7.0873673e-003
4.6705594e+002,7.0493483e-003,7.0493483e-003,7.0477160e-003
4.6706792e+002,7.0107854e-003,7.0107854e-003,7.0091282e-003
4.6707991e+002,6.9732446e-003,6.9732446e-003,6.9716746e-003
4.6709190e+002,6.9369680e-003,6.9369680e-003,6.9354212e-003
4.6710389e+002,6.9022147e-003,6.9022147e-003,6.9004329e-003
4.6711588e+002,6.8690806e-003,6.8690806e-003,6.8667634e-003
4.6712786e+002,6.8374026e-003,6.8374026e-003,6.8344481e-003
4.6713985e+002,6.8069964e-003,6.8069964e-003,6.8035215e-003
4.6715184e+002,6.7777859e-003,6.7777859e-003,6.7740672e-003
4.6716383e+002,6.7498692e-003,6.7498692e-003,6.7462468e-003
4.6717582e+002,6.7233598e-003,6.7233598e-003,6.7202266e-003
4.6718780e+002,6.6983667e-003,6.6983667e-003,6.6959893e-003
4.6719979e+002,6.6749916e-003,6.6749916e-003,6.6732218e-003
4.6721178e+002,6.6533342e-003,6.6533342e-003,6.6515885e-003
4.6722377e+002,6.6334048e-003,6.6334048e-003,6.6310375e-003
4.6723576e+002,6.6150684e-003,6.6150684e-003,6.6119784e-003
4.6724774e+002,6.5981778e-003,6.5981778e-003,6.5948592e-003
4.6725973e+002,6.5826829e-003,6.5826829e-003,6.5798383e-003
4.6727172e+002,6.5686926e-003,6.5686926e-003,6.5665990e-003
4.6728371e+002,6.5563298e-003,6.5563298e-003,6.5547836e-003
4.6729570e+002,6.5456821e-003,6.5456821e-003,6.5442515e-003
4.6730768e+002,6.5367787e-003,6.5367787e-003,6.5352215e-003
4.6731967e+002,6.5296419e-003,6.5296419e-003,6.5279432e-003
4.6733166e+002,6.5242090e-003,6.5242090e-003,6.5224792e-003
4.6734365e+002,6.5202758e-003,6.5202758e-003,6.5185798e-003
4.6735564e+002,6.5176260e-003,6.5176260e-003,6.5159678e-003
4.6736762e+002,6.5161577e-003,6.5161577e-003,6.5145077e-003
4.6737961e+002,6.5159617e-003,6.5159617e-003,6.5143027e-003
4.6739160e+002,6.5171457e-003,6.5171457e-003,6.5154770e-003
4.6740359e+002,6.5197029e-003,6.5197029e-003,6.5180328e-003
4.6741558e+002,6.5234337e-003,6.5234337e-003,6.5217660e-003
4.6742756e+002,6.5281204e-003,6.5281204e-003,6.5264535e-003
4.6743955e+002,6.5336305e-003,6.5336305e-003,6.5319611e-003
4.6745154e+002,6.5399766e-003,6.5399766e-003,6.5383064e-003
4.6746353e+002,6.5471842e-003,6.5471842e-003,6.5455205e-003
4.6747552e+002,6.5551810e-003,6.5551810e-003,6.5535287e-003
4.6748750e+002,6.5637258e-003,6.5637258e-003,6.5620744e-003
4.6749949e+002,6.5725618e-003,6.5725618e-003,6.5708837e-003
4.6751148e+002,6.5814844e-003,6.5814844e-003,6.5797629e-003
4.6752347e+002,6.5903808e-003,6.5903808e-003,6.5886567e-003
4.6753546e+002,6.5991471e-003,6.5991471e-003,6.5975226e-003
4.6754744e+002,6.6076928e-003,6.6076928e-003,6.6062309e-003
4.6755943e+002,6.6159503e-003,6.6159503e-003,6.6144986e-003
4.6757142e+002,6.6238529e-003,6.6238529e-003,6.6220293e-003
4.6758341e+002,6.6312300e-003,6.6312300e-003,6.6286701e-003
4.6759540e+002,6.6377270e-003,6.6377270e-003,6.6345217e-003
4.6760738e+002,6.6429723e-003,6.6429723e-003,6.6397080e-003
4.6761937e+002,6.6467471e-003,6.6467471e-003,6.6441163e-003
4.6763136e+002,6.6491053e-003,6.6491053e-003,6.6472124e-003
4.6764335e+002,6.6501269e-003,6.6501269e-003,6.6484225e-003
4.6765534e+002,6.6497570e-003,6.6497570e-003,6.6474781e-003
4.6766732e+002,6.6476983e-003,6.6476983e-003,6.6446586e-003
4.6767931e+002,6.6436298e-003,6.6436298e-003,6.6402979e-003
4.6769130e+002,6.6373711e-003,6.6373711e-003,6.6344853e-003
4.6770329e+002,6.6289960e-003,6.6289960e-003,6.6268681e-003
4.6771528e+002,6.6186045e-003,6.6186045e-003,6.6170488e-003
4.6772726e+002,6.6062370e-003,6.6062370e-003,6.6048124e-003
4.6773925e+002,6.5918253e-003,6.5918253e-003,6.5902766e-003
4.6775124e+002,6.5752892e-003,6.5752892e-003,6.5735930e-003
4.6776323e+002,6.5565256e-003,6.5565256e-003,6.5547934e-003
4.6777522e+002,6.5353883e-003,6.5353883e-003,6.5336891e-003
4.6778720e+002,6.5117279e-003,6.5117279e-003,6.5100696e-003
4.6779919e+002,6.4855469e-003,6.4855469e-003,6.4839005e-003
4.6781118e+002,6.4571282e-003,6.4571282e-003,6.4554732e-003
4.6782317e+002,6.4267843e-003,6.4267843e-003,6.4251135e-003
4.6783516e+002,6.3947274e-003,6.3947274e-003,6.3930454e-003
4.6784714e+002,6.3609830e-003,6.3609830e-003,6.3593025e-003
4.6785913e+002,6.3255558e-003,6.3255558e-003,6.3238972e-003
4.6787112e+002,6.2884612e-003,6.2884612e-003,6.2868355e-003
4.6788311e+002,6.2497334e-003,6.2497334e-003,6.2481105e-003
4.6789510e+002,6.2094097e-003,6.2094097e-003,6.2077154e-003
4.6790708e+002,6.1675852e-003,6.1675852e-003,6.1657704e-003
4.6791907e+002,6.1244659e-003,6.1244659e-003,6.1226378e-003
4.6793106e+002,6.0802697e-003,6.0802697e-003,6.0787053e-003
4.6794305e+002,6.0352085e-003,6.0352085e-003,6.0342143e-003
4.6795504e+002,5.9894823e-003,5.9894823e-003,5.9891247e-003
4.6796702e+002,5.9432898e-003,5.9432898e-003,5.9433660e-003
4.6797901e+002,5.8967963e-003,5.8967963e-003,5.8969745e-003
4.6799100e+002,5.8501039e-003,5.8501039e-003,5.8501929e-003
4.6800299e+002,5.8033073e-003,5.8033073e-003,5.8032873e-003
4.6801498e+002,5.7565224e-003,5.7565224e-003,5.7564755e-003
4.6802696e+002,5.7099054e-003,5.7099054e-003,5.7098824e-003
4.6803895e+002,5.6636170e-003,5.6636170e-003,5.6636217e-003
4.6805094e+002,5.6177672e-003,5.6177672e-003,5.6177765e-003
4.6806293e+002,5.5723676e-003,5.5723676e-003,5.5723702e-003
4.6807492e+002,5.5274185e-003,5.5274185e-003,5.5274194e-003
4.6808690e+002,5.4829852e-003,5.4829852e-003,5.4829948e-003
4.6809889e+002,5.4392613e-003,5.4392613e-003,5.4392740e-003
4.6811088e+002,5.3964547e-003,5.3964547e-003,5.3964467e-003
4.6812287e+002,5.3546795e-003,5.3546795e-003,5.3546318e-003
4.6813486e+002,5.3138617e-003,5.3138617e-003,5.3138078e-003
4.6814684e+002,5.2739055e-003,5.2739055e-003,5.2739366e-003
4.6815883e+002,5.2347991e-003,5.2347991e-003,5.2349801e-003
4.6817082e+002,5.1966983e-003,5.1966983e-003,5.1969012e-003
4.6818281e+002,5.1597786e-003,5.1597786e-003,5.1596632e-003
4.6819480e+002,5.1240885e-003,5.1240885e-003,5.1232977e-003
4.6820678e+002,5.0894200e-003,5.0894200e-003,5.0879747e-003
4.6821877e+002,5.0555343e-003,5.0555343e-003,5.0538801e-003
4.6823076e+002,5.0222779e-003,5.0222779e-003,5.0210396e-003
4.6824275e+002,4.9896721e-003,4.9896721e-003,4.9891525e-003
4.6825474e+002,4.9577592e-003,4.9577592e-003,4.9578786e-003
4.6826672e+002,4.9265899e-003,4.9265899e-003,4.9270012e-003
4.6827871e+002,4.8962318e-003,4.8962318e-003,4.8965578e-003
4.6829070e+002,4.8667537e-003,4.8667537e-003,4.8666170e-003
4.6830269e+002,4.8381079e-003,4.8381079e-003,4.8372468e-003
4.6831468e+002,4.8100036e-003,4.8100036e-003,4.8085131e-003
4.6832666e+002,4.7821203e-003,4.7821203e-003,4.7804808e-003
4.6833865e+002,4.7542651e-003,4.7542651e-003,4.7530970e-003
4.6835064e+002,4.7265110e-003,4.7265110e-003,4.7260612e-003
4.6836263e+002,4.6989647e-003,4.6989647e-003,4.6990427e-003
4.6837462e+002,4.6716696e-003,4.6716696e-003,4.6718537e-003
4.6838660e+002,4.6445364e-003,4.6445364e-003,4.6446085e-003
4.6839859e+002,4.6174589e-003,4.6174589e-003,4.6174593e-003
4.6841058e+002,4.5903472e-003,4.5903472e-003,4.5904313e-003
4.6842257e+002,4.5631458e-003,4.5631458e-003,4.5632797e-003
4.6843456e+002,4.5358037e-003,4.5358037e-003,4.5357258e-003
4.6844654e+002,4.5082675e-003,4.5082675e-003,4.5076383e-003
4.6845853e+002,4.4804789e-003,4.4804789e-003,4.4792030e-003
4.6847052e+002,4.4523791e-003,4.4523791e-003,4.4506457e-003
4.6848251e+002,4.4239023e-003,4.4239023e-003,4.4220521e-003
4.6849450e+002,4.3949677e-003,4.3949677e-003,4.3932040e-003
4.6850648e+002,4.3654927e-003,4.3654927e-003,4.3638437e-003
4.6851847e+002,4.3354246e-003,4.3354246e-003,4.3338071e-003
4.6853046e+002,4.3047750e-003,4.3047750e-003,4.3031344e-003
4.6854245e+002,4.2735642e-003,4.2735642e-003,4.2718929e-003
4.6855444e+002,4.2418071e-003,4.2418071e-003,4.2401273e-003
4.6856642e+002,4.2095068e-003,4.2095068e-003,4.2078331e-003
4.6857841e+002,4.1766645e-003,4.1766645e-003,4.1749991e-003
4.6859040e+002,4.1432739e-003,4.1432739e-003,4.1416107e-003
4.6860239e+002,4.1093114e-003,4.1093114e-003,4.1076466e-003
4.6861438e+002,4.0747514e-003,4.0747514e-003,4.0730844e-003
4.6862636e+002,4.0396041e-003,4.0396041e-003,4.0379365e-003
4.6863835e+002,4.0039606e-003,4.0039606e-003,4.0022935e-003
4.6865034e+002,3.9679228e-003,3.9679228e-003,3.9662562e-003
4.6866233e+002,3.9315603e-003,3.9315603e-003,3.9298938e-003
4.6867432e+002,3.8948703e-003,3.8948703e-003,3.8932037e-003
4.6868630e+002,3.8578399e-003,3.8578399e-003,3.8561733e-003
4.6869829e+002,3.8204458e-003,3.8204458e-003,3.8187794e-003
4.6871028e+002,3.7826406e-003,3.7826406e-003,3.7809742e-003
4.6872227e+002,3.7443739e-003,3.7443739e-003,3.7427071e-003
4.6873426e+002,3.7056687e-003,3.7056687e-003,3.7040010e-003
4.6874624e+002,3.6667169e-003,3.6667169e-003,3.6650491e-003
4.6875823e+002,3.6277341e-003,3.6277341e-003,3.6260679e-003
4.6877022e+002,3.5888563e-003,3.5888563e-003,3.5871933e-003
4.6878221e+002,3.5500361e-003,3.5500361e-003,3.5483738e-003
4.6879420e+002,3.5112002e-003,3.5112002e-003,3.5095317e-003
4.6880618e+002,3.4723167e-003,3.4723167e-003,3.4706364e-003
4.6881817e+002,3.4334496e-003,3.4334496e-003,3.4317666e-003
4.6883016e+002,3.3946769e-003,3.3946769e-003,3.3930170e-003
4.6884215e+002,3.3560910e-003,3.3560910e-003,3.3544753e-003
4.6885414e+002,3.3178179e-003,3.3178179e-003,3.3162123e-003
4.6886612e+002,3.2799883e-003,3.2799883e-003,3.2782969e-003
4.6887811e+002,3.2426355e-003,3.2426355e-003,3.2407792e-003
4.6889010e+002,3.2055603e-003,3.2055603e-003,3.2036653e-003
4.6890209e+002,3.1685307e-003,3.1685307e-003,3.1669551e-003
4.6891408e+002,3.1314912e-003,3.1314912e-003,3.1306303e-003
4.6892606e+002,3.0948101e-003,3.0948101e-003,3.0946293e-003
4.6893805e+002,3.0589175e-003,3.0589175e-003,3.0588841e-003
4.6895004e+002,3.0240285e-003,3.0240285e-003,3.0234172e-003
4.6896203e+002,2.9898379e-003,2.9898379e-003,2.9884685e-003
4.6897402e+002,2.9559641e-003,2.9559641e-003,2.9543098e-003
4.6898600e+002,2.9222202e-003,2.9222202e-003,2.9210673e-003
4.6899799e+002,2.8888948e-003,2.8888948e-003,2.8885117e-003
4.6900998e+002,2.8563475e-003,2.8563475e-003,2.8563607e-003
4.6902197e+002,2.8247607e-003,2.8247607e-003,2.8244369e-003
4.6903396e+002,2.7938814e-003,2.7938814e-003,2.7928206e-003
4.6904594e+002,2.7633908e-003,2.7633908e-003,2.7616315e-003
4.6905793e+002,2.7330989e-003,2.7330989e-003,2.7310030e-003
4.6906992e+002,2.7031344e-003,2.7031344e-003,2.7011039e-003
4.6908191e+002,2.6736743e-003,2.6736743e-003,2.6721078e-003
4.6909390e+002,2.6448449e-003,2.6448449e-003,2.6440288e-003
4.6910588e+002,2.6166449e-003,2.6166449e-003,2.6164824e-003
4.6911787e+002,2.5890531e-003,2.5890531e-003,2.5890227e-003
4.6912986e+002,2.5620300e-003,2.5620300e-003,2.5614462e-003
4.6914185e+002,2.5354899e-003,2.5354899e-003,2.5341612e-003
4.6915384e+002,2.5093395e-003,2.5093395e-003,2.5076701e-003
4.6916582e+002,2.4835156e-003,2.4835156e-003,2.4822321e-003
4.6917781e+002,2.4580305e-003,2.4580305e-003,2.4574859e-003
4.6918980e+002,2.4329086e-003,2.4329086e-003,2.4329731e-003
4.6920179e+002,2.4081669e-003,2.4081669e-003,2.4084070e-003
4.6921378e+002,2.3838044e-003,2.3838044e-003,2.3839415e-003
4.6922576e+002,2.3598173e-003,2.3598173e-003,2.3598000e-003
4.6923775e+002,2.3362004e-003,2.3362004e-003,2.3361336e-003
4.6924974e+002,2.3129456e-003,2.3129456e-003,2.3129056e-003
4.6926173e+002,2.2900442e-003,2.2900442e-003,2.2900497e-003
4.6927372e+002,2.2674993e-003,2.2674993e-003,2.2675263e-003
4.6928570e+002,2.2453445e-003,2.2453445e-003,2.2453666e-003
4.6929769e+002,2.2236183e-003,2.2236183e-003,2.2236133e-003
4.6930968e+002,2.2023138e-003,2.2023138e-003,2.2022728e-003
4.6932167e+002,2.1813051e-003,2.1813051e-003,2.1812567e-003
4.6933366e+002,2.1604467e-003,2.1604467e-003,2.1604610e-003
4.6934564e+002,2.1396713e-003,2.1396713e-003,2.1398082e-003
4.6935763e+002,2.1191190e-003,2.1191190e-003,2.1192906e-003
4.6936962e+002,2.0989636e-003,2.0989636e-003,2.0989124e-003
4.6938161e+002,2.0792932e-003,2.0792932e-003,2.0786978e-003
4.6939360e+002,2.0599641e-003,2.0599641e-003,2.0587260e-003
4.6940558e+002,2.0407947e-003,2.0407947e-003,2.0390851e-003
4.6941757e+002,2.0216913e-003,2.0216913e-003,2.0198450e-003
4.6942956e+002,2.0027978e-003,2.0027978e-003,2.0010267e-003
4.6944155e+002,1.9842980e-003,1.9842980e-003,1.9826426e-003
4.6945354e+002,1.9662878e-003,1.9662878e-003,1.9646693e-003
4.6946552e+002,1.9486234e-003,1.9486234e-003,1.9469848e-003
4.6947751e+002,1.9311203e-003,1.9311203e-003,1.9294507e-003
4.6948950e+002,1.9136818e-003,1.9136818e-003,1.9120022e-003
4.6950149e+002,1.8964511e-003,1.8964511e-003,1.8947770e-003
4.6951348e+002,1.8796130e-003,1.8796130e-003,1.8779471e-003
4.6952546e+002,1.8632650e-003,1.8632650e-003,1.8616017e-003
4.6953745e+002,1.8472641e-003,1.8472641e-003,1.8455993e-003
4.6954944e+002,1.8314258e-003,1.8314258e-003,1.8297589e-003
4.6956143e+002,1.8156514e-003,1.8156514e-003,1.8139845e-003
4.6957342e+002,1.8000840e-003,1.8000840e-003,1.7984176e-003
4.6958540e+002,1.7849080e-003,1.7849080e-003,1.7832412e-003
4.6959739e+002,1.7702227e-003,1.7702227e-003,1.7685540e-003
4.6960938e+002,1.7558854e-003,1.7558854e-003,1.7542158e-003
4.6962137e+002,1.7417110e-003,1.7417110e-003,1.7400451e-003
4.6963336e+002,1.7275999e-003,1.7275999e-003,1.7259419e-003
4.6964534e+002,1.7136953e-003,1.7136953e-003,1.7120399e-003
4.6965733e+002,1.7001834e-003,1.7001834e-003,1.6985140e-003
4.6966932e+002,1.6871643e-003,1.6871643e-003,1.6854654e-003
4.6968131e+002,1.6744918e-003,1.6744918e-003,1.6727831e-003
4.6969330e+002,1.6619750e-003,1.6619750e-003,1.6603182e-003
4.6970528e+002,1.6495135e-003,1.6495135e-003,1.6479671e-003
4.6971727e+002,1.6372671e-003,1.6372671e-003,1.6357576e-003
4.6972926e+002,1.6254431e-003,1.6254431e-003,1.6237408e-003
4.6974125e+002,1.6141416e-003,1.6141416e-003,1.6119439e-003
4.6975324e+002,1.6031511e-003,1.6031511e-003,1.6003234e-003
4.6976522e+002,1.5922031e-003,1.5922031e-003,1.5888231e-003
4.6977721e+002,1.5811174e-003,1.5811174e-003,1.5774377e-003
4.6978920e+002,1.5699746e-003,1.5699746e-003,1.5663138e-003
4.6980119e+002,1.5589031e-003,1.5589031e-003,1.5556253e-003
4.6981318e+002,1.5480304e-003,1.5480304e-003,1.5454480e-003
4.6982516e+002,1.5374811e-003,1.5374811e-003,1.5355654e-003
4.6983715e+002,1.5273790e-003,1.5273790e-003,1.5257065e-003
4.6984914e+002,1.5177652e-003,1.5177652e-003,1.5156972e-003
4.6986113e+002,1.5084310e-003,1.5084310e-003,1.5056542e-003
4.6987312e+002,1.4991213e-003,1.4991213e-003,1.4957487e-003
4.6988510e+002,1.4896707e-003,1.4896707e-003,1.4861048e-003
4.6989709e+002,1.4801863e-003,1.4801863e-003,1.4767052e-003
4.6990908e+002,1.4708265e-003,1.4708265e-003,1.4675055e-003
4.6992107e+002,1.4617138e-003,1.4617138e-003,1.4584722e-003
4.6993306e+002,1.4528595e-003,1.4528595e-003,1.4496052e-003
4.6994504e+002,1.4442542e-003,1.4442542e-003,1.4409105e-003
4.6995703e+002,1.4358647e-003,1.4358647e-003,1.4323970e-003
4.6996902e+002,1.4275845e-003,1.4275845e-003,1.4240832e-003
4.6998101e+002,1.4192936e-003,1.4192936e-003,1.4159891e-003
4.6999300e+002,1.4109228e-003,1.4109228e-003,1.4081123e-003
4.7000498e+002,1.4025627e-003,1.4025627e-003,1.4003798e-003
4.7001697e+002,1.3943349e-003,1.3943349e-003,1.3927054e-003
4.7002896e+002,1.3863360e-003,1.3863360e-003,1.3850116e-003
4.7004095e+002,1.3785848e-003,1.3785848e-003,1.3772491e-003
4.7005294e+002,1.3710844e-003,1.3710844e-003,1.3693744e-003
4.7006492e+002,1.3638096e-003,1.3638096e-003,1.3614074e-003
4.7007691e+002,1.3566432e-003,1.3566432e-003,1.3535693e-003
4.7008890e+002,1.3494505e-003,1.3494505e-003,1.3461212e-003
4.7010089e+002,1.3421589e-003,1.3421589e-003,1.3392161e-003
4.7011288e+002,1.3348959e-003,1.3348959e-003,1.3326605e-003
4.7012486e+002,1.3278286e-003,1.3278286e-003,1.3261923e-003
4.7013685e+002,1.3210561e-003,1.3210561e-003,1.3196130e-003
4.7014884e+002,1.3144581e-003,1.3144581e-003,1.3129308e-003
4.7016083e+002,1.3078698e-003,1.3078698e-003,1.3061953e-003
4.7017282e+002,1.3011849e-003,1.3011849e-003,1.2994590e-003
4.7018480e+002,1.2944871e-003,1.2944871e-003,1.2927838e-003
4.7019679e+002,1.2878985e-003,1.2878985e-003,1.2862337e-003
4.7020878e+002,1.2815256e-003,1.2815256e-003,1.2798727e-003
4.7022077e+002,1.2754243e-003,1.2754243e-003,1.2737646e-003
4.7023276e+002,1.2696402e-003,1.2696402e-003,1.2679734e-003
4.7024474e+002,1.2641487e-003,1.2641487e-003,1.2624862e-003
4.7025673e+002,1.2586937e-003,1.2586937e-003,1.2570360e-003
4.7026872e+002,1.2529714e-003,1.2529714e-003,1.2513034e-003
4.7028071e+002,1.2468237e-003,1.2468237e-003,1.2451266e-003
4.7029270e+002,1.2405807e-003,1.2405807e-003,1.2388712e-003
4.7030468e+002,1.2346744e-003,1.2346744e-003,1.2330129e-003
4.7031667e+002,1.2293895e-003,1.2293895e-003,1.2278402e-003
4.7032866e+002,1.2245146e-003,1.2245146e-003,1.2230107e-003
4.7034065e+002,1.2197337e-003,1.2197337e-003,1.2180488e-003
4.7035264e+002,1.2148106e-003,1.2148106e-003,1.2126341e-003
4.7036462e+002,1.2097812e-003,1.2097812e-003,1.2069728e-003
4.7037661e+002,1.2047387e-003,1.2047387e-003,1.2013830e-003
4.7038860e+002,1.1997475e-003,1.1997475e-003,1.1961102e-003
4.7040059e+002,1.1947712e-003,1.1947712e-003,1.1911489e-003
4.7041258e+002,1.1897521e-003,1.1897521e-003,1.1864404e-003
4.7042456e+002,1.1846698e-003,1.1846698e-003,1.1819211e-003
4.7043655e+002,1.1796341e-003,1.1796341e-003,1.1775120e-003
4.7044854e+002,1.1747825e-003,1.1747825e-003,1.1731305e-003
4.7046053e+002,1.1702030e-003,1.1702030e-003,1.1687136e-003
4.7047252e+002,1.1658099e-003,1.1658099e-003,1.1642661e-003
4.7048450e+002,1.1614794e-003,1.1614794e-003,1.1598078e-003
4.7049649e+002,1.1571089e-003,1.1571089e-003,1.1553552e-003
4.7050848e+002,1.1526700e-003,1.1526700e-003,1.1509145e-003
4.7052047e+002,1.1481505e-003,1.1481505e-003,1.1464895e-003
4.7053246e+002,1.1435726e-003,1.1435726e-003,1.1420768e-003
4.7054444e+002,1.1390815e-003,1.1390815e-003,1.1376472e-003
4.7055643e+002,1.1348492e-003,1.1348492e-003,1.1331658e-003
4.7056842e+002,1.1309591e-003,1.1309591e-003,1.1286295e-003
4.7058041e+002,1.1271754e-003,1.1271754e-003,1.1241484e-003
4.7059240e+002,1.1231906e-003,1.1231906e-003,1.1198581e-003
4.7060438e+002,1.1188124e-003,1.1188124e-003,1.1158440e-003
4.7061637e+002,1.1142653e-003,1.1142653e-003,1.1120088e-003
4.7062836e+002,1.1098686e-003,1.1098686e-003,1.1082140e-003
4.7064035e+002,1.1058411e-003,1.1058411e-003,1.1043553e-003
4.7065234e+002,1.1020362e-003,1.1020362e-003,1.1004533e-003
4.7066432e+002,1.0982236e-003,1.0982236e-003,1.0965573e-003
4.7067631e+002,1.0942568e-003,1.0942568e-003,1.0926971e-003
4.7068830e+002,1.0902971e-003,1.0902971e-003,1.0888308e-003
4.7070029e+002,1.0865774e-003,1.0865774e-003,1.0848998e-003
4.7071228e+002,1.0832292e-003,1.0832292e-003,1.0808893e-003
4.7072426e+002,1.0800091e-003,1.0800091e-003,1.0769462e-003
4.7073625e+002,1.0765859e-003,1.0765859e-003,1.0732551e-003
4.7074824e+002,1.0727501e-003,1.0727501e-003,1.0699128e-003
4.7076023e+002,1.0687474e-003,1.0687474e-003,1.0666859e-003
4.7077222e+002,1.0649305e-003,1.0649305e-003,1.0632637e-003
4.7078420e+002,1.0615301e-003,1.0615301e-003,1.0594463e-003
4.7079619e+002,1.0583144e-003,1.0583144e-003,1.0554541e-003
4.7080818e+002,1.0549421e-003,1.0549421e-003,1.0516072e-003
4.7082017e+002,1.0511793e-003,1.0511793e-003,1.0481294e-003
4.7083216e+002,1.0472018e-003,1.0472018e-003,1.0448779e-003
4.7084414e+002,1.0432834e-003,1.0432834e-003,1.0416223e-003
4.7085613e+002,1.0396479e-003,1.0396479e-003,1.0382120e-003
4.7086812e+002,1.0363264e-003,1.0363264e-003,1.0348054e-003
4.7088011e+002,1.0333031e-003,1.0333031e-003,1.0316356e-003
4.7089210e+002,1.0305288e-003,1.0305288e-003,1.0288386e-003
4.7090408e+002,1.0278241e-003,1.0278241e-003,1.0261742e-003
4.7091607e+002,1.0249778e-003,1.0249778e-003,1.0233106e-003
4.7092806e+002,1.0218352e-003,1.0218352e-003,1.0200327e-003
4.7094005e+002,1.0184637e-003,1.0184637e-003,1.0165838e-003
4.7095204e+002,1.0149853e-003,1.0149853e-003,1.0133199e-003
4.7096402e+002,1.0115169e-003,1.0115169e-003,1.0104778e-003
4.7097601e+002,1.0081562e-003,1.0081562e-003,1.0078210e-003
4.7098800e+002,1.0049958e-003,1.0049958e-003,1.0049958e-003
4.7099999e+002,1.0020926e-003,1.0020926e-003,1.0017609e-003
4.7101198e+002,9.9935876e-004,9.9935876e-004,9.9832408e-004
4.7102396e+002,9.9667065e-004,9.9667065e-004,9.9500533e-004
4.7103595e+002,9.9393037e-004,9.9393037e-004,9.9204077e-004
4.7104794e+002,9.9114452e-004,9.9114452e-004,9.8932788e-004
4.7105993e+002,9.8834600e-004,9.8834600e-004,9.8667866e-004
4.7107192e+002,9.8556105e-004,9.8556105e-004,9.8394614e-004
4.7108390e+002,9.8278866e-004,9.8278866e-004,9.8115046e-004
4.7109589e+002,9.8002086e-004,9.8002086e-004,9.7835426e-004
4.7110788e+002,9.7725082e-004,9.7725082e-004,9.7559988e-004
4.7111987e+002,9.7447625e-004,9.7447625e-004,9.7284615e-004
4.7113186e+002,9.7169606e-004,9.7169606e-004,9.7003042e-004
4.7114384e+002,9.6891129e-004,9.6891129e-004,9.6713033e-004
4.7115583e+002,9.6613201e-004,9.6613201e-004,9.6429048e-004
4.7116782e+002,9.6337059e-004,9.6337059e-004,9.6169873e-004
4.7117981e+002,9.6062972e-004,9.6062972e-004,9.5946211e-004
4.7119180e+002,9.5787160e-004,9.5787160e-004,9.5734951e-004
4.7120378e+002,9.5504781e-004,9.5504781e-004,9.5504138e-004
4.7121577e+002,9.5214618e-004,9.5214618e-004,9.5232413e-004
4.7122776e+002,9.4930759e-004,9.4930759e-004,9.4943152e-004
4.7123975e+002,9.4671333e-004,9.4671333e-004,9.4671539e-004
4.7125174e+002,9.4446823e-004,9.4446823e-004,9.4441792e-004
4.7126372e+002,9.4235158e-004,9.4235158e-004,9.4231425e-004
4.7127571e+002,9.4005599e-004,9.4005599e-004,9.4005517e-004
4.7128770e+002,9.3736968e-004,9.3736968e-004,9.3739306e-004
4.7129969e+002,9.3449201e-004,9.3449201e-004,9.3451710e-004
4.7131168e+002,9.3173281e-004,9.3173281e-004,9.3173385e-004
4.7132366e+002,9.2932466e-004,9.2932466e-004,9.2928154e-004
4.7133565e+002,9.2716502e-004,9.2716502e-004,9.2710206e-004
4.7134764e+002,9.2506052e-004,9.2506052e-004,9.2505694e-004
4.7135963e+002,9.2286154e-004,9.2286154e-004,9.2301022e-004
4.7137162e+002,9.2061012e-004,9.2061012e-004,9.2083695e-004
4.7138360e+002,9.1840069e-004,9.1840069e-004,9.1841516e-004
4.7139559e+002,9.1628567e-004,9.1628567e-004,9.1567999e-004
4.7140758e+002,9.1413192e-004,9.1413192e-004,9.1281888e-004
4.7141957e+002,9.1175503e-004,9.1175503e-004,9.1008889e-004
4.7143156e+002,9.0903902e-004,9.0903902e-004,9.0768364e-004
4.7144354e+002,9.0617285e-004,9.0617285e-004,9.0551412e-004
4.7145553e+002,9.0343035e-004,9.0343035e-004,9.0341255e-004
4.7146752e+002,9.0101939e-004,9.0101939e-004,9.0124261e-004
4.7147951e+002,8.9885085e-004,8.9885085e-004,8.9900930e-004
4.7149150e+002,8.9675221e-004,8.9675221e-004,8.9675735e-004
4.7150348e+002,8.9458309e-004,8.9458309e-004,8.9452331e-004
4.7151547e+002,8.9234914e-004,8.9234914e-004,8.9230655e-004
4.7152746e+002,8.9009739e-004,8.9009739e-004,8.9009591e-004
4.7153945e+002,8.8786578e-004,8.8786578e-004,8.8788184e-004
4.7155144e+002,8.8565062e-004,8.8565062e-004,8.8566214e-004
4.7156342e+002,8.8343630e-004,8.8343630e-004,8.8343673e-004
4.7157541e+002,8.8121167e-004,8.8121167e-004,8.8120719e-004
4.7158740e+002,8.7898619e-004,8.7898619e-004,8.7898280e-004
4.7159939e+002,8.7677522e-004,8.7677522e-004,8.7677507e-004
4.7161138e+002,8.7458542e-004,8.7458542e-004,8.7458732e-004
4.7162336e+002,8.7238273e-004,8.7238273e-004,8.7238473e-004
4.7163535e+002,8.7012120e-004,8.7012120e-004,8.7012135e-004
4.7164734e+002,8.6778512e-004,8.6778512e-004,8.6778203e-004
4.7165933e+002,8.6550106e-004,8.6550106e-004,8.6549645e-004
4.7167132e+002,8.6343736e-004,8.6343736e-004,8.6343688e-004
4.7168330e+002,8.6170278e-004,8.6170278e-004,8.6171323e-004
4.7169529e+002,8.6012300e-004,8.6012300e-004,8.6013943e-004
4.7170728e+002,8.5843979e-004,8.5843979e-004,8.5844166e-004
4.7171927e+002,8.5644811e-004,8.5644811e-004,8.5640952e-004
4.7173126e+002,8.5419779e-004,8.5419779e-004,8.5413665e-004
4.7174324e+002,8.5181493e-004,8.5181493e-004,8.5180762e-004
4.7175523e+002,8.4942521e-004,8.4942521e-004,8.4956868e-004
4.7176722e+002,8.4715233e-004,8.4715233e-004,8.4738053e-004
4.7177921e+002,8.4511936e-004,8.4511936e-004,8.4514786e-004
4.7179120e+002,8.4339885e-004,8.4339885e-004,8.4281503e-004
4.7180318e+002,8.4181673e-004,8.4181673e-004,8.4051973e-004
4.7181517e+002,8.4012386e-004,8.4012386e-004,8.3845856e-004
4.7182716e+002,8.3812273e-004,8.3812273e-004,8.3675842e-004
4.7183915e+002,8.3587024e-004,8.3587024e-004,8.3520291e-004
4.7185114e+002,8.3350147e-004,8.3350147e-004,8.3347018e-004
4.7186312e+002,8.3114392e-004,8.3114392e-004,8.3132813e-004
4.7187511e+002,8.2888734e-004,8.2888734e-004,8.2899083e-004
4.7188710e+002,8.2680979e-004,8.2680979e-004,8.2681072e-004
4.7189909e+002,8.2496875e-004,8.2496875e-004,8.2504767e-004
4.7191108e+002,8.2331844e-004,8.2331844e-004,8.2349750e-004
4.7192306e+002,8.2178083e-004,8.2178083e-004,8.2181087e-004
4.7193505e+002,8.2027042e-004,8.2027042e-004,8.1972404e-004
4.7194704e+002,8.1866400e-004,8.1866400e-004,8.1740680e-004
4.7195903e+002,8.1682649e-004,8.1682649e-004,8.1516566e-004
4.7197102e+002,8.1467249e-004,8.1467249e-004,8.1324969e-004
4.7198300e+002,8.1237035e-004,8.1237035e-004,8.1161399e-004
4.7199499e+002,8.1016922e-004,8.1016922e-004,8.1012016e-004
4.7200698e+002,8.0827059e-004,8.0827059e-004,8.0863181e-004
4.7201897e+002,8.0663032e-004,8.0663032e-004,8.0702350e-004
4.7203096e+002,8.0512536e-004,8.0512536e-004,8.0517325e-004
4.7204294e+002,8.0363224e-004,8.0363224e-004,8.0300716e-004
4.7205493e+002,8.0202552e-004,8.0202552e-004,8.0070128e-004
4.7206692e+002,8.0017910e-004,8.0017910e-004,7.9851263e-004
4.7207891e+002,7.9801514e-004,7.9801514e-004,7.9664496e-004
4.7209090e+002,7.9570902e-004,7.9570902e-004,7.9502201e-004
4.7210288e+002,7.9351886e-004,7.9351886e-004,7.9347600e-004
4.7211487e+002,7.9164984e-004,7.9164984e-004,7.9186556e-004
4.7212686e+002,7.9002647e-004,7.9002647e-004,7.9018943e-004
4.7213885e+002,7.8848069e-004,7.8848069e-004,7.8849255e-004
4.7215084e+002,7.8687063e-004,7.8687063e-004,7.8681288e-004
4.7216282e+002,7.8519462e-004,7.8519462e-004,7.8515084e-004
4.7217481e+002,7.8349766e-004,7.8349766e-004,7.8349438e-004
4.7218680e+002,7.8181784e-004,7.8181784e-004,7.8183330e-004
4.7219879e+002,7.8015574e-004,7.8015574e-004,7.8016750e-004
4.7221078e+002,7.7849936e-004,7.7849936e-004,7.7850027e-004
4.7222276e+002,7.7683851e-004,7.7683851e-004,7.7683437e-004
4.7223475e+002,7.7517284e-004,7.7517284e-004,7.7516968e-004
4.7224674e+002,7.7350536e-004,7.7350536e-004,7.7350511e-004
4.7225873e+002,7.7183870e-004,7.7183870e-004,7.7183981e-004
4.7227072e+002,7.7017355e-004,7.7017355e-004,7.7017440e-004
4.7228270e+002,7.6850990e-004,7.6850990e-004,7.6850997e-004
4.7229469e+002,7.6684739e-004,7.6684739e-004,7.6684710e-004
4.7230668e+002,7.6518371e-004,7.6518371e-004,7.6518348e-004
4.7231867e+002,7.6351586e-004,7.6351586e-004,7.6351584e-004
4.7233066e+002,7.6184260e-004,7.6184260e-004,7.6184268e-004
4.7234264e+002,7.6017249e-004,7.6017249e-004,7.6017255e-004
4.7235463e+002,7.5851753e-004,7.5851753e-004,7.5851754e-004
4.7236662e+002,7.5688310e-004,7.5688310e-004,7.5688308e-004
4.7237861e+002,7.5523734e-004,7.5523734e-004,7.5523732e-004
4.7239060e+002,7.5353529e-004,7.5353529e-004,7.5353529e-004
4.7240258e+002,7.5175643e-004,7.5175643e-004,7.5175643e-004
4.7241457e+002,7.5001929e-004,7.5001929e-004,7.5001930e-004
4.7242656e+002,7.4849165e-004,7.4849165e-004,7.4849165e-004
4.7243855e+002,7.4729307e-004,7.4729307e-004,7.4729307e-004
4.7245054e+002,7.4626566e-004,7.4626566e-004,7.4626566e-004
4.7246252e+002,7.4515247e-004,7.4515247e-004,7.4515247e-004
4.7247451e+002,7.4373902e-004,7.4373902e-004,7.4373902e-004
4.7248650e+002,7.4205811e-004,7.4205811e-004,7.4205811e-004
4.7249849e+002,7.4023151e-004,7.4023151e-004,7.4023151e-004
4.7251048e+002,7.3838301e-004,7.3838301e-004,7.3838301e-004
4.7252246e+002,7.3664730e-004,7.3664730e-004,7.3664730e-004
4.7253445e+002,7.3516309e-004,7.3516309e-004,7.3516309e-004
4.7254644e+002,7.3401994e-004,7.3401994e-004,7.3401994e-004
4.7255843e+002,7.3301700e-004,7.3301700e-004,7.3301700e-004
4.7257042e+002,7.3184704e-004,7.3184704e-004,7.3184704e-004
4.7258240e+002,7.3027455e-004,7.3027455e-004,7.3027455e-004
4.7259439e+002,7.2849309e-004,7.2849309e-004,7.2849309e-004
4.7260638e+002,7.2685481e-004,7.2685481e-004,7.2685481e-004
4.7261837e+002,7.2563490e-004,7.2563490e-004,7.2563490e-004
4.7263036e+002,7.2464338e-004,7.2464338e-004,7.2464338e-004
4.7264234e+002,7.2351691e-004,7.2351691e-004,7.2351691e-004
4.7265433e+002,7.2196946e-004,7.2196946e-004,7.2196946e-004
4.7266632e+002,7.2018692e-004,7.2018692e-004,7.2018692e-004
4.7267831e+002,7.1853261e-004,7.1853261e-004,7.1853261e-004
4.7269030e+002,7.1729455e-004,7.1729455e-004,7.1729455e-004
4.7270228e+002,7.1629670e-004,7.1629670e-004,7.1629670e-004
4.7271427e+002,7.1518698e-004,7.1518698e-004,7.1518698e-004
4.7272626e+002,7.1368194e-004,7.1368194e-004,7.1368194e-004
4.7273825e+002,7.1192530e-004,7.1192530e-004,7.1192530e-004
4.7275024e+002,7.1022412e-004,7.1022412e-004,7.1022412e-004
4.7276222e+002,7.0883970e-004,7.0883970e-004,7.0883970e-004
4.7277421e+002,7.0774482e-004,7.0774482e-004,7.0774482e-004
4.7278620e+002,7.0680099e-004,7.0680099e-004,7.0680099e-004
4.7279819e+002,7.0587118e-004,7.0587118e-004,7.0587118e-004
4.7281018e+002,7.0482944e-004,7.0482944e-004,7.0482944e-004
4.7282216e+002,7.0355407e-004,7.0355407e-004,7.0355407e-004
4.7283415e+002,7.0196166e-004,7.0196166e-004,7.0196166e-004
4.7284614e+002,7.0021249e-004,7.0021249e-004,7.0021249e-004
4.7285813e+002,6.9856251e-004,6.9856251e-004,6.9856251e-004
4.7287012e+002,6.9722577e-004,6.9722577e-004,6.9722577e-004
4.7288210e+002,6.9614531e-004,6.9614531e-004,6.9614531e-004
4.7289409e+002,6.9515686e-004,6.9515686e-004,6.9515686e-004
4.7290608e+002,6.9411545e-004,6.9411545e-004,6.9411545e-004
4.7291807e+002,6.9300294e-004,6.9300294e-004,6.9300294e-004
4.7293006e+002,6.9185186e-004,6.9185186e-004,6.9185186e-004
4.7294204e+002,6.9069500e-004,6.9069500e-004,6.9069500e-004
4.7295403e+002,6.8956592e-004,6.8956592e-004,6.8956592e-004
4.7296602e+002,6.8849849e-004,6.8849849e-004,6.8849849e-004
4.7297801e+002,6.8750699e-004,6.8750699e-004,6.8750699e-004
4.7299000e+002,6.8647606e-004,6.8647606e-004,6.8647606e-004
4.7300198e+002,6.8523771e-004,6.8523771e-004,6.8523771e-004
4.7301397e+002,6.8366576e-004,6.8366576e-004,6.8366576e-004
4.7302596e+002,6.8191446e-004,6.8191446e-004,6.8191446e-004
4.7303795e+002,6.8025301e-004,6.8025301e-004,6.8025301e-004
4.7304994e+002,6.7890906e-004,6.7890906e-004,6.7890906e-004
4.7306192e+002,6.7782818e-004,6.7782818e-004,6.7782818e-004
4.7307391e+002,6.7683936e-004,6.7683936e-004,6.7683936e-004
4.7308590e+002,6.7579170e-004,6.7579170e-004,6.7579170e-004
4.7309789e+002,6.7467366e-004,6.7467366e-004,6.7467366e-004
4.7310988e+002,6.7353179e-004,6.7353179e-004,6.7353179e-004
4.7312186e+002,6.7240705e-004,6.7240705e-004,6.7240705e-004
4.7313385e+002,6.7130061e-004,6.7130061e-004,6.7130062e-004
4.7314584e+002,6.7019697e-004,6.7019697e-004,6.7019697e-004
4.7315783e+002,6.6908341e-004,6.6908341e-004,6.6908339e-004
4.7316982e+002,6.6796705e-004,6.6796705e-004,6.6796702e-004
4.7318180e+002,6.6686344e-004,6.6686344e-004,6.6686344e-004
4.7319379e+002,6.6578251e-004,6.6578251e-004,6.6578256e-004
4.7320578e+002,6.6469454e-004,6.6469454e-004,6.6469462e-004
4.7321777e+002,6.6355284e-004,6.6355284e-004,6.6355286e-004
4.7322976e+002,6.6233026e-004,6.6233026e-004,6.6233009e-004
4.7324174e+002,6.6113823e-004,6.6113823e-004,6.6113791e-004
4.7325373e+002,6.6014786e-004,6.6014786e-004,6.6014776e-004
4.7326572e+002,6.5949138e-004,6.5949138e-004,6.5949201e-004
4.7327771e+002,6.5902136e-004,6.5902136e-004,6.5902253e-004
4.7328970e+002,6.5846881e-004,6.5846881e-004,6.5846920e-004
4.7330168e+002,6.5760267e-004,6.5760267e-004,6.5760032e-004
4.7331367e+002,6.5646901e-004,6.5646901e-004,6.5646464e-004
4.7332566e+002,6.5523539e-004,6.5523539e-004,6.5523389e-004
4.7333765e+002,6.5405235e-004,6.5405235e-004,6.5406111e-004
4.7334964e+002,6.5294297e-004,6.5294297e-004,6.5295930e-004
4.7336162e+002,6.5187396e-004,6.5187396e-004,6.5187960e-004
4.7337361e+002,6.5081172e-004,6.5081172e-004,6.5077917e-004
4.7338560e+002,6.4972249e-004,6.4972249e-004,6.4966156e-004
4.7339759e+002,6.4857239e-004,6.4857239e-004,6.4855105e-004
4.7340958e+002,6.4734480e-004,6.4734480e-004,6.4746582e-004
4.7342156e+002,6.4615095e-004,6.4615095e-004,6.4637829e-004
4.7343355e+002,6.4515959e-004,6.4515959e-004,6.4524027e-004
4.7344554e+002,6.4450262e-004,6.4450262e-004,6.4402173e-004
4.7345753e+002,6.4403382e-004,6.4403382e-004,6.4282916e-004
4.7346952e+002,6.4348087e-004,6.4348087e-004,6.4183099e-004
4.7348150e+002,6.4260878e-004,6.4260878e-004,6.4116054e-004
4.7349349e+002,6.4146981e-004,6.4146981e-004,6.4068350e-004
4.7350548e+002,6.4024758e-004,6.4024758e-004,6.4014311e-004
4.7351747e+002,6.3910347e-004,6.3910347e-004,6.3931316e-004
4.7352946e+002,6.3802369e-004,6.3802369e-004,6.3820553e-004
4.7354144e+002,6.3691367e-004,6.3691367e-004,6.3694194e-004
4.7355343e+002,6.3570199e-004,6.3570199e-004,6.3564589e-004
4.7356542e+002,6.3449927e-004,6.3449927e-004,6.3445044e-004
4.7357741e+002,6.3350074e-004,6.3350074e-004,6.3349305e-004
4.7358940e+002,6.3286085e-004,6.3286085e-004,6.3287586e-004
4.7360138e+002,6.3241261e-004,6.3241261e-004,6.3242572e-004
4.7361337e+002,6.3183829e-004,6.3183829e-004,6.3184038e-004
4.7362536e+002,6.3087154e-004,6.3087154e-004,6.3086752e-004
4.7363735e+002,6.2965702e-004,6.2965702e-004,6.2965350e-004
4.7364934e+002,6.2853373e-004,6.2853373e-004,6.2853316e-004
4.7366132e+002,6.2779136e-004,6.2779136e-004,6.2779243e-004
4.7367331e+002,6.2731871e-004,6.2731871e-004,6.2731966e-004
4.7368530e+002,6.2681343e-004,6.2681343e-004,6.2681358e-004
4.7369729e+002,6.2600600e-004,6.2600600e-004,6.2600571e-004
4.7370928e+002,6.2489983e-004,6.2489983e-004,6.2489957e-004
4.7372126e+002,6.2362955e-004,6.2362955e-004,6.2362951e-004
4.7373325e+002,6.2233029e-004,6.2233029e-004,6.2233037e-004
4.7374524e+002,6.2113434e-004,6.2113434e-004,6.2113441e-004
4.7375723e+002,6.2017260e-004,6.2017260e-004,6.2017262e-004
4.7376922e+002,6.1954412e-004,6.1954412e-004,6.1954410e-004
4.7378120e+002,6.1908735e-004,6.1908735e-004,6.1908733e-004
4.7379319e+002,6.1851335e-004,6.1851335e-004,6.1851335e-004
4.7380518e+002,6.1757570e-004,6.1757570e-004,6.1757570e-004
4.7381717e+002,6.1638630e-004,6.1638630e-004,6.1638630e-004
4.7382916e+002,6.1523374e-004,6.1523374e-004,6.1523374e-004
4.7384114e+002,6.1437673e-004,6.1437673e-004,6.1437673e-004
4.7385313e+002,6.1381431e-004,6.1381431e-004,6.1381430e-004
4.7386512e+002,6.1341643e-004,6.1341643e-004,6.1341642e-004
4.7387711e+002,6.1305180e-004,6.1305180e-004,6.1305180e-004
4.7388910e+002,6.1258657e-004,6.1258657e-004,6.1258657e-004
4.7390108e+002,6.1188557e-004,6.1188557e-004,6.1188557e-004
4.7391307e+002,6.1084522e-004,6.1084522e-004,6.1084522e-004
4.7392506e+002,6.0963096e-004,6.0963096e-004,6.0963096e-004
4.7393705e+002,6.0854413e-004,6.0854413e-004,6.0854413e-004
4.7394904e+002,6.0784160e-004,6.0784160e-004,6.0784160e-004
4.7396102e+002,6.0738856e-004,6.0738856e-004,6.0738856e-004
4.7397301e+002,6.0685065e-004,6.0685065e-004,6.0685065e-004
4.7398500e+002,6.0593694e-004,6.0593694e-004,6.0593694e-004
4.7399699e+002,6.0474773e-004,6.0474773e-004,6.0474773e-004
4.7400898e+002,6.0358431e-004,6.0358431e-004,6.0358431e-004
4.7402096e+002,6.0271893e-004,6.0271893e-004,6.0271893e-004
4.7403295e+002,6.0215487e-004,6.0215487e-004,6.0215487e-004
4.7404494e+002,6.0175603e-004,6.0175603e-004,6.0175603e-004
4.7405693e+002,6.0138612e-004,6.0138612e-004,6.0138612e-004
4.7406892e+002,6.0091747e-004,6.0091747e-004,6.0091747e-004
4.7408090e+002,6.0022694e-004,6.0022694e-004,6.0022694e-004
4.7409289e+002,5.9921752e-004,5.9921752e-004,5.9921752e-004
4.7410488e+002,5.9802559e-004,5.9802559e-004,5.9802559e-004
4.7411687e+002,5.9691051e-004,5.9691051e-004,5.9691051e-004
4.7412886e+002,5.9610311e-004,5.9610311e-004,5.9610311e-004
4.7414084e+002,5.9556664e-004,5.9556664e-004,5.9556664e-004
4.7415283e+002,5.9512228e-004,5.9512228e-004,5.9512228e-004
4.7416482e+002,5.9460786e-004,5.9460786e-004,5.9460786e-004
4.7417681e+002,5.9402549e-004,5.9402549e-004,5.9402549e-004
4.7418880e+002,5.9346523e-004,5.9346523e-004,5.9346523e-004
4.7420078e+002,5.9299998e-004,5.9299998e-004,5.9299998e-004
4.7421277e+002,5.9253676e-004,5.9253676e-004,5.9253676e-004
4.7422476e+002,5.9189301e-004,5.9189301e-004,5.9189301e-004
4.7423675e+002,5.9091490e-004,5.9091490e-004,5.9091490e-004
4.7424874e+002,5.8972438e-004,5.8972438e-004,5.8972438e-004
4.7426072e+002,5.8859349e-004,5.8859349e-004,5.8859349e-004
4.7427271e+002,5.8776726e-004,5.8776726e-004,5.8776726e-004
4.7428470e+002,5.8722228e-004,5.8722228e-004,5.8722228e-004
4.7429669e+002,5.8678781e-004,5.8678781e-004,5.8678781e-004
4.7430868e+002,5.8630543e-004,5.8630543e-004,5.8630543e-004
4.7432066e+002,5.8574790e-004,5.8574790e-004,5.8574790e-004
4.7433265e+002,5.8516063e-004,5.8516063e-004,5.8516063e-004
4.7434464e+002,5.8458610e-004,5.8458610e-004,5.8458610e-004
4.7435663e+002,5.8403174e-004,5.8403174e-004,5.8403174e-004
4.7436862e+002,5.8348538e-004,5.8348538e-004,5.8348538e-004
4.7438060e+002,5.8293564e-004,5.8293564e-004,5.8293564e-004
4.7439259e+002,5.8238048e-004,5.8238048e-004,5.8238048e-004
4.7440458e+002,5.8182317e-004,5.8182317e-004,5.8182317e-004
4.7441657e+002,5.8126676e-004,5.8126676e-004,5.8126676e-004
4.7442856e+002,5.8071180e-004,5.8071180e-004,5.8071180e-004
4.7444054e+002,5.8015742e-004,5.8015742e-004,5.8015742e-004
4.7445253e+002,5.7960281e-004,5.7960281e-004,5.7960281e-004
4.7446452e+002,5.7904780e-004,5.7904780e-004,5.7904780e-004
4.7447651e+002,5.7849264e-004,5.7849264e-004,5.7849264e-004
4.7448850e+002,5.7793754e-004,5.7793754e-004,5.7793754e-004
4.7450048e+002,5.7738254e-004,5.7738254e-004,5.7738254e-004
4.7451247e+002,5.7682759e-004,5.7682759e-004,5.7682759e-004
4.7452446e+002,5.7627262e-004,5.7627262e-004,5.7627262e-004
4.7453645e+002,5.7571762e-004,5.7571762e-004,5.7571762e-004
4.7454844e+002,5.7516261e-004,5.7516261e-004,5.7516261e-004
4.7456042e+002,5.7460760e-004,5.7460760e-004,5.7460760e-004
4.7457241e+002,5.7405261e-004,5.7405261e-004,5.7405261e-004
4.7458440e+002,5.7349761e-004,5.7349761e-004,5.7349761e-004
4.7459639e+002,5.7294261e-004,5.7294261e-004,5.7294261e-004
4.7460838e+002,5.7238761e-004,5.7238761e-004,5.7238761e-004
4.7462036e+002,5.7183262e-004,5.7183262e-004,5.7183262e-004
4.7463235e+002,5.7127763e-004,5.7127763e-004,5.7127763e-004
4.7464434e+002,5.7072264e-004,5.7072264e-004,5.7072264e-004
4.7465633e+002,5.7016764e-004,5.7016764e-004,5.7016764e-004
4.7466832e+002,5.6961260e-004,5.6961260e-004,5.6961260e-004
4.7468030e+002,5.6905757e-004,5.6905757e-004,5.6905757e-004
4.7469229e+002,5.6850260e-004,5.6850260e-004,5.6850260e-004
4.7470428e+002,5.6794775e-004,5.6794775e-004,5.6794775e-004
4.7471627e+002,5.6739288e-004,5.6739288e-004,5.6739288e-004
4.7472826e+002,5.6683777e-004,5.6683777e-004,5.6683777e-004
4.7474024e+002,5.6628222e-004,5.6628222e-004,5.6628222e-004
4.7475223e+002,5.6572673e-004,5.6572673e-004,5.6572673e-004
4.7476422e+002,5.6517217e-004,5.6517217e-004,5.6517217e-004
4.7477621e+002,5.6461921e-004,5.6461921e-004,5.6461921e-004
4.7478820e+002,5.6406607e-004,5.6406607e-004,5.6406607e-004
4.7480018e+002,5.6350944e-004,5.6350944e-004,5.6350944e-004
4.7481217e+002,5.6294685e-004,5.6294685e-004,5.6294685e-004
4.7482416e+002,5.6238492e-004,5.6238492e-004,5.6238492e-004
4.7483615e+002,5.6183595e-004,5.6183595e-004,5.6183595e-004
4.7484814e+002,5.6130924e-004,5.6130924e-004,5.6130924e-004
4.7486012e+002,5.6078017e-004,5.6078017e-004,5.6078017e-004
4.7487211e+002,5.6020291e-004,5.6020291e-004,5.6020291e-004
4.7488410e+002,5.5954255e-004,5.5954255e-004,5.5954255e-004
4.7489609e+002,5.5889050e-004,5.5889050e-004,5.5889050e-004
4.7490808e+002,5.5841777e-004,5.5841777e-004,5.5841777e-004
4.7492006e+002,5.5827397e-004,5.5827397e-004,5.5827397e-004
4.7493205e+002,5.5835149e-004,5.5835149e-004,5.5835149e-004
4.7494404e+002,5.5837939e-004,5.5837939e-004,5.5837939e-004
4.7495603e+002,5.5810698e-004,5.5810698e-004,5.5810698e-004
4.7496802e+002,5.5754662e-004,5.5754662e-004,5.5754662e-004
4.7498000e+002,5.5687901e-004,5.5687901e-004,5.5687901e-004
4.7499199e+002,5.5627405e-004,5.5627405e-004,5.5627405e-004
4.7500398e+002,5.5574410e-004,5.5574410e-004,5.5574410e-004
4.7501597e+002,5.5519986e-004,5.5519986e-004,5.5519986e-004
4.7502796e+002,5.5456361e-004,5.5456361e-004,5.5456361e-004
4.7503994e+002,5.5391298e-004,5.5391298e-004,5.5391298e-004
4.7505193e+002,5.5342671e-004,5.5342671e-004,5.5342671e-004
4.7506392e+002,5.5326401e-004,5.5326401e-004,5.5326401e-004
4.7507591e+002,5.5333167e-004,5.5333167e-004,5.5333167e-004
4.7508790e+002,5.5337100e-004,5.5337100e-004,5.5337100e-004
4.7509988e+002,5.5313887e-004,5.5313887e-004,5.5313887e-004
4.7511187e+002,5.5261362e-004,5.5261362e-004,5.5261362e-004
4.7512386e+002,5.5191994e-004,5.5191994e-004,5.5191994e-004
4.7513585e+002,5.5118485e-004,5.5118485e-004,5.5118485e-004
4.7514784e+002,5.5053219e-004,5.5053219e-004,5.5053219e-004
4.7515982e+002,5.5008365e-004,5.5008365e-004,5.5008365e-004
4.7517181e+002,5.4994401e-004,5.4994401e-004,5.4994401e-004
4.7518380e+002,5.5001052e-004,5.5001052e-004,5.5001052e-004
4.7519579e+002,5.5004105e-004,5.5004105e-004,5.5004105e-004
4.7520778e+002,5.4980745e-004,5.4980745e-004,5.4980745e-004
4.7521976e+002,5.4928675e-004,5.4928675e-004,5.4928675e-004
4.7523175e+002,5.4859493e-004,5.4859493e-004,5.4859493e-004
4.7524374e+002,5.4785152e-004,5.4785152e-004,5.4785152e-004
4.7525573e+002,5.4718787e-004,5.4718787e-004,5.4718787e-004
4.7526772e+002,5.4674344e-004,5.4674344e-004,5.4674344e-004
4.7527970e+002,5.4663804e-004,5.4663804e-004,5.4663804e-004
4.7529169e+002,5.4674017e-004,5.4674017e-004,5.4674017e-004
4.7530368e+002,5.4674553e-004,5.4674553e-004,5.4674553e-004
4.7531567e+002,5.4637519e-004,5.4637519e-004,5.4637519e-004
4.7532766e+002,5.4572026e-004,5.4572026e-004,5.4572026e-004
4.7533964e+002,5.4512836e-004,5.4512836e-004,5.4512836e-004
4.7535163e+002,5.4492139e-004,5.4492139e-004,5.4492139e-004
4.7536362e+002,5.4502039e-004,5.4502039e-004,5.4502039e-004
4.7537561e+002,5.4506626e-004,5.4506626e-004,5.4506626e-004
4.7538760e+002,5.4472523e-004,5.4472523e-004,5.4472523e-004
4.7539958e+002,5.4407179e-004,5.4407179e-004,5.4407179e-004
4.7541157e+002,5.4346801e-004,5.4346801e-004,5.4346801e-004
4.7542356e+002,5.4325116e-004,5.4325116e-004,5.4325116e-004
4.7543555e+002,5.4334914e-004,5.4334914e-004,5.4334914e-004
4.7544754e+002,5.4339922e-004,5.4339922e-004,5.4339922e-004
4.7545952e+002,5.4306286e-004,5.4306286e-004,5.4306286e-004
4.7547151e+002,5.4241031e-004,5.4241031e-004,5.4241031e-004
4.7548350e+002,5.4180438e-004,5.4180438e-004,5.4180438e-004
4.7549549e+002,5.4158422e-004,5.4158422e-004,5.4158422e-004
4.7550748e+002,5.4168131e-004,5.4168131e-004,5.4168131e-004
4.7551946e+002,5.4173301e-004,5.4173301e-004,5.4173301e-004
4.7553145e+002,5.4139970e-004,5.4139970e-004,5.4139970e-004
4.7554344e+002,5.4074817e-004,5.4074817e-004,5.4074817e-004
4.7555543e+002,5.4014069e-004,5.4014069e-004,5.4014069e-004
4.7556742e+002,5.3991711e-004,5.3991711e-004,5.3991711e-004
4.7557940e+002,5.4001270e-004,5.4001270e-004,5.4001270e-004
4.7559139e+002,5.4006621e-004,5.4006621e-004,5.4006621e-004
4.7560338e+002,5.3973808e-004,5.3973808e-004,5.3973808e-004
4.7561537e+002,5.3908985e-004,5.3908985e-004,5.3908985e-004
4.7562736e+002,5.3847940e-004,5.3847940e-004,5.3847940e-004
4.7563934e+002,5.3824406e-004,5.3824406e-004,5.3824406e-004
4.7565133e+002,5.3832963e-004,5.3832963e-004,5.3832963e-004
4.7566332e+002,5.3839038e-004,5.3839038e-004,5.3839038e-004
4.7567531e+002,5.3809854e-004,5.3809854e-004,5.3809854e-004
4.7568730e+002,5.3748546e-004,5.3748546e-004,5.3748546e-004
4.7569928e+002,5.3685200e-004,5.3685200e-004,5.3685200e-004
4.7571127e+002,5.3648900e-004,5.3648900e-004,5.3648900e-004
4.7572326e+002,5.3644546e-004,5.3644546e-004,5.3644546e-004
4.7573525e+002,5.3658743e-004,5.3658743e-004,5.3658743e-004
4.7574724e+002,5.3677701e-004,5.3677701e-004,5.3677701e-004
4.7575922e+002,5.3688479e-004,5.3688479e-004,5.3688479e-004
4.7577121e+002,5.3678783e-004,5.3678783e-004,5.3678783e-004
4.7578320e+002,5.3637716e-004,5.3637716e-004,5.3637716e-004
4.7579519e+002,5.3575035e-004,5.3575035e-004,5.3575035e-004
4.7580718e+002,5.3516369e-004,5.3516369e-004,5.3516369e-004
4.7581916e+002,5.3486186e-004,5.3486186e-004,5.3486186e-004
4.7583115e+002,5.3485288e-004,5.3485288e-004,5.3485288e-004
4.7584314e+002,5.3496143e-004,5.3496143e-004,5.3496143e-004
4.7585513e+002,5.3501688e-004,5.3501688e-004,5.3501688e-004
4.7586712e+002,5.3499374e-004,5.3499374e-004,5.3499374e-004
4.7587910e+002,5.3497983e-004,5.3497983e-004,5.3497983e-004
4.7589109e+002,5.3505651e-004,5.3505651e-004,5.3505651e-004
4.7590308e+002,5.3515885e-004,5.3515885e-004,5.3515885e-004
4.7591507e+002,5.3510678e-004,5.3510678e-004,5.3510678e-004
4.7592706e+002,5.3473260e-004,5.3473260e-004,5.3473260e-004
4.7593904e+002,5.3411122e-004,5.3411122e-004,5.3411122e-004
4.7595103e+002,5.3351003e-004,5.3351003e-004,5.3351003e-004
4.7596302e+002,5.3318690e-004,5.3318690e-004,5.3318690e-004
4.7597501e+002,5.3316544e-004,5.3316544e-004,5.3316544e-004
4.7598700e+002,5.3328194e-004,5.3328194e-004,5.3328194e-004
4.7599898e+002,5.3337415e-004,5.3337415e-004,5.3337415e-004
4.7601097e+002,5.3338704e-004,5.3338704e-004,5.3338704e-004
4.7602296e+002,5.3335200e-004,5.3335200e-004,5.3335200e-004
4.7603495e+002,5.3330287e-004,5.3330287e-004,5.3330287e-004
4.7604694e+002,5.3327333e-004,5.3327333e-004,5.3327333e-004
4.7605892e+002,5.3329693e-004,5.3329693e-004,5.3329693e-004
4.7607091e+002,5.3340080e-004,5.3340080e-004,5.3340080e-004
4.7608290e+002,5.3350612e-004,5.3350612e-004,5.3350612e-004
4.7609489e+002,5.3344739e-004,5.3344739e-004,5.3344739e-004
4.7610688e+002,5.3307031e-004,5.3307031e-004,5.3307031e-004
4.7611886e+002,5.3244964e-004,5.3244964e-004,5.3244964e-004
4.7613085e+002,5.3184916e-004,5.3184916e-004,5.3184916e-004
4.7614284e+002,5.3152465e-004,5.3152465e-004,5.3152465e-004
4.7615483e+002,5.3150200e-004,5.3150200e-004,5.3150200e-004
4.7616682e+002,5.3161589e-004,5.3161589e-004,5.3161589e-004
4.7617880e+002,5.3170179e-004,5.3170179e-004,5.3170179e-004
4.7619079e+002,5.3170804e-004,5.3170804e-004,5.3170804e-004
4.7620278e+002,5.3167757e-004,5.3167757e-004,5.3167757e-004
4.7621477e+002,5.3165448e-004,5.3165448e-004,5.3165448e-004
4.7622676e+002,5.3165276e-004,5.3165276e-004,5.3165276e-004
4.7623874e+002,5.3166091e-004,5.3166091e-004,5.3166091e-004
4.7625073e+002,5.3166712e-004,5.3166712e-004,5.3166712e-004
4.7626272e+002,5.3166759e-004,5.3166759e-004,5.3166759e-004
4.7627471e+002,5.3166541e-004,5.3166541e-004,5.3166541e-004
4.7628670e+002,5.3166374e-004,5.3166374e-004,5.3166374e-004
4.7629868e+002,5.3166361e-004,5.3166361e-004,5.3166361e-004
4.7631067e+002,5.3166419e-004,5.3166419e-004,5.3166419e-004
4.7632266e+002,5.3166465e-004,5.3166465e-004,5.3166465e-004
4.7633465e+002,5.3166470e-004,5.3166470e-004,5.3166470e-004
4.7634664e+002,5.3166454e-004,5.3166454e-004,5.3166454e-004
4.7635862e+002,5.3166438e-004,5.3166438e-004,5.3166438e-004
4.7637061e+002,5.3166433e-004,5.3166433e-004,5.3166433e-004
4.7638260e+002,5.3166439e-004,5.3166439e-004,5.3166439e-004
4.7639459e+002,5.3166455e-004,5.3166455e-004,5.3166455e-004
4.7640658e+002,5.3166471e-004,5.3166471e-004,5.3166471e-004
4.7641856e+002,5.3166463e-004,5.3166463e-004,5.3166463e-004
4.7643055e+002,5.3166413e-004,5.3166413e-004,5.3166413e-004
4.7644254e+002,5.3166357e-004,5.3166357e-004,5.3166357e-004
4.7645453e+002,5.3166383e-004,5.3166383e-004,5.3166383e-004
4.7646652e+002,5.3166566e-004,5.3166566e-004,5.3166566e-004
4.7647850e+002,5.3166772e-004,5.3166772e-004,5.3166772e-004
4.7649049e+002,5.3166679e-004,5.3166679e-004,5.3166679e-004
4.7650248e+002,5.3165998e-004,5.3165998e-004,5.3165998e-004
4.7651447e+002,5.3165227e-004,5.3165227e-004,5.3165227e-004
4.7652646e+002,5.3165570e-004,5.3165570e-004,5.3165570e-004
4.7653844e+002,5.3168103e-004,5.3168103e-004,5.3168103e-004
4.7655043e+002,5.3170986e-004,5.3170986e-004,5.3170986e-004
4.7656242e+002,5.3169728e-004,5.3169728e-004,5.3169728e-004
4.7657441e+002,5.3160297e-004,5.3160297e-004,5.3160297e-004
4.7658640e+002,5.3149517e-004,5.3149517e-004,5.3149517e-004
4.7659838e+002,5.3154139e-004,5.3154139e-004,5.3154139e-004
4.7661037e+002,5.3190174e-004,5.3190174e-004,5.3190174e-004
4.7662236e+002,5.3251664e-004,5.3251664e-004,5.3251664e-004
4.7663435e+002,5.3312421e-004,5.3312421e-004,5.3312421e-004
4.7664634e+002,5.3346575e-004,5.3346575e-004,5.3346575e-004
4.7665832e+002,5.3349998e-004,5.3349998e-004,5.3349998e-004
4.7667031e+002,5.3338738e-004,5.3338738e-004,5.3338738e-004
4.7668230e+002,5.3329122e-004,5.3329122e-004,5.3329122e-004
4.7669429e+002,5.3327476e-004,5.3327476e-004,5.3327476e-004
4.7670628e+002,5.3330777e-004,5.3330777e-004,5.3330777e-004
4.7671826e+002,5.3335641e-004,5.3335641e-004,5.3335641e-004
4.7673025e+002,5.3338741e-004,5.3338741e-004,5.3338741e-004
4.7674224e+002,5.3336800e-004,5.3336800e-004,5.3336800e-004
4.7675423e+002,5.3327005e-004,5.3327005e-004,5.3327005e-004
4.7676622e+002,5.3316249e-004,5.3316249e-004,5.3316249e-004
4.7677820e+002,5.3320652e-004,5.3320652e-004,5.3320652e-004
4.7679019e+002,5.3355730e-004,5.3355730e-004,5.3355730e-004
4.7680218e+002,5.3416332e-004,5.3416332e-004,5.3416332e-004
4.7681417e+002,5.3477515e-004,5.3477515e-004,5.3477515e-004
4.7682616e+002,5.3514408e-004,5.3514408e-004,5.3514408e-004
4.7683814e+002,5.3520837e-004,5.3520837e-004,5.3520837e-004
4.7685013e+002,5.3508684e-004,5.3508684e-004,5.3508684e-004
4.7686212e+002,5.3490555e-004,5.3490555e-004,5.3490555e-004
4.7687411e+002,5.3478856e-004,5.3478856e-004,5.3478856e-004
4.7688610e+002,5.3485790e-004,5.3485790e-004,5.3485790e-004
4.7689808e+002,5.3522755e-004,5.3522755e-004,5.3522755e-004
4.7691007e+002,5.3583404e-004,5.3583404e-004,5.3583404e-004
4.7692206e+002,5.3643990e-004,5.3643990e-004,5.3643990e-004
4.7693405e+002,5.3680814e-004,5.3680814e-004,5.3680814e-004
4.7694604e+002,5.3687689e-004,5.3687689e-004,5.3687689e-004
4.7695802e+002,5.3675741e-004,5.3675741e-004,5.3675741e-004
4.7697001e+002,5.3656874e-004,5.3656874e-004,5.3656874e-004
4.7698200e+002,5.3644000e-004,5.3644000e-004,5.3644000e-004
4.7699399e+002,5.3651036e-004,5.3651036e-004,5.3651036e-004
4.7700598e+002,5.3691018e-004,5.3691018e-004,5.3691018e-004
4.7701796e+002,5.3755588e-004,5.3755588e-004,5.3755588e-004
4.7702995e+002,5.3814916e-004,5.3814916e-004,5.3814916e-004
4.7704194e+002,5.3839571e-004,5.3839571e-004,5.3839571e-004
4.7705393e+002,5.3831580e-004,5.3831580e-004,5.3831580e-004
4.7706592e+002,5.3824804e-004,5.3824804e-004,5.3824804e-004
4.7707790e+002,5.3853091e-004,5.3853091e-004,5.3853091e-004
4.7708989e+002,5.3916242e-004,5.3916242e-004,5.3916242e-004
4.7710188e+002,5.3979347e-004,5.3979347e-004,5.3979347e-004
4.7711387e+002,5.4007361e-004,5.4007361e-004,5.4007361e-004
4.7712586e+002,5.3999857e-004,5.3999857e-004,5.3999857e-004
4.7713784e+002,5.3991986e-004,5.3991986e-004,5.3991986e-004
4.7714983e+002,5.4019112e-004,5.4019112e-004,5.4019112e-004
4.7716182e+002,5.4081982e-004,5.4081982e-004,5.4081982e-004
4.7717381e+002,5.4145480e-004,5.4145480e-004,5.4145480e-004
4.7718580e+002,5.4174210e-004,5.4174210e-004,5.4174210e-004
4.7719778e+002,5.4167114e-004,5.4167114e-004,5.4167114e-004
4.7720977e+002,5.4158983e-004,5.4158983e-004,5.4158983e-004
4.7722176e+002,5.4184965e-004,5.4184965e-004,5.4184965e-004
4.7723375e+002,5.4246712e-004,5.4246712e-004,5.4246712e-004
4.7724574e+002,5.4310636e-004,5.4310636e-004,5.4310636e-004
4.7725772e+002,5.4342666e-004,5.4342666e-004,5.4342666e-004
4.7726971e+002,5.4339425e-004,5.4339425e-004,5.4339425e-004
4.7728170e+002,5.4330086e-004,5.4330086e-004,5.4330086e-004
4.7729369e+002,5.4344596e-004,5.4344596e-004,5.4344596e-004
4.7730568e+002,5.4392255e-004,5.4392255e-004,5.4392255e-004
4.7731766e+002,5.4460294e-004,5.4460294e-004,5.4460294e-004
4.7732965e+002,5.4534895e-004,5.4534895e-004,5.4534895e-004
4.7734164e+002,5.4602960e-004,5.4602960e-004,5.4602960e-004
4.7735363e+002,5.4652172e-004,5.4652172e-004,5.4652172e-004
4.7736562e+002,5.4670910e-004,5.4670910e-004,5.4670910e-004
4.7737760e+002,5.4665145e-004,5.4665145e-004,5.4665145e-004
4.7738959e+002,5.4659956e-004,5.4659956e-004,5.4659956e-004
4.7740158e+002,5.4680637e-004,5.4680637e-004,5.4680637e-004
4.7741357e+002,5.4732340e-004,5.4732340e-004,5.4732340e-004
4.7742556e+002,5.4798174e-004,5.4798174e-004,5.4798174e-004
4.7743754e+002,5.4860572e-004,5.4860572e-004,5.4860572e-004
4.7744953e+002,5.4914312e-004,5.4914312e-004,5.4914312e-004
4.7746152e+002,5.4967779e-004,5.4967779e-004,5.4967779e-004
4.7747351e+002,5.5029619e-004,5.5029619e-004,5.5029619e-004
4.7748550e+002,5.5096038e-004,5.5096038e-004,5.5096038e-004
4.7749748e+002,5.5149417e-004,5.5149417e-004,5.5149417e-004
4.7750947e+002,5.5172138e-004,5.5172138e-004,5.5172138e-004
4.7752146e+002,5.5167215e-004,5.5167215e-004,5.5167215e-004
4.7753345e+002,5.5160780e-004,5.5160780e-004,5.5160780e-004
4.7754544e+002,5.5179494e-004,5.5179494e-004,5.5179494e-004
4.7755742e+002,5.5229979e-004,5.5229979e-004,5.5229979e-004
4.7756941e+002,5.5296222e-004,5.5296222e-004,5.5296222e-004
4.7758140e+002,5.5361333e-004,5.5361333e-004,5.5361333e-004
4.7759339e+002,5.5418196e-004,5.5418196e-004,5.5418196e-004
4.7760538e+002,5.5470823e-004,5.5470823e-004,5.5470823e-004
4.7761736e+002,5.5523741e-004,5.5523741e-004,5.5523741e-004
4.7762935e+002,5.5578870e-004,5.5578870e-004,5.5578870e-004
4.7764134e+002,5.5635138e-004,5.5635138e-004,5.5635138e-004
4.7765333e+002,5.5691331e-004,5.5691331e-004,5.5691331e-004
4.7766532e+002,5.5746932e-004,5.5746932e-004,5.5746932e-004
4.7767730e+002,5.5802226e-004,5.5802226e-004,5.5802226e-004
4.7768929e+002,5.5857539e-004,5.5857539e-004,5.5857539e-004
4.7770128e+002,5.5913012e-004,5.5913012e-004,5.5913012e-004
4.7771327e+002,5.5968566e-004,5.5968566e-004,5.5968566e-004
4.7772526e+002,5.6024117e-004,5.6024117e-004,5.6024117e-004
4.7773724e+002,5.6079625e-004,5.6079625e-004,5.6079625e-004
4.7774923e+002,5.6135110e-004,5.6135110e-004,5.6135110e-004
4.7776122e+002,5.6190593e-004,5.6190593e-004,5.6190593e-004
4.7777321e+002,5.6246087e-004,5.6246087e-004,5.6246087e-004
4.7778520e+002,5.6301591e-004,5.6301591e-004,5.6301591e-004
4.7779718e+002,5.6357107e-004,5.6357107e-004,5.6357107e-004
4.7780917e+002,5.6412622e-004,5.6412622e-004,5.6412622e-004
4.7782116e+002,5.6468118e-004,5.6468118e-004,5.6468118e-004
4.7783315e+002,5.6523573e-004,5.6523573e-004,5.6523573e-004
4.7784514e+002,5.6579015e-004,5.6579015e-004,5.6579015e-004
4.7785712e+002,5.6634526e-004,5.6634526e-004,5.6634526e-004
4.7786911e+002,5.6690188e-004,5.6690188e-004,5.6690188e-004
4.7788110e+002,5.6745903e-004,5.6745903e-004,5.6745903e-004
4.7789309e+002,5.6801363e-004,5.6801363e-004,5.6801363e-004
4.7790508e+002,5.6856262e-004,5.6856262e-004,5.6856262e-004
4.7791706e+002,5.6910955e-004,5.6910955e-004,5.6910955e-004
4.7792905e+002,5.6966601e-004,5.6966601e-004,5.6966601e-004
4.7794104e+002,5.7024335e-004,5.7024335e-004,5.7024335e-004
4.7795303e+002,5.7082849e-004,5.7082849e-004,5.7082849e-004
4.7796502e+002,5.7137822e-004,5.7137822e-004,5.7137822e-004
4.7797700e+002,5.7185008e-004,5.7185008e-004,5.7185008e-004
4.7798899e+002,5.7229245e-004,5.7229245e-004,5.7229245e-004
4.7800098e+002,5.7286644e-004,5.7286644e-004,5.7286644e-004
4.7801297e+002,5.7373514e-004,5.7373514e-004,5.7373514e-004
4.7802496e+002,5.7488078e-004,5.7488078e-004,5.7488078e-004
4.7803694e+002,5.7605935e-004,5.7605935e-004,5.7605935e-004
4.7804893e+002,5.7701707e-004,5.7701707e-004,5.7701707e-004
4.7806092e+002,5.7766253e-004,5.7766253e-004,5.7766253e-004
4.7807291e+002,5.7810904e-004,5.7810904e-004,5.7810904e-004
4.7808490e+002,5.7848293e-004,5.7848293e-004,5.7848293e-004
4.7809688e+002,5.7890869e-004,5.7890869e-004,5.7890869e-004
4.7810887e+002,5.7950846e-004,5.7950846e-004,5.7950846e-004
4.7812086e+002,5.8040015e-004,5.8040015e-004,5.8040015e-004
4.7813285e+002,5.8154815e-004,5.8154815e-004,5.8154815e-004
4.7814484e+002,5.8272025e-004,5.8272025e-004,5.8272025e-004
4.7815682e+002,5.8367534e-004,5.8367534e-004,5.8367534e-004
4.7816881e+002,5.8432419e-004,5.8432419e-004,5.8432419e-004
4.7818080e+002,5.8477360e-004,5.8477360e-004,5.8477360e-004
4.7819279e+002,5.8514352e-004,5.8514352e-004,5.8514352e-004
4.7820478e+002,5.8556030e-004,5.8556030e-004,5.8556030e-004
4.7821676e+002,5.8615853e-004,5.8615853e-004,5.8615853e-004
4.7822875e+002,5.8706898e-004,5.8706898e-004,5.8706898e-004
4.7824074e+002,5.8824658e-004,5.8824658e-004,5.8824658e-004
4.7825273e+002,5.8941574e-004,5.8941574e-004,5.8941574e-004
4.7826472e+002,5.9029114e-004,5.9029114e-004,5.9029114e-004
4.7827670e+002,5.9082644e-004,5.9082644e-004,5.9082644e-004
4.7828869e+002,5.9129120e-004,5.9129120e-004,5.9129120e-004
4.7830068e+002,5.9197242e-004,5.9197242e-004,5.9197242e-004
4.7831267e+002,5.9298301e-004,5.9298301e-004,5.9298301e-004
4.7832466e+002,5.9420388e-004,5.9420388e-004,5.9420388e-004
4.7833664e+002,5.9550001e-004,5.9550001e-004,5.9550001e-004
4.7834863e+002,5.9674262e-004,5.9674262e-004,5.9674262e-004
4.7836062e+002,5.9781134e-004,5.9781134e-004,5.9781134e-004
4.7837261e+002,5.9858983e-004,5.9858983e-004,5.9858983e-004
4.7838460e+002,5.9910928e-004,5.9910928e-004,5.9910928e-004
4.7839658e+002,5.9960057e-004,5.9960057e-004,5.9960057e-004
4.7840857e+002,6.0030540e-004,6.0030540e-004,6.0030540e-004
4.7842056e+002,6.0131774e-004,6.0131774e-004,6.0131774e-004
4.7843255e+002,6.0253011e-004,6.0253011e-004,6.0253011e-004
4.7844454e+002,6.0382046e-004,6.0382046e-004,6.0382046e-004
4.7845652e+002,6.0506502e-004,6.0506502e-004,6.0506502e-004
4.7846851e+002,6.0613757e-004,6.0613757e-004,6.0613757e-004
4.7848050e+002,6.0691513e-004,6.0691513e-004,6.0691513e-004
4.7849249e+002,6.0742793e-004,6.0742793e-004,6.0742793e-004
4.7850448e+002,6.0791860e-004,6.0791860e-004,6.0791860e-004
4.7851646e+002,6.0864174e-004,6.0864174e-004,6.0864174e-004
4.7852845e+002,6.0968293e-004,6.0968293e-004,6.0968293e-004
4.7854044e+002,6.1089160e-004,6.1089160e-004,6.1089160e-004
4.7855243e+002,6.1210139e-004,6.1210139e-004,6.1210139e-004
4.7856442e+002,6.1323004e-004,6.1323004e-004,6.1323004e-004
4.7857640e+002,6.1431366e-004,6.1431366e-004,6.1431366e-004
4.7858839e+002,6.1539683e-004,6.1539683e-004,6.1539683e-004
4.7860038e+002,6.1650173e-004,6.1650173e-004,6.1650173e-004
4.7861237e+002,6.1761878e-004,6.1761878e-004,6.1761878e-004
4.7862436e+002,6.1873608e-004,6.1873608e-004,6.1873608e-004
4.7863634e+002,6.1984760e-004,6.1984760e-004,6.1984760e-004
4.7864833e+002,6.2095570e-004,6.2095570e-004,6.2095570e-004
4.7866032e+002,6.2206336e-004,6.2206336e-004,6.2206336e-004
4.7867231e+002,6.2317240e-004,6.2317240e-004,6.2317240e-004
4.7868430e+002,6.2428293e-004,6.2428293e-004,6.2428293e-004
4.7869628e+002,6.2539494e-004,6.2539494e-004,6.2539494e-004
4.7870827e+002,6.2650725e-004,6.2650725e-004,6.2650725e-004
4.7872026e+002,6.2761699e-004,6.2761699e-004,6.2761699e-004
4.7873225e+002,6.2872127e-004,6.2872127e-004,6.2872127e-004
4.7874424e+002,6.2982298e-004,6.2982298e-004,6.2982298e-004
4.7875622e+002,6.3093342e-004,6.3093342e-004,6.3093342e-004
4.7876821e+002,6.3206417e-004,6.3206417e-004,6.3206417e-004
4.7878020e+002,6.3320504e-004,6.3320504e-004,6.3320504e-004
4.7879219e+002,6.3431366e-004,6.3431366e-004,6.3431366e-004
4.7880418e+002,6.3534658e-004,6.3534658e-004,6.3534658e-004
4.7881616e+002,6.3634127e-004,6.3634127e-004,6.3634127e-004
4.7882815e+002,6.3745576e-004,6.3745576e-004,6.3745576e-004
4.7884014e+002,6.3885494e-004,6.3885494e-004,6.3885494e-004
4.7885213e+002,6.4054296e-004,6.4054296e-004,6.4054296e-004
4.7886412e+002,6.4228258e-004,6.4228258e-004,6.4228258e-004
4.7887610e+002,6.4381928e-004,6.4381928e-004,6.4381928e-004
4.7888809e+002,6.4504117e-004,6.4504117e-004,6.4504117e-004
4.7890008e+002,6.4605227e-004,6.4605227e-004,6.4605227e-004
4.7891207e+002,6.4697467e-004,6.4697467e-004,6.4697467e-004
4.7892406e+002,6.4793661e-004,6.4793661e-004,6.4793661e-004
4.7893604e+002,6.4907570e-004,6.4907570e-004,6.4907570e-004
4.7894803e+002,6.5052750e-004,6.5052750e-004,6.5052750e-004
4.7896002e+002,6.5226200e-004,6.5226200e-004,6.5226200e-004
4.7897201e+002,6.5399456e-004,6.5399456e-004,6.5399456e-004
4.7898400e+002,6.5542294e-004,6.5542294e-004,6.5542294e-004
4.7899598e+002,6.5648731e-004,6.5648731e-004,6.5648731e-004
4.7900797e+002,6.5750361e-004,6.5750361e-004,6.5750361e-004
4.7901996e+002,6.5881594e-004,6.5881594e-004,6.5881594e-004
4.7903195e+002,6.6051178e-004,6.6051178e-004,6.6051178e-004
4.7904394e+002,6.6227775e-004,6.6227775e-004,6.6227775e-004
4.7905592e+002,6.6376941e-004,6.6376941e-004,6.6376941e-004
4.7906791e+002,6.6488210e-004,6.6488210e-004,6.6488210e-004
4.7907990e+002,6.6588891e-004,6.6588891e-004,6.6588891e-004
4.7909189e+002,6.6709359e-004,6.6709359e-004,6.6709359e-004
4.7910388e+002,6.6863789e-004,6.6863789e-004,6.6863789e-004
4.7911586e+002,6.7040634e-004,6.7040634e-004,6.7040634e-004
4.7912785e+002,6.7226069e-004,6.7226069e-004,6.7226069e-004
4.7913984e+002,6.7406856e-004,6.7406856e-004,6.7406856e-004
4.7915183e+002,6.7570686e-004,6.7570686e-004,6.7570686e-004
4.7916382e+002,6.7705543e-004,6.7705543e-004,6.7705543e-004
4.7917580e+002,6.7813108e-004,6.7813108e-004,6.7813108e-004
4.7918779e+002,6.7917171e-004,6.7917171e-004,6.7917171e-004
4.7919978e+002,6.8043306e-004,6.8043306e-004,6.8043306e-004
4.7921177e+002,6.8201707e-004,6.8201707e-004,6.8201707e-004
4.7922376e+002,6.8377557e-004,6.8377557e-004,6.8377557e-004
4.7923574e+002,6.8553857e-004,6.8553857e-004,6.8553857e-004
4.7924773e+002,6.8721752e-004,6.8721752e-004,6.8721752e-004
4.7925972e+002,6.8885734e-004,6.8885734e-004,6.8885734e-004
4.7927171e+002,6.9051479e-004,6.9051479e-004,6.9051479e-004
4.7928370e+002,6.9220571e-004,6.9220571e-004,6.9220571e-004
4.7929568e+002,6.9387829e-004,6.9387829e-004,6.9387829e-004
4.7930767e+002,6.9547551e-004,6.9547551e-004,6.9547551e-004
4.7931966e+002,6.9702259e-004,6.9702259e-004,6.9702259e-004
4.7933165e+002,6.9868178e-004,6.9868178e-004,6.9868178e-004
4.7934364e+002,7.0062622e-004,7.0062622e-004,7.0062622e-004
4.7935562e+002,7.0287183e-004,7.0287183e-004,7.0287183e-004
4.7936761e+002,7.0517036e-004,7.0517036e-004,7.0517036e-004
4.7937960e+002,7.0725031e-004,7.0725031e-004,7.0725031e-004
4.7939159e+002,7.0899833e-004,7.0899833e-004,7.0899833e-004
4.7940358e+002,7.1056893e-004,7.1056893e-004,7.1056893e-004
4.7941556e+002,7.1214141e-004,7.1214141e-004,7.1214141e-004
4.7942755e+002,7.1380522e-004,7.1380522e-004,7.1380522e-004
4.7943954e+002,7.1549647e-004,7.1549647e-004,7.1549647e-004
4.7945153e+002,7.1713717e-004,7.1713717e-004,7.1713717e-004
4.7946352e+002,7.1872304e-004,7.1872304e-004,7.1872304e-004
4.7947550e+002,7.2037672e-004,7.2037672e-004,7.2037672e-004
4.7948749e+002,7.2223246e-004,7.2223246e-004,7.2223246e-004
4.7949948e+002,7.2434651e-004,7.2434651e-004,7.2434651e-004
4.7951147e+002,7.2663985e-004,7.2663985e-004,7.2663985e-004
4.7952346e+002,7.2901977e-004,7.2901977e-004,7.2901977e-004
4.7953544e+002,7.3137936e-004,7.3137936e-004,7.3137936e-004
4.7954743e+002,7.3358686e-004,7.3358686e-004,7.3358686e-004
4.7955942e+002,7.3550952e-004,7.3550952e-004,7.3550952e-004
4.7957141e+002,7.3714815e-004,7.3714815e-004,7.3714815e-004
4.7958340e+002,7.3873909e-004,7.3873909e-004,7.3873909e-004
4.7959538e+002,7.4054108e-004,7.4054108e-004,7.4054108e-004
4.7960737e+002,7.4266856e-004,7.4266856e-004,7.4266856e-004
4.7961936e+002,7.4497933e-004,7.4497933e-004,7.4497933e-004
4.7963135e+002,7.4730551e-004,7.4730551e-004,7.4730551e-004
4.7964334e+002,7.4955067e-004,7.4955067e-004,7.4955067e-004
4.7965532e+002,7.5174643e-004,7.5174643e-004,7.5174643e-004
4.7966731e+002,7.5393755e-004,7.5393755e-004,7.5393755e-004
4.7967930e+002,7.5615013e-004,7.5615013e-004,7.5615013e-004
4.7969129e+002,7.5837654e-004,7.5837654e-004,7.5837654e-004
4.7970328e+002,7.6060564e-004,7.6060564e-004,7.6060564e-004
4.7971526e+002,7.6282990e-004,7.6282990e-004,7.6282990e-004
4.7972725e+002,7.6504837e-004,7.6504837e-004,7.6504837e-004
4.7973924e+002,7.6726087e-004,7.6726087e-004,7.6726087e-004
4.7975123e+002,7.6947126e-004,7.6947126e-004,7.6947126e-004
4.7976322e+002,7.7169087e-004,7.7169087e-004,7.7169087e-004
4.7977520e+002,7.7393163e-004,7.7393163e-004,7.7393163e-004
4.7978719e+002,7.7618577e-004,7.7618577e-004,7.7618577e-004
4.7979918e+002,7.7840896e-004,7.7840896e-004,7.7840896e-004
4.7981117e+002,7.8055361e-004,7.8055361e-004,7.8055361e-004
4.7982316e+002,7.8264655e-004,7.8264655e-004,7.8264655e-004
4.7983514e+002,7.8485358e-004,7.8485358e-004,7.8485358e-004
4.7984713e+002,7.8735425e-004,7.8735425e-004,7.8735425e-004
4.7985912e+002,7.9017091e-004,7.9017091e-004,7.9017091e-004
4.7987111e+002,7.9302980e-004,7.9302980e-004,7.9302980e-004
4.7988310e+002,7.9562617e-004,7.9562617e-004,7.9562617e-004
4.7989508e+002,7.9785176e-004,7.9785176e-004,7.9785176e-004
4.7990707e+002,7.9997139e-004,7.9997139e-004,7.9997139e-004
4.7991906e+002,8.0229022e-004,8.0229022e-004,8.0229022e-004
4.7993105e+002,8.0495812e-004,8.0495812e-004,8.0495812e-004
4.7994304e+002,8.0782760e-004,8.0782760e-004,8.0782760e-004
4.7995502e+002,8.1071825e-004,8.1071825e-004,8.1071825e-004
4.7996701e+002,8.1352229e-004,8.1352229e-004,8.1352229e-004
4.7997900e+002,8.1627206e-004,8.1627206e-004,8.1627206e-004
4.7999099e+002,8.1901576e-004,8.1901576e-004,8.1901576e-004
4.8000298e+002,8.2178249e-004,8.2178249e-004,8.2178249e-004
4.8001496e+002,8.2456416e-004,8.2456416e-004,8.2456416e-004
4.8002695e+002,8.2734844e-004,8.2734844e-004,8.2734844e-004
4.8003894e+002,8.3012719e-004,8.3012719e-004,8.3012719e-004
4.8005093e+002,8.3290060e-004,8.3290060e-004,8.3290060e-004
4.8006292e+002,8.3566980e-004,8.3566980e-004,8.3566980e-004
4.8007490e+002,8.3843802e-004,8.3843802e-004,8.3843802e-004
4.8008689e+002,8.4121265e-004,8.4121265e-004,8.4121265e-004
4.8009888e+002,8.4400146e-004,8.4400146e-004,8.4400146e-004
4.8011087e+002,8.4679974e-004,8.4679974e-004,8.4679974e-004
4.8012286e+002,8.4957784e-004,8.4957784e-004,8.4957784e-004
4.8013484e+002,8.5230351e-004,8.5230351e-004,8.5230351e-004
4.8014683e+002,8.5499207e-004,8.5499207e-004,8.5499207e-004
4.8015882e+002,8.5775459e-004,8.5775459e-004,8.5775459e-004
4.8017081e+002,8.6071316e-004,8.6071316e-004,8.6071316e-004
4.8018280e+002,8.6392561e-004,8.6392561e-004,8.6392561e-004
4.8019478e+002,8.6731942e-004,8.6731942e-004,8.6731942e-004
4.8020677e+002,8.7080620e-004,8.7080620e-004,8.7080620e-004
4.8021876e+002,8.7428231e-004,8.7428231e-004,8.7428231e-004
4.8023075e+002,8.7761292e-004,8.7761292e-004,8.7761292e-004
4.8024274e+002,8.8066021e-004,8.8066021e-004,8.8066021e-004
4.8025472e+002,8.8341037e-004,8.8341037e-004,8.8341037e-004
4.8026671e+002,8.8610544e-004,8.8610544e-004,8.8610544e-004
4.8027870e+002,8.8901811e-004,8.8901811e-004,8.8901811e-004
4.8029069e+002,8.9227429e-004,8.9227429e-004,8.9227429e-004
4.8030268e+002,8.9569475e-004,8.9569475e-004,8.9569475e-004
4.8031466e+002,8.9906302e-004,8.9906302e-004,8.9906302e-004
4.8032665e+002,9.0229435e-004,9.0229435e-004,9.0229435e-004
4.8033864e+002,9.0558024e-004,9.0558024e-004,9.0558024e-004
4.8035063e+002,9.0914602e-004,9.0914602e-004,9.0914602e-004
4.8036262e+002,9.1305626e-004,9.1305626e-004,9.1305626e-004
4.8037460e+002,9.1703559e-004,9.1703559e-004,9.1703559e-004
4.8038659e+002,9.2076649e-004,9.2076649e-004,9.2076649e-004
4.8039858e+002,9.2411554e-004,9.2411554e-004,9.2411554e-004
4.8041057e+002,9.2734186e-004,9.2734186e-004,9.2734186e-004
4.8042256e+002,9.3075419e-004,9.3075419e-004,9.3075419e-004
4.8043454e+002,9.3451845e-004,9.3451845e-004,9.3451845e-004
4.8044653e+002,9.3849342e-004,9.3849342e-004,9.3849342e-004
4.8045852e+002,9.4249841e-004,9.4249841e-004,9.4249841e-004
4.8047051e+002,9.4641823e-004,9.4641823e-004,9.4641823e-004
4.8048250e+002,9.5027962e-004,9.5027962e-004,9.5027962e-004
4.8049448e+002,9.5412784e-004,9.5412784e-004,9.5412784e-004
4.8050647e+002,9.5799506e-004,9.5799506e-004,9.5799506e-004
4.8051846e+002,9.6188474e-004,9.6188474e-004,9.6188474e-004
4.8053045e+002,9.6579652e-004,9.6579652e-004,9.6579652e-004
4.8054244e+002,9.6971753e-004,9.6971753e-004,9.6971753e-004
4.8055442e+002,9.7360736e-004,9.7360736e-004,9.7360736e-004
4.8056641e+002,9.7742222e-004,9.7742222e-004,9.7742222e-004
4.8057840e+002,9.8118090e-004,9.8118090e-004,9.8118090e-004
4.8059039e+002,9.8504130e-004,9.8504130e-004,9.8504130e-004
4.8060238e+002,9.8917946e-004,9.8917946e-004,9.8917946e-004
4.8061436e+002,9.9363913e-004,9.9363913e-004,9.9363913e-004
4.8062635e+002,9.9816742e-004,9.9816742e-004,9.9816742e-004
4.8063834e+002,1.0024717e-003,1.0024717e-003,1.0024717e-003
4.8065033e+002,1.0064136e-003,1.0064136e-003,1.0064136e-003
4.8066232e+002,1.0102030e-003,1.0102030e-003,1.0102030e-003
4.8067430e+002,1.0140976e-003,1.0140976e-003,1.0140976e-003
4.8068629e+002,1.0182835e-003,1.0182835e-003,1.0182835e-003
4.8069828e+002,1.0227834e-003,1.0227834e-003,1.0227834e-003
4.8071027e+002,1.0275969e-003,1.0275969e-003,1.0275969e-003
4.8072226e+002,1.0326528e-003,1.0326528e-003,1.0326528e-003
4.8073424e+002,1.0377156e-003,1.0377156e-003,1.0377156e-003
4.8074623e+002,1.0425279e-003,1.0425279e-003,1.0425279e-003
4.8075822e+002,1.0469833e-003,1.0469833e-003,1.0469833e-003
4.8077021e+002,1.0513264e-003,1.0513264e-003,1.0513264e-003
4.8078220e+002,1.0558510e-003,1.0558510e-003,1.0558510e-003
4.8079418e+002,1.0607216e-003,1.0607216e-003,1.0607216e-003
4.8080617e+002,1.0658014e-003,1.0658014e-003,1.0658014e-003
4.8081816e+002,1.0709103e-003,1.0709103e-003,1.0709103e-003
4.8083015e+002,1.0759326e-003,1.0759326e-003,1.0759326e-003
4.8084214e+002,1.0809035e-003,1.0809035e-003,1.0809035e-003
4.8085412e+002,1.0858801e-003,1.0858801e-003,1.0858801e-003
4.8086611e+002,1.0908911e-003,1.0908911e-003,1.0908911e-003
4.8087810e+002,1.0958980e-003,1.0958980e-003,1.0958980e-003
4.8089009e+002,1.1008527e-003,1.1008527e-003,1.1008527e-003
4.8090208e+002,1.1057561e-003,1.1057561e-003,1.1057561e-003
4.8091406e+002,1.1107270e-003,1.1107270e-003,1.1107270e-003
4.8092605e+002,1.1159011e-003,1.1159011e-003,1.1159011e-003
4.8093804e+002,1.1213448e-003,1.1213448e-003,1.1213448e-003
4.8095003e+002,1.1269566e-003,1.1269566e-003,1.1269566e-003
4.8096202e+002,1.1326103e-003,1.1326103e-003,1.1326103e-003
4.8097400e+002,1.1382129e-003,1.1382129e-003,1.1382129e-003
4.8098599e+002,1.1437523e-003,1.1437523e-003,1.1437523e-003
4.8099798e+002,1.1492288e-003,1.1492288e-003,1.1492288e-003
4.8100997e+002,1.1546754e-003,1.1546754e-003,1.1546754e-003
4.8102196e+002,1.1602056e-003,1.1602056e-003,1.1602056e-003
4.8103394e+002,1.1659452e-003,1.1659452e-003,1.1659452e-003
4.8104593e+002,1.1719525e-003,1.1719525e-003,1.1719525e-003
4.8105792e+002,1.1781188e-003,1.1781188e-003,1.1781188e-003
4.8106991e+002,1.1843100e-003,1.1843100e-003,1.1843100e-003
4.8108190e+002,1.1904372e-003,1.1904372e-003,1.1904372e-003
4.8109388e+002,1.1965248e-003,1.1965248e-003,1.1965248e-003
4.8110587e+002,1.2026144e-003,1.2026144e-003,1.2026144e-003
4.8111786e+002,1.2087288e-003,1.2087288e-003,1.2087288e-003
4.8112985e+002,1.2148425e-003,1.2148425e-003,1.2148425e-003
4.8114184e+002,1.2209227e-003,1.2209227e-003,1.2209227e-003
4.8115382e+002,1.2269676e-003,1.2269676e-003,1.2269676e-003
4.8116581e+002,1.2330548e-003,1.2330548e-003,1.2330548e-003
4.8117780e+002,1.2392739e-003,1.2392739e-003,1.2392739e-003
4.8118979e+002,1.2457031e-003,1.2457031e-003,1.2457031e-003
4.8120178e+002,1.2523898e-003,1.2523898e-003,1.2523898e-003
4.8121376e+002,1.2593765e-003,1.2593765e-003,1.2593765e-003
4.8122575e+002,1.2666302e-003,1.2666302e-003,1.2666302e-003
4.8123774e+002,1.2739215e-003,1.2739215e-003,1.2739215e-003
4.8124973e+002,1.2809901e-003,1.2809901e-003,1.2809901e-003
4.8126172e+002,1.2877048e-003,1.2877048e-003,1.2877048e-003
4.8127370e+002,1.2942725e-003,1.2942725e-003,1.2942725e-003
4.8128569e+002,1.3009543e-003,1.3009543e-003,1.3009543e-003
4.8129768e+002,1.3079358e-003,1.3079358e-003,1.3079358e-003
4.8130967e+002,1.3152033e-003,1.3152033e-003,1.3152033e-003
4.8132166e+002,1.3227108e-003,1.3227108e-003,1.3227108e-003
4.8133364e+002,1.3304046e-003,1.3304046e-003,1.3304046e-003
4.8134563e+002,1.3382111e-003,1.3382111e-003,1.3382111e-003
4.8135762e+002,1.3460535e-003,1.3460535e-003,1.3460535e-003
4.8136961e+002,1.3538697e-003,1.3538697e-003,1.3538697e-003
4.8138160e+002,1.3616375e-003,1.3616375e-003,1.3616375e-003
4.8139358e+002,1.3693414e-003,1.3693414e-003,1.3693414e-003
4.8140557e+002,1.3770032e-003,1.3770032e-003,1.3770032e-003
4.8141756e+002,1.3847451e-003,1.3847451e-003,1.3847451e-003
4.8142955e+002,1.3927060e-003,1.3927060e-003,1.3927060e-003
4.8144154e+002,1.4009508e-003,1.4009508e-003,1.4009508e-003
4.8145352e+002,1.4093422e-003,1.4093422e-003,1.4093422e-003
4.8146551e+002,1.4177088e-003,1.4177088e-003,1.4177088e-003
4.8147750e+002,1.4259619e-003,1.4259619e-003,1.4259619e-003
4.8148949e+002,1.4342403e-003,1.4342403e-003,1.4342403e-003
4.8150148e+002,1.4427218e-003,1.4427218e-003,1.4427218e-003
4.8151346e+002,1.4515024e-003,1.4515024e-003,1.4515024e-003
4.8152545e+002,1.4604506e-003,1.4604506e-003,1.4604506e-003
4.8153744e+002,1.4693960e-003,1.4693960e-003,1.4693960e-003
4.8154943e+002,1.4782394e-003,1.4782394e-003,1.4782394e-003
4.8156142e+002,1.4870812e-003,1.4870812e-003,1.4870812e-003
4.8157340e+002,1.4960561e-003,1.4960561e-003,1.4960561e-003
4.8158539e+002,1.5052681e-003,1.5052681e-003,1.5052681e-003
4.8159738e+002,1.5147323e-003,1.5147323e-003,1.5147323e-003
4.8160937e+002,1.5244485e-003,1.5244485e-003,1.5244485e-003
4.8162136e+002,1.5343857e-003,1.5343857e-003,1.5343857e-003
4.8163334e+002,1.5444253e-003,1.5444253e-003,1.5444253e-003
4.8164533e+002,1.5544332e-003,1.5544332e-003,1.5544332e-003
4.8165732e+002,1.5643440e-003,1.5643440e-003,1.5643440e-003
4.8166931e+002,1.5742899e-003,1.5742899e-003,1.5742899e-003
4.8168130e+002,1.5844387e-003,1.5844387e-003,1.5844387e-003
4.8169328e+002,1.5948822e-003,1.5948822e-003,1.5948822e-003
4.8170527e+002,1.6054929e-003,1.6054929e-003,1.6054929e-003
4.8171726e+002,1.6161036e-003,1.6161036e-003,1.6161036e-003
4.8172925e+002,1.6266143e-003,1.6266143e-003,1.6266143e-003
4.8174124e+002,1.6371210e-003,1.6371210e-003,1.6371210e-003
4.8175322e+002,1.6477552e-003,1.6477552e-003,1.6477552e-003
4.8176521e+002,1.6586216e-003,1.6586216e-003,1.6586216e-003
4.8177720e+002,1.6697446e-003,1.6697446e-003,1.6697446e-003
4.8178919e+002,1.6811338e-003,1.6811338e-003,1.6811338e-003
4.8180118e+002,1.6927593e-003,1.6927593e-003,1.6927593e-003
4.8181316e+002,1.7044723e-003,1.7044723e-003,1.7044723e-003
4.8182515e+002,1.7161022e-003,1.7161022e-003,1.7161022e-003
4.8183714e+002,1.7275822e-003,1.7275822e-003,1.7275822e-003
4.8184913e+002,1.7391577e-003,1.7391577e-003,1.7391577e-003
4.8186112e+002,1.7511324e-003,1.7511324e-003,1.7511324e-003
4.8187310e+002,1.7636775e-003,1.7636775e-003,1.7636775e-003
4.8188509e+002,1.7765631e-003,1.7765631e-003,1.7765631e-003
4.8189708e+002,1.7894834e-003,1.7894834e-003,1.7894834e-003
4.8190907e+002,1.8022374e-003,1.8022374e-003,1.8022374e-003
4.8192106e+002,1.8149451e-003,1.8149451e-003,1.8149451e-003
4.8193304e+002,1.8277874e-003,1.8277874e-003,1.8277874e-003
4.8194503e+002,1.8408960e-003,1.8408960e-003,1.8408960e-003
4.8195702e+002,1.8542514e-003,1.8542514e-003,1.8542514e-003
4.8196901e+002,1.8678050e-003,1.8678050e-003,1.8678050e-003
4.8198100e+002,1.8815212e-003,1.8815212e-003,1.8815212e-003
4.8199298e+002,1.8954059e-003,1.8954059e-003,1.8954059e-003
4.8200497e+002,1.9094731e-003,1.9094731e-003,1.9094731e-003
4.8201696e+002,1.9237323e-003,1.9237323e-003,1.9237323e-003
4.8202895e+002,1.9381792e-003,1.9381792e-003,1.9381792e-003
4.8204094e+002,1.9528070e-003,1.9528070e-003,1.9528070e-003
4.8205292e+002,1.9676130e-003,1.9676130e-003,1.9676130e-003
4.8206491e+002,1.9826084e-003,1.9826084e-003,1.9826084e-003
4.8207690e+002,1.9978067e-003,1.9978067e-003,1.9978067e-003
4.8208889e+002,2.0132091e-003,2.0132091e-003,2.0132091e-003
4.8210088e+002,2.0287755e-003,2.0287755e-003,2.0287755e-003
4.8211286e+002,2.0444580e-003,2.0444580e-003,2.0444580e-003
4.8212485e+002,2.0602548e-003,2.0602548e-003,2.0602548e-003
4.8213684e+002,2.0763145e-003,2.0763145e-003,2.0763145e-003
4.8214883e+002,2.0928155e-003,2.0928155e-003,2.0928155e-003
4.8216082e+002,2.1098398e-003,2.1098398e-003,2.1098398e-003
4.8217280e+002,2.1271542e-003,2.1271542e-003,2.1271542e-003
4.8218479e+002,2.1444618e-003,2.1444618e-003,2.1444618e-003
4.8219678e+002,2.1615801e-003,2.1615801e-003,2.1615801e-003
4.8220877e+002,2.1787030e-003,2.1787030e-003,2.1787030e-003
4.8222076e+002,2.1961013e-003,2.1961013e-003,2.1961013e-003
4.8223274e+002,2.2139821e-003,2.2139821e-003,2.2139821e-003
4.8224473e+002,2.2323411e-003,2.2323411e-003,2.2323411e-003
4.8225672e+002,2.2511304e-003,2.2511304e-003,2.2511304e-003
4.8226871e+002,2.2702957e-003,2.2702957e-003,2.2702957e-003
4.8228070e+002,2.2897625e-003,2.2897625e-003,2.2897625e-003
4.8229268e+002,2.3094517e-003,2.3094517e-003,2.3094517e-003
4.8230467e+002,2.3292989e-003,2.3292989e-003,2.3292989e-003
4.8231666e+002,2.3492884e-003,2.3492884e-003,2.3492884e-003
4.8232865e+002,2.3694148e-003,2.3694148e-003,2.3694148e-003
4.8234064e+002,2.3896934e-003,2.3896934e-003,2.3896934e-003
4.8235262e+002,2.4102098e-003,2.4102098e-003,2.4102098e-003
4.8236461e+002,2.4310643e-003,2.4310643e-003,2.4310643e-003
4.8237660e+002,2.4523327e-003,2.4523327e-003,2.4523327e-003
4.8238859e+002,2.4740061e-003,2.4740061e-003,2.4740061e-003
4.8240058e+002,2.4960574e-003,2.4960574e-003,2.4960574e-003
4.8241256e+002,2.5184662e-003,2.5184662e-003,2.5184662e-003
4.8242455e+002,2.5412354e-003,2.5412354e-003,2.5412354e-003
4.8243654e+002,2.5643729e-003,2.5643729e-003,2.5643729e-003
4.8244853e+002,2.5878844e-003,2.5878844e-003,2.5878844e-003
4.8246052e+002,2.6117669e-003,2.6117669e-003,2.6117669e-003
4.8247250e+002,2.6360158e-003,2.6360158e-003,2.6360158e-003
4.8248449e+002,2.6606293e-003,2.6606293e-003,2.6606293e-003
4.8249648e+002,2.6856160e-003,2.6856160e-003,2.6856160e-003
4.8250847e+002,2.7109865e-003,2.7109865e-003,2.7109865e-003
4.8252046e+002,2.7367425e-003,2.7367425e-003,2.7367425e-003
4.8253244e+002,2.7628528e-003,2.7628528e-003,2.7628528e-003
4.8254443e+002,2.7892791e-003,2.7892791e-003,2.7892791e-003
4.8255642e+002,2.8160164e-003,2.8160164e-003,2.8160164e-003
4.8256841e+002,2.8431806e-003,2.8431806e-003,2.8431806e-003
4.8258040e+002,2.8709148e-003,2.8709148e-003,2.8709148e-003
4.8259238e+002,2.8993054e-003,2.8993054e-003,2.8993054e-003
4.8260437e+002,2.9282346e-003,2.9282346e-003,2.9282346e-003
4.8261636e+002,2.9575382e-003,2.9575382e-003,2.9575382e-003
4.8262835e+002,2.9871084e-003,2.9871084e-003,2.9871084e-003
4.8264034e+002,3.0170425e-003,3.0170425e-003,3.0170425e-003
4.8265232e+002,3.0474847e-003,3.0474847e-003,3.0474847e-003
4.8266431e+002,3.0785453e-003,3.0785453e-003,3.0785453e-003
4.8267630e+002,3.1102096e-003,3.1102096e-003,3.1102096e-003
4.8268829e+002,3.1424340e-003,3.1424340e-003,3.1424340e-003
4.8270028e+002,3.1751882e-003,3.1751882e-003,3.1751882e-003
4.8271226e+002,3.2084907e-003,3.2084907e-003,3.2084907e-003
4.8272425e+002,3.2423715e-003,3.2423715e-003,3.2423715e-003
4.8273624e+002,3.2768419e-003,3.2768419e-003,3.2768419e-003
4.8274823e+002,3.3118419e-003,3.3118419e-003,3.3118419e-003
4.8276022e+002,3.3472951e-003,3.3472951e-003,3.3472951e-003
4.8277220e+002,3.3831870e-003,3.3831870e-003,3.3831870e-003
4.8278419e+002,3.4197378e-003,3.4197378e-003,3.4197378e-003
4.8279618e+002,3.4572234e-003,3.4572234e-003,3.4572234e-003
4.8280817e+002,3.4958212e-003,3.4958212e-003,3.4958212e-003
4.8282016e+002,3.5353327e-003,3.5353327e-003,3.5353327e-003
4.8283214e+002,3.5754698e-003,3.5754698e-003,3.5754698e-003
4.8284413e+002,3.6160179e-003,3.6160179e-003,3.6160179e-003
4.8285612e+002,3.6570471e-003,3.6570471e-003,3.6570471e-003
4.8286811e+002,3.6986963e-003,3.6986963e-003,3.6986963e-003
4.8288010e+002,3.7410981e-003,3.7410981e-003,3.7410981e-003
4.8289208e+002,3.7843605e-003,3.7843605e-003,3.7843605e-003
4.8290407e+002,3.8285861e-003,3.8285861e-003,3.8285861e-003
4.8291606e+002,3.8738294e-003,3.8738294e-003,3.8738294e-003
4.8292805e+002,3.9199575e-003,3.9199575e-003,3.9199575e-003
4.8294004e+002,3.9667917e-003,3.9667917e-003,3.9667917e-003
4.8295202e+002,4.0142241e-003,4.0142241e-003,4.0142241e-003
4.8296401e+002,4.0624288e-003,4.0624288e-003,4.0624288e-003
4.8297600e+002,4.1116496e-003,4.1116496e-003,4.1116496e-003
4.8298799e+002,4.1620799e-003,4.1620799e-003,4.1620799e-003
4.8299998e+002,4.2137122e-003,4.2137122e-003,4.2137122e-003
4.8301196e+002,4.2664888e-003,4.2664888e-003,4.2664888e-003
4.8302395e+002,4.3203592e-003,4.3203592e-003,4.3203592e-003
4.8303594e+002,4.3753033e-003,4.3753033e-003,4.3753033e-003
4.8304793e+002,4.4313087e-003,4.4313087e-003,4.4313087e-003
4.8305992e+002,4.4883824e-003,4.4883824e-003,4.4883824e-003
4.8307190e+002,4.5466120e-003,4.5466120e-003,4.5466120e-003
4.8308389e+002,4.6061054e-003,4.6061054e-003,4.6061054e-003
4.8309588e+002,4.6669450e-003,4.6669450e-003,4.6669450e-003
4.8310787e+002,4.7291077e-003,4.7291077e-003,4.7291077e-003
4.8311986e+002,4.7925439e-003,4.7925439e-003,4.7925439e-003
4.8313184e+002,4.8572262e-003,4.8572262e-003,4.8572262e-003
4.8314383e+002,4.9232220e-003,4.9232220e-003,4.9232220e-003
4.8315582e+002,4.9906227e-003,4.9906227e-003,4.9906227e-003
4.8316781e+002,5.0595138e-003,5.0595138e-003,5.0595138e-003
4.8317980e+002,5.1299548e-003,5.1299548e-003,5.1299548e-003
4.8319178e+002,5.2019986e-003,5.2019986e-003,5.2019986e-003
4.8320377e+002,5.2756999e-003,5.2756999e-003,5.2756999e-003
4.8321576e+002,5.3511231e-003,5.3511231e-003,5.3511231e-003
4.8322775e+002,5.4283347e-003,5.4283347e-003,5.4283347e-003
4.8323974e+002,5.5073987e-003,5.5073987e-003,5.5073987e-003
4.8325172e+002,5.5883681e-003,5.5883681e-003,5.5883681e-003
4.8326371e+002,5.6712931e-003,5.6712931e-003,5.6712931e-003
4.8327570e+002,5.7562316e-003,5.7562316e-003,5.7562316e-003
4.8328769e+002,5.8432769e-003,5.8432769e-003,5.8432769e-003
4.8329968e+002,5.9325314e-003,5.9325314e-003,5.9325314e-003
4.8331166e+002,6.0240680e-003,6.0240680e-003,6.0240680e-003
4.8332365e+002,6.1178307e-003,6.1178307e-003,6.1178307e-003
4.8333564e+002,6.2137289e-003,6.2137289e-003,6.2137289e-003
4.8334763e+002,6.3117251e-003,6.3117251e-003,6.3117251e-003
4.8335962e+002,6.4120161e-003,6.4120161e-003,6.4120161e-003
4.8337160e+002,6.5148623e-003,6.5148623e-003,6.5148623e-003
4.8338359e+002,6.6205086e-003,6.6205086e-003,6.6205086e-003
4.8339558e+002,6.7291305e-003,6.7291305e-003,6.7291305e-003
4.8340757e+002,6.8408839e-003,6.8408839e-003,6.8408839e-003
4.8341956e+002,6.9558799e-003,6.9558799e-003,6.9558799e-003
4.8343154e+002,7.0740280e-003,7.0740280e-003,7.0740280e-003
4.8344353e+002,7.1951814e-003,7.1951814e-003,7.1951814e-003
4.8345552e+002,7.3192789e-003,7.3192789e-003,7.3192789e-003
4.8346751e+002,7.4466431e-003,7.4466431e-003,7.4466431e-003
4.8347950e+002,7.5777043e-003,7.5777043e-003,7.5777043e-003
4.8349148e+002,7.7128156e-003,7.7128156e-003,7.7128156e-003
4.8350347e+002,7.8519786e-003,7.8519786e-003,7.8519786e-003
4.8351546e+002,7.9950952e-003,7.9950952e-003,7.9950952e-003
4.8352745e+002,8.1421296e-003,8.1421296e-003,8.1421296e-003
4.8353944e+002,8.2933314e-003,8.2933314e-003,8.2933314e-003
4.8355142e+002,8.4490314e-003,8.4490314e-003,8.4490314e-003
4.8356341e+002,8.6095493e-003,8.6095493e-003,8.6095493e-003
4.8357540e+002,8.7751513e-003,8.7751513e-003,8.7751513e-003
4.8358739e+002,8.9460885e-003,8.9460885e-003,8.9460885e-003
4.8359938e+002,9.1225962e-003,9.1225962e-003,9.1225962e-003
4.8361136e+002,9.3048377e-003,9.3048377e-003,9.3048377e-003
4.8362335e+002,9.4929551e-003,9.4929551e-003,9.4929551e-003
4.8363534e+002,9.6871111e-003,9.6871111e-003,9.6871111e-003
4.8364733e+002,9.8875655e-003,9.8875655e-003,9.8875655e-003
4.8365932e+002,1.0094607e-002,1.0094607e-002,1.0094607e-002
4.8367130e+002,1.0308560e-002,1.0308560e-002,1.0308560e-002
4.8368329e+002,1.0529924e-002,1.0529924e-002,1.0529924e-002
4.8369528e+002,1.0759250e-002,1.0759250e-002,1.0759250e-002
4.8370727e+002,1.0997024e-002,1.0997024e-002,1.0997024e-002
4.8371926e+002,1.1243432e-002,1.1243432e-002,1.1243432e-002
4.8373124e+002,1.1498568e-002,1.1498568e-002,1.1498568e-002
4.8374323e+002,1.1762638e-002,1.1762638e-002,1.1762638e-002
4.8375522e+002,1.2036398e-002,1.2036398e-002,1.2036398e-002
4.8376721e+002,1.2320766e-002,1.2320766e-002,1.2320766e-002
4.8377920e+002,1.2616576e-002,1.2616576e-002,1.2616576e-002
4.8379118e+002,1.2924246e-002,1.2924246e-002,1.2924246e-002
4.8380317e+002,1.3244066e-002,1.3244066e-002,1.3244066e-002
4.8381516e+002,1.3576405e-002,1.3576405e-002,1.3576405e-002
4.8382715e+002,1.3922017e-002,1.3922017e-002,1.3922017e-002
4.8383914e+002,1.4281775e-002,1.4281775e-002,1.4281775e-002
4.8385112e+002,1.4656573e-002,1.4656573e-002,1.4656573e-002
4.8386311e+002,1.5047397e-002,1.5047397e-002,1.5047397e-002
4.8387510e+002,1.5455265e-002,1.5455265e-002,1.5455265e-002
4.8388709e+002,1.5881188e-002,1.5881188e-002,1.5881188e-002
4.8389908e+002,1.6326141e-002,1.6326141e-002,1.6326141e-002
4.8391106e+002,1.6791091e-002,1.6791091e-002,1.6791091e-002
4.8392305e+002,1.7277059e-002,1.7277059e-002,1.7277059e-002
4.8393504e+002,1.7785353e-002,1.7785353e-002,1.7785354e-002
4.8394703e+002,1.8317371e-002,1.8317371e-002,1.8317371e-002
4.8395902e+002,1.8874533e-002,1.8874533e-002,1.8874532e-002
4.8397100e+002,1.9458369e-002,1.9458369e-002,1.9458368e-002
4.8398299e+002,2.0070447e-002,2.0070447e-002,2.0070447e-002
4.8399498e+002,2.0712379e-002,2.0712379e-002,2.0712382e-002
4.8400697e+002,2.1386025e-002,2.1386025e-002,2.1386030e-002
4.8401896e+002,2.2093321e-002,2.2093321e-002,2.2093322e-002
4.8403094e+002,2.2836230e-002,2.2836230e-002,2.2836220e-002
4.8404293e+002,2.3616841e-002,2.3616841e-002,2.3616825e-002
4.8405492e+002,2.4437288e-002,2.4437288e-002,2.4437285e-002
4.8406691e+002,2.5299745e-002,2.5299745e-002,2.5299781e-002
4.8407890e+002,2.6206597e-002,2.6206597e-002,2.6206657e-002
4.8409088e+002,2.7160299e-002,2.7160299e-002,2.7160310e-002
4.8410287e+002,2.8163353e-002,2.8163353e-002,2.8163217e-002
4.8411486e+002,2.9218495e-002,2.9218495e-002,2.9218271e-002
4.8412685e+002,3.0328540e-002,3.0328540e-002,3.0328501e-002
4.8413884e+002,3.1496316e-002,3.1496316e-002,3.1496867e-002
4.8415082e+002,3.2724701e-002,3.2724701e-002,3.2725962e-002
4.8416281e+002,3.4016596e-002,3.4016596e-002,3.4018257e-002
4.8417480e+002,3.5374906e-002,3.5374906e-002,3.5376326e-002
4.8418679e+002,3.6802563e-002,3.6802563e-002,3.6803316e-002
4.8419878e+002,3.8302509e-002,3.8302509e-002,3.8302566e-002
4.8421076e+002,3.9877656e-002,3.9877656e-002,3.9877329e-002
4.8422275e+002,4.1530747e-002,4.1530747e-002,4.1530401e-002
4.8423474e+002,4.3264470e-002,4.3264470e-002,4.3264422e-002
4.8424673e+002,4.5081498e-002,4.5081498e-002,4.5081999e-002
4.8425872e+002,4.6984414e-002,4.6984414e-002,4.6985543e-002
4.8427070e+002,4.8975775e-002,4.8975775e-002,4.8977404e-002
4.8428269e+002,5.1058008e-002,5.1058008e-002,5.1059842e-002
4.8429468e+002,5.3232849e-002,5.3232849e-002,5.3234654e-002
4.8430667e+002,5.5501790e-002,5.5501790e-002,5.5503470e-002
4.8431866e+002,5.7866232e-002,5.7866232e-002,5.7867818e-002
4.8433064e+002,6.0327059e-002,6.0327059e-002,6.0328628e-002
4.8434263e+002,6.2884973e-002,6.2884973e-002,6.2886623e-002
4.8435462e+002,6.5540482e-002,6.5540482e-002,6.5542304e-002
4.8436661e+002,6.8292991e-002,6.8292991e-002,6.8294911e-002
4.8437860e+002,7.1141521e-002,7.1141521e-002,7.1143241e-002
4.8439058e+002,7.4084896e-002,7.4084896e-002,7.4085980e-002
4.8440257e+002,7.7120822e-002,7.7120822e-002,7.7121164e-002
4.8441456e+002,8.0246610e-002,8.0246610e-002,8.0246602e-002
4.8442655e+002,8.3459365e-002,8.3459365e-002,8.3459765e-002
4.8443854e+002,8.6755001e-002,8.6755001e-002,8.6756176e-002
4.8445052e+002,9.0129007e-002,9.0129007e-002,9.0130666e-002
4.8446251e+002,9.3576597e-002,9.3576597e-002,9.3577939e-002
4.8447450e+002,9.7091386e-002,9.7091386e-002,9.7091961e-002
4.8448649e+002,1.0066641e-001,1.0066641e-001,1.0066644e-001
4.8449848e+002,1.0429453e-001,1.0429453e-001,1.0429475e-001
4.8451046e+002,1.0796751e-001,1.0796751e-001,1.0796842e-001
4.8452245e+002,1.1167671e-001,1.1167671e-001,1.1167831e-001
4.8453444e+002,1.1541328e-001,1.1541328e-001,1.1541514e-001
4.8454643e+002,1.1916712e-001,1.1916712e-001,1.1916891e-001
4.8455842e+002,1.2292766e-001,1.2292766e-001,1.2292933e-001
4.8457040e+002,1.2668418e-001,1.2668418e-001,1.2668592e-001
4.8458239e+002,1.3042514e-001,1.3042514e-001,1.3042699e-001
4.8459438e+002,1.3413869e-001,1.3413869e-001,1.3414041e-001
4.8460637e+002,1.3781291e-001,1.3781291e-001,1.3781404e-001
4.8461836e+002,1.4143542e-001,1.4143542e-001,1.4143580e-001
4.8463034e+002,1.4499363e-001,1.4499363e-001,1.4499362e-001
4.8464233e+002,1.4847503e-001,1.4847503e-001,1.4847538e-001
4.8465432e+002,1.5186741e-001,1.5186741e-001,1.5186852e-001
4.8466631e+002,1.5515866e-001,1.5515866e-001,1.5516030e-001
4.8467830e+002,1.5833675e-001,1.5833675e-001,1.5833822e-001
4.8469028e+002,1.6139012e-001,1.6139012e-001,1.6139090e-001
4.8470227e+002,1.6430737e-001,1.6430737e-001,1.6430745e-001
4.8471426e+002,1.6707732e-001,1.6707732e-001,1.6707706e-001
4.8472625e+002,1.6968995e-001,1.6968995e-001,1.6968972e-001
4.8473824e+002,1.7213572e-001,1.7213572e-001,1.7213569e-001
4.8475022e+002,1.7440536e-001,1.7440536e-001,1.7440552e-001
4.8476221e+002,1.7649128e-001,1.7649128e-001,1.7649150e-001
4.8477420e+002,1.7838657e-001,1.7838657e-001,1.7838662e-001
4.8478619e+002,1.8008459e-001,1.8008459e-001,1.8008416e-001
4.8479818e+002,1.8158051e-001,1.8158051e-001,1.8157945e-001
4.8481016e+002,1.8287019e-001,1.8287019e-001,1.8286859e-001
4.8482215e+002,1.8394984e-001,1.8394984e-001,1.8394798e-001
4.8483414e+002,1.8481771e-001,1.8481771e-001,1.8481585e-001
4.8484613e+002,1.8547285e-001,1.8547285e-001,1.8547116e-001
4.8485812e+002,1.8591467e-001,1.8591467e-001,1.8591316e-001
4.8487010e+002,1.8614465e-001,1.8614465e-001,1.8614322e-001
4.8488209e+002,1.8616514e-001,1.8616514e-001,1.8616353e-001
4.8489408e+002,1.8597870e-001,1.8597870e-001,1.8597657e-001
4.8490607e+002,1.8558959e-001,1.8558959e-001,1.8558679e-001
4.8491806e+002,1.8500270e-001,1.8500270e-001,1.8499941e-001
4.8493004e+002,1.8422321e-001,1.8422321e-001,1.8421985e-001
4.8494203e+002,1.8325801e-001,1.8325801e-001,1.8325478e-001
4.8495402e+002,1.8211469e-001,1.8211469e-001,1.8211141e-001
4.8496601e+002,1.8080095e-001,1.8080095e-001,1.8079713e-001
4.8497800e+002,1.7932517e-001,1.7932517e-001,1.7932060e-001
4.8498998e+002,1.7769602e-001,1.7769602e-001,1.7769102e-001
4.8500197e+002,1.7592229e-001,1.7592229e-001,1.7591762e-001
4.8501396e+002,1.7401379e-001,1.7401379e-001,1.7400987e-001
4.8502595e+002,1.7198071e-001,1.7198071e-001,1.7197734e-001
4.8503794e+002,1.6983318e-001,1.6983318e-001,1.6982966e-001
4.8504992e+002,1.6758100e-001,1.6758100e-001,1.6757680e-001
4.8506191e+002,1.6523380e-001,1.6523380e-001,1.6522889e-001
4.8507390e+002,1.6280122e-001,1.6280122e-001,1.6279600e-001
4.8508589e+002,1.6029286e-001,1.6029286e-001,1.6028768e-001
4.8509788e+002,1.5771833e-001,1.5771833e-001,1.5771331e-001
4.8510986e+002,1.5508713e-001,1.5508713e-001,1.5508218e-001
4.8512185e+002,1.5240801e-001,1.5240801e-001,1.5240304e-001
4.8513384e+002,1.4968942e-001,1.4968942e-001,1.4968443e-001
4.8514583e+002,1.4693970e-001,1.4693970e-001,1.4693472e-001
4.8515782e+002,1.4416638e-001,1.4416638e-001,1.4416143e-001
4.8516980e+002,1.4137666e-001,1.4137666e-001,1.4137167e-001
4.8518179e+002,1.3857757e-001,1.3857757e-001,1.3857245e-001
4.8519378e+002,1.3577518e-001,1.3577518e-001,1.3576994e-001
4.8520577e+002,1.3297508e-001,1.3297508e-001,1.3297000e-001
4.8521776e+002,1.3018282e-001,1.3018282e-001,1.3017834e-001
4.8522974e+002,1.2740334e-001,1.2740334e-001,1.2739960e-001
4.8524173e+002,1.2464134e-001,1.2464134e-001,1.2463801e-001
4.8525372e+002,1.2190136e-001,1.2190136e-001,1.2189770e-001
4.8526571e+002,1.1918682e-001,1.1918682e-001,1.1918241e-001
4.8527770e+002,1.1650062e-001,1.1650062e-001,1.1649566e-001
4.8528968e+002,1.1384565e-001,1.1384565e-001,1.1384084e-001
4.8530167e+002,1.1122451e-001,1.1122451e-001,1.1122036e-001
4.8531366e+002,1.0863966e-001,1.0863966e-001,1.0863622e-001
4.8532565e+002,1.0609350e-001,1.0609350e-001,1.0609039e-001
4.8533764e+002,1.0358787e-001,1.0358787e-001,1.0358474e-001
4.8534962e+002,1.0112437e-001,1.0112437e-001,1.0112107e-001
4.8536161e+002,9.8704536e-002,9.8704536e-002,9.8701135e-002
4.8537360e+002,9.6329642e-002,9.6329642e-002,9.6326242e-002
4.8538559e+002,9.4000833e-002,9.4000833e-002,9.3997486e-002
4.8539758e+002,9.1719259e-002,9.1719259e-002,9.1715973e-002
4.8540956e+002,8.9486119e-002,8.9486119e-002,8.9482859e-002
4.8542155e+002,8.7302633e-002,8.7302633e-002,8.7299323e-002
4.8543354e+002,8.5169973e-002,8.5169973e-002,8.5166517e-002
4.8544553e+002,8.3088930e-002,8.3088930e-002,8.3085369e-002
4.8545752e+002,8.1060124e-002,8.1060124e-002,8.1056709e-002
4.8546950e+002,7.9084215e-002,7.9084215e-002,7.9081355e-002
4.8548149e+002,7.7162165e-002,7.7162165e-002,7.7160023e-002
4.8549348e+002,7.5295076e-002,7.5295076e-002,7.5293387e-002
4.8550547e+002,7.3483998e-002,7.3483998e-002,7.3482140e-002
4.8551746e+002,7.1729619e-002,7.1729619e-002,7.1727122e-002
4.8552944e+002,7.0032453e-002,7.0032453e-002,7.0029243e-002
4.8554143e+002,6.8393016e-002,6.8393016e-002,6.8389380e-002
4.8555342e+002,6.6811837e-002,6.6811837e-002,6.6808142e-002
4.8556541e+002,6.5289447e-002,6.5289447e-002,6.5286018e-002
4.8557740e+002,6.3826361e-002,6.3826361e-002,6.3823463e-002
4.8558938e+002,6.2422955e-002,6.2422955e-002,6.2420688e-002
4.8560137e+002,6.1079536e-002,6.1079536e-002,6.1077791e-002
4.8561336e+002,5.9796367e-002,5.9796367e-002,5.9794849e-002
4.8562535e+002,5.8573334e-002,5.8573334e-002,5.8571797e-002
4.8563734e+002,5.7410149e-002,5.7410149e-002,5.7408503e-002
4.8564932e+002,5.6306496e-002,5.6306496e-002,5.6304792e-002
4.8566131e+002,5.5261849e-002,5.5261849e-002,5.5260152e-002
4.8567330e+002,5.4275583e-002,5.4275583e-002,5.4273912e-002
4.8568529e+002,5.3347020e-002,5.3347020e-002,5.3345356e-002
4.8569728e+002,5.2475088e-002,5.2475088e-002,5.2473415e-002
4.8570926e+002,5.1658521e-002,5.1658521e-002,5.1656850e-002
4.8572125e+002,5.0896021e-002,5.0896021e-002,5.0894382e-002
4.8573324e+002,5.0186022e-002,5.0186022e-002,5.0184414e-002
4.8574523e+002,4.9526833e-002,4.9526833e-002,4.9525190e-002
4.8575722e+002,4.8916714e-002,4.8916714e-002,4.8914931e-002
4.8576920e+002,4.8353551e-002,4.8353551e-002,4.8351657e-002
4.8578119e+002,4.7835045e-002,4.7835045e-002,4.7833288e-002
4.8579318e+002,4.7358891e-002,4.7358891e-002,4.7357685e-002
4.8580517e+002,4.6922716e-002,4.6922716e-002,4.6922237e-002
4.8581716e+002,4.6524118e-002,4.6524118e-002,4.6524097e-002
4.8582914e+002,4.6160630e-002,4.6160630e-002,4.6160421e-002
4.8584113e+002,4.5829283e-002,4.5829283e-002,4.5828413e-002
4.8585312e+002,4.5526851e-002,4.5526851e-002,4.5525301e-002
4.8586511e+002,4.5250143e-002,4.5250143e-002,4.5248292e-002
4.8587710e+002,4.4996232e-002,4.4996232e-002,4.4994424e-002
4.8588908e+002,4.4762332e-002,4.4762332e-002,4.4760650e-002
4.8590107e+002,4.4545612e-002,4.4545612e-002,4.4543919e-002
4.8591306e+002,4.4342902e-002,4.4342902e-002,4.4341122e-002
4.8592505e+002,4.4150855e-002,4.4150855e-002,4.4149130e-002
4.8593704e+002,4.3966175e-002,4.3966175e-002,4.3964825e-002
4.8594902e+002,4.3785987e-002,4.3785987e-002,4.3785245e-002
4.8596101e+002,4.3607632e-002,4.3607632e-002,4.3607504e-002
4.8597300e+002,4.3428454e-002,4.3428454e-002,4.3428731e-002
4.8598499e+002,4.3245807e-002,4.3245807e-002,4.3246180e-002
4.8599698e+002,4.3057048e-002,4.3057048e-002,4.3057170e-002
4.8600896e+002,4.2859560e-002,4.2859560e-002,4.2859077e-002
4.8602095e+002,4.2650945e-002,4.2650945e-002,4.2649748e-002
4.8603294e+002,4.2428920e-002,4.2428920e-002,4.2427278e-002
4.8604493e+002,4.2191255e-002,4.2191255e-002,4.2189765e-002
4.8605692e+002,4.1936184e-002,4.1936184e-002,4.1935312e-002
4.8606890e+002,4.1662184e-002,4.1662184e-002,4.1662029e-002
4.8608089e+002,4.1367780e-002,4.1367780e-002,4.1368093e-002
4.8609288e+002,4.1051892e-002,4.1051892e-002,4.1052304e-002
4.8610487e+002,4.0713656e-002,4.0713656e-002,4.0713790e-002
4.8611686e+002,4.0352225e-002,4.0352225e-002,4.0351729e-002
4.8612884e+002,3.9966942e-002,3.9966942e-002,3.9965723e-002
4.8614083e+002,3.9557251e-002,3.9557251e-002,3.9555600e-002
4.8615282e+002,3.9122663e-002,3.9122663e-002,3.9121207e-002
4.8616481e+002,3.8663339e-002,3.8663339e-002,3.8662537e-002
4.8617680e+002,3.8179785e-002,3.8179785e-002,3.8179657e-002
4.8618878e+002,3.7672524e-002,3.7672524e-002,3.7672699e-002
4.8620077e+002,3.7142218e-002,3.7142218e-002,3.7142355e-002
4.8621276e+002,3.6589604e-002,3.6589604e-002,3.6589618e-002
4.8622475e+002,3.6015457e-002,3.6015457e-002,3.6015492e-002
4.8623674e+002,3.5420920e-002,3.5420920e-002,3.5421052e-002
4.8624872e+002,3.4807335e-002,3.4807335e-002,3.4807409e-002
4.8626071e+002,3.4176067e-002,3.4176067e-002,3.4175728e-002
4.8627270e+002,3.3528655e-002,3.3528655e-002,3.3527672e-002
4.8628469e+002,3.2866740e-002,3.2866740e-002,3.2865180e-002
4.8629668e+002,3.2191964e-002,3.2191964e-002,3.2190164e-002
4.8630866e+002,3.1506005e-002,3.1506005e-002,3.1504246e-002
4.8632065e+002,3.0810560e-002,3.0810560e-002,3.0808891e-002
4.8633264e+002,3.0107339e-002,3.0107339e-002,3.0105608e-002
4.8634463e+002,2.9398182e-002,2.9398182e-002,2.9396331e-002
4.8635662e+002,2.8684999e-002,2.8684999e-002,2.8683234e-002
4.8636860e+002,2.7969692e-002,2.7969692e-002,2.7968439e-002
4.8638059e+002,2.7254054e-002,2.7254054e-002,2.7253529e-002
4.8639258e+002,2.6539819e-002,2.6539819e-002,2.6539785e-002
4.8640457e+002,2.5828703e-002,2.5828703e-002,2.5828526e-002
4.8641656e+002,2.5122286e-002,2.5122286e-002,2.5121467e-002
4.8642854e+002,2.4422067e-002,2.4422067e-002,2.4420550e-002
4.8644053e+002,2.3729524e-002,2.3729524e-002,2.3727655e-002
4.8645252e+002,2.3045915e-002,2.3045915e-002,2.3044055e-002
4.8646451e+002,2.2372379e-002,2.2372379e-002,2.2370672e-002
4.8647650e+002,2.1710040e-002,2.1710040e-002,2.1708430e-002
4.8648848e+002,2.1059931e-002,2.1059931e-002,2.1058321e-002
4.8650047e+002,2.0423028e-002,2.0423028e-002,2.0421375e-002
4.8651246e+002,1.9800281e-002,1.9800281e-002,1.9798592e-002
4.8652445e+002,1.9192353e-002,1.9192353e-002,1.9190655e-002
4.8653644e+002,1.8599744e-002,1.8599744e-002,1.8598066e-002
4.8654842e+002,1.8022941e-002,1.8022941e-002,1.8021309e-002
4.8656041e+002,1.7462354e-002,1.7462354e-002,1.7460756e-002
4.8657240e+002,1.6918341e-002,1.6918341e-002,1.6916707e-002
4.8658439e+002,1.6391237e-002,1.6391237e-002,1.6389456e-002
4.8659638e+002,1.5881111e-002,1.5881111e-002,1.5879201e-002
4.8660836e+002,1.5387877e-002,1.5387877e-002,1.5386089e-002
4.8662035e+002,1.4911452e-002,1.4911452e-002,1.4910227e-002
4.8663234e+002,1.4451800e-002,1.4451800e-002,1.4451336e-002
4.8664433e+002,1.4008914e-002,1.4008914e-002,1.4008911e-002
4.8665632e+002,1.3582754e-002,1.3582754e-002,1.3582472e-002
4.8666830e+002,1.3172915e-002,1.3172915e-002,1.3171868e-002
4.8668029e+002,1.2778776e-002,1.2778776e-002,1.2777147e-002
4.8669228e+002,1.2399743e-002,1.2399743e-002,1.2398313e-002
4.8670427e+002,1.2035539e-002,1.2035539e-002,1.2034873e-002
4.8671626e+002,1.1686082e-002,1.1686082e-002,1.1686033e-002
4.8672824e+002,1.1351247e-002,1.1351247e-002,1.1351029e-002
4.8674023e+002,1.1030429e-002,1.1030429e-002,1.1029456e-002
4.8675222e+002,1.0722733e-002,1.0722733e-002,1.0721127e-002
4.8676421e+002,1.0427307e-002,1.0427307e-002,1.0425830e-002
4.8677620e+002,1.0143815e-002,1.0143815e-002,1.0143065e-002
4.8678818e+002,9.8722408e-003,9.8722408e-003,9.8721526e-003
4.8680017e+002,9.6125264e-003,9.6125264e-003,9.6124252e-003
4.8681216e+002,9.3640970e-003,9.3640970e-003,9.3633721e-003
4.8682415e+002,9.1260580e-003,9.1260580e-003,9.1245805e-003
4.8683614e+002,8.8975527e-003,8.8975527e-003,8.8956466e-003
4.8684812e+002,8.6781972e-003,8.6781972e-003,8.6762570e-003
4.8686011e+002,8.4679032e-003,8.4679032e-003,8.4661546e-003
4.8687210e+002,8.2665594e-003,8.2665594e-003,8.2650560e-003
4.8688409e+002,8.0737498e-003,8.0737498e-003,8.0723761e-003
4.8689608e+002,7.8888661e-003,7.8888661e-003,7.8873392e-003
4.8690806e+002,7.7113065e-003,7.7113065e-003,7.7092088e-003
4.8692005e+002,7.5405766e-003,7.5405766e-003,7.5377247e-003
4.8693204e+002,7.3762503e-003,7.3762503e-003,7.3729289e-003
4.8694403e+002,7.2179287e-003,7.2179287e-003,7.2148404e-003
4.8695602e+002,7.0655126e-003,7.0655126e-003,7.0631529e-003
4.8696800e+002,6.9190946e-003,6.9190946e-003,6.9173526e-003
4.8697999e+002,6.7787313e-003,6.7787313e-003,6.7769383e-003
4.8699198e+002,6.6440246e-003,6.6440246e-003,6.6415945e-003
4.8700397e+002,6.5142828e-003,6.5142828e-003,6.5111259e-003
4.8701596e+002,6.3888484e-003,6.3888484e-003,6.3853397e-003
4.8702794e+002,6.2675233e-003,6.2675233e-003,6.2640467e-003
4.8703993e+002,6.1504078e-003,6.1504078e-003,6.1470604e-003
4.8705192e+002,6.0375801e-003,6.0375801e-003,6.0341950e-003
4.8706391e+002,5.9287930e-003,5.9287930e-003,5.9252754e-003
4.8707590e+002,5.8235865e-003,5.8235865e-003,5.8201330e-003
4.8708788e+002,5.7215313e-003,5.7215313e-003,5.7185955e-003
4.8709987e+002,5.6226185e-003,5.6226185e-003,5.6204458e-003
4.8711186e+002,5.5271164e-003,5.5271164e-003,5.5254368e-003
4.8712385e+002,5.4352560e-003,5.4352560e-003,5.4333347e-003
4.8713584e+002,5.3467559e-003,5.3467559e-003,5.3440757e-003
4.8714782e+002,5.2609930e-003,5.2609930e-003,5.2577088e-003
4.8715981e+002,5.1773857e-003,5.1773857e-003,5.1742676e-003
4.8717180e+002,5.0959334e-003,5.0959334e-003,5.0935722e-003
4.8718379e+002,5.0170256e-003,5.0170256e-003,5.0152994e-003
4.8719578e+002,4.9410146e-003,4.9410146e-003,4.9391446e-003
4.8720776e+002,4.8676951e-003,4.8676951e-003,4.8650693e-003
4.8721975e+002,4.7964852e-003,4.7964852e-003,4.7932151e-003
4.8723174e+002,4.7268434e-003,4.7268434e-003,4.7237091e-003
4.8724373e+002,4.6588330e-003,4.6588330e-003,4.6564536e-003
4.8725572e+002,4.5929292e-003,4.5929292e-003,4.5911975e-003
4.8726770e+002,4.5295671e-003,4.5295671e-003,4.5277040e-003
4.8727969e+002,4.4685703e-003,4.4685703e-003,4.4659533e-003
4.8729168e+002,4.4093419e-003,4.4093419e-003,4.4060750e-003
4.8730367e+002,4.3513232e-003,4.3513232e-003,4.3481839e-003
4.8731566e+002,4.2945524e-003,4.2945524e-003,4.2921656e-003
4.8732764e+002,4.2394820e-003,4.2394820e-003,4.2377471e-003
4.8733963e+002,4.1865312e-003,4.1865312e-003,4.1846740e-003
4.8735162e+002,4.1355835e-003,4.1355835e-003,4.1329771e-003
4.8736361e+002,4.0861479e-003,4.0861479e-003,4.0828864e-003
4.8737560e+002,4.0377649e-003,4.0377649e-003,4.0346138e-003
4.8738758e+002,3.9904904e-003,3.9904904e-003,3.9880787e-003
4.8739957e+002,3.9447431e-003,3.9447431e-003,3.9429943e-003
4.8741156e+002,3.9009123e-003,3.9009123e-003,3.8990898e-003
4.8742355e+002,3.8588898e-003,3.8588898e-003,3.8563623e-003
4.8743554e+002,3.8182144e-003,3.8182144e-003,3.8149993e-003
4.8744752e+002,3.7784507e-003,3.7784507e-003,3.7751800e-003
4.8745951e+002,3.7396116e-003,3.7396116e-003,3.7369191e-003
4.8747150e+002,3.7020306e-003,3.7020306e-003,3.7001133e-003
4.8748349e+002,3.6660280e-003,3.6660280e-003,3.6646556e-003
4.8749548e+002,3.6316508e-003,3.6316508e-003,3.6304212e-003
4.8750746e+002,3.5987486e-003,3.5987486e-003,3.5972729e-003
4.8751945e+002,3.5671692e-003,3.5671692e-003,3.5650900e-003
4.8753144e+002,3.5367956e-003,3.5367956e-003,3.5339858e-003
4.8754343e+002,3.5075364e-003,3.5075364e-003,3.5042433e-003
4.8755542e+002,3.4793104e-003,3.4793104e-003,3.4761276e-003
4.8756740e+002,3.4521675e-003,3.4521675e-003,3.4495967e-003
4.8757939e+002,3.4262544e-003,3.4262544e-003,3.4243840e-003
4.8759138e+002,3.4017087e-003,3.4017087e-003,3.4002304e-003
4.8760337e+002,3.3785130e-003,3.3785130e-003,3.3770598e-003
4.8761536e+002,3.3565350e-003,3.3565350e-003,3.3549316e-003
4.8762734e+002,3.3356459e-003,3.3356459e-003,3.3339063e-003
4.8763933e+002,3.3158021e-003,3.3158021e-003,3.3140233e-003
4.8765132e+002,3.2970235e-003,3.2970235e-003,3.2953056e-003
4.8766331e+002,3.2793327e-003,3.2793327e-003,3.2777695e-003
4.8767530e+002,3.2627672e-003,3.2627672e-003,3.2613351e-003
4.8768728e+002,3.2473756e-003,3.2473756e-003,3.2458510e-003
4.8769927e+002,3.2331972e-003,3.2331972e-003,3.2311777e-003
4.8771126e+002,3.2201263e-003,3.2201263e-003,3.2173790e-003
4.8772325e+002,3.2079483e-003,3.2079483e-003,3.2046724e-003
4.8773524e+002,3.1964566e-003,3.1964566e-003,3.1932577e-003
4.8774722e+002,3.1856070e-003,3.1856070e-003,3.1830191e-003
4.8775921e+002,3.1754787e-003,3.1754787e-003,3.1736005e-003
4.8777120e+002,3.1661471e-003,3.1661471e-003,3.1646568e-003
4.8778319e+002,3.1575828e-003,3.1575828e-003,3.1561034e-003
4.8779518e+002,3.1496755e-003,3.1496755e-003,3.1480555e-003
4.8780716e+002,3.1423168e-003,3.1423168e-003,3.1406251e-003
4.8781915e+002,3.1354573e-003,3.1354573e-003,3.1337952e-003
4.8783114e+002,3.1290932e-003,3.1290932e-003,3.1274491e-003
4.8784313e+002,3.1232132e-003,3.1232132e-003,3.1214714e-003
4.8785512e+002,3.1176756e-003,3.1176756e-003,3.1158035e-003
4.8786710e+002,3.1122368e-003,3.1122368e-003,3.1104319e-003
4.8787909e+002,3.1066675e-003,3.1066675e-003,3.1053375e-003
4.8789108e+002,3.1010034e-003,3.1010034e-003,3.1004013e-003
4.8790307e+002,3.0954881e-003,3.0954881e-003,3.0954256e-003
4.8791506e+002,3.0903497e-003,3.0903497e-003,3.0902199e-003
4.8792704e+002,3.0854799e-003,3.0854799e-003,3.0847391e-003
4.8793903e+002,3.0805039e-003,3.0805039e-003,3.0790531e-003
4.8795102e+002,3.0750580e-003,3.0750580e-003,3.0732295e-003
4.8796301e+002,3.0690724e-003,3.0690724e-003,3.0672479e-003
4.8797500e+002,3.0627121e-003,3.0627121e-003,3.0610172e-003
4.8798698e+002,3.0561331e-003,3.0561331e-003,3.0544453e-003
4.8799897e+002,3.0492396e-003,3.0492396e-003,3.0474516e-003
4.8801096e+002,3.0417330e-003,3.0417330e-003,3.0399654e-003
4.8802295e+002,3.0333287e-003,3.0333287e-003,3.0319187e-003
4.8803494e+002,3.0240647e-003,3.0240647e-003,3.0232836e-003
4.8804692e+002,3.0142409e-003,3.0142409e-003,3.0140651e-003
4.8805891e+002,3.0041491e-003,3.0041491e-003,3.0042705e-003
4.8807090e+002,2.9938210e-003,2.9938210e-003,2.9939285e-003
4.8808289e+002,2.9830759e-003,2.9830759e-003,2.9830855e-003
4.8809488e+002,2.9717345e-003,2.9717345e-003,2.9717808e-003
4.8810686e+002,2.9597537e-003,2.9597537e-003,2.9599280e-003
4.8811885e+002,2.9472019e-003,2.9472019e-003,2.9473364e-003
4.8813084e+002,2.9341457e-003,2.9341457e-003,2.9338297e-003
4.8814283e+002,2.9205617e-003,2.9205617e-003,2.9195193e-003
4.8815482e+002,2.9063518e-003,2.9063518e-003,2.9047558e-003
4.8816680e+002,2.8914287e-003,2.8914287e-003,2.8898826e-003
4.8817879e+002,2.8759287e-003,2.8759287e-003,2.8749883e-003
4.8819078e+002,2.8601760e-003,2.8601760e-003,2.8599488e-003
4.8820277e+002,2.8444873e-003,2.8444873e-003,2.8446420e-003
4.8821476e+002,2.8289504e-003,2.8289504e-003,2.8290997e-003
4.8822674e+002,2.8134602e-003,2.8134602e-003,2.8134830e-003
4.8823873e+002,2.7979123e-003,2.7979123e-003,2.7979478e-003
4.8825072e+002,2.7823188e-003,2.7823188e-003,2.7824809e-003
4.8826271e+002,2.7667918e-003,2.7667918e-003,2.7669254e-003
4.8827470e+002,2.7514436e-003,2.7514436e-003,2.7511384e-003
4.8828668e+002,2.7363377e-003,2.7363377e-003,2.7353076e-003
4.8829867e+002,2.7214954e-003,2.7214954e-003,2.7199047e-003
4.8831066e+002,2.7069413e-003,2.7069413e-003,2.7053885e-003
4.8832265e+002,2.6927786e-003,2.6927786e-003,2.6918253e-003
4.8833464e+002,2.6791791e-003,2.6791791e-003,2.6789419e-003
4.8834662e+002,2.6663121e-003,2.6663121e-003,2.6664699e-003
4.8835861e+002,2.6542703e-003,2.6542703e-003,2.6544335e-003
4.8837060e+002,2.6430792e-003,2.6430792e-003,2.6431119e-003
4.8838259e+002,2.6327644e-003,2.6327644e-003,2.6327812e-003
4.8839458e+002,2.6233914e-003,2.6233914e-003,2.6235060e-003
4.8840656e+002,2.6150616e-003,2.6150616e-003,2.6151648e-003
4.8841855e+002,2.6078728e-003,2.6078728e-003,2.6076393e-003
4.8843054e+002,2.6018387e-003,2.6018387e-003,2.6009897e-003
4.8844253e+002,2.5968981e-003,2.5968981e-003,2.5954340e-003
4.8845452e+002,2.5929934e-003,2.5929934e-003,2.5911890e-003
4.8846650e+002,2.5901756e-003,2.5901756e-003,2.5883445e-003
4.8847849e+002,2.5885935e-003,2.5885935e-003,2.5868765e-003
4.8849048e+002,2.5883902e-003,2.5883902e-003,2.5867551e-003
4.8850247e+002,2.5895445e-003,2.5895445e-003,2.5879076e-003
4.8851446e+002,2.5918864e-003,2.5918864e-003,2.5902230e-003
4.8852644e+002,2.5952502e-003,2.5952502e-003,2.5935947e-003
4.8853843e+002,2.5996477e-003,2.5996477e-003,2.5980265e-003
4.8855042e+002,2.6052521e-003,2.6052521e-003,2.6036232e-003
4.8856241e+002,2.6122333e-003,2.6122333e-003,2.6104913e-003
4.8857440e+002,2.6205862e-003,2.6205862e-003,2.6187078e-003
4.8858638e+002,2.6301449e-003,2.6301449e-003,2.6283230e-003
4.8859837e+002,2.6407456e-003,2.6407456e-003,2.6393770e-003
4.8861036e+002,2.6523789e-003,2.6523789e-003,2.6517338e-003
4.8862235e+002,2.6651776e-003,2.6651776e-003,2.6650948e-003
4.8863434e+002,2.6792670e-003,2.6792670e-003,2.6791647e-003
4.8864632e+002,2.6945146e-003,2.6945146e-003,2.6938295e-003
4.8865831e+002,2.7105489e-003,2.7105489e-003,2.7091440e-003
4.8867030e+002,2.7270049e-003,2.7270049e-003,2.7251696e-003
4.8868229e+002,2.7438435e-003,2.7438435e-003,2.7419665e-003
4.8869428e+002,2.7613299e-003,2.7613299e-003,2.7595944e-003
4.8870626e+002,2.7797260e-003,2.7797260e-003,2.7781043e-003
4.8871825e+002,2.7989805e-003,2.7989805e-003,2.7973702e-003
4.8873024e+002,2.8187471e-003,2.8187471e-003,2.8170991e-003
4.8874223e+002,2.8386776e-003,2.8386776e-003,2.8369989e-003
4.8875422e+002,2.8586221e-003,2.8586221e-003,2.8569403e-003
4.8876620e+002,2.8786198e-003,2.8786198e-003,2.8769482e-003
4.8877819e+002,2.8987118e-003,2.8987118e-003,2.8970482e-003
4.8879018e+002,2.9188193e-003,2.9188193e-003,2.9171565e-003
4.8880217e+002,2.9387491e-003,2.9387491e-003,2.9370836e-003
4.8881416e+002,2.9583078e-003,2.9583078e-003,2.9566406e-003
4.8882614e+002,2.9774019e-003,2.9774019e-003,2.9757350e-003
4.8883813e+002,2.9960339e-003,2.9960339e-003,2.9943675e-003
4.8885012e+002,3.0142056e-003,3.0142056e-003,3.0125381e-003
4.8886211e+002,3.0318201e-003,3.0318201e-003,3.0301508e-003
4.8887410e+002,3.0486844e-003,3.0486844e-003,3.0470155e-003
4.8888608e+002,3.0646064e-003,3.0646064e-003,3.0629436e-003
4.8889807e+002,3.0795109e-003,3.0795109e-003,3.0778553e-003
4.8891006e+002,3.0934364e-003,3.0934364e-003,3.0917782e-003
4.8892205e+002,3.1064181e-003,3.1064181e-003,3.1047371e-003
4.8893404e+002,3.1183034e-003,3.1183034e-003,3.1165951e-003
4.8894602e+002,3.1287541e-003,3.1287541e-003,3.1270555e-003
4.8895801e+002,3.1374363e-003,3.1374363e-003,3.1358228e-003
4.8897000e+002,3.1442943e-003,3.1442943e-003,3.1427827e-003
4.8898199e+002,3.1495489e-003,3.1495489e-003,3.1480017e-003
4.8899398e+002,3.1534238e-003,3.1534238e-003,3.1515526e-003
4.8900596e+002,3.1559279e-003,3.1559279e-003,3.1534758e-003
4.8901795e+002,3.1568539e-003,3.1568539e-003,3.1537795e-003
4.8902994e+002,3.1559875e-003,3.1559875e-003,3.1524682e-003
4.8904193e+002,3.1531676e-003,3.1531676e-003,3.1494950e-003
4.8905392e+002,3.1482863e-003,3.1482863e-003,3.1447615e-003
4.8906590e+002,3.1412460e-003,3.1412460e-003,3.1381694e-003
4.8907789e+002,3.1321260e-003,3.1321260e-003,3.1296812e-003
4.8908988e+002,3.1211866e-003,3.1211866e-003,3.1193217e-003
4.8910187e+002,3.1086865e-003,3.1086865e-003,3.1071176e-003
4.8911386e+002,3.0946489e-003,3.0946489e-003,3.0930785e-003
4.8912584e+002,3.0788549e-003,3.0788549e-003,3.0771959e-003
4.8913783e+002,3.0610847e-003,3.0610847e-003,3.0594609e-003
4.8914982e+002,3.0413589e-003,3.0413589e-003,3.0398735e-003
4.8916181e+002,3.0199477e-003,3.0199477e-003,3.0184425e-003
4.8917380e+002,2.9971243e-003,2.9971243e-003,2.9951837e-003
4.8918578e+002,2.9729560e-003,2.9729560e-003,2.9702680e-003
4.8919777e+002,2.9472945e-003,2.9472945e-003,2.9440289e-003
4.8920976e+002,2.9199912e-003,2.9199912e-003,2.9167961e-003
4.8922175e+002,2.8911350e-003,2.8911350e-003,2.8886163e-003
4.8923374e+002,2.8610654e-003,2.8610654e-003,2.8592379e-003
4.8924572e+002,2.8301248e-003,2.8301248e-003,2.8284067e-003
4.8925771e+002,2.7984276e-003,2.7984276e-003,2.7961554e-003
4.8926970e+002,2.7658459e-003,2.7658459e-003,2.7628215e-003
4.8928169e+002,2.7322467e-003,2.7322467e-003,2.7287503e-003
4.8929368e+002,2.6976566e-003,2.6976566e-003,2.6941075e-003
4.8930566e+002,2.6622734e-003,2.6622734e-003,2.6588675e-003
4.8931765e+002,2.6263008e-003,2.6263008e-003,2.6229986e-003
4.8932964e+002,2.5898717e-003,2.5898717e-003,2.5865578e-003
4.8934163e+002,2.5530429e-003,2.5530429e-003,2.5496980e-003
4.8935362e+002,2.5158721e-003,2.5158721e-003,2.5125766e-003
4.8936560e+002,2.4785396e-003,2.4785396e-003,2.4753445e-003
4.8937759e+002,2.4413584e-003,2.4413584e-003,2.4381448e-003
4.8938958e+002,2.4046391e-003,2.4046391e-003,2.4011186e-003
4.8940157e+002,2.3684434e-003,2.3684434e-003,2.3643450e-003
4.8941356e+002,2.3325609e-003,2.3325609e-003,2.3278362e-003
4.8942554e+002,2.2967743e-003,2.2967743e-003,2.2916037e-003
4.8943753e+002,2.2610635e-003,2.2610635e-003,2.2557427e-003
4.8944952e+002,2.2256258e-003,2.2256258e-003,2.2204400e-003
4.8946151e+002,2.1906684e-003,2.1906684e-003,2.1858836e-003
4.8947350e+002,2.1563623e-003,2.1563623e-003,2.1521580e-003
4.8948548e+002,2.1228387e-003,2.1228387e-003,2.1192322e-003
4.8949747e+002,2.0902246e-003,2.0902246e-003,2.0870691e-003
4.8950946e+002,2.0585954e-003,2.0585954e-003,2.0556285e-003
4.8952145e+002,2.0279685e-003,2.0279685e-003,2.0248666e-003
4.8953344e+002,1.9983552e-003,1.9983552e-003,1.9947436e-003
4.8954542e+002,1.9696765e-003,1.9696765e-003,1.9653348e-003
4.8955741e+002,1.9417514e-003,1.9417514e-003,1.9368460e-003
4.8956940e+002,1.9144020e-003,1.9144020e-003,1.9094856e-003
4.8958139e+002,1.8876956e-003,1.8876956e-003,1.8833361e-003
4.8959338e+002,1.8619789e-003,1.8619789e-003,1.8583371e-003
4.8960536e+002,1.8376061e-003,1.8376061e-003,1.8344220e-003
4.8961735e+002,1.8147017e-003,1.8147017e-003,1.8115820e-003
4.8962934e+002,1.7931270e-003,1.7931270e-003,1.7898742e-003
4.8964133e+002,1.7727293e-003,1.7727293e-003,1.7693559e-003
4.8965332e+002,1.7533714e-003,1.7533714e-003,1.7499800e-003
4.8966530e+002,1.7349342e-003,1.7349342e-003,1.7315785e-003
4.8967729e+002,1.7173049e-003,1.7173049e-003,1.7139831e-003
4.8968928e+002,1.7005363e-003,1.7005363e-003,1.6972215e-003
4.8970127e+002,1.6848739e-003,1.6848739e-003,1.6815491e-003
4.8971326e+002,1.6705685e-003,1.6705685e-003,1.6672287e-003
4.8972524e+002,1.6576830e-003,1.6576830e-003,1.6543338e-003
4.8973723e+002,1.6460607e-003,1.6460607e-003,1.6427158e-003
4.8974922e+002,1.6355353e-003,1.6355353e-003,1.6322160e-003
4.8976121e+002,1.6260373e-003,1.6260373e-003,1.6227490e-003
4.8977320e+002,1.6176118e-003,1.6176118e-003,1.6143165e-003
4.8978518e+002,1.6103094e-003,1.6103094e-003,1.6069270e-003
4.8979717e+002,1.6041417e-003,1.6041417e-003,1.6006446e-003
4.8980916e+002,1.5990736e-003,1.5990736e-003,1.5955994e-003
4.8982115e+002,1.5950690e-003,1.5950690e-003,1.5919217e-003
4.8983314e+002,1.5921516e-003,1.5921516e-003,1.5896076e-003
4.8984512e+002,1.5904166e-003,1.5904166e-003,1.5884926e-003
4.8985711e+002,1.5899620e-003,1.5899620e-003,1.5884072e-003
4.8986910e+002,1.5908474e-003,1.5908474e-003,1.5893409e-003
4.8988109e+002,1.5930849e-003,1.5930849e-003,1.5914751e-003
4.8989308e+002,1.5966823e-003,1.5966823e-003,1.5949977e-003
4.8990506e+002,1.6015841e-003,1.6015841e-003,1.5999147e-003
4.8991705e+002,1.6076576e-003,1.6076576e-003,1.6060107e-003
4.8992904e+002,1.6147693e-003,1.6147693e-003,1.6130637e-003
4.8994103e+002,1.6229176e-003,1.6229176e-003,1.6211015e-003
4.8995302e+002,1.6322628e-003,1.6322628e-003,1.6304592e-003
4.8996500e+002,1.6429710e-003,1.6429710e-003,1.6414812e-003
4.8997699e+002,1.6550614e-003,1.6550614e-003,1.6541698e-003
4.8998898e+002,1.6683704e-003,1.6683704e-003,1.6681026e-003
4.9000097e+002,1.6827271e-003,1.6827271e-003,1.6828405e-003
4.9001296e+002,1.6981027e-003,1.6981027e-003,1.6982753e-003
4.9002494e+002,1.7146456e-003,1.7146456e-003,1.7147138e-003
4.9003693e+002,1.7325128e-003,1.7325128e-003,1.7324833e-003
4.9004892e+002,1.7517534e-003,1.7517534e-003,1.7517097e-003
4.9006091e+002,1.7722812e-003,1.7722812e-003,1.7722651e-003
4.9007290e+002,1.7940005e-003,1.7940005e-003,1.7940056e-003
4.9008488e+002,1.8167931e-003,1.8167931e-003,1.8167951e-003
4.9009687e+002,1.8405116e-003,1.8405116e-003,1.8405072e-003
4.9010886e+002,1.8650080e-003,1.8650080e-003,1.8650169e-003
4.9012085e+002,1.8901770e-003,1.8901770e-003,1.8902128e-003
4.9013284e+002,1.9159682e-003,1.9159682e-003,1.9160019e-003
4.9014482e+002,1.9423349e-003,1.9423349e-003,1.9422947e-003
4.9015681e+002,1.9692363e-003,1.9692363e-003,1.9690914e-003
4.9016880e+002,1.9966393e-003,1.9966393e-003,1.9965084e-003
4.9018079e+002,2.0245094e-003,2.0245094e-003,2.0246642e-003
4.9019278e+002,2.0527465e-003,2.0527465e-003,2.0534582e-003
4.9020476e+002,2.0811644e-003,2.0811644e-003,2.0825055e-003
4.9021675e+002,2.1095741e-003,2.1095741e-003,2.1114061e-003
4.9022874e+002,2.1378907e-003,2.1378907e-003,2.1399334e-003
4.9024073e+002,2.1661662e-003,2.1661662e-003,2.1680876e-003
4.9025272e+002,2.1944570e-003,2.1944570e-003,2.1958838e-003
4.9026470e+002,2.2226208e-003,2.2226208e-003,2.2233196e-003
4.9027669e+002,2.2502532e-003,2.2502532e-003,2.2503690e-003
4.9028868e+002,2.2769375e-003,2.2769375e-003,2.2770020e-003
4.9030067e+002,2.3024913e-003,2.3024913e-003,2.3030877e-003
4.9031266e+002,2.3270445e-003,2.3270445e-003,2.3283607e-003
4.9032464e+002,2.3507452e-003,2.3507452e-003,2.3525490e-003
4.9033663e+002,2.3736057e-003,2.3736057e-003,2.3755000e-003
4.9034862e+002,2.3954550e-003,2.3954550e-003,2.3972213e-003
4.9036061e+002,2.4161098e-003,2.4161098e-003,2.4177301e-003
4.9037260e+002,2.4353980e-003,2.4353980e-003,2.4369669e-003
4.9038458e+002,2.4531634e-003,2.4531634e-003,2.4547693e-003
4.9039657e+002,2.4692527e-003,2.4692527e-003,2.4709681e-003
4.9040856e+002,2.4836018e-003,2.4836018e-003,2.4854313e-003
4.9042055e+002,2.4962682e-003,2.4962682e-003,2.4980779e-003
4.9043254e+002,2.5073164e-003,2.5073164e-003,2.5088321e-003
4.9044452e+002,2.5167406e-003,2.5167406e-003,2.5176933e-003
4.9045651e+002,2.5244387e-003,2.5244387e-003,2.5247648e-003
4.9046850e+002,2.5303024e-003,2.5303024e-003,2.5301562e-003
4.9048049e+002,2.5342675e-003,2.5342675e-003,2.5339349e-003
4.9049248e+002,2.5363312e-003,2.5363312e-003,2.5361092e-003
4.9050446e+002,2.5364962e-003,2.5364962e-003,2.5366819e-003
4.9051645e+002,2.5348050e-003,2.5348050e-003,2.5356042e-003
4.9052844e+002,2.5313557e-003,2.5313557e-003,2.5327546e-003
4.9054043e+002,2.5262497e-003,2.5262497e-003,2.5280087e-003
4.9055242e+002,2.5195311e-003,2.5195311e-003,2.5213445e-003
4.9056440e+002,2.5111638e-003,2.5111638e-003,2.5128849e-003
4.9057639e+002,2.5011066e-003,2.5011066e-003,2.5027623e-003
4.9058838e+002,2.4893608e-003,2.4893608e-003,2.4910413e-003
4.9060037e+002,2.4759877e-003,2.4759877e-003,2.4776901e-003
4.9061236e+002,2.4610540e-003,2.4610540e-003,2.4626731e-003
4.9062434e+002,2.4446581e-003,2.4446581e-003,2.4461230e-003
4.9063633e+002,2.4269439e-003,2.4269439e-003,2.4284126e-003
4.9064832e+002,2.4080584e-003,2.4080584e-003,2.4099272e-003
4.9066031e+002,2.3881234e-003,2.3881234e-003,2.3907370e-003
4.9067230e+002,2.3672245e-003,2.3672245e-003,2.3704583e-003
4.9068428e+002,2.3454427e-003,2.3454427e-003,2.3486792e-003
4.9069627e+002,2.3227855e-003,2.3227855e-003,2.3253611e-003
4.9070826e+002,2.2991521e-003,2.2991521e-003,2.3010079e-003
4.9072025e+002,2.2744373e-003,2.2744373e-003,2.2761599e-003
4.9073224e+002,2.2487129e-003,2.2487129e-003,2.2510360e-003
4.9074422e+002,2.2223115e-003,2.2223115e-003,2.2253834e-003
4.9075621e+002,2.1955820e-003,2.1955820e-003,2.1989157e-003
4.9076820e+002,2.1686639e-003,2.1686639e-003,2.1715514e-003
4.9078019e+002,2.1413864e-003,2.1413864e-003,2.1435110e-003
4.9079218e+002,2.1135557e-003,2.1135557e-003,2.1150382e-003
4.9080416e+002,2.0850753e-003,2.0850753e-003,2.0863019e-003
4.9081615e+002,2.0559935e-003,2.0559935e-003,2.0573600e-003
4.9082814e+002,2.0263725e-003,2.0263725e-003,2.0282601e-003
4.9084013e+002,1.9963739e-003,1.9963739e-003,1.9990051e-003
4.9085212e+002,1.9663097e-003,1.9663097e-003,1.9695302e-003
4.9086410e+002,1.9365003e-003,1.9365003e-003,1.9397669e-003
4.9087609e+002,1.9070501e-003,1.9070501e-003,1.9097611e-003
4.9088808e+002,1.8777372e-003,1.8777372e-003,1.8797314e-003
4.9090007e+002,1.8483163e-003,1.8483163e-003,1.8499085e-003
4.9091206e+002,1.8187485e-003,1.8187485e-003,1.8203898e-003
4.9092404e+002,1.7893100e-003,1.7893100e-003,1.7910693e-003
4.9093603e+002,1.7603004e-003,1.7603004e-003,1.7618261e-003
4.9094802e+002,1.7318231e-003,1.7318231e-003,1.7326822e-003
4.9096001e+002,1.7036800e-003,1.7036800e-003,1.7038784e-003
4.9097200e+002,1.6756499e-003,1.6756499e-003,1.6756716e-003
4.9098398e+002,1.6476774e-003,1.6476774e-003,1.6481570e-003
4.9099597e+002,1.6199635e-003,1.6199635e-003,1.6211798e-003
4.9100796e+002,1.5927305e-003,1.5927305e-003,1.5945651e-003
4.9101995e+002,1.5661441e-003,1.5661441e-003,1.5682312e-003
4.9103194e+002,1.5402817e-003,1.5402817e-003,1.5422426e-003
4.9104392e+002,1.5152118e-003,1.5152118e-003,1.5166773e-003
4.9105591e+002,1.4909288e-003,1.4909288e-003,1.4916721e-003
4.9106790e+002,1.4673101e-003,1.4673101e-003,1.4674562e-003
4.9107989e+002,1.4442243e-003,1.4442243e-003,1.4442637e-003
4.9109188e+002,1.4216218e-003,1.4216218e-003,1.4221378e-003
4.9110386e+002,1.3995832e-003,1.3995832e-003,1.4008176e-003
4.9111585e+002,1.3782010e-003,1.3782010e-003,1.3800183e-003
4.9112784e+002,1.3575826e-003,1.3575826e-003,1.3596222e-003
4.9113983e+002,1.3378588e-003,1.3378588e-003,1.3397801e-003
4.9115182e+002,1.3191607e-003,1.3191607e-003,1.3206655e-003
4.9116380e+002,1.3014794e-003,1.3014794e-003,1.3023739e-003
4.9117579e+002,1.2845799e-003,1.2845799e-003,1.2848745e-003
4.9118778e+002,1.2682087e-003,1.2682087e-003,1.2681253e-003
4.9119977e+002,1.2522581e-003,1.2522581e-003,1.2520972e-003
4.9121176e+002,1.2368564e-003,1.2368564e-003,1.2367824e-003
4.9122374e+002,1.2221533e-003,1.2221533e-003,1.2221755e-003
4.9123573e+002,1.2082533e-003,1.2082533e-003,1.2082965e-003
4.9124772e+002,1.1951871e-003,1.1951871e-003,1.1952070e-003
4.9125971e+002,1.1829772e-003,1.1829772e-003,1.1829713e-003
4.9127170e+002,1.1715506e-003,1.1715506e-003,1.1715391e-003
4.9128368e+002,1.1606766e-003,1.1606766e-003,1.1606713e-003
4.9129567e+002,1.1501120e-003,1.1501120e-003,1.1501135e-003
4.9130766e+002,1.1397774e-003,1.1397774e-003,1.1397802e-003
4.9131965e+002,1.1298665e-003,1.1298665e-003,1.1298677e-003
4.9133164e+002,1.1205966e-003,1.1205966e-003,1.1205964e-003
4.9134362e+002,1.1120157e-003,1.1120157e-003,1.1120159e-003
4.9135561e+002,1.1038877e-003,1.1038877e-003,1.1038884e-003
4.9136760e+002,1.0959506e-003,1.0959506e-003,1.0959499e-003
4.9137959e+002,1.0880679e-003,1.0880679e-003,1.0880642e-003
4.9139158e+002,1.0803147e-003,1.0803147e-003,1.0803107e-003
4.9140356e+002,1.0727857e-003,1.0727857e-003,1.0727888e-003
4.9141555e+002,1.0655014e-003,1.0655014e-003,1.0655159e-003
4.9142754e+002,1.0583546e-003,1.0583546e-003,1.0583697e-003
4.9143953e+002,1.0512264e-003,1.0512264e-003,1.0512150e-003
4.9145152e+002,1.0440435e-003,1.0440435e-003,1.0439892e-003
4.9146350e+002,1.0368110e-003,1.0368110e-003,1.0367545e-003
4.9147549e+002,1.0295421e-003,1.0295421e-003,1.0295842e-003
4.9148748e+002,1.0222687e-003,1.0222687e-003,1.0224709e-003
4.9149947e+002,1.0150555e-003,1.0150555e-003,1.0152671e-003
4.9151146e+002,1.0079689e-003,1.0079689e-003,1.0078124e-003
4.9152344e+002,1.0009555e-003,1.0009555e-003,1.0000708e-003
4.9153543e+002,9.9375199e-004,9.9375199e-004,9.9222339e-004
4.9154742e+002,9.8607614e-004,9.8607614e-004,9.8447147e-004
4.9155941e+002,9.7785437e-004,9.7785437e-004,9.7685226e-004
4.9157140e+002,9.6938086e-004,9.6938086e-004,9.6911388e-004
4.9158338e+002,9.6098493e-004,9.6098493e-004,9.6097669e-004
4.9159537e+002,9.5278213e-004,9.5278213e-004,9.5231758e-004
4.9160736e+002,9.4450790e-004,9.4450790e-004,9.4329179e-004
4.9161935e+002,9.3586019e-004,9.3586019e-004,9.3408225e-004
4.9163134e+002,9.2668683e-004,9.2668683e-004,9.2478197e-004
4.9164332e+002,9.1710445e-004,9.1710445e-004,9.1532272e-004
4.9165531e+002,9.0725747e-004,9.0725747e-004,9.0562036e-004
4.9166730e+002,8.9727369e-004,8.9727369e-004,8.9567088e-004
4.9167929e+002,8.8725082e-004,8.8725082e-004,8.8561513e-004
4.9169128e+002,8.7728258e-004,8.7728258e-004,8.7560808e-004
4.9170326e+002,8.6738069e-004,8.6738069e-004,8.6569692e-004
4.9171525e+002,8.5740745e-004,8.5740745e-004,8.5573246e-004
4.9172724e+002,8.4721029e-004,8.4721029e-004,8.4554571e-004
4.9173923e+002,8.3673650e-004,8.3673650e-004,8.3507442e-004
4.9175122e+002,8.2611686e-004,8.2611686e-004,8.2445244e-004
4.9176320e+002,8.1550112e-004,8.1550112e-004,8.1383391e-004
4.9177519e+002,8.0496408e-004,8.0496408e-004,8.0329621e-004
4.9178718e+002,7.9444172e-004,7.9444172e-004,7.9277448e-004
4.9179917e+002,7.8385574e-004,7.8385574e-004,7.8218922e-004
4.9181116e+002,7.7320728e-004,7.7320728e-004,7.7154088e-004
4.9182314e+002,7.6264586e-004,7.6264586e-004,7.6097929e-004
4.9183513e+002,7.5233617e-004,7.5233617e-004,7.5066952e-004
4.9184712e+002,7.4232010e-004,7.4232010e-004,7.4065361e-004
4.9185911e+002,7.3240837e-004,7.3240837e-004,7.3074194e-004
4.9187110e+002,7.2238767e-004,7.2238767e-004,7.2072084e-004
4.9188308e+002,7.1221753e-004,7.1221753e-004,7.1054995e-004
4.9189507e+002,7.0218566e-004,7.0218566e-004,7.0051797e-004
4.9190706e+002,6.9261456e-004,6.9261456e-004,6.9094855e-004
4.9191905e+002,6.8361380e-004,6.8361380e-004,6.8195068e-004
4.9193104e+002,6.7488530e-004,6.7488530e-004,6.7322253e-004
4.9194302e+002,6.6608672e-004,6.6608672e-004,6.6441766e-004
4.9195501e+002,6.5708391e-004,6.5708391e-004,6.5540403e-004
4.9196700e+002,6.4814456e-004,6.4814456e-004,6.4646337e-004
4.9197899e+002,6.3958098e-004,6.3958098e-004,6.3792318e-004
4.9199098e+002,6.3155284e-004,6.3155284e-004,6.2993542e-004
4.9200296e+002,6.2392283e-004,6.2392283e-004,6.2231050e-004
4.9201495e+002,6.1651986e-004,6.1651986e-004,6.1482058e-004
4.9202694e+002,6.0922750e-004,6.0922750e-004,6.0737744e-004
4.9203893e+002,6.0203656e-004,6.0203656e-004,6.0016679e-004
4.9205092e+002,5.9495069e-004,5.9495069e-004,5.9340503e-004
4.9206290e+002,5.8802174e-004,5.8802174e-004,5.8715645e-004
4.9207489e+002,5.8139689e-004,5.8139689e-004,5.8118426e-004
4.9208688e+002,5.7523351e-004,5.7523351e-004,5.7521729e-004
4.9209887e+002,5.6955753e-004,5.6955753e-004,5.6910922e-004
4.9211086e+002,5.6413254e-004,5.6413254e-004,5.6296291e-004
4.9212284e+002,5.5869200e-004,5.5869200e-004,5.5691073e-004
4.9213483e+002,5.5310455e-004,5.5310455e-004,5.5107870e-004
4.9214682e+002,5.4751083e-004,5.4751083e-004,5.4558006e-004
4.9215881e+002,5.4208356e-004,5.4208356e-004,5.4052582e-004
4.9217080e+002,5.3692558e-004,5.3692558e-004,5.3592895e-004
4.9218278e+002,5.3199794e-004,5.3199794e-004,5.3160355e-004
4.9219477e+002,5.2724477e-004,5.2724477e-004,5.2734006e-004
4.9220676e+002,5.2264266e-004,5.2264266e-004,5.2298937e-004
4.9221875e+002,5.1823471e-004,5.1823471e-004,5.1852605e-004
4.9223074e+002,5.1407171e-004,5.1407171e-004,5.1394029e-004
4.9224272e+002,5.1014432e-004,5.1014432e-004,5.0930101e-004
4.9225471e+002,5.0631916e-004,5.0631916e-004,5.0483940e-004
4.9226670e+002,5.0244813e-004,5.0244813e-004,5.0080574e-004
4.9227869e+002,4.9847973e-004,4.9847973e-004,4.9729865e-004
4.9229068e+002,4.9456325e-004,4.9456325e-004,4.9410129e-004
4.9230266e+002,4.9087242e-004,4.9087242e-004,4.9095805e-004
4.9231465e+002,4.8747585e-004,4.8747585e-004,4.8769973e-004
4.9232664e+002,4.8422185e-004,4.8422185e-004,4.8433835e-004
4.9233863e+002,4.8093158e-004,4.8093158e-004,4.8090891e-004
4.9235062e+002,4.7753056e-004,4.7753056e-004,4.7747056e-004
4.9236260e+002,4.7416492e-004,4.7416492e-004,4.7413357e-004
4.9237459e+002,4.7100830e-004,4.7100830e-004,4.7101430e-004
4.9238658e+002,4.6813990e-004,4.6813990e-004,4.6815599e-004
4.9239857e+002,4.6543754e-004,4.6543754e-004,4.6544598e-004
4.9241056e+002,4.6275349e-004,4.6275349e-004,4.6275190e-004
4.9242254e+002,4.5999732e-004,4.5999732e-004,4.5999301e-004
4.9243453e+002,4.5720178e-004,4.5720178e-004,4.5719951e-004
4.9244652e+002,4.5441547e-004,4.5441547e-004,4.5441589e-004
4.9245851e+002,4.5165932e-004,4.5165932e-004,4.5166048e-004
4.9247050e+002,4.4889427e-004,4.4889427e-004,4.4889488e-004
4.9248248e+002,4.4607370e-004,4.4607370e-004,4.4607359e-004
4.9249447e+002,4.4320434e-004,4.4320434e-004,4.4320403e-004
4.9250646e+002,4.4040966e-004,4.4040966e-004,4.4040949e-004
4.9251845e+002,4.3782815e-004,4.3782815e-004,4.3782818e-004
4.9253044e+002,4.3551889e-004,4.3551889e-004,4.3551898e-004
4.9254242e+002,4.3336588e-004,4.3336588e-004,4.3336592e-004
4.9255441e+002,4.3122996e-004,4.3122996e-004,4.3122996e-004
4.9256640e+002,4.2902553e-004,4.2902553e-004,4.2902551e-004
4.9257839e+002,4.2678597e-004,4.2678597e-004,4.2678595e-004
4.9259038e+002,4.2456054e-004,4.2456054e-004,4.2456054e-004
4.9260236e+002,4.2236820e-004,4.2236820e-004,4.2236821e-004
4.9261435e+002,4.2015995e-004,4.2015995e-004,4.2015995e-004
4.9262634e+002,4.1787778e-004,4.1787778e-004,4.1787778e-004
4.9263833e+002,4.1553140e-004,4.1553140e-004,4.1553139e-004
4.9265032e+002,4.1328345e-004,4.1328345e-004,4.1328345e-004
4.9266230e+002,4.1131705e-004,4.1131705e-004,4.1131705e-004
4.9267429e+002,4.0967900e-004,4.0967900e-004,4.0967900e-004
4.9268628e+002,4.0810519e-004,4.0810519e-004,4.0810519e-004
4.9269827e+002,4.0628909e-004,4.0628909e-004,4.0628909e-004
4.9271026e+002,4.0409347e-004,4.0409347e-004,4.0409347e-004
4.9272224e+002,4.0177049e-004,4.0177049e-004,4.0177049e-004
4.9273423e+002,3.9962633e-004,3.9962633e-004,3.9962633e-004
4.9274622e+002,3.9783358e-004,3.9783358e-004,3.9783358e-004
4.9275821e+002,3.9625500e-004,3.9625500e-004,3.9625500e-004
4.9277020e+002,3.9470976e-004,3.9470976e-004,3.9470976e-004
4.9278218e+002,3.9307941e-004,3.9307941e-004,3.9307941e-004
4.9279417e+002,3.9139140e-004,3.9139140e-004,3.9139140e-004
4.9280616e+002,3.8969395e-004,3.8969395e-004,3.8969395e-004
4.9281815e+002,3.8801900e-004,3.8801900e-004,3.8801900e-004
4.9283014e+002,3.8636001e-004,3.8636001e-004,3.8636001e-004
4.9284212e+002,3.8470491e-004,3.8470491e-004,3.8470491e-004
4.9285411e+002,3.8304488e-004,3.8304488e-004,3.8304488e-004
4.9286610e+002,3.8137883e-004,3.8137883e-004,3.8137883e-004
4.9287809e+002,3.7970677e-004,3.7970677e-004,3.7970677e-004
4.9289008e+002,3.7803192e-004,3.7803192e-004,3.7803192e-004
4.9290206e+002,3.7636517e-004,3.7636517e-004,3.7636517e-004
4.9291405e+002,3.7471848e-004,3.7471848e-004,3.7471848e-004
4.9292604e+002,3.7308791e-004,3.7308791e-004,3.7308791e-004
4.9293803e+002,3.7143113e-004,3.7143113e-004,3.7143113e-004
4.9295002e+002,3.6970030e-004,3.6970030e-004,3.6970030e-004
4.9296200e+002,3.6790745e-004,3.6790745e-004,3.6790745e-004
4.9297399e+002,3.6621082e-004,3.6621082e-004,3.6621082e-004
4.9298598e+002,3.6479019e-004,3.6479019e-004,3.6479019e-004
4.9299797e+002,3.6369933e-004,3.6369933e-004,3.6369933e-004
4.9300996e+002,3.6268190e-004,3.6268190e-004,3.6268190e-004
4.9302194e+002,3.6143511e-004,3.6143511e-004,3.6143511e-004
4.9303393e+002,3.5981076e-004,3.5981076e-004,3.5981076e-004
4.9304592e+002,3.5804451e-004,3.5804451e-004,3.5804451e-004
4.9305791e+002,3.5643030e-004,3.5643030e-004,3.5643030e-004
4.9306990e+002,3.5515175e-004,3.5515175e-004,3.5515175e-004
4.9308188e+002,3.5411625e-004,3.5411625e-004,3.5411625e-004
4.9309387e+002,3.5318865e-004,3.5318865e-004,3.5318865e-004
4.9310586e+002,3.5223695e-004,3.5223695e-004,3.5223695e-004
4.9311785e+002,3.5113704e-004,3.5113704e-004,3.5113704e-004
4.9312984e+002,3.4976632e-004,3.4976632e-004,3.4976632e-004
4.9314182e+002,3.4809841e-004,3.4809841e-004,3.4809841e-004
4.9315381e+002,3.4635212e-004,3.4635212e-004,3.4635212e-004
4.9316580e+002,3.4478452e-004,3.4478452e-004,3.4478452e-004
4.9317779e+002,3.4354582e-004,3.4354582e-004,3.4354582e-004
4.9318978e+002,3.4251168e-004,3.4251168e-004,3.4251168e-004
4.9320176e+002,3.4151439e-004,3.4151439e-004,3.4151439e-004
4.9321375e+002,3.4043927e-004,3.4043927e-004,3.4043927e-004
4.9322574e+002,3.3930909e-004,3.3930909e-004,3.3930909e-004
4.9323773e+002,3.3816857e-004,3.3816857e-004,3.3816857e-004
4.9324972e+002,3.3704860e-004,3.3704860e-004,3.3704860e-004
4.9326170e+002,3.3594383e-004,3.3594383e-004,3.3594383e-004
4.9327369e+002,3.3484307e-004,3.3484307e-004,3.3484307e-004
4.9328568e+002,3.3373790e-004,3.3373790e-004,3.3373790e-004
4.9329767e+002,3.3262712e-004,3.3262712e-004,3.3262712e-004
4.9330966e+002,3.3151074e-004,3.3151074e-004,3.3151074e-004
4.9332164e+002,3.3039150e-004,3.3039150e-004,3.3039150e-004
4.9333363e+002,3.2927939e-004,3.2927939e-004,3.2927939e-004
4.9334562e+002,3.2818562e-004,3.2818562e-004,3.2818562e-004
4.9335761e+002,3.2710779e-004,3.2710779e-004,3.2710779e-004
4.9336960e+002,3.2600712e-004,3.2600712e-004,3.2600712e-004
4.9338158e+002,3.2483888e-004,3.2483888e-004,3.2483888e-004
4.9339357e+002,3.2360948e-004,3.2360948e-004,3.2360948e-004
4.9340556e+002,3.2246381e-004,3.2246381e-004,3.2246381e-004
4.9341755e+002,3.2156981e-004,3.2156981e-004,3.2156981e-004
4.9342954e+002,3.2099372e-004,3.2099372e-004,3.2099372e-004
4.9344152e+002,3.2052422e-004,3.2052422e-004,3.2052422e-004
4.9345351e+002,3.1990321e-004,3.1990321e-004,3.1990321e-004
4.9346550e+002,3.1896358e-004,3.1896358e-004,3.1896358e-004
4.9347749e+002,3.1778897e-004,3.1778897e-004,3.1778897e-004
4.9348948e+002,3.1650576e-004,3.1650576e-004,3.1650576e-004
4.9350146e+002,3.1523931e-004,3.1523931e-004,3.1523931e-004
4.9351345e+002,3.1411203e-004,3.1411203e-004,3.1411203e-004
4.9352544e+002,3.1324571e-004,3.1324571e-004,3.1324571e-004
4.9353743e+002,3.1267668e-004,3.1267668e-004,3.1267668e-004
4.9354942e+002,3.1220183e-004,3.1220183e-004,3.1220183e-004
4.9356140e+002,3.1157649e-004,3.1157649e-004,3.1157649e-004
4.9357339e+002,3.1064004e-004,3.1064004e-004,3.1064004e-004
4.9358538e+002,3.0946941e-004,3.0946941e-004,3.0946941e-004
4.9359737e+002,3.0818321e-004,3.0818321e-004,3.0818321e-004
4.9360936e+002,3.0690486e-004,3.0690486e-004,3.0690486e-004
4.9362134e+002,3.0577154e-004,3.0577154e-004,3.0577154e-004
4.9363333e+002,3.0492272e-004,3.0492272e-004,3.0492272e-004
4.9364532e+002,3.0439604e-004,3.0439604e-004,3.0439604e-004
4.9365731e+002,3.0393615e-004,3.0393615e-004,3.0393615e-004
4.9366930e+002,3.0323548e-004,3.0323548e-004,3.0323548e-004
4.9368128e+002,3.0213565e-004,3.0213565e-004,3.0213565e-004
4.9369327e+002,3.0091134e-004,3.0091134e-004,3.0091134e-004
4.9370526e+002,2.9991513e-004,2.9991513e-004,2.9991513e-004
4.9371725e+002,2.9933882e-004,2.9933882e-004,2.9933882e-004
4.9372924e+002,2.9890333e-004,2.9890333e-004,2.9890333e-004
4.9374122e+002,2.9824405e-004,2.9824405e-004,2.9824405e-004
4.9375321e+002,2.9715926e-004,2.9715926e-004,2.9715926e-004
4.9376520e+002,2.9592834e-004,2.9592834e-004,2.9592834e-004
4.9377719e+002,2.9491893e-004,2.9491893e-004,2.9491893e-004
4.9378918e+002,2.9433637e-004,2.9433637e-004,2.9433637e-004
4.9380116e+002,2.9390256e-004,2.9390256e-004,2.9390256e-004
4.9381315e+002,2.9324984e-004,2.9324984e-004,2.9324984e-004
4.9382514e+002,2.9217091e-004,2.9217091e-004,2.9217091e-004
4.9383713e+002,2.9094033e-004,2.9094033e-004,2.9094033e-004
4.9384912e+002,2.8992276e-004,2.8992276e-004,2.8992276e-004
4.9386110e+002,2.8932704e-004,2.8932704e-004,2.8932704e-004
4.9387309e+002,2.8888970e-004,2.8888970e-004,2.8888970e-004
4.9388508e+002,2.8825814e-004,2.8825814e-004,2.8825814e-004
4.9389707e+002,2.8722198e-004,2.8722198e-004,2.8722198e-004
4.9390906e+002,2.8600574e-004,2.8600574e-004,2.8600574e-004
4.9392104e+002,2.8491679e-004,2.8491679e-004,2.8491679e-004
4.9393303e+002,2.8416722e-004,2.8416722e-004,2.8416722e-004
4.9394502e+002,2.8367510e-004,2.8367510e-004,2.8367510e-004
4.9395701e+002,2.8330196e-004,2.8330196e-004,2.8330196e-004
4.9396900e+002,2.8291265e-004,2.8291265e-004,2.8291265e-004
4.9398098e+002,2.8238238e-004,2.8238238e-004,2.8238238e-004
4.9399297e+002,2.8158840e-004,2.8158840e-004,2.8158840e-004
4.9400496e+002,2.8048850e-004,2.8048850e-004,2.8048848e-004
4.9401695e+002,2.7929349e-004,2.7929349e-004,2.7929347e-004
4.9402894e+002,2.7826369e-004,2.7826369e-004,2.7826369e-004
4.9404092e+002,2.7756756e-004,2.7756756e-004,2.7756763e-004
4.9405291e+002,2.7708254e-004,2.7708254e-004,2.7708262e-004
4.9406490e+002,2.7662851e-004,2.7662851e-004,2.7662850e-004
4.9407689e+002,2.7608143e-004,2.7608143e-004,2.7608121e-004
4.9408888e+002,2.7549639e-004,2.7549639e-004,2.7549609e-004
4.9410086e+002,2.7496420e-004,2.7496420e-004,2.7496425e-004
4.9411285e+002,2.7451947e-004,2.7451947e-004,2.7452031e-004
4.9412484e+002,2.7401548e-004,2.7401548e-004,2.7401662e-004
4.9413683e+002,2.7326908e-004,2.7326908e-004,2.7326892e-004
4.9414882e+002,2.7218983e-004,2.7218983e-004,2.7218671e-004
4.9416080e+002,2.7098912e-004,2.7098912e-004,2.7098486e-004
4.9417279e+002,2.6993961e-004,2.6993961e-004,2.6994019e-004
4.9418478e+002,2.6922484e-004,2.6922484e-004,2.6923646e-004
4.9419677e+002,2.6873577e-004,2.6873577e-004,2.6875170e-004
4.9420876e+002,2.6830341e-004,2.6830341e-004,2.6830132e-004
4.9422074e+002,2.6779939e-004,2.6779939e-004,2.6775612e-004
4.9423273e+002,2.6722996e-004,2.6722996e-004,2.6717045e-004
4.9424472e+002,2.6662921e-004,2.6662921e-004,2.6663664e-004
4.9425671e+002,2.6603097e-004,2.6603097e-004,2.6619203e-004
4.9426870e+002,2.6546804e-004,2.6546804e-004,2.6569029e-004
4.9428068e+002,2.6497304e-004,2.6497304e-004,2.6494677e-004
4.9429267e+002,2.6453980e-004,2.6453980e-004,2.6386764e-004
4.9430466e+002,2.6403129e-004,2.6403129e-004,2.6266550e-004
4.9431665e+002,2.6328293e-004,2.6328293e-004,2.6161745e-004
4.9432864e+002,2.6221231e-004,2.6221231e-004,2.6091038e-004
4.9434062e+002,2.6101644e-004,2.6101644e-004,2.6042427e-004
4.9435261e+002,2.5995177e-004,2.5995177e-004,2.5997388e-004
4.9436460e+002,2.5920140e-004,2.5920140e-004,2.5942809e-004
4.9437659e+002,2.5869666e-004,2.5869666e-004,2.5884169e-004
4.9438858e+002,2.5831490e-004,2.5831490e-004,2.5830932e-004
4.9440056e+002,2.5793110e-004,2.5793110e-004,2.5787037e-004
4.9441255e+002,2.5741193e-004,2.5741193e-004,2.5737295e-004
4.9442454e+002,2.5662233e-004,2.5662233e-004,2.5662373e-004
4.9443653e+002,2.5550874e-004,2.5550874e-004,2.5552501e-004
4.9444852e+002,2.5430270e-004,2.5430270e-004,2.5431318e-004
4.9446050e+002,2.5329794e-004,2.5329794e-004,2.5329759e-004
4.9447249e+002,2.5267602e-004,2.5267602e-004,2.5267167e-004
4.9448448e+002,2.5222270e-004,2.5222270e-004,2.5221989e-004
4.9449647e+002,2.5163655e-004,2.5163655e-004,2.5163664e-004
4.9450846e+002,2.5070491e-004,2.5070491e-004,2.5070607e-004
4.9452044e+002,2.4953100e-004,2.4953100e-004,2.4953175e-004
4.9453243e+002,2.4828829e-004,2.4828829e-004,2.4828827e-004
4.9454442e+002,2.4711382e-004,2.4711382e-004,2.4711351e-004
4.9455641e+002,2.4601376e-004,2.4601376e-004,2.4601355e-004
4.9456840e+002,2.4496491e-004,2.4496491e-004,2.4496491e-004
4.9458038e+002,2.4393352e-004,2.4393352e-004,2.4393360e-004
4.9459237e+002,2.4284754e-004,2.4284754e-004,2.4284759e-004
4.9460436e+002,2.4162624e-004,2.4162624e-004,2.4162624e-004
4.9461635e+002,2.4019939e-004,2.4019939e-004,2.4019937e-004
4.9462834e+002,2.3853505e-004,2.3853505e-004,2.3853503e-004
4.9464032e+002,2.3661003e-004,2.3661003e-004,2.3661003e-004
4.9465231e+002,2.3443665e-004,2.3443665e-004,2.3443665e-004
4.9466430e+002,2.3215818e-004,2.3215818e-004,2.3215818e-004
4.9467629e+002,2.2994809e-004,2.2994809e-004,2.2994809e-004
4.9468828e+002,2.2789485e-004,2.2789485e-004,2.2789485e-004
4.9470026e+002,2.2577064e-004,2.2577064e-004,2.2577064e-004
4.9471225e+002,2.2327405e-004,2.2327405e-004,2.2327405e-004
4.9472424e+002,2.2020922e-004,2.2020922e-004,2.2020922e-004
4.9473623e+002,2.1677676e-004,2.1677676e-004,2.1677676e-004
4.9474822e+002,2.1327033e-004,2.1327033e-004,2.1327033e-004
4.9476020e+002,2.0990825e-004,2.0990825e-004,2.0990825e-004
4.9477219e+002,2.0662344e-004,2.0662344e-004,2.0662344e-004
4.9478418e+002,2.0328122e-004,2.0328122e-004,2.0328122e-004
4.9479617e+002,1.9974872e-004,1.9974872e-004,1.9974872e-004
4.9480816e+002,1.9590012e-004,1.9590012e-004,1.9590012e-004
4.9482014e+002,1.9161125e-004,1.9161125e-004,1.9161125e-004
4.9483213e+002,1.8682468e-004,1.8682468e-004,1.8682468e-004
4.9484412e+002,1.8174038e-004,1.8174038e-004,1.8174038e-004
4.9485611e+002,1.7662042e-004,1.7662042e-004,1.7662042e-004
4.9486810e+002,1.7165023e-004,1.7165023e-004,1.7165023e-004
4.9488008e+002,1.6671683e-004,1.6671683e-004,1.6671683e-004
4.9489207e+002,1.6163466e-004,1.6163466e-004,1.6163466e-004
4.9490406e+002,1.5626846e-004,1.5626846e-004,1.5626846e-004
4.9491605e+002,1.5068066e-004,1.5068066e-004,1.5068066e-004
4.9492804e+002,1.4498223e-004,1.4498223e-004,1.4498223e-004
4.9494002e+002,1.3928413e-004,1.3928413e-004,1.3928413e-004
4.9495201e+002,1.3369733e-004,1.3369733e-004,1.3369733e-004
4.9496400e+002,1.2833280e-004,1.2833280e-004,1.2833280e-004
