4.6100000e+002,2.6449976e-003,2.6449976e-003,2.6399976e-003
4.6101299e+002,2.7797271e-003,2.7797271e-003,2.7732465e-003
4.6102597e+002,2.9129121e-003,2.9129121e-003,2.9066588e-003
4.6103896e+002,3.0445350e-003,3.0445350e-003,3.0395993e-003
4.6105195e+002,3.1745781e-003,3.1745781e-003,3.1714329e-003
4.6106493e+002,3.3030237e-003,3.3030237e-003,3.3015243e-003
4.6107792e+002,3.4298542e-003,3.4298542e-003,3.4292383e-003
4.6109091e+002,3.5549611e-003,3.5549611e-003,3.5540195e-003
4.6110390e+002,3.6776434e-003,3.6776434e-003,3.6756379e-003
4.6111688e+002,3.7969633e-003,3.7969633e-003,3.7939462e-003
4.6112987e+002,3.9121014e-003,3.9121014e-003,3.9088398e-003
4.6114286e+002,4.0232426e-003,4.0232426e-003,4.0203903e-003
4.6115584e+002,4.1310746e-003,4.1310746e-003,4.1287142e-003
4.6116883e+002,4.2362107e-003,4.2362107e-003,4.2338579e-003
4.6118182e+002,4.3383978e-003,4.3383978e-003,4.3355779e-003
4.6119480e+002,4.4368433e-003,4.4368433e-003,4.4335550e-003
4.6120779e+002,4.5307917e-003,4.5307917e-003,4.5275292e-003
4.6122078e+002,4.6201656e-003,4.6201656e-003,4.6174877e-003
4.6123377e+002,4.7054095e-003,4.7054095e-003,4.7034823e-003
4.6124675e+002,4.7869706e-003,4.7869706e-003,4.7855740e-003
4.6125974e+002,4.8650688e-003,4.8650688e-003,4.8638646e-003
4.6127273e+002,4.9397082e-003,4.9397082e-003,4.9384660e-003
4.6128571e+002,5.0108930e-003,5.0108930e-003,5.0095680e-003
4.6129870e+002,5.0788875e-003,5.0788875e-003,5.0776901e-003
4.6131169e+002,5.1442603e-003,5.1442603e-003,5.1434398e-003
4.6132468e+002,5.2075907e-003,5.2075907e-003,5.2072800e-003
4.6133766e+002,5.2691194e-003,5.2691194e-003,5.2690511e-003
4.6135065e+002,5.3285984e-003,5.3285984e-003,5.3284267e-003
4.6136364e+002,5.3857447e-003,5.3857447e-003,5.3852376e-003
4.6137662e+002,5.4405582e-003,5.4405582e-003,5.4399974e-003
4.6138961e+002,5.4935446e-003,5.4935446e-003,5.4934047e-003
4.6140260e+002,5.5452615e-003,5.5452615e-003,5.5460135e-003
4.6141558e+002,5.5961390e-003,5.5961390e-003,5.5977446e-003
4.6142857e+002,5.6463220e-003,5.6463220e-003,5.6483455e-003
4.6144156e+002,5.6959170e-003,5.6959170e-003,5.6976488e-003
4.6145455e+002,5.7450154e-003,5.7450154e-003,5.7458619e-003
4.6146753e+002,5.7936674e-003,5.7936674e-003,5.7932960e-003
4.6148052e+002,5.8419156e-003,5.8419156e-003,5.8402328e-003
4.6149351e+002,5.8897428e-003,5.8897428e-003,5.8868246e-003
4.6150649e+002,5.9369187e-003,5.9369187e-003,5.9331876e-003
4.6151948e+002,5.9831660e-003,5.9831660e-003,5.9794699e-003
4.6153247e+002,6.0284055e-003,6.0284055e-003,6.0259633e-003
4.6154545e+002,6.0734520e-003,6.0734520e-003,6.0730000e-003
4.6155844e+002,6.1193725e-003,6.1193725e-003,6.1208143e-003
4.6157143e+002,6.1670095e-003,6.1670095e-003,6.1691950e-003
4.6158441e+002,6.2159141e-003,6.2159141e-003,6.2178047e-003
4.6159740e+002,6.2651766e-003,6.2651766e-003,6.2663419e-003
4.6161039e+002,6.3140090e-003,6.3140090e-003,6.3146691e-003
4.6162338e+002,6.3625251e-003,6.3625251e-003,6.3626957e-003
4.6163636e+002,6.4112435e-003,6.4112435e-003,6.4104449e-003
4.6164935e+002,6.4606429e-003,6.4606429e-003,6.4584645e-003
4.6166234e+002,6.5108043e-003,6.5108043e-003,6.5074542e-003
4.6167532e+002,6.5615859e-003,6.5615859e-003,6.5579437e-003
4.6168831e+002,6.6128522e-003,6.6128522e-003,6.6096716e-003
4.6170130e+002,6.6645803e-003,6.6645803e-003,6.6621458e-003
4.6171429e+002,6.7168250e-003,6.7168250e-003,6.7149663e-003
4.6172727e+002,6.7696387e-003,6.7696387e-003,6.7681667e-003
4.6174026e+002,6.8230027e-003,6.8230027e-003,6.8219078e-003
4.6175325e+002,6.8768374e-003,6.8768374e-003,6.8763068e-003
4.6176623e+002,6.9310679e-003,6.9310679e-003,6.9312738e-003
4.6177922e+002,6.9857829e-003,6.9857829e-003,6.9866573e-003
4.6179221e+002,7.0412436e-003,7.0412436e-003,7.0423884e-003
4.6180519e+002,7.0977169e-003,7.0977169e-003,7.0987937e-003
4.6181818e+002,7.1553706e-003,7.1553706e-003,7.1563180e-003
4.6183117e+002,7.2142437e-003,7.2142437e-003,7.2152738e-003
4.6184416e+002,7.2743643e-003,7.2743643e-003,7.2753341e-003
4.6185714e+002,7.3356082e-003,7.3356082e-003,7.3359788e-003
4.6187013e+002,7.3976064e-003,7.3976064e-003,7.3968299e-003
4.6188312e+002,7.4599700e-003,7.4599700e-003,7.4582041e-003
4.6189610e+002,7.5225870e-003,7.5225870e-003,7.5206292e-003
4.6190909e+002,7.5858987e-003,7.5858987e-003,7.5844972e-003
4.6192208e+002,7.6504114e-003,7.6504114e-003,7.6495300e-003
4.6193506e+002,7.7163438e-003,7.7163438e-003,7.7152434e-003
4.6194805e+002,7.7831960e-003,7.7831960e-003,7.7812580e-003
4.6196104e+002,7.8503579e-003,7.8503579e-003,7.8477132e-003
4.6197402e+002,7.9175374e-003,7.9175374e-003,7.9149097e-003
4.6198701e+002,7.9854448e-003,7.9854448e-003,7.9831595e-003
4.6200000e+002,8.0549872e-003,8.0549872e-003,8.0528341e-003
4.6201299e+002,8.1267599e-003,8.1267599e-003,8.1243231e-003
4.6202597e+002,8.2001099e-003,8.2001099e-003,8.1978671e-003
4.6203896e+002,8.2740720e-003,8.2740720e-003,8.2729527e-003
4.6205195e+002,8.3479229e-003,8.3479229e-003,8.3488285e-003
4.6206493e+002,8.4221716e-003,8.4221716e-003,8.4248919e-003
4.6207792e+002,8.4977179e-003,8.4977179e-003,8.5013015e-003
4.6209091e+002,8.5753154e-003,8.5753154e-003,8.5784578e-003
4.6210390e+002,8.6547653e-003,8.6547653e-003,8.6567431e-003
4.6211688e+002,8.7354871e-003,8.7354871e-003,8.7364444e-003
4.6212987e+002,8.8169710e-003,8.8169710e-003,8.8178177e-003
4.6214286e+002,8.8993113e-003,8.8993113e-003,8.9010466e-003
4.6215584e+002,8.9829045e-003,8.9829045e-003,8.9859359e-003
4.6216883e+002,9.0681294e-003,9.0681294e-003,9.0721680e-003
4.6218182e+002,9.1551402e-003,9.1551402e-003,9.1594532e-003
4.6219480e+002,9.2439516e-003,9.2439516e-003,9.2476503e-003
4.6220779e+002,9.3345595e-003,9.3345595e-003,9.3366663e-003
4.6222078e+002,9.4267113e-003,9.4267113e-003,9.4265055e-003
4.6223377e+002,9.5199628e-003,9.5199628e-003,9.5176875e-003
4.6224675e+002,9.6138932e-003,9.6138932e-003,9.6109013e-003
4.6225974e+002,9.7086745e-003,9.7086745e-003,9.7066963e-003
4.6227273e+002,9.8050412e-003,9.8050412e-003,9.8048729e-003
4.6228571e+002,9.9037321e-003,9.9037321e-003,9.9049820e-003
4.6229870e+002,1.0004921e-002,1.0004921e-002,1.0006629e-002
4.6231169e+002,1.0108120e-002,1.0108120e-002,1.0109715e-002
4.6232467e+002,1.0212811e-002,1.0212811e-002,1.0214238e-002
4.6233766e+002,1.0318802e-002,1.0318802e-002,1.0320251e-002
4.6235065e+002,1.0426373e-002,1.0426373e-002,1.0428108e-002
4.6236363e+002,1.0535839e-002,1.0535839e-002,1.0538261e-002
4.6237662e+002,1.0647506e-002,1.0647506e-002,1.0651025e-002
4.6238961e+002,1.0761664e-002,1.0761664e-002,1.0765956e-002
4.6240260e+002,1.0878600e-002,1.0878600e-002,1.0882349e-002
4.6241558e+002,1.0998394e-002,1.0998394e-002,1.0999733e-002
4.6242857e+002,1.1120669e-002,1.1120669e-002,1.1118919e-002
4.6244156e+002,1.1244988e-002,1.1244988e-002,1.1241164e-002
4.6245454e+002,1.1371115e-002,1.1371115e-002,1.1367458e-002
4.6246753e+002,1.1499393e-002,1.1499393e-002,1.1497321e-002
4.6248052e+002,1.1630264e-002,1.1630264e-002,1.1629757e-002
4.6249351e+002,1.1764032e-002,1.1764032e-002,1.1763947e-002
4.6250649e+002,1.1900503e-002,1.1900503e-002,1.1900053e-002
4.6251948e+002,1.2039372e-002,1.2039372e-002,1.2038583e-002
4.6253247e+002,1.2180496e-002,1.2180496e-002,1.2179995e-002
4.6254545e+002,1.2324443e-002,1.2324443e-002,1.2324459e-002
4.6255844e+002,1.2471987e-002,1.2471987e-002,1.2472047e-002
4.6257143e+002,1.2623728e-002,1.2623728e-002,1.2622855e-002
4.6258441e+002,1.2779286e-002,1.2779286e-002,1.2777147e-002
4.6259740e+002,1.2937933e-002,1.2937933e-002,1.2935244e-002
4.6261039e+002,1.3099095e-002,1.3099095e-002,1.3097404e-002
4.6262338e+002,1.3263368e-002,1.3263368e-002,1.3263512e-002
4.6263636e+002,1.3431873e-002,1.3431873e-002,1.3433320e-002
4.6264935e+002,1.3605620e-002,1.3605620e-002,1.3606681e-002
4.6266234e+002,1.3784539e-002,1.3784539e-002,1.3784050e-002
4.6267532e+002,1.3967960e-002,1.3967960e-002,1.3966103e-002
4.6268831e+002,1.4155259e-002,1.4155259e-002,1.4153412e-002
4.6270130e+002,1.4346507e-002,1.4346507e-002,1.4345963e-002
4.6271428e+002,1.4542258e-002,1.4542258e-002,1.4543521e-002
4.6272727e+002,1.4743073e-002,1.4743073e-002,1.4745906e-002
4.6274026e+002,1.4949469e-002,1.4949469e-002,1.4953260e-002
4.6275324e+002,1.5161925e-002,1.5161925e-002,1.5165843e-002
4.6276623e+002,1.5380904e-002,1.5380904e-002,1.5383920e-002
4.6277922e+002,1.5606446e-002,1.5606446e-002,1.5607781e-002
4.6279221e+002,1.5838149e-002,1.5838149e-002,1.5837726e-002
4.6280519e+002,1.6075608e-002,1.6075608e-002,1.6074105e-002
4.6281818e+002,1.6319095e-002,1.6319095e-002,1.6317560e-002
4.6283117e+002,1.6569767e-002,1.6569767e-002,1.6568845e-002
4.6284415e+002,1.6828830e-002,1.6828830e-002,1.6828632e-002
4.6285714e+002,1.7096931e-002,1.7096931e-002,1.7097116e-002
4.6287013e+002,1.7373825e-002,1.7373825e-002,1.7374309e-002
4.6288311e+002,1.7659186e-002,1.7659186e-002,1.7660254e-002
4.6289610e+002,1.7953138e-002,1.7953138e-002,1.7955185e-002
4.6290909e+002,1.8256698e-002,1.8256698e-002,1.8259413e-002
4.6292208e+002,1.8570989e-002,1.8570989e-002,1.8573317e-002
4.6293506e+002,1.8896830e-002,1.8896830e-002,1.8897696e-002
4.6294805e+002,1.9234278e-002,1.9234278e-002,1.9233512e-002
4.6296104e+002,1.9583272e-002,1.9583272e-002,1.9581657e-002
4.6297402e+002,1.9944010e-002,1.9944010e-002,1.9942575e-002
4.6298701e+002,2.0317503e-002,2.0317503e-002,2.0316539e-002
4.6300000e+002,2.0704920e-002,2.0704920e-002,2.0703920e-002
4.6301299e+002,2.1107323e-002,2.1107323e-002,2.1105740e-002
4.6302597e+002,2.1525334e-002,2.1525334e-002,2.1523278e-002
4.6303896e+002,2.1959468e-002,2.1959468e-002,2.1957697e-002
4.6305195e+002,2.2410286e-002,2.2410286e-002,2.2409442e-002
4.6306493e+002,2.2878592e-002,2.2878592e-002,2.2878673e-002
4.6307792e+002,2.3365267e-002,2.3365267e-002,2.3365672e-002
4.6309091e+002,2.3871213e-002,2.3871213e-002,2.3871528e-002
4.6310389e+002,2.4397470e-002,2.4397470e-002,2.4397654e-002
4.6311688e+002,2.4945137e-002,2.4945137e-002,2.4945405e-002
4.6312987e+002,2.5515296e-002,2.5515296e-002,2.5515769e-002
4.6314286e+002,2.6108901e-002,2.6108901e-002,2.6109584e-002
4.6315584e+002,2.6726843e-002,2.6726843e-002,2.6727680e-002
4.6316883e+002,2.7369989e-002,2.7369989e-002,2.7370851e-002
4.6318182e+002,2.8038968e-002,2.8038968e-002,2.8039872e-002
4.6319480e+002,2.8734260e-002,2.8734260e-002,2.8735492e-002
4.6320779e+002,2.9456373e-002,2.9456373e-002,2.9458276e-002
4.6322078e+002,3.0206260e-002,3.0206260e-002,3.0208712e-002
4.6323376e+002,3.0985221e-002,3.0985221e-002,3.0987405e-002
4.6324675e+002,3.1794540e-002,3.1794540e-002,3.1795732e-002
4.6325974e+002,3.2635088e-002,3.2635088e-002,3.2635393e-002
4.6327272e+002,3.3507335e-002,3.3507335e-002,3.3507867e-002
4.6328571e+002,3.4411731e-002,3.4411731e-002,3.4413139e-002
4.6329870e+002,3.5348501e-002,3.5348501e-002,3.5350571e-002
4.6331169e+002,3.6317609e-002,3.6317609e-002,3.6319662e-002
4.6332467e+002,3.7319012e-002,3.7319012e-002,3.7320869e-002
4.6333766e+002,3.8352984e-002,3.8352984e-002,3.8355053e-002
4.6335065e+002,3.9420263e-002,3.9420263e-002,3.9422939e-002
4.6336363e+002,4.0521615e-002,4.0521615e-002,4.0524335e-002
4.6337662e+002,4.1657218e-002,4.1657218e-002,4.1658652e-002
4.6338961e+002,4.2826192e-002,4.2826192e-002,4.2825393e-002
4.6340260e+002,4.4027553e-002,4.4027553e-002,4.4024673e-002
4.6341558e+002,4.5260619e-002,4.5260619e-002,4.5256874e-002
4.6342857e+002,4.6525397e-002,4.6525397e-002,4.6522257e-002
4.6344156e+002,4.7821983e-002,4.7821983e-002,4.7820248e-002
4.6345454e+002,4.9150353e-002,4.9150353e-002,4.9149911e-002
4.6346753e+002,5.0510136e-002,5.0510136e-002,5.0510396e-002
4.6348052e+002,5.1900904e-002,5.1900904e-002,5.1901476e-002
4.6349350e+002,5.3322420e-002,5.3322420e-002,5.3323194e-002
4.6350649e+002,5.4775125e-002,5.4775125e-002,5.4775657e-002
4.6351948e+002,5.6259608e-002,5.6259608e-002,5.6259425e-002
4.6353247e+002,5.7776393e-002,5.7776393e-002,5.7775258e-002
4.6354545e+002,5.9325684e-002,5.9325684e-002,5.9323872e-002
4.6355844e+002,6.0907600e-002,6.0907600e-002,6.0905650e-002
4.6357143e+002,6.2522474e-002,6.2522474e-002,6.2520830e-002
4.6358441e+002,6.4171881e-002,6.4171881e-002,6.4169862e-002
4.6359740e+002,6.5857840e-002,6.5857840e-002,6.5854766e-002
4.6361039e+002,6.7582377e-002,6.7582377e-002,6.7578263e-002
4.6362337e+002,6.9347547e-002,6.9347547e-002,6.9343028e-002
4.6363636e+002,7.1155420e-002,7.1155420e-002,7.1151384e-002
4.6364935e+002,7.3008194e-002,7.3008194e-002,7.3005495e-002
4.6366233e+002,7.4909260e-002,7.4909260e-002,7.4907687e-002
4.6367532e+002,7.6862683e-002,7.6862683e-002,7.6861532e-002
4.6368831e+002,7.8872495e-002,7.8872495e-002,7.8871160e-002
4.6370130e+002,8.0942247e-002,8.0942247e-002,8.0940651e-002
4.6371428e+002,8.3075151e-002,8.3075151e-002,8.3073654e-002
4.6372727e+002,8.5274460e-002,8.5274460e-002,8.5273624e-002
4.6374026e+002,8.7544171e-002,8.7544171e-002,8.7544075e-002
4.6375324e+002,8.9888925e-002,8.9888925e-002,8.9888997e-002
4.6376623e+002,9.2313328e-002,9.2313328e-002,9.2312595e-002
4.6377922e+002,9.4820638e-002,9.4820638e-002,9.4818887e-002
4.6379221e+002,9.7412689e-002,9.7412689e-002,9.7410429e-002
4.6380519e+002,1.0009125e-001,1.0009125e-001,1.0008910e-001
4.6381818e+002,1.0285801e-001,1.0285801e-001,1.0285666e-001
4.6383117e+002,1.0571462e-001,1.0571462e-001,1.0571400e-001
4.6384415e+002,1.0866266e-001,1.0866266e-001,1.0866161e-001
4.6385714e+002,1.1170201e-001,1.1170201e-001,1.1169974e-001
4.6387013e+002,1.1482981e-001,1.1482981e-001,1.1482660e-001
4.6388311e+002,1.1804293e-001,1.1804293e-001,1.1803950e-001
4.6389610e+002,1.2133749e-001,1.2133749e-001,1.2133536e-001
4.6390909e+002,1.2470810e-001,1.2470810e-001,1.2470820e-001
4.6392208e+002,1.2814918e-001,1.2814918e-001,1.2815069e-001
4.6393506e+002,1.3165389e-001,1.3165389e-001,1.3165526e-001
4.6394805e+002,1.3521218e-001,1.3521218e-001,1.3521274e-001
4.6396104e+002,1.3881349e-001,1.3881349e-001,1.3881317e-001
4.6397402e+002,1.4244658e-001,1.4244658e-001,1.4244622e-001
4.6398701e+002,1.4609804e-001,1.4609804e-001,1.4609852e-001
4.6400000e+002,1.4975402e-001,1.4975402e-001,1.4975525e-001
4.6401298e+002,1.5340010e-001,1.5340010e-001,1.5340140e-001
4.6402597e+002,1.5701963e-001,1.5701963e-001,1.5702056e-001
4.6403896e+002,1.6059537e-001,1.6059537e-001,1.6059565e-001
4.6405194e+002,1.6411002e-001,1.6411002e-001,1.6410955e-001
4.6406493e+002,1.6754585e-001,1.6754585e-001,1.6754479e-001
4.6407792e+002,1.7088498e-001,1.7088498e-001,1.7088377e-001
4.6409091e+002,1.7410961e-001,1.7410961e-001,1.7410886e-001
4.6410389e+002,1.7720250e-001,1.7720250e-001,1.7720240e-001
4.6411688e+002,1.8014660e-001,1.8014660e-001,1.8014670e-001
4.6412987e+002,1.8292506e-001,1.8292506e-001,1.8292437e-001
4.6414285e+002,1.8552251e-001,1.8552251e-001,1.8552058e-001
4.6415584e+002,1.8792438e-001,1.8792438e-001,1.8792177e-001
4.6416883e+002,1.9011637e-001,1.9011637e-001,1.9011465e-001
4.6418182e+002,1.9208757e-001,1.9208757e-001,1.9208802e-001
4.6419480e+002,1.9382911e-001,1.9382911e-001,1.9383181e-001
4.6420779e+002,1.9533240e-001,1.9533240e-001,1.9533645e-001
4.6422078e+002,1.9659226e-001,1.9659226e-001,1.9659699e-001
4.6423376e+002,1.9760610e-001,1.9760610e-001,1.9761083e-001
4.6424675e+002,1.9837159e-001,1.9837159e-001,1.9837584e-001
4.6425974e+002,1.9888980e-001,1.9888980e-001,1.9889380e-001
4.6427272e+002,1.9916509e-001,1.9916509e-001,1.9916849e-001
4.6428571e+002,1.9920203e-001,1.9920203e-001,1.9920421e-001
4.6429870e+002,1.9900821e-001,1.9900821e-001,1.9900940e-001
4.6431169e+002,1.9859471e-001,1.9859471e-001,1.9859464e-001
4.6432467e+002,1.9797285e-001,1.9797285e-001,1.9797099e-001
4.6433766e+002,1.9715623e-001,1.9715623e-001,1.9715332e-001
4.6435065e+002,1.9616171e-001,1.9616171e-001,1.9615847e-001
4.6436363e+002,1.9500645e-001,1.9500645e-001,1.9500358e-001
4.6437662e+002,1.9370917e-001,1.9370917e-001,1.9370794e-001
4.6438961e+002,1.9229144e-001,1.9229144e-001,1.9229202e-001
4.6440259e+002,1.9077513e-001,1.9077513e-001,1.9077647e-001
4.6441558e+002,1.8918235e-001,1.8918235e-001,1.8918352e-001
4.6442857e+002,1.8753576e-001,1.8753576e-001,1.8753629e-001
4.6444155e+002,1.8585806e-001,1.8585806e-001,1.8585797e-001
4.6445454e+002,1.8417248e-001,1.8417248e-001,1.8417258e-001
4.6446753e+002,1.8250361e-001,1.8250361e-001,1.8250456e-001
4.6448052e+002,1.8087628e-001,1.8087628e-001,1.8087830e-001
4.6449350e+002,1.7931493e-001,1.7931493e-001,1.7931731e-001
4.6450649e+002,1.7784259e-001,1.7784259e-001,1.7784468e-001
4.6451948e+002,1.7648197e-001,1.7648197e-001,1.7648339e-001
4.6453246e+002,1.7525551e-001,1.7525551e-001,1.7525562e-001
4.6454545e+002,1.7418443e-001,1.7418443e-001,1.7418307e-001
4.6455844e+002,1.7328960e-001,1.7328960e-001,1.7328733e-001
4.6457142e+002,1.7259169e-001,1.7259168e-001,1.7258877e-001
4.6458441e+002,1.7211019e-001,1.7211017e-001,1.7210706e-001
4.6459740e+002,1.7186414e-001,1.7186413e-001,1.7186172e-001
4.6461039e+002,1.7187242e-001,1.7187245e-001,1.7187065e-001
4.6462337e+002,1.7215252e-001,1.7215257e-001,1.7215083e-001
4.6463636e+002,1.7272132e-001,1.7272134e-001,1.7271922e-001
4.6464935e+002,1.7359558e-001,1.7359549e-001,1.7359250e-001
4.6466233e+002,1.7479100e-001,1.7479080e-001,1.7478717e-001
4.6467532e+002,1.7632268e-001,1.7632257e-001,1.7631954e-001
4.6468831e+002,1.7820570e-001,1.7820600e-001,1.7820405e-001
4.6470130e+002,1.8045454e-001,1.8045524e-001,1.8045406e-001
4.6471428e+002,1.8308331e-001,1.8308379e-001,1.8308299e-001
4.6472727e+002,1.8610608e-001,1.8610510e-001,1.8610478e-001
4.6474026e+002,1.8953618e-001,1.8953296e-001,1.8953369e-001
4.6475324e+002,1.9338631e-001,1.9338146e-001,1.9338382e-001
4.6476623e+002,1.9766914e-001,1.9766458e-001,1.9766767e-001
4.6477922e+002,2.0239711e-001,2.0239460e-001,2.0239684e-001
4.6479220e+002,2.0758240e-001,2.0758193e-001,2.0758288e-001
4.6480519e+002,2.1323713e-001,2.1323691e-001,2.1323729e-001
4.6481818e+002,2.1937235e-001,2.1937031e-001,2.1937149e-001
4.6483117e+002,2.2599765e-001,2.2599342e-001,2.2599673e-001
4.6484415e+002,2.3312255e-001,2.3311757e-001,2.3312223e-001
4.6485714e+002,2.4075574e-001,2.4075210e-001,2.4075605e-001
4.6487013e+002,2.4890461e-001,2.4890319e-001,2.4890607e-001
4.6488311e+002,2.5757645e-001,2.5757674e-001,2.5757844e-001
4.6489610e+002,2.6677703e-001,2.6677777e-001,2.6677828e-001
4.6490909e+002,2.7650912e-001,2.7650952e-001,2.7651039e-001
4.6492207e+002,2.8677512e-001,2.8677506e-001,2.8677602e-001
4.6493506e+002,2.9757564e-001,2.9757543e-001,2.9757438e-001
4.6494805e+002,3.0890675e-001,3.0890662e-001,3.0890426e-001
4.6496103e+002,3.2076384e-001,3.2076385e-001,3.2076064e-001
4.6497402e+002,3.3314081e-001,3.3314090e-001,3.3313623e-001
4.6498701e+002,3.4602691e-001,3.4602699e-001,3.4602318e-001
4.6500000e+002,3.5941047e-001,3.5941047e-001,3.5940835e-001
4.6501298e+002,3.7327818e-001,3.7327804e-001,3.7327541e-001
4.6502597e+002,3.8761006e-001,3.8760986e-001,3.8760754e-001
4.6503896e+002,4.0238453e-001,4.0238450e-001,4.0238305e-001
4.6505194e+002,4.1757884e-001,4.1757927e-001,4.1757733e-001
4.6506493e+002,4.3316457e-001,4.3316529e-001,4.3316512e-001
4.6507792e+002,4.4911150e-001,4.4911170e-001,4.4911475e-001
4.6509091e+002,4.6538830e-001,4.6538674e-001,4.6539060e-001
4.6510389e+002,4.8195657e-001,4.8195283e-001,4.8195667e-001
4.6511688e+002,4.9877507e-001,4.9877008e-001,4.9877323e-001
4.6512987e+002,5.1580209e-001,5.1579792e-001,5.1579823e-001
4.6514285e+002,5.3299241e-001,5.3299038e-001,5.3298916e-001
4.6515584e+002,5.5029896e-001,5.5029873e-001,5.5029836e-001
4.6516883e+002,5.6767435e-001,5.6767406e-001,5.6767502e-001
4.6518181e+002,5.8506717e-001,5.8506513e-001,5.8506807e-001
4.6519480e+002,6.0242356e-001,6.0241931e-001,6.0242424e-001
4.6520779e+002,6.1968954e-001,6.1968378e-001,6.1968885e-001
4.6522078e+002,6.3680961e-001,6.3680348e-001,6.3680715e-001
4.6523376e+002,6.5372713e-001,6.5372158e-001,6.5372358e-001
4.6524675e+002,6.7038546e-001,6.7038122e-001,6.7038208e-001
4.6525974e+002,6.8672870e-001,6.8672621e-001,6.8672661e-001
4.6527272e+002,7.0270167e-001,7.0270089e-001,7.0270140e-001
4.6528571e+002,7.1824924e-001,7.1824970e-001,7.1825084e-001
4.6529870e+002,7.3331757e-001,7.3331853e-001,7.3331956e-001
4.6531168e+002,7.4785430e-001,7.4785496e-001,7.4785515e-001
4.6532467e+002,7.6180722e-001,7.6180670e-001,7.6180708e-001
4.6533766e+002,7.7512659e-001,7.7512427e-001,7.7512519e-001
4.6535064e+002,7.8776631e-001,7.8776220e-001,7.8776321e-001
4.6536363e+002,7.9968057e-001,7.9967537e-001,7.9967740e-001
4.6537662e+002,8.1082704e-001,8.1082169e-001,8.1082454e-001
4.6538961e+002,8.2116964e-001,8.2116455e-001,8.2116701e-001
4.6540259e+002,8.3067293e-001,8.3066790e-001,8.3067082e-001
4.6541558e+002,8.3930444e-001,8.3929905e-001,8.3930259e-001
4.6542857e+002,8.4703838e-001,8.4703281e-001,8.4703566e-001
4.6544155e+002,8.5384986e-001,8.5384502e-001,8.5384775e-001
4.6545454e+002,8.5971728e-001,8.5971433e-001,8.5971721e-001
4.6546753e+002,8.6462826e-001,8.6462735e-001,8.6462927e-001
4.6548052e+002,8.6857204e-001,8.6857204e-001,8.6857366e-001
4.6549350e+002,8.7154012e-001,8.7153911e-001,8.7154090e-001
4.6550649e+002,8.7353191e-001,8.7352884e-001,8.7352962e-001
4.6551948e+002,8.7454862e-001,8.7454368e-001,8.7454393e-001
4.6553246e+002,8.7459367e-001,8.7458800e-001,8.7458859e-001
4.6554545e+002,8.7368046e-001,8.7367496e-001,8.7367545e-001
4.6555844e+002,8.7182522e-001,8.7182017e-001,8.7182108e-001
4.6557142e+002,8.6904543e-001,8.6904061e-001,8.6904267e-001
4.6558441e+002,8.6536583e-001,8.6536098e-001,8.6536362e-001
4.6559740e+002,8.6081375e-001,8.6080877e-001,8.6081154e-001
4.6561039e+002,8.5541738e-001,8.5541233e-001,8.5541462e-001
4.6562337e+002,8.4921150e-001,8.4920646e-001,8.4920726e-001
4.6563636e+002,8.4223384e-001,8.4222883e-001,8.4222810e-001
4.6564935e+002,8.3452254e-001,8.3451756e-001,8.3451609e-001
4.6566233e+002,8.2611986e-001,8.2611487e-001,8.2611350e-001
4.6567532e+002,8.1707031e-001,8.1706531e-001,8.1706481e-001
4.6568831e+002,8.0741865e-001,8.0741365e-001,8.0741473e-001
4.6570129e+002,7.9721209e-001,7.9720708e-001,7.9720980e-001
4.6571428e+002,7.8649954e-001,7.8649453e-001,7.8649786e-001
4.6572727e+002,7.7532993e-001,7.7532494e-001,7.7532685e-001
4.6574025e+002,7.6375179e-001,7.6374680e-001,7.6374581e-001
4.6575324e+002,7.5181327e-001,7.5180828e-001,7.5180453e-001
4.6576623e+002,7.3956249e-001,7.3955748e-001,7.3955263e-001
4.6577922e+002,7.2704652e-001,7.2704148e-001,7.2703726e-001
4.6579220e+002,7.1431135e-001,7.1430631e-001,7.1430380e-001
4.6580519e+002,7.0140284e-001,7.0139789e-001,7.0139743e-001
4.6581818e+002,6.8836495e-001,6.8836012e-001,6.8836109e-001
4.6583116e+002,6.7523909e-001,6.7523425e-001,6.7523608e-001
4.6584415e+002,6.6206645e-001,6.6206132e-001,6.6206343e-001
4.6585714e+002,6.4888506e-001,6.4887946e-001,6.4888025e-001
4.6587013e+002,6.3572779e-001,6.3572214e-001,6.3572093e-001
4.6588311e+002,6.2262704e-001,6.2262242e-001,6.2261951e-001
4.6589610e+002,6.0961363e-001,6.0961110e-001,6.0960626e-001
4.6590909e+002,5.9671519e-001,5.9671463e-001,5.9670874e-001
4.6592207e+002,5.8395895e-001,5.8395888e-001,5.8395408e-001
4.6593506e+002,5.7136946e-001,5.7136782e-001,5.7136449e-001
4.6594805e+002,5.5896445e-001,5.5896059e-001,5.5895860e-001
4.6596103e+002,5.4676061e-001,5.4675560e-001,5.4675471e-001
4.6597402e+002,5.3477362e-001,5.3476956e-001,5.3476776e-001
4.6598701e+002,5.2301581e-001,5.2301388e-001,5.2301025e-001
4.6600000e+002,5.1149892e-001,5.1149892e-001,5.1149437e-001
4.6601298e+002,5.0023340e-001,5.0023411e-001,5.0022874e-001
4.6602597e+002,4.8922471e-001,4.8922522e-001,4.8921933e-001
4.6603896e+002,4.7847708e-001,4.7847711e-001,4.7847188e-001
4.6605194e+002,4.6799405e-001,4.6799386e-001,4.6798908e-001
4.6606493e+002,4.5777585e-001,4.5777570e-001,4.5777141e-001
4.6607792e+002,4.4782165e-001,4.4782163e-001,4.4781913e-001
4.6609090e+002,4.3813029e-001,4.3813036e-001,4.3812990e-001
4.6610389e+002,4.2869863e-001,4.2869873e-001,4.2869948e-001
4.6611688e+002,4.1952275e-001,4.1952278e-001,4.1952354e-001
4.6612987e+002,4.1059840e-001,4.1059830e-001,4.1059714e-001
4.6614285e+002,4.0191881e-001,4.0191862e-001,4.0191488e-001
4.6615584e+002,3.9347595e-001,3.9347586e-001,3.9347120e-001
4.6616883e+002,3.8526179e-001,3.8526209e-001,3.8525832e-001
4.6618181e+002,3.7726827e-001,3.7726894e-001,3.7726676e-001
4.6619480e+002,3.6948735e-001,3.6948776e-001,3.6948703e-001
4.6620779e+002,3.6191091e-001,3.6190990e-001,3.6191015e-001
4.6622077e+002,3.5452973e-001,3.5452660e-001,3.5452756e-001
4.6623376e+002,3.4733376e-001,3.4732900e-001,3.4733067e-001
4.6624675e+002,3.4031296e-001,3.4030825e-001,3.4031043e-001
4.6625973e+002,3.3345827e-001,3.3345523e-001,3.3345744e-001
4.6627272e+002,3.2676154e-001,3.2676063e-001,3.2676234e-001
4.6628571e+002,3.2021469e-001,3.2021513e-001,3.2021648e-001
4.6629870e+002,3.1380974e-001,3.1381037e-001,3.1381174e-001
4.6631168e+002,3.0753885e-001,3.0753910e-001,3.0754008e-001
4.6632467e+002,3.0139422e-001,3.0139414e-001,3.0139403e-001
4.6633766e+002,2.9536841e-001,2.9536834e-001,2.9536664e-001
4.6635064e+002,2.8945458e-001,2.8945461e-001,2.8945102e-001
4.6636363e+002,2.8364592e-001,2.8364586e-001,2.8364128e-001
4.6637662e+002,2.7793659e-001,2.7793623e-001,2.7793230e-001
4.6638961e+002,2.7232246e-001,2.7232203e-001,2.7231904e-001
4.6640259e+002,2.6679957e-001,2.6679978e-001,2.6679719e-001
4.6641558e+002,2.6136424e-001,2.6136596e-001,2.6136303e-001
4.6642857e+002,2.5601333e-001,2.5601692e-001,2.5601287e-001
4.6644155e+002,2.5074382e-001,2.5074897e-001,2.5074386e-001
4.6645454e+002,2.4555306e-001,2.4555899e-001,2.4555377e-001
4.6646753e+002,2.4043951e-001,2.4044538e-001,2.4044042e-001
4.6648051e+002,2.3540183e-001,2.3540677e-001,2.3540244e-001
4.6649350e+002,2.3043876e-001,2.3044206e-001,2.3043908e-001
4.6650649e+002,2.2554941e-001,2.2555087e-001,2.2554963e-001
4.6651948e+002,2.2073298e-001,2.2073302e-001,2.2073352e-001
4.6653246e+002,2.1598884e-001,2.1598836e-001,2.1599034e-001
4.6654545e+002,2.1131724e-001,2.1131688e-001,2.1131970e-001
4.6655844e+002,2.0671866e-001,2.0671863e-001,2.0672151e-001
4.6657142e+002,2.0219352e-001,2.0219365e-001,2.0219591e-001
4.6658441e+002,1.9774185e-001,1.9774195e-001,1.9774311e-001
4.6659740e+002,1.9336355e-001,1.9336357e-001,1.9336365e-001
4.6661038e+002,1.8905861e-001,1.8905858e-001,1.8905837e-001
4.6662337e+002,1.8482769e-001,1.8482766e-001,1.8482812e-001
4.6663636e+002,1.8067172e-001,1.8067172e-001,1.8067311e-001
4.6664934e+002,1.7659157e-001,1.7659158e-001,1.7659307e-001
4.6666233e+002,1.7258715e-001,1.7258716e-001,1.7258774e-001
4.6667532e+002,1.6865783e-001,1.6865783e-001,1.6865715e-001
4.6668831e+002,1.6480303e-001,1.6480303e-001,1.6480156e-001
4.6670129e+002,1.6102283e-001,1.6102283e-001,1.6102127e-001
4.6671428e+002,1.5731775e-001,1.5731775e-001,1.5731654e-001
4.6672727e+002,1.5368831e-001,1.5368830e-001,1.5368763e-001
4.6674025e+002,1.5013446e-001,1.5013446e-001,1.5013474e-001
4.6675324e+002,1.4665576e-001,1.4665576e-001,1.4665729e-001
4.6676623e+002,1.4325172e-001,1.4325172e-001,1.4325399e-001
4.6677922e+002,1.3992176e-001,1.3992178e-001,1.3992359e-001
4.6679220e+002,1.3666524e-001,1.3666525e-001,1.3666578e-001
4.6680519e+002,1.3348149e-001,1.3348148e-001,1.3348107e-001
4.6681818e+002,1.3037016e-001,1.3037012e-001,1.3036992e-001
4.6683116e+002,1.2733127e-001,1.2733122e-001,1.2733217e-001
4.6684415e+002,1.2436484e-001,1.2436488e-001,1.2436703e-001
4.6685714e+002,1.2147072e-001,1.2147089e-001,1.2147370e-001
4.6687012e+002,1.1864840e-001,1.1864858e-001,1.1865147e-001
4.6688311e+002,1.1589735e-001,1.1589725e-001,1.1589967e-001
4.6689610e+002,1.1321689e-001,1.1321630e-001,1.1321767e-001
4.6690909e+002,1.1060606e-001,1.1060537e-001,1.1060522e-001
4.6692207e+002,1.0806387e-001,1.0806411e-001,1.0806241e-001
4.6693506e+002,1.0558969e-001,1.0559201e-001,1.0558931e-001
4.6694805e+002,1.0318378e-001,1.0318813e-001,1.0318552e-001
4.6696103e+002,1.0084652e-001,1.0085149e-001,1.0085019e-001
4.6697402e+002,9.8577895e-002,9.8581324e-002,9.8582437e-002
4.6698701e+002,9.6376552e-002,9.6377716e-002,9.6381298e-002
4.6699999e+002,9.4240885e-002,9.4240885e-002,9.4245691e-002
4.6701298e+002,9.2169535e-002,9.2170694e-002,9.2174556e-002
4.6702597e+002,9.0162128e-002,9.0165552e-002,9.0167196e-002
4.6703895e+002,8.8218540e-002,8.8223503e-002,8.8223240e-002
4.6705194e+002,8.6338402e-002,8.6342765e-002,8.6342290e-002
4.6706493e+002,8.4520108e-002,8.4522439e-002,8.4523168e-002
4.6707792e+002,8.2761661e-002,8.2761908e-002,8.2763978e-002
4.6709090e+002,8.1061147e-002,8.1060442e-002,8.1062829e-002
4.6710389e+002,7.9417220e-002,7.9416598e-002,7.9418375e-002
4.6711688e+002,7.7828760e-002,7.7828644e-002,7.7829772e-002
4.6712986e+002,7.6294602e-002,7.6294848e-002,7.6296155e-002
4.6714285e+002,7.4813201e-002,7.4813508e-002,7.4815805e-002
4.6715584e+002,7.3382822e-002,7.3382932e-002,7.3386214e-002
4.6716883e+002,7.2001703e-002,7.2001424e-002,7.2004877e-002
4.6718181e+002,7.0667815e-002,7.0667244e-002,7.0669945e-002
4.6719480e+002,6.9378959e-002,6.9378622e-002,6.9380186e-002
4.6720779e+002,6.8132952e-002,6.8133761e-002,6.8134359e-002
4.6722077e+002,6.6927831e-002,6.6930458e-002,6.6930537e-002
4.6723376e+002,6.5761809e-002,6.5766199e-002,6.5766146e-002
4.6724675e+002,6.4633098e-002,6.4638485e-002,6.4638611e-002
4.6725973e+002,6.3539823e-002,6.3545326e-002,6.3545798e-002
4.6727272e+002,6.2480030e-002,6.2485218e-002,6.2486000e-002
4.6728571e+002,6.1451762e-002,6.1456670e-002,6.1457526e-002
4.6729870e+002,6.0453191e-002,6.0458053e-002,6.0458671e-002
4.6731168e+002,5.9482633e-002,5.9487574e-002,5.9487723e-002
4.6732467e+002,5.8538414e-002,5.8543435e-002,5.8542972e-002
4.6733766e+002,5.7618886e-002,5.7623923e-002,5.7622854e-002
4.6735064e+002,5.6722434e-002,5.6727452e-002,5.6725945e-002
4.6736363e+002,5.5847452e-002,5.5852447e-002,5.5850823e-002
4.6737662e+002,5.4992491e-002,5.4997481e-002,5.4996044e-002
4.6738960e+002,5.4156398e-002,5.4161393e-002,5.4160140e-002
4.6740259e+002,5.3338047e-002,5.3343048e-002,5.3341662e-002
4.6741558e+002,5.2536326e-002,5.2541329e-002,5.2539653e-002
4.6742856e+002,5.1750155e-002,5.1755157e-002,5.1753636e-002
4.6744155e+002,5.0978458e-002,5.0983458e-002,5.0983140e-002
4.6745454e+002,5.0220479e-002,5.0225478e-002,5.0227368e-002
4.6746753e+002,4.9476358e-002,4.9481357e-002,4.9485198e-002
4.6748051e+002,4.8746393e-002,4.8751393e-002,4.8755532e-002
4.6749350e+002,4.8030613e-002,4.8035614e-002,4.8038087e-002
4.6750649e+002,4.7328090e-002,4.7333090e-002,4.7333388e-002
4.6751947e+002,4.6637681e-002,4.6642681e-002,4.6641965e-002
4.6753246e+002,4.5958439e-002,4.5963438e-002,4.5963541e-002
4.6754545e+002,4.5290277e-002,4.5295276e-002,4.5297040e-002
4.6755843e+002,4.4633355e-002,4.4638355e-002,4.4641381e-002
4.6757142e+002,4.3987872e-002,4.3992873e-002,4.3996286e-002
4.6758441e+002,4.3354250e-002,4.3359253e-002,4.3362290e-002
4.6759740e+002,4.2732995e-002,4.2737996e-002,4.2739950e-002
4.6761038e+002,4.2124469e-002,4.2129464e-002,4.2129526e-002
4.6762337e+002,4.1527994e-002,4.1532984e-002,4.1530972e-002
4.6763636e+002,4.0942421e-002,4.0947417e-002,4.0944225e-002
4.6764934e+002,4.0366735e-002,4.0371753e-002,4.0369090e-002
4.6766233e+002,3.9801218e-002,3.9806256e-002,3.9805236e-002
4.6767532e+002,3.9246876e-002,3.9251897e-002,3.9252339e-002
4.6768831e+002,3.8704643e-002,3.8709584e-002,3.8710371e-002
4.6770129e+002,3.8174404e-002,3.8179265e-002,3.8179618e-002
4.6771428e+002,3.7655316e-002,3.7660223e-002,3.7660355e-002
4.6772727e+002,3.7146557e-002,3.7151746e-002,3.7152318e-002
4.6774025e+002,3.6647933e-002,3.6653439e-002,3.6654679e-002
4.6775324e+002,3.6159789e-002,3.6165179e-002,3.6166616e-002
4.6776623e+002,3.5682468e-002,3.5686855e-002,3.5688129e-002
4.6777921e+002,3.5215872e-002,3.5218488e-002,3.5220080e-002
4.6779220e+002,3.4759434e-002,3.4760234e-002,3.4763326e-002
4.6780519e+002,3.4312570e-002,3.4312247e-002,3.4317537e-002
4.6781818e+002,3.3874917e-002,3.3874393e-002,3.3881119e-002
4.6783116e+002,3.3446397e-002,3.3446163e-002,3.3452472e-002
4.6784415e+002,3.3026950e-002,3.3027022e-002,3.3031352e-002
4.6785714e+002,3.2616465e-002,3.2616605e-002,3.2618965e-002
4.6787012e+002,3.2214746e-002,3.2214814e-002,3.2216546e-002
4.6788311e+002,3.1821591e-002,3.1821577e-002,3.1824166e-002
4.6789610e+002,3.1436810e-002,3.1436780e-002,3.1440645e-002
4.6790908e+002,3.1060246e-002,3.1060234e-002,3.1064769e-002
4.6792207e+002,3.0691741e-002,3.0691741e-002,3.0696062e-002
4.6793506e+002,3.0331130e-002,3.0331111e-002,3.0334851e-002
4.6794804e+002,2.9978214e-002,2.9978183e-002,2.9981492e-002
4.6796103e+002,2.9632794e-002,2.9632799e-002,2.9636073e-002
4.6797402e+002,2.9294695e-002,2.9294794e-002,2.9298381e-002
4.6798701e+002,2.8963835e-002,2.8963975e-002,2.8968185e-002
4.6799999e+002,2.8640146e-002,2.8640146e-002,2.8645097e-002
4.6801298e+002,2.8323481e-002,2.8323130e-002,2.8328554e-002
4.6802597e+002,2.8013361e-002,2.8012825e-002,2.8018000e-002
4.6803895e+002,2.7709227e-002,2.7709148e-002,2.7713270e-002
4.6805194e+002,2.7410623e-002,2.7411961e-002,2.7414635e-002
4.6806493e+002,2.7117633e-002,2.7120854e-002,2.7122374e-002
4.6807792e+002,2.6830508e-002,2.6835329e-002,2.6836362e-002
4.6809090e+002,2.6549434e-002,2.6554937e-002,2.6556018e-002
4.6810389e+002,2.6274139e-002,2.6279568e-002,2.6280746e-002
4.6811688e+002,2.6004172e-002,2.6009246e-002,2.6010180e-002
4.6812986e+002,2.5739077e-002,2.5743947e-002,2.5744213e-002
4.6814285e+002,2.5478370e-002,2.5483249e-002,2.5482753e-002
4.6815584e+002,2.5221556e-002,2.5226529e-002,2.5225688e-002
4.6816882e+002,2.4968185e-002,2.4973217e-002,2.4972885e-002
4.6818181e+002,2.4718316e-002,2.4723350e-002,2.4724205e-002
4.6819480e+002,2.4472332e-002,2.4477341e-002,2.4479355e-002
4.6820779e+002,2.4230566e-002,2.4235557e-002,2.4237865e-002
4.6822077e+002,2.3992582e-002,2.3997572e-002,2.3999257e-002
4.6823376e+002,2.3757349e-002,2.3762346e-002,2.3763200e-002
4.6824675e+002,2.3523865e-002,2.3528867e-002,2.3529523e-002
4.6825973e+002,2.3291989e-002,2.3296991e-002,2.3298071e-002
4.6827272e+002,2.3062405e-002,2.3067406e-002,2.3068760e-002
4.6828571e+002,2.2835808e-002,2.2840808e-002,2.2841598e-002
4.6829869e+002,2.2612229e-002,2.2617228e-002,2.2616598e-002
4.6831168e+002,2.2390918e-002,2.2395918e-002,2.2393818e-002
4.6832467e+002,2.2171092e-002,2.2176092e-002,2.2173367e-002
4.6833765e+002,2.1952430e-002,2.1957430e-002,2.1955351e-002
4.6835064e+002,2.1735283e-002,2.1740283e-002,2.1739621e-002
4.6836363e+002,2.1520054e-002,2.1525054e-002,2.1525734e-002
4.6837662e+002,2.1307078e-002,2.1312079e-002,2.1313238e-002
4.6838960e+002,2.1096577e-002,2.1101578e-002,2.1102165e-002
4.6840259e+002,2.0888759e-002,2.0893759e-002,2.0893112e-002
4.6841558e+002,2.0683714e-002,2.0688712e-002,2.0686706e-002
4.6842856e+002,2.0481267e-002,2.0486265e-002,2.0483362e-002
4.6844155e+002,2.0281208e-002,2.0286208e-002,2.0283247e-002
4.6845454e+002,2.0083522e-002,2.0088529e-002,2.0086507e-002
4.6846753e+002,1.9888748e-002,1.9893757e-002,1.9893170e-002
4.6848051e+002,1.9697518e-002,1.9702517e-002,1.9703118e-002
4.6849350e+002,1.9510297e-002,1.9515272e-002,1.9516231e-002
4.6850649e+002,1.9326949e-002,1.9331913e-002,1.9332595e-002
4.6851947e+002,1.9147204e-002,1.9152201e-002,1.9152550e-002
4.6853246e+002,1.8970899e-002,1.8975983e-002,1.8976443e-002
4.6854545e+002,1.8798343e-002,1.8803477e-002,1.8804391e-002
4.6855843e+002,1.8629980e-002,1.8635009e-002,1.8636230e-002
4.6857142e+002,1.8466150e-002,1.8470862e-002,1.8471783e-002
4.6858441e+002,1.8306588e-002,1.8311085e-002,1.8311114e-002
4.6859740e+002,1.8150815e-002,1.8155644e-002,1.8154579e-002
4.6861038e+002,1.7998430e-002,1.8004490e-002,1.8002546e-002
4.6862337e+002,1.7849618e-002,1.7857481e-002,1.7855135e-002
4.6863636e+002,1.7704827e-002,1.7714434e-002,1.7712154e-002
4.6864934e+002,1.7564460e-002,1.7575161e-002,1.7573388e-002
4.6866233e+002,1.7428477e-002,1.7439429e-002,1.7438441e-002
4.6867532e+002,1.7296592e-002,1.7306985e-002,1.7306686e-002
4.6868830e+002,1.7168513e-002,1.7177592e-002,1.7177498e-002
4.6870129e+002,1.7043934e-002,1.7051256e-002,1.7050753e-002
4.6871428e+002,1.6922541e-002,1.6928152e-002,1.6926963e-002
4.6872726e+002,1.6804011e-002,1.6808439e-002,1.6806668e-002
4.6874025e+002,1.6687929e-002,1.6691950e-002,1.6689985e-002
4.6875324e+002,1.6573796e-002,1.6578237e-002,1.6576485e-002
4.6876623e+002,1.6461128e-002,1.6466844e-002,1.6465698e-002
4.6877921e+002,1.6349793e-002,1.6357339e-002,1.6356969e-002
4.6879220e+002,1.6240036e-002,1.6249318e-002,1.6249406e-002
4.6880519e+002,1.6132113e-002,1.6142381e-002,1.6142118e-002
4.6881817e+002,1.6025940e-002,1.6036304e-002,1.6034913e-002
4.6883116e+002,1.5920994e-002,1.5931091e-002,1.5928504e-002
4.6884415e+002,1.5816723e-002,1.5826756e-002,1.5823646e-002
4.6885714e+002,1.5712740e-002,1.5723055e-002,1.5720328e-002
4.6887012e+002,1.5608915e-002,1.5619328e-002,1.5617539e-002
4.6888311e+002,1.5505143e-002,1.5514881e-002,1.5514210e-002
4.6889610e+002,1.5401335e-002,1.5409455e-002,1.5409810e-002
4.6890908e+002,1.5297435e-002,1.5303667e-002,1.5304516e-002
4.6892207e+002,1.5193390e-002,1.5198233e-002,1.5198554e-002
4.6893506e+002,1.5088978e-002,1.5093393e-002,1.5092129e-002
4.6894804e+002,1.4983553e-002,1.4988176e-002,1.4985420e-002
4.6896103e+002,1.4876400e-002,1.4881429e-002,1.4878596e-002
4.6897402e+002,1.4767136e-002,1.4772411e-002,1.4771370e-002
4.6898701e+002,1.4656404e-002,1.4661681e-002,1.4662847e-002
4.6899999e+002,1.4545055e-002,1.4550056e-002,1.4552110e-002
4.6901298e+002,1.4433691e-002,1.4438205e-002,1.4439172e-002
4.6902597e+002,1.4321930e-002,1.4326218e-002,1.4325302e-002
4.6903895e+002,1.4209143e-002,1.4214041e-002,1.4211835e-002
4.6905194e+002,1.4094868e-002,1.4101547e-002,1.4099087e-002
4.6906493e+002,1.3979474e-002,1.3988256e-002,1.3985986e-002
4.6907791e+002,1.3863601e-002,1.3873577e-002,1.3871383e-002
4.6909090e+002,1.3747835e-002,1.3757111e-002,1.3755039e-002
4.6910389e+002,1.3632439e-002,1.3639746e-002,1.3637978e-002
4.6911687e+002,1.3517545e-002,1.3522878e-002,1.3521301e-002
4.6912986e+002,1.3403264e-002,1.3407742e-002,1.3405687e-002
4.6914285e+002,1.3289543e-002,1.3294152e-002,1.3291223e-002
4.6915584e+002,1.3176246e-002,1.3181210e-002,1.3177949e-002
4.6916882e+002,1.3063267e-002,1.3068125e-002,1.3065819e-002
4.6918181e+002,1.2950816e-002,1.2955312e-002,1.2954664e-002
4.6919480e+002,1.2839306e-002,1.2843939e-002,1.2844314e-002
4.6920778e+002,1.2729155e-002,1.2735118e-002,1.2734932e-002
4.6922077e+002,1.2620844e-002,1.2628926e-002,1.2627151e-002
4.6923376e+002,1.2514906e-002,1.2524646e-002,1.2521630e-002
4.6924674e+002,1.2411847e-002,1.2421573e-002,1.2418658e-002
4.6925973e+002,1.2311676e-002,1.2319734e-002,1.2317997e-002
4.6927272e+002,1.2213920e-002,1.2219851e-002,1.2219374e-002
4.6928571e+002,1.2118103e-002,1.2122661e-002,1.2122798e-002
4.6929869e+002,1.2024140e-002,1.2028479e-002,1.2028687e-002
4.6931168e+002,1.1932404e-002,1.1937124e-002,1.1937482e-002
4.6932467e+002,1.1843290e-002,1.1848393e-002,1.1849294e-002
4.6933765e+002,1.1757009e-002,1.1762190e-002,1.1763753e-002
4.6935064e+002,1.1673499e-002,1.1678584e-002,1.1680457e-002
4.6936363e+002,1.1592677e-002,1.1597655e-002,1.1599186e-002
4.6937662e+002,1.1514466e-002,1.1519417e-002,1.1519989e-002
4.6938960e+002,1.1438794e-002,1.1443769e-002,1.1442935e-002
4.6940259e+002,1.1365589e-002,1.1370593e-002,1.1368116e-002
4.6941558e+002,1.1294612e-002,1.1299625e-002,1.1295661e-002
4.6942856e+002,1.1225254e-002,1.1230262e-002,1.1225697e-002
4.6944155e+002,1.1156855e-002,1.1161855e-002,1.1158071e-002
4.6945454e+002,1.1089064e-002,1.1094059e-002,1.1092224e-002
4.6946752e+002,1.1022385e-002,1.1027382e-002,1.1027567e-002
4.6948051e+002,1.0957478e-002,1.0962478e-002,1.0963747e-002
4.6949350e+002,1.0894698e-002,1.0899702e-002,1.0900761e-002
4.6950649e+002,1.0833343e-002,1.0838347e-002,1.0838629e-002
4.6951947e+002,1.0772468e-002,1.0777469e-002,1.0777129e-002
4.6953246e+002,1.0711277e-002,1.0716268e-002,1.0715676e-002
4.6954545e+002,1.0649616e-002,1.0654601e-002,1.0653661e-002
4.6955843e+002,1.0587512e-002,1.0592509e-002,1.0590788e-002
4.6957142e+002,1.0524970e-002,1.0530000e-002,1.0527239e-002
4.6958441e+002,1.0461842e-002,1.0466895e-002,1.0463230e-002
4.6959739e+002,1.0397928e-002,1.0402946e-002,1.0398797e-002
4.6961038e+002,1.0333023e-002,1.0337921e-002,1.0333696e-002
4.6962337e+002,1.0266889e-002,1.0271693e-002,1.0267659e-002
4.6963635e+002,1.0199270e-002,1.0204181e-002,1.0200422e-002
4.6964934e+002,1.0129941e-002,1.0135280e-002,1.0131727e-002
4.6966233e+002,1.0058940e-002,1.0064662e-002,1.0061315e-002
4.6967532e+002,9.9864588e-003,9.9918676e-003,9.9891010e-003
4.6968830e+002,9.9126580e-003,9.9164986e-003,9.9152565e-003
4.6970129e+002,9.8373044e-003,9.8389083e-003,9.8399730e-003
4.6971428e+002,9.7598910e-003,9.7599733e-003,9.7631771e-003
4.6972726e+002,9.6799449e-003,9.6805245e-003,9.6843817e-003
4.6974025e+002,9.5976848e-003,9.6004019e-003,9.6030715e-003
4.6975324e+002,9.5139225e-003,9.5185964e-003,9.5192116e-003
4.6976623e+002,9.4294598e-003,9.4341126e-003,9.4335244e-003
4.6977921e+002,9.3443578e-003,9.3470003e-003,9.3467917e-003
4.6979220e+002,9.2578964e-003,9.2584119e-003,9.2593562e-003
4.6980519e+002,9.1693382e-003,9.1695325e-003,9.1708636e-003
4.6981817e+002,9.0787459e-003,9.0807560e-003,9.0809047e-003
4.6983116e+002,8.9872228e-003,8.9914472e-003,8.9895388e-003
4.6984415e+002,8.8959308e-003,8.9009086e-003,8.8975752e-003
4.6985713e+002,8.8053000e-003,8.8089084e-003,8.8058812e-003
4.6987012e+002,8.7145831e-003,8.7159644e-003,8.7146929e-003
4.6988311e+002,8.6229305e-003,8.6226615e-003,8.6232279e-003
4.6989610e+002,8.5301309e-003,8.5295326e-003,8.5306239e-003
4.6990908e+002,8.4372491e-003,8.4370064e-003,8.4368749e-003
4.6992207e+002,8.3455003e-003,8.3454990e-003,8.3433679e-003
4.6993506e+002,8.2555473e-003,8.2552686e-003,8.2516064e-003
4.6994804e+002,8.1666709e-003,8.1661786e-003,8.1622853e-003
4.6996103e+002,8.0779389e-003,8.0780315e-003,8.0747740e-003
4.6997402e+002,7.9889252e-003,7.9907494e-003,7.9883243e-003
4.6998700e+002,7.9008008e-003,7.9046314e-003,7.9025943e-003
4.6999999e+002,7.8150511e-003,7.8200508e-003,7.8179130e-003
4.7001298e+002,7.7327643e-003,7.7372741e-003,7.7346718e-003
4.7002596e+002,7.6534368e-003,7.6561395e-003,7.6532276e-003
4.7003895e+002,7.5761661e-003,7.5763778e-003,7.5738795e-003
4.7005194e+002,7.5001759e-003,7.4978459e-003,7.4969181e-003
4.7006493e+002,7.4253325e-003,7.4210425e-003,7.4223696e-003
4.7007791e+002,7.3517066e-003,7.3466708e-003,7.3498171e-003
4.7009090e+002,7.2794231e-003,7.2753161e-003,7.2788054e-003
4.7010389e+002,7.2089594e-003,7.2067972e-003,7.2091909e-003
4.7011687e+002,7.1409341e-003,7.1406253e-003,7.1413585e-003
4.7012986e+002,7.0758853e-003,7.0763633e-003,7.0757413e-003
4.7014285e+002,7.0136656e-003,7.0140161e-003,7.0125605e-003
4.7015584e+002,6.9537838e-003,6.9538107e-003,6.9516751e-003
4.7016882e+002,6.8957892e-003,6.8959418e-003,6.8929106e-003
4.7018181e+002,6.8397085e-003,6.8402245e-003,6.8362461e-003
4.7019480e+002,6.7858665e-003,6.7862370e-003,6.7819252e-003
4.7020778e+002,6.7345511e-003,6.7335855e-003,6.7302125e-003
4.7022077e+002,6.6854298e-003,6.6823446e-003,6.6809717e-003
4.7023376e+002,6.6376919e-003,6.6329502e-003,6.6333704e-003
4.7024674e+002,6.5905549e-003,6.5858295e-003,6.5865146e-003
4.7025973e+002,6.5440869e-003,6.5410295e-003,6.5401997e-003
4.7027272e+002,6.4991656e-003,6.4982350e-003,6.4954267e-003
4.7028571e+002,6.4566769e-003,6.4571192e-003,6.4533085e-003
4.7029869e+002,6.4167708e-003,6.4174322e-003,6.4141137e-003
4.7031168e+002,6.3787344e-003,6.3790140e-003,6.3766209e-003
4.7032467e+002,6.3418126e-003,6.3417106e-003,6.3394663e-003
4.7033765e+002,6.3055779e-003,6.3053973e-003,6.3020997e-003
4.7035064e+002,6.2700775e-003,6.2699923e-003,6.2654182e-003
4.7036363e+002,6.2353968e-003,6.2354191e-003,6.2304621e-003
4.7037661e+002,6.2017353e-003,6.2017843e-003,6.1977222e-003
4.7038960e+002,6.1694967e-003,6.1695222e-003,6.1667051e-003
4.7040259e+002,6.1391045e-003,6.1391000e-003,6.1368177e-003
4.7041557e+002,6.1106483e-003,6.1106352e-003,6.1077415e-003
4.7042856e+002,6.0834720e-003,6.0834645e-003,6.0796543e-003
4.7044155e+002,6.0568182e-003,6.0568189e-003,6.0527845e-003
4.7045454e+002,6.0302343e-003,6.0302376e-003,6.0271770e-003
4.7046752e+002,6.0041228e-003,6.0041248e-003,6.0025428e-003
4.7048051e+002,5.9790354e-003,5.9790354e-003,5.9785585e-003
4.7049350e+002,5.9553417e-003,5.9553414e-003,5.9549940e-003
4.7050648e+002,5.9327631e-003,5.9327634e-003,5.9317905e-003
4.7051947e+002,5.9108774e-003,5.9108775e-003,5.9089096e-003
4.7053246e+002,5.8893409e-003,5.8893388e-003,5.8864843e-003
4.7054545e+002,5.8681640e-003,5.8681605e-003,5.8649654e-003
4.7055843e+002,5.8474575e-003,5.8474568e-003,5.8448345e-003
4.7057142e+002,5.8273174e-003,5.8273252e-003,5.8261580e-003
4.7058441e+002,5.8077535e-003,5.8077672e-003,5.8082272e-003
4.7059739e+002,5.7887453e-003,5.7887500e-003,5.7902523e-003
4.7061038e+002,5.7702713e-003,5.7702447e-003,5.7718522e-003
4.7062337e+002,5.7523059e-003,5.7522546e-003,5.7534150e-003
4.7063635e+002,5.7348209e-003,5.7347975e-003,5.7354126e-003
4.7064934e+002,5.7177985e-003,5.7178875e-003,5.7181678e-003
4.7066233e+002,5.7013167e-003,5.7015056e-003,5.7017207e-003
4.7067532e+002,5.6855073e-003,5.6856143e-003,5.6860778e-003
4.7068830e+002,5.6704752e-003,5.6701834e-003,5.6710823e-003
4.7070129e+002,5.6559699e-003,5.6552784e-003,5.6562633e-003
4.7071428e+002,5.6414948e-003,5.6410310e-003,5.6411184e-003
4.7072726e+002,5.6265873e-003,5.6275565e-003,5.6255932e-003
4.7074025e+002,5.6114804e-003,5.6146457e-003,5.6104978e-003
4.7075324e+002,5.5970028e-003,5.6018122e-003,5.5967361e-003
4.7076622e+002,5.5839715e-003,5.5885847e-003,5.5846390e-003
4.7077921e+002,5.5724184e-003,5.5751059e-003,5.5734220e-003
4.7079220e+002,5.5615469e-003,5.5621665e-003,5.5621756e-003
4.7080518e+002,5.5505342e-003,5.5505715e-003,5.5504409e-003
4.7081817e+002,5.5390879e-003,5.5404804e-003,5.5386429e-003
4.7083116e+002,5.5276054e-003,5.5312115e-003,5.5273078e-003
4.7084415e+002,5.5165288e-003,5.5220316e-003,5.5167699e-003
4.7085713e+002,5.5061714e-003,5.5125010e-003,5.5069835e-003
4.7087012e+002,5.4966395e-003,5.5026529e-003,5.4978580e-003
4.7088311e+002,5.4880188e-003,5.4925640e-003,5.4892794e-003
4.7089609e+002,5.4801231e-003,5.4824214e-003,5.4810870e-003
4.7090908e+002,5.4722229e-003,5.4726329e-003,5.4731143e-003
4.7092207e+002,5.4635249e-003,5.4636315e-003,5.4651375e-003
4.7093505e+002,5.4537064e-003,5.4555373e-003,5.4568177e-003
4.7094804e+002,5.4436224e-003,5.4476858e-003,5.4478040e-003
4.7096103e+002,5.4343093e-003,5.4392919e-003,5.4379959e-003
4.7097402e+002,5.4263148e-003,5.4298716e-003,5.4278011e-003
4.7098700e+002,5.4186451e-003,5.4198908e-003,5.4176868e-003
4.7099999e+002,5.4100024e-003,5.4100024e-003,5.4078523e-003
4.7101298e+002,5.3994833e-003,5.4006181e-003,5.3979486e-003
4.7102596e+002,5.3877659e-003,5.3911800e-003,5.3875606e-003
4.7103895e+002,5.3759244e-003,5.3808879e-003,5.3764248e-003
4.7105194e+002,5.3647716e-003,5.3691090e-003,5.3645898e-003
4.7106493e+002,5.3537862e-003,5.3560661e-003,5.3521428e-003
4.7107791e+002,5.3420226e-003,5.3422542e-003,5.3391649e-003
4.7109090e+002,5.3286927e-003,5.3281046e-003,5.3257249e-003
4.7110389e+002,5.3140378e-003,5.3136317e-003,5.3118892e-003
4.7111687e+002,5.2987123e-003,5.2986827e-003,5.2975986e-003
4.7112986e+002,5.2832763e-003,5.2831243e-003,5.2825303e-003
4.7114285e+002,5.2674870e-003,5.2669897e-003,5.2663293e-003
4.7115583e+002,5.2506986e-003,5.2503961e-003,5.2488193e-003
4.7116882e+002,5.2323437e-003,5.2334385e-003,5.2302011e-003
4.7118181e+002,5.2127618e-003,5.2159591e-003,5.2107240e-003
4.7119480e+002,5.1928577e-003,5.1976426e-003,5.1907015e-003
4.7120778e+002,5.1734782e-003,5.1781871e-003,5.1705842e-003
4.7122077e+002,5.1544660e-003,5.1575299e-003,5.1508379e-003
4.7123376e+002,5.1348890e-003,5.1357931e-003,5.1314968e-003
4.7124674e+002,5.1138370e-003,5.1131200e-003,5.1116675e-003
4.7125973e+002,5.0912803e-003,5.0900030e-003,5.0903401e-003
4.7127272e+002,5.0680267e-003,5.0672664e-003,5.0671943e-003
4.7128570e+002,5.0449001e-003,5.0457160e-003,5.0434053e-003
4.7129869e+002,5.0221964e-003,5.0251617e-003,5.0203403e-003
4.7131168e+002,4.9995928e-003,5.0042464e-003,4.9986432e-003
4.7132466e+002,4.9767385e-003,4.9815713e-003,4.9773761e-003
4.7133765e+002,4.9536507e-003,4.9569778e-003,4.9553953e-003
4.7135064e+002,4.9308796e-003,4.9321020e-003,4.9321697e-003
4.7136363e+002,4.9090112e-003,4.9087079e-003,4.9085202e-003
4.7137661e+002,4.8881053e-003,4.8874392e-003,4.8854458e-003
4.7138960e+002,4.8672781e-003,4.8669306e-003,4.8634796e-003
4.7140259e+002,4.8455508e-003,4.8456117e-003,4.8421189e-003
4.7141557e+002,4.8225833e-003,4.8227629e-003,4.8207224e-003
4.7142856e+002,4.7994643e-003,4.7995673e-003,4.7989597e-003
4.7144155e+002,4.7774756e-003,4.7774654e-003,4.7771971e-003
4.7145454e+002,4.7573526e-003,4.7573046e-003,4.7558950e-003
4.7146752e+002,4.7382952e-003,4.7382650e-003,4.7353585e-003
4.7148051e+002,4.7192355e-003,4.7192364e-003,4.7155420e-003
4.7149350e+002,4.6994804e-003,4.6994932e-003,4.6963517e-003
4.7150648e+002,4.6796689e-003,4.6796777e-003,4.6776960e-003
4.7151947e+002,4.6607362e-003,4.6607365e-003,4.6594885e-003
4.7153246e+002,4.6433888e-003,4.6433854e-003,4.6416441e-003
4.7154544e+002,4.6272994e-003,4.6272969e-003,4.6242217e-003
4.7155843e+002,4.6118488e-003,4.6118486e-003,4.6076116e-003
4.7157142e+002,4.5965462e-003,4.5965471e-003,4.5922493e-003
4.7158441e+002,4.5816417e-003,4.5816424e-003,4.5782992e-003
4.7159739e+002,4.5676499e-003,4.5676501e-003,4.5652975e-003
4.7161038e+002,4.5550071e-003,4.5550069e-003,4.5526923e-003
4.7162337e+002,4.5435631e-003,4.5435629e-003,4.5402640e-003
4.7163635e+002,4.5329045e-003,4.5329044e-003,4.5285689e-003
4.7164934e+002,4.5226494e-003,4.5226495e-003,4.5182727e-003
4.7166233e+002,4.5127345e-003,4.5127346e-003,4.5095886e-003
4.7167531e+002,4.5032748e-003,4.5032749e-003,4.5016618e-003
4.7168830e+002,4.4943798e-003,4.4943797e-003,4.4934860e-003
4.7170129e+002,4.4860639e-003,4.4860637e-003,4.4846337e-003
4.7171427e+002,4.4782755e-003,4.4782753e-003,4.4760556e-003
4.7172726e+002,4.4709657e-003,4.4709660e-003,4.4689008e-003
4.7174025e+002,4.4641623e-003,4.4641632e-003,4.4636439e-003
4.7175324e+002,4.4579582e-003,4.4579589e-003,4.4591419e-003
4.7176622e+002,4.4524408e-003,4.4524397e-003,4.4540161e-003
4.7177921e+002,4.4475005e-003,4.4474973e-003,4.4475300e-003
4.7179220e+002,4.4428198e-003,4.4428170e-003,4.4405015e-003
4.7180518e+002,4.4380769e-003,4.4380801e-003,4.4339780e-003
4.7181817e+002,4.4331631e-003,4.4331746e-003,4.4285744e-003
4.7183116e+002,4.4282475e-003,4.4282587e-003,4.4238510e-003
4.7184415e+002,4.4235148e-003,4.4235056e-003,4.4192105e-003
4.7185713e+002,4.4189287e-003,4.4188874e-003,4.4142729e-003
4.7187012e+002,4.4140974e-003,4.4140532e-003,4.4091921e-003
4.7188311e+002,4.4085990e-003,4.4086242e-003,4.4042025e-003
4.7189609e+002,4.4022906e-003,4.4024370e-003,4.3993894e-003
4.7190908e+002,4.3955866e-003,4.3957585e-003,4.3944680e-003
4.7192207e+002,4.3889674e-003,4.3889069e-003,4.3890973e-003
4.7193505e+002,4.3826683e-003,4.3821529e-003,4.3830298e-003
4.7194804e+002,4.3763103e-003,4.3756489e-003,4.3762518e-003
4.7196103e+002,4.3694202e-003,4.3695286e-003,4.3687858e-003
4.7197402e+002,4.3617044e-003,4.3637192e-003,4.3607128e-003
4.7198700e+002,4.3534367e-003,4.3574954e-003,4.3522616e-003
4.7199999e+002,4.3450031e-003,4.3500031e-003,4.3436841e-003
4.7201298e+002,4.3367181e-003,4.3407346e-003,4.3351881e-003
4.7202596e+002,4.3286102e-003,4.3305703e-003,4.3268689e-003
4.7203895e+002,4.3206362e-003,4.3207391e-003,4.3188041e-003
4.7205194e+002,4.3127310e-003,4.3121836e-003,4.3109101e-003
4.7206492e+002,4.3047172e-003,4.3043879e-003,4.3026890e-003
4.7207791e+002,4.2963813e-003,4.2963719e-003,4.2935785e-003
4.7209090e+002,4.2875183e-003,4.2873149e-003,4.2834229e-003
4.7210388e+002,4.2779763e-003,4.2774369e-003,4.2731214e-003
4.7211687e+002,4.2676248e-003,4.2673755e-003,4.2637404e-003
4.7212986e+002,4.2563965e-003,4.2576830e-003,4.2557125e-003
4.7214285e+002,4.2447568e-003,4.2481810e-003,4.2478130e-003
4.7215583e+002,4.2334389e-003,4.2383239e-003,4.2385515e-003
4.7216882e+002,4.2230999e-003,4.2276199e-003,4.2271915e-003
4.7218181e+002,4.2135317e-003,4.2162007e-003,4.2149864e-003
4.7219479e+002,4.2039862e-003,4.2045875e-003,4.2035117e-003
4.7220778e+002,4.1937425e-003,4.1932693e-003,4.1935945e-003
4.7222077e+002,4.1826145e-003,4.1821645e-003,4.1840688e-003
4.7223376e+002,4.1708284e-003,4.1707513e-003,4.1734425e-003
4.7224674e+002,4.1586109e-003,4.1585222e-003,4.1608445e-003
4.7225973e+002,4.1459789e-003,4.1455163e-003,4.1470712e-003
4.7227272e+002,4.1327492e-003,4.1322922e-003,4.1331945e-003
4.7228570e+002,4.1187412e-003,4.1194104e-003,4.1198890e-003
4.7229869e+002,4.1040900e-003,4.1068428e-003,4.1067526e-003
4.7231168e+002,4.0893017e-003,4.0938717e-003,4.0932032e-003
4.7232466e+002,4.0748926e-003,4.0797488e-003,4.0788330e-003
4.7233765e+002,4.0608293e-003,4.0641727e-003,4.0637105e-003
4.7235064e+002,4.0462831e-003,4.0474884e-003,4.0479847e-003
4.7236363e+002,4.0303697e-003,4.0300908e-003,4.0317659e-003
4.7237661e+002,4.0128316e-003,4.0123099e-003,4.0150588e-003
4.7238960e+002,3.9945349e-003,3.9943593e-003,3.9978500e-003
4.7240259e+002,3.9764601e-003,3.9764400e-003,3.9801066e-003
4.7241557e+002,3.9590317e-003,3.9586467e-003,3.9617429e-003
4.7242856e+002,3.9414304e-003,3.9408371e-003,3.9426637e-003
4.7244155e+002,3.9226686e-003,3.9228363e-003,3.9228882e-003
4.7245453e+002,3.9022013e-003,3.9043872e-003,3.9027547e-003
4.7246752e+002,3.8807274e-003,3.8850005e-003,3.8826571e-003
4.7248051e+002,3.8591624e-003,3.8641467e-003,3.8628119e-003
4.7249350e+002,3.8381349e-003,3.8416319e-003,3.8429338e-003
4.7250648e+002,3.8172508e-003,3.8184569e-003,3.8226494e-003
4.7251947e+002,3.7958891e-003,3.7958881e-003,3.8016694e-003
4.7253246e+002,3.7735997e-003,3.7747914e-003,3.7799428e-003
4.7254544e+002,3.7507059e-003,3.7542230e-003,3.7574611e-003
4.7255843e+002,3.7277500e-003,3.7327277e-003,3.7343106e-003
4.7257142e+002,3.7051535e-003,3.7091817e-003,3.7108504e-003
4.7258440e+002,3.6826447e-003,3.6843749e-003,3.6874879e-003
4.7259739e+002,3.6597036e-003,3.6597812e-003,3.6644223e-003
4.7261038e+002,3.6358976e-003,3.6366339e-003,3.6412482e-003
4.7262336e+002,3.6114454e-003,3.6143772e-003,3.6174511e-003
4.7263635e+002,3.5868576e-003,3.5916513e-003,3.5927536e-003
4.7264934e+002,3.5625838e-003,3.5672327e-003,3.5675724e-003
4.7266233e+002,3.5384659e-003,3.5412534e-003,3.5424500e-003
4.7267531e+002,3.5140056e-003,3.5146048e-003,3.5176862e-003
4.7268830e+002,3.4887431e-003,3.4881394e-003,3.4928639e-003
4.7270129e+002,3.4627625e-003,3.4621046e-003,3.4674343e-003
4.7271427e+002,3.4365252e-003,3.4363273e-003,3.4410900e-003
4.7272726e+002,3.4104767e-003,3.4106261e-003,3.4142429e-003
4.7274025e+002,3.3846414e-003,3.3848239e-003,3.3874377e-003
4.7275324e+002,3.3586832e-003,3.3587471e-003,3.3609855e-003
4.7276622e+002,3.3322586e-003,3.3322224e-003,3.3344944e-003
4.7277921e+002,3.3051378e-003,3.3050873e-003,3.3074408e-003
4.7279220e+002,3.2772103e-003,3.2771901e-003,3.2795109e-003
4.7280518e+002,3.2483811e-003,3.2483898e-003,3.2510261e-003
4.7281817e+002,3.2189152e-003,3.2189296e-003,3.2224274e-003
4.7283116e+002,3.1895469e-003,3.1895537e-003,3.1940321e-003
4.7284414e+002,3.1610328e-003,3.1610304e-003,3.1657790e-003
4.7285713e+002,3.1335267e-003,3.1335208e-003,3.1375343e-003
4.7287012e+002,3.1062116e-003,3.1062075e-003,3.1092131e-003
4.7288311e+002,3.0781865e-003,3.0781882e-003,3.0808796e-003
4.7289609e+002,3.0490753e-003,3.0490840e-003,3.0526270e-003
4.7290908e+002,3.0195536e-003,3.0195631e-003,3.0244779e-003
4.7292207e+002,2.9904212e-003,2.9904179e-003,2.9962361e-003
4.7293505e+002,2.9622096e-003,2.9621824e-003,2.9676625e-003
4.7294804e+002,2.9347786e-003,2.9347439e-003,2.9387501e-003
4.7296103e+002,2.9078845e-003,2.9078901e-003,2.9102189e-003
4.7297401e+002,2.8813708e-003,2.8814650e-003,2.8829313e-003
4.7298700e+002,2.8553579e-003,2.8554898e-003,2.8573624e-003
4.7299999e+002,2.8300204e-003,2.8300207e-003,2.8327589e-003
4.7301297e+002,2.8054284e-003,2.8051025e-003,2.8081249e-003
4.7302596e+002,2.7812322e-003,2.7807341e-003,2.7828580e-003
4.7303895e+002,2.7569768e-003,2.7569029e-003,2.7576129e-003
4.7305194e+002,2.7323462e-003,2.7335972e-003,2.7332953e-003
4.7306492e+002,2.7077330e-003,2.7108097e-003,2.7105405e-003
4.7307791e+002,2.6837553e-003,2.6885348e-003,2.6891130e-003
4.7309090e+002,2.6609740e-003,2.6667706e-003,2.6686018e-003
4.7310388e+002,2.6395753e-003,2.6455422e-003,2.6486045e-003
4.7311687e+002,2.6195954e-003,2.6248852e-003,2.6287458e-003
4.7312986e+002,2.6010117e-003,2.6048225e-003,2.6086559e-003
4.7314285e+002,2.5833116e-003,2.5852712e-003,2.5881977e-003
4.7315583e+002,2.5657364e-003,2.5660950e-003,2.5679967e-003
4.7316882e+002,2.5476149e-003,2.5471907e-003,2.5488348e-003
4.7318181e+002,2.5292704e-003,2.5288317e-003,2.5312291e-003
4.7319479e+002,2.5116469e-003,2.5115257e-003,2.5148183e-003
4.7320778e+002,2.4956279e-003,2.4957341e-003,2.4990598e-003
4.7322077e+002,2.4810458e-003,2.4811687e-003,2.4835743e-003
4.7323375e+002,2.4669218e-003,2.4669622e-003,2.4685290e-003
4.7324674e+002,2.4523027e-003,2.4522756e-003,2.4542047e-003
4.7325973e+002,2.4372130e-003,2.4371761e-003,2.4407129e-003
4.7327272e+002,2.4226077e-003,2.4225925e-003,2.4275926e-003
4.7328570e+002,2.4094520e-003,2.4094616e-003,2.4142622e-003
4.7329869e+002,2.3978714e-003,2.3978922e-003,2.4004366e-003
4.7331168e+002,2.3870075e-003,2.3870220e-003,2.3868388e-003
4.7332466e+002,2.3759575e-003,2.3759458e-003,2.3744061e-003
4.7333765e+002,2.3644106e-003,2.3643668e-003,2.3637102e-003
4.7335064e+002,2.3529124e-003,2.3528691e-003,2.3540682e-003
4.7336362e+002,2.3420718e-003,2.3421012e-003,2.3445276e-003
4.7337661e+002,2.3321222e-003,2.3322696e-003,2.3344449e-003
4.7338960e+002,2.3226237e-003,2.3227886e-003,2.3242448e-003
4.7340258e+002,2.3130676e-003,2.3129925e-003,2.3145834e-003
4.7341557e+002,2.3032019e-003,2.3026835e-003,2.3058849e-003
4.7342856e+002,2.2933488e-003,2.2927123e-003,2.2977618e-003
4.7344155e+002,2.2839089e-003,2.2840711e-003,2.2896497e-003
4.7345453e+002,2.2751740e-003,2.2772307e-003,2.2811836e-003
4.7346752e+002,2.2671325e-003,2.2711973e-003,2.2727026e-003
4.7348051e+002,2.2597195e-003,2.2647215e-003,2.2647006e-003
4.7349349e+002,2.2528559e-003,2.2569603e-003,2.2575225e-003
4.7350648e+002,2.2464120e-003,2.2485167e-003,2.2509825e-003
4.7351947e+002,2.2402466e-003,2.2403153e-003,2.2447767e-003
4.7353246e+002,2.2341811e-003,2.2330868e-003,2.2385858e-003
4.7354544e+002,2.2278659e-003,2.2266836e-003,2.2320360e-003
4.7355843e+002,2.2209032e-003,2.2207103e-003,2.2247410e-003
4.7357142e+002,2.2130201e-003,2.2147744e-003,2.2165217e-003
4.7358440e+002,2.2046640e-003,2.2085004e-003,2.2079493e-003
4.7359739e+002,2.1965402e-003,2.2015191e-003,2.1997649e-003
4.7361038e+002,2.1892625e-003,2.1935644e-003,2.1925087e-003
4.7362336e+002,2.1827667e-003,2.1851365e-003,2.1859858e-003
4.7363635e+002,2.1766836e-003,2.1770794e-003,2.1798335e-003
4.7364934e+002,2.1706501e-003,2.1701271e-003,2.1736825e-003
4.7366233e+002,2.1643754e-003,2.1639318e-003,2.1671405e-003
4.7367531e+002,2.1576093e-003,2.1575395e-003,2.1598096e-003
4.7368830e+002,2.1501281e-003,2.1500726e-003,2.1515146e-003
4.7370129e+002,2.1420393e-003,2.1417189e-003,2.1429092e-003
4.7371427e+002,2.1336810e-003,2.1334066e-003,2.1348397e-003
4.7372726e+002,2.1253829e-003,2.1260293e-003,2.1278654e-003
4.7374025e+002,2.1172502e-003,2.1196042e-003,2.1214672e-003
4.7375323e+002,2.1091951e-003,2.1133975e-003,2.1148730e-003
4.7376622e+002,2.1011261e-003,2.1066657e-003,2.1074511e-003
4.7377921e+002,2.0930108e-003,2.0990351e-003,2.0991021e-003
4.7379219e+002,2.0848791e-003,2.0905229e-003,2.0898527e-003
4.7380518e+002,2.0767635e-003,2.0811712e-003,2.0798409e-003
4.7381817e+002,2.0686667e-003,2.0712616e-003,2.0696303e-003
4.7383116e+002,2.0605529e-003,2.0613875e-003,2.0598865e-003
4.7384414e+002,2.0523845e-003,2.0521579e-003,2.0510780e-003
4.7385713e+002,2.0441814e-003,2.0438008e-003,2.0429153e-003
4.7387012e+002,2.0360557e-003,2.0359314e-003,2.0349255e-003
4.7388310e+002,2.0281264e-003,2.0281107e-003,2.0267371e-003
4.7389609e+002,2.0203392e-003,2.0200721e-003,2.0183719e-003
4.7390908e+002,2.0122921e-003,2.0118946e-003,2.0099476e-003
4.7392206e+002,2.0035423e-003,2.0036985e-003,2.0015623e-003
4.7393505e+002,1.9939219e-003,1.9955626e-003,1.9932369e-003
4.7394804e+002,1.9839513e-003,1.9874622e-003,1.9849735e-003
4.7396103e+002,1.9742569e-003,1.9793567e-003,1.9767525e-003
4.7397401e+002,1.9653324e-003,1.9712229e-003,1.9684693e-003
4.7398700e+002,1.9572514e-003,1.9630921e-003,1.9599982e-003
4.7399999e+002,1.9500050e-003,1.9550063e-003,1.9513179e-003
4.7401297e+002,1.9434876e-003,1.9469792e-003,1.9428248e-003
4.7402596e+002,1.9372058e-003,1.9389118e-003,1.9350201e-003
4.7403895e+002,1.9305693e-003,1.9306765e-003,1.9281948e-003
4.7405194e+002,1.9231050e-003,1.9222229e-003,1.9217920e-003
4.7406492e+002,1.9149393e-003,1.9138937e-003,1.9150414e-003
4.7407791e+002,1.9063894e-003,1.9061570e-003,1.9073583e-003
4.7409090e+002,1.8977756e-003,1.8993642e-003,1.8989155e-003
4.7410388e+002,1.8894381e-003,1.8931040e-003,1.8900786e-003
4.7411687e+002,1.8817250e-003,1.8866593e-003,1.8812212e-003
4.7412986e+002,1.8749092e-003,1.8793899e-003,1.8727509e-003
4.7414284e+002,1.8686290e-003,1.8713134e-003,1.8650838e-003
4.7415583e+002,1.8622037e-003,1.8627780e-003,1.8584209e-003
4.7416882e+002,1.8550032e-003,1.8541340e-003,1.8520711e-003
4.7418181e+002,1.8469852e-003,1.8457266e-003,1.8451122e-003
4.7419479e+002,1.8384750e-003,1.8378981e-003,1.8369372e-003
4.7420778e+002,1.8298052e-003,1.8309537e-003,1.8282584e-003
4.7422077e+002,1.8213388e-003,1.8246415e-003,1.8201331e-003
4.7423375e+002,1.8134626e-003,1.8182800e-003,1.8132796e-003
4.7424674e+002,1.8065350e-003,1.8112013e-003,1.8069842e-003
4.7425973e+002,1.8003055e-003,1.8032619e-003,1.8001555e-003
4.7427271e+002,1.7939439e-003,1.7948171e-003,1.7920436e-003
4.7428570e+002,1.7866232e-003,1.7862399e-003,1.7833540e-003
4.7429869e+002,1.7783190e-003,1.7778345e-003,1.7751794e-003
4.7431167e+002,1.7699489e-003,1.7698241e-003,1.7682784e-003
4.7432466e+002,1.7624689e-003,1.7624242e-003,1.7619728e-003
4.7433765e+002,1.7560800e-003,1.7556788e-003,1.7551980e-003
4.7435064e+002,1.7498895e-003,1.7493837e-003,1.7471987e-003
4.7436362e+002,1.7429257e-003,1.7433150e-003,1.7385608e-003
4.7437661e+002,1.7348410e-003,1.7372058e-003,1.7302337e-003
4.7438960e+002,1.7264073e-003,1.7307128e-003,1.7229437e-003
4.7440258e+002,1.7185114e-003,1.7234862e-003,1.7164403e-003
4.7441557e+002,1.7116420e-003,1.7154445e-003,1.7102058e-003
4.7442856e+002,1.7053977e-003,1.7071082e-003,1.7038026e-003
4.7444155e+002,1.6992562e-003,1.6990790e-003,1.6971466e-003
4.7445453e+002,1.6928573e-003,1.6918181e-003,1.6902512e-003
4.7446752e+002,1.6862957e-003,1.6853914e-003,1.6831972e-003
4.7448051e+002,1.6797456e-003,1.6797960e-003,1.6763648e-003
4.7449349e+002,1.6733159e-003,1.6749190e-003,1.6702181e-003
4.7450648e+002,1.6668841e-003,1.6702575e-003,1.6650398e-003
4.7451947e+002,1.6602760e-003,1.6652217e-003,1.6602975e-003
4.7453245e+002,1.6534197e-003,1.6593539e-003,1.6552300e-003
4.7454544e+002,1.6467070e-003,1.6527938e-003,1.6492412e-003
4.7455843e+002,1.6406602e-003,1.6458502e-003,1.6424841e-003
4.7457142e+002,1.6356421e-003,1.6388400e-003,1.6353246e-003
4.7458440e+002,1.6310939e-003,1.6321278e-003,1.6281341e-003
4.7459739e+002,1.6261265e-003,1.6260954e-003,1.6213114e-003
4.7461038e+002,1.6200099e-003,1.6210233e-003,1.6152627e-003
4.7462336e+002,1.6131924e-003,1.6164415e-003,1.6102090e-003
4.7463635e+002,1.6066524e-003,1.6115430e-003,1.6055144e-003
4.7464934e+002,1.6012492e-003,1.6056185e-003,1.6002952e-003
4.7466232e+002,1.5966677e-003,1.5989222e-003,1.5939239e-003
4.7467531e+002,1.5919345e-003,1.5922481e-003,1.5869650e-003
4.7468830e+002,1.5861499e-003,1.5863467e-003,1.5803302e-003
4.7470128e+002,1.5794612e-003,1.5813316e-003,1.5747254e-003
4.7471427e+002,1.5727420e-003,1.5768744e-003,1.5698871e-003
4.7472726e+002,1.5668399e-003,1.5726336e-003,1.5652669e-003
4.7474025e+002,1.5618772e-003,1.5681958e-003,1.5604174e-003
4.7475323e+002,1.5573542e-003,1.5630861e-003,1.5553703e-003
4.7476622e+002,1.5527636e-003,1.5568586e-003,1.5503000e-003
4.7477921e+002,1.5479168e-003,1.5498572e-003,1.5453360e-003
4.7479219e+002,1.5429612e-003,1.5432606e-003,1.5403940e-003
4.7480518e+002,1.5380575e-003,1.5382602e-003,1.5353258e-003
4.7481817e+002,1.5332424e-003,1.5349984e-003,1.5300611e-003
4.7483116e+002,1.5283917e-003,1.5322501e-003,1.5249049e-003
4.7484414e+002,1.5233731e-003,1.5287109e-003,1.5202757e-003
4.7485713e+002,1.5182390e-003,1.5239007e-003,1.5164785e-003
4.7487012e+002,1.5133389e-003,1.5186676e-003,1.5132639e-003
4.7488310e+002,1.5090477e-003,1.5139765e-003,1.5102139e-003
4.7489609e+002,1.5055184e-003,1.5103393e-003,1.5069860e-003
4.7490908e+002,1.5024596e-003,1.5073614e-003,1.5036119e-003
4.7492206e+002,1.4995270e-003,1.5045404e-003,1.5002379e-003
4.7493505e+002,1.4964583e-003,1.5015071e-003,1.4969685e-003
4.7494804e+002,1.4931963e-003,1.4982260e-003,1.4937008e-003
4.7496103e+002,1.4897154e-003,1.4947134e-003,1.4902677e-003
4.7497401e+002,1.4860888e-003,1.4910735e-003,1.4865929e-003
4.7498700e+002,1.4827017e-003,1.4876898e-003,1.4830562e-003
4.7499999e+002,1.4800010e-003,1.4850010e-003,1.4801802e-003
4.7501297e+002,1.4782372e-003,1.4832491e-003,1.4783125e-003
4.7502596e+002,1.4768729e-003,1.4818884e-003,1.4769173e-003
4.7503895e+002,1.4751735e-003,1.4801756e-003,1.4751794e-003
4.7505193e+002,1.4725558e-003,1.4775255e-003,1.4724567e-003
4.7506492e+002,1.4692120e-003,1.4741622e-003,1.4689902e-003
4.7507791e+002,1.4655809e-003,1.4705670e-003,1.4653023e-003
4.7509089e+002,1.4620588e-003,1.4671587e-003,1.4618270e-003
4.7510388e+002,1.4587636e-003,1.4639464e-003,1.4585439e-003
4.7511687e+002,1.4557014e-003,1.4607747e-003,1.4552866e-003
4.7512986e+002,1.4528440e-003,1.4575093e-003,1.4519280e-003
4.7514284e+002,1.4498749e-003,1.4541995e-003,1.4485453e-003
4.7515583e+002,1.4463332e-003,1.4509865e-003,1.4452819e-003
4.7516882e+002,1.4418233e-003,1.4479834e-003,1.4422122e-003
4.7518180e+002,1.4366913e-003,1.4449820e-003,1.4390474e-003
4.7519479e+002,1.4317461e-003,1.4415731e-003,1.4353801e-003
4.7520778e+002,1.4277478e-003,1.4373766e-003,1.4309005e-003
4.7522077e+002,1.4246146e-003,1.4324921e-003,1.4258165e-003
4.7523375e+002,1.4216149e-003,1.4273897e-003,1.4205069e-003
4.7524674e+002,1.4180204e-003,1.4225268e-003,1.4153038e-003
4.7525973e+002,1.4135315e-003,1.4178896e-003,1.4102903e-003
4.7527271e+002,1.4082564e-003,1.4130161e-003,1.4054664e-003
4.7528570e+002,1.4023213e-003,1.4074391e-003,1.4007860e-003
4.7529869e+002,1.3959080e-003,1.4010843e-003,1.3959538e-003
4.7531167e+002,1.3892637e-003,1.3943383e-003,1.3905911e-003
4.7532466e+002,1.3826366e-003,1.3876095e-003,1.3844139e-003
4.7533765e+002,1.3761386e-003,1.3810905e-003,1.3776548e-003
4.7535064e+002,1.3696836e-003,1.3746611e-003,1.3707210e-003
4.7536362e+002,1.3631715e-003,1.3681774e-003,1.3639545e-003
4.7537661e+002,1.3565873e-003,1.3615998e-003,1.3573351e-003
4.7538960e+002,1.3500691e-003,1.3550753e-003,1.3507197e-003
4.7540258e+002,1.3437702e-003,1.3487693e-003,1.3440014e-003
4.7541557e+002,1.3376551e-003,1.3426536e-003,1.3372765e-003
4.7542856e+002,1.3312659e-003,1.3362663e-003,1.3307112e-003
4.7544154e+002,1.3240874e-003,1.3290870e-003,1.3243912e-003
4.7545453e+002,1.3159291e-003,1.3209232e-003,1.3179517e-003
4.7546752e+002,1.3075124e-003,1.3125038e-003,1.3108710e-003
4.7548050e+002,1.2997181e-003,1.3047188e-003,1.3027818e-003
4.7549349e+002,1.2930841e-003,1.2981076e-003,1.2941908e-003
4.7550648e+002,1.2869279e-003,1.2919625e-003,1.2859107e-003
4.7551947e+002,1.2802956e-003,1.2852983e-003,1.2786023e-003
4.7553245e+002,1.2725031e-003,1.2774211e-003,1.2720580e-003
4.7554544e+002,1.2640866e-003,1.2689555e-003,1.2657628e-003
4.7555843e+002,1.2559273e-003,1.2608990e-003,1.2592758e-003
4.7557141e+002,1.2487484e-003,1.2540286e-003,1.2525843e-003
4.7558440e+002,1.2423593e-003,1.2478490e-003,1.2458283e-003
4.7559739e+002,1.2362422e-003,1.2414096e-003,1.2391271e-003
4.7561037e+002,1.2299372e-003,1.2339042e-003,1.2324789e-003
4.7562336e+002,1.2234140e-003,1.2256010e-003,1.2258382e-003
4.7563635e+002,1.2168357e-003,1.2172513e-003,1.2191693e-003
4.7564934e+002,1.2103476e-003,1.2095617e-003,1.2124932e-003
4.7566232e+002,1.2039141e-003,1.2027812e-003,1.2058518e-003
4.7567531e+002,1.1973987e-003,1.1969023e-003,1.1992689e-003
4.7568830e+002,1.1906861e-003,1.1918844e-003,1.1926617e-003
4.7570128e+002,1.1839555e-003,1.1872932e-003,1.1859086e-003
4.7571427e+002,1.1775904e-003,1.1824216e-003,1.1789496e-003
4.7572726e+002,1.1719558e-003,1.1766007e-003,1.1720934e-003
4.7574025e+002,1.1670186e-003,1.1699453e-003,1.1657851e-003
4.7575323e+002,1.1624042e-003,1.1632420e-003,1.1603623e-003
4.7576622e+002,1.1577363e-003,1.1572757e-003,1.1555156e-003
4.7577921e+002,1.1528782e-003,1.1522375e-003,1.1506939e-003
4.7579219e+002,1.1479460e-003,1.1476905e-003,1.1454745e-003
4.7580518e+002,1.1430653e-003,1.1431736e-003,1.1402154e-003
4.7581817e+002,1.1382559e-003,1.1384314e-003,1.1355681e-003
4.7583115e+002,1.1333993e-003,1.1334779e-003,1.1320158e-003
4.7584414e+002,1.1283706e-003,1.1283463e-003,1.1290032e-003
4.7585713e+002,1.1232289e-003,1.1231811e-003,1.1255818e-003
4.7587012e+002,1.1183296e-003,1.1183059e-003,1.1209984e-003
4.7588310e+002,1.1140535e-003,1.1140586e-003,1.1157168e-003
4.7589609e+002,1.1105480e-003,1.1105610e-003,1.1106664e-003
4.7590908e+002,1.1074938e-003,1.1075009e-003,1.1066238e-003
4.7592206e+002,1.1045159e-003,1.1045150e-003,1.1034045e-003
4.7593505e+002,1.1013594e-003,1.1013559e-003,1.1004534e-003
4.7594804e+002,1.0980692e-003,1.0980671e-003,1.0972903e-003
4.7596102e+002,1.0947368e-003,1.0947370e-003,1.0939144e-003
4.7597401e+002,1.0914365e-003,1.0914374e-003,1.0905109e-003
4.7598700e+002,1.0881885e-003,1.0881891e-003,1.0872280e-003
4.7599998e+002,1.0850026e-003,1.0850026e-003,1.0839729e-003
4.7601297e+002,1.0818653e-003,1.0818650e-003,1.0805587e-003
4.7602596e+002,1.0786697e-003,1.0786696e-003,1.0768731e-003
4.7603895e+002,1.0752859e-003,1.0752859e-003,1.0732878e-003
4.7605193e+002,1.0716664e-003,1.0716665e-003,1.0703655e-003
4.7606492e+002,1.0681874e-003,1.0681874e-003,1.0685190e-003
4.7607791e+002,1.0653594e-003,1.0653594e-003,1.0671817e-003
4.7609089e+002,1.0635559e-003,1.0635559e-003,1.0653960e-003
4.7610388e+002,1.0622522e-003,1.0622522e-003,1.0624006e-003
4.7611687e+002,1.0605631e-003,1.0605631e-003,1.0587285e-003
4.7612986e+002,1.0577384e-003,1.0577384e-003,1.0554336e-003
4.7614284e+002,1.0541767e-003,1.0541767e-003,1.0533675e-003
4.7615583e+002,1.0508544e-003,1.0508544e-003,1.0520323e-003
4.7616882e+002,1.0486494e-003,1.0486495e-003,1.0503819e-003
4.7618180e+002,1.0473015e-003,1.0473015e-003,1.0475574e-003
4.7619479e+002,1.0458390e-003,1.0458390e-003,1.0439603e-003
4.7620778e+002,1.0433467e-003,1.0433466e-003,1.0405086e-003
4.7622076e+002,1.0399198e-003,1.0399196e-003,1.0379951e-003
4.7623375e+002,1.0364337e-003,1.0364335e-003,1.0363589e-003
4.7624674e+002,1.0337502e-003,1.0337505e-003,1.0351865e-003
4.7625973e+002,1.0320238e-003,1.0320247e-003,1.0340677e-003
4.7627271e+002,1.0307349e-003,1.0307357e-003,1.0326214e-003
4.7628570e+002,1.0293488e-003,1.0293479e-003,1.0304791e-003
4.7629869e+002,1.0276865e-003,1.0276834e-003,1.0273790e-003
4.7631167e+002,1.0259869e-003,1.0259840e-003,1.0237928e-003
4.7632466e+002,1.0245065e-003,1.0245094e-003,1.0205006e-003
4.7633765e+002,1.0232052e-003,1.0232165e-003,1.0181622e-003
4.7635063e+002,1.0216124e-003,1.0216240e-003,1.0165953e-003
4.7636362e+002,1.0192285e-003,1.0192206e-003,1.0152609e-003
4.7637661e+002,1.0159653e-003,1.0159250e-003,1.0136925e-003
4.7638959e+002,1.0124728e-003,1.0124276e-003,1.0119407e-003
4.7640258e+002,1.0094767e-003,1.0094973e-003,1.0102771e-003
4.7641557e+002,1.0073989e-003,1.0075412e-003,1.0089004e-003
4.7642856e+002,1.0059809e-003,1.0061557e-003,1.0074870e-003
4.7644154e+002,1.0048720e-003,1.0048276e-003,1.0054882e-003
4.7645453e+002,1.0037213e-003,1.0032224e-003,1.0024760e-003
4.7646752e+002,1.0021782e-003,1.0015091e-003,9.9888959e-004
4.7648050e+002,9.9989225e-004,9.9994425e-004,9.9554555e-004
4.7649349e+002,9.9671393e-004,9.9864086e-004,9.9314541e-004
4.7650648e+002,9.9321028e-004,9.9719948e-004,9.9155181e-004
4.7651947e+002,9.9010770e-004,9.9510676e-004,9.9025947e-004
4.7653245e+002,9.8795221e-004,9.9203784e-004,9.8881443e-004
4.7654544e+002,9.8647326e-004,9.8852135e-004,9.8714737e-004
4.7655843e+002,9.8516933e-004,9.8532731e-004,9.8535909e-004
4.7657141e+002,9.8362426e-004,9.8308058e-004,9.8355105e-004
4.7658440e+002,9.8191439e-004,9.8156826e-004,9.8182416e-004
4.7659739e+002,9.8029240e-004,9.8027752e-004,9.8027908e-004
4.7661037e+002,9.7894638e-004,9.7876052e-004,9.7896509e-004
4.7662336e+002,9.7758352e-004,9.7705421e-004,9.7755026e-004
4.7663635e+002,9.7569481e-004,9.7541356e-004,9.7553123e-004
4.7664934e+002,9.7284883e-004,9.7404715e-004,9.7251406e-004
4.7666232e+002,9.6937493e-004,9.7270434e-004,9.6893065e-004
4.7667531e+002,9.6602904e-004,9.7087709e-004,9.6558743e-004
4.7668830e+002,9.6351791e-004,9.6810971e-004,9.6318295e-004
4.7670128e+002,9.6185449e-004,9.6465844e-004,9.6158543e-004
4.7671427e+002,9.6056959e-004,9.6127415e-004,9.6028336e-004
4.7672726e+002,9.5920195e-004,9.5868166e-004,9.5881677e-004
4.7674024e+002,9.5760300e-004,9.5696730e-004,9.5713405e-004
4.7675323e+002,9.5589231e-004,9.5566976e-004,9.5537195e-004
4.7676622e+002,9.5419520e-004,9.5432115e-004,9.5365400e-004
4.7677920e+002,9.5256129e-004,9.5273652e-004,9.5199396e-004
4.7679219e+002,9.5096021e-004,9.5103007e-004,9.5035454e-004
4.7680518e+002,9.4935819e-004,9.4932859e-004,9.4870218e-004
4.7681817e+002,9.4773918e-004,9.4769118e-004,9.4703465e-004
4.7683115e+002,9.4611018e-004,9.4608870e-004,9.4536441e-004
4.7684414e+002,9.4447970e-004,9.4448637e-004,9.4370200e-004
4.7685713e+002,9.4285316e-004,9.4286623e-004,9.4204229e-004
4.7687011e+002,9.4123101e-004,9.4123750e-004,9.4037275e-004
4.7688310e+002,9.3961323e-004,9.3961183e-004,9.3868473e-004
4.7689609e+002,9.3799717e-004,9.3799364e-004,9.3700099e-004
4.7690908e+002,9.3637491e-004,9.3637298e-004,9.3535924e-004
4.7692206e+002,9.3473792e-004,9.3473818e-004,9.3378362e-004
4.7693505e+002,9.3308865e-004,9.3308960e-004,9.3218855e-004
4.7694804e+002,9.3145707e-004,9.3145764e-004,9.3043573e-004
4.7696102e+002,9.2987738e-004,9.2987734e-004,9.2843674e-004
4.7697401e+002,9.2834982e-004,9.2834956e-004,9.2650983e-004
4.7698700e+002,9.2676728e-004,9.2676712e-004,9.2517050e-004
4.7699998e+002,9.2500149e-004,9.2500149e-004,9.2483422e-004
4.7701297e+002,9.2302499e-004,9.2302506e-004,9.2508813e-004
4.7702596e+002,9.2121513e-004,9.2121517e-004,9.2511429e-004
4.7703895e+002,9.2005080e-004,9.2005080e-004,9.2419465e-004
4.7705193e+002,9.1985071e-004,9.1985069e-004,9.2245875e-004
4.7706492e+002,9.2011504e-004,9.2011502e-004,9.2045399e-004
4.7707791e+002,9.2008329e-004,9.2008329e-004,9.1866981e-004
4.7709089e+002,9.1911982e-004,9.1911982e-004,9.1708768e-004
4.7710388e+002,9.1740569e-004,9.1740570e-004,9.1543649e-004
4.7711687e+002,9.1545005e-004,9.1545005e-004,9.1350285e-004
4.7712985e+002,9.1370739e-004,9.1370739e-004,9.1157483e-004
4.7714284e+002,9.1216274e-004,9.1216273e-004,9.1019192e-004
4.7715583e+002,9.1056513e-004,9.1056513e-004,9.0979968e-004
4.7716882e+002,9.0870111e-004,9.0870111e-004,9.1002856e-004
4.7718180e+002,9.0679438e-004,9.0679438e-004,9.1009706e-004
4.7719479e+002,9.0534170e-004,9.0534170e-004,9.0930374e-004
4.7720778e+002,9.0480015e-004,9.0480015e-004,9.0766284e-004
4.7722076e+002,9.0496776e-004,9.0496776e-004,9.0555334e-004
4.7723375e+002,9.0513353e-004,9.0513353e-004,9.0335592e-004
4.7724674e+002,9.0459809e-004,9.0459809e-004,9.0144091e-004
4.7725972e+002,9.0318550e-004,9.0318550e-004,9.0017337e-004
4.7727271e+002,9.0121826e-004,9.0121826e-004,8.9984171e-004
4.7728570e+002,8.9903924e-004,8.9903924e-004,9.0006274e-004
4.7729868e+002,8.9700863e-004,8.9700863e-004,9.0010531e-004
4.7731167e+002,8.9550696e-004,8.9550696e-004,8.9931037e-004
4.7732466e+002,8.9490648e-004,8.9490648e-004,8.9768350e-004
4.7733765e+002,8.9510543e-004,8.9510543e-004,8.9557743e-004
4.7735063e+002,8.9531530e-004,8.9531530e-004,8.9335223e-004
4.7736362e+002,8.9470020e-004,8.9470020e-004,8.9140630e-004
4.7737661e+002,8.9301764e-004,8.9301764e-004,8.9015826e-004
4.7738959e+002,8.9109049e-004,8.9109049e-004,8.8993672e-004
4.7740258e+002,8.8985041e-004,8.8985041e-004,8.9025532e-004
4.7741557e+002,8.8972901e-004,8.8972901e-004,8.9019487e-004
4.7742856e+002,8.9003834e-004,8.9003834e-004,8.8896373e-004
4.7744154e+002,8.8993867e-004,8.8993867e-004,8.8697115e-004
4.7745453e+002,8.8887196e-004,8.8887196e-004,8.8526934e-004
4.7746752e+002,8.8707262e-004,8.8707262e-004,8.8477545e-004
4.7748050e+002,8.8491340e-004,8.8491340e-004,8.8510466e-004
4.7749349e+002,8.8276761e-004,8.8276761e-004,8.8516931e-004
4.7750648e+002,8.8101062e-004,8.8101062e-004,8.8401729e-004
4.7751946e+002,8.8001823e-004,8.8001823e-004,8.8202337e-004
4.7753245e+002,8.7998632e-004,8.7998632e-004,8.8028446e-004
4.7754544e+002,8.8029615e-004,8.8029615e-004,8.7976332e-004
4.7755843e+002,8.8009850e-004,8.8009850e-004,8.8009139e-004
4.7757141e+002,8.7874959e-004,8.7874959e-004,8.8016965e-004
4.7758440e+002,8.7679176e-004,8.7679176e-004,8.7903132e-004
4.7759739e+002,8.7519206e-004,8.7519206e-004,8.7703950e-004
4.7761037e+002,8.7475370e-004,8.7475370e-004,8.7529297e-004
4.7762336e+002,8.7506035e-004,8.7506035e-004,8.7476034e-004
4.7763635e+002,8.7514704e-004,8.7514704e-004,8.7508481e-004
4.7764933e+002,8.7415861e-004,8.7415861e-004,8.7517032e-004
4.7766232e+002,8.7232758e-004,8.7232758e-004,8.7404823e-004
4.7767531e+002,8.7049643e-004,8.7049643e-004,8.7206504e-004
4.7768829e+002,8.6946118e-004,8.6946118e-004,8.7030675e-004
4.7770128e+002,8.6933220e-004,8.6933220e-004,8.6973673e-004
4.7771427e+002,8.6974329e-004,8.6974329e-004,8.7003400e-004
4.7772726e+002,8.7031875e-004,8.7031875e-004,8.7014946e-004
4.7774024e+002,8.7068443e-004,8.7068443e-004,8.6914449e-004
4.7775323e+002,8.7046751e-004,8.7046751e-004,8.6725801e-004
4.7776622e+002,8.6931741e-004,8.6931741e-004,8.6540199e-004
4.7777920e+002,8.6744842e-004,8.6744842e-004,8.6441759e-004
4.7779219e+002,8.6567205e-004,8.6567205e-004,8.6435794e-004
4.7780518e+002,8.6480965e-004,8.6480965e-004,8.6482206e-004
4.7781817e+002,8.6494838e-004,8.6494838e-004,8.6540379e-004
4.7783115e+002,8.6521833e-004,8.6521833e-004,8.6569965e-004
4.7784414e+002,8.6469491e-004,8.6469491e-004,8.6530772e-004
4.7785713e+002,8.6309446e-004,8.6309446e-004,8.6390172e-004
4.7787011e+002,8.6116640e-004,8.6116640e-004,8.6192911e-004
4.7788310e+002,8.5975107e-004,8.5975107e-004,8.6029044e-004
4.7789609e+002,8.5931097e-004,8.5931097e-004,8.5978270e-004
4.7790907e+002,8.5955166e-004,8.5955166e-004,8.6007363e-004
4.7792206e+002,8.6008842e-004,8.6008842e-004,8.6016423e-004
4.7793505e+002,8.6055036e-004,8.6055036e-004,8.5915487e-004
4.7794804e+002,8.6060126e-004,8.6060126e-004,8.5727393e-004
4.7796102e+002,8.5991034e-004,8.5991034e-004,8.5542127e-004
4.7797401e+002,8.5835825e-004,8.5835825e-004,8.5443216e-004
4.7798700e+002,8.5649453e-004,8.5649453e-004,8.5436645e-004
4.7799998e+002,8.5500063e-004,8.5500063e-004,8.5481866e-004
4.7801297e+002,8.5438821e-004,8.5438821e-004,8.5537932e-004
4.7802596e+002,8.5448693e-004,8.5448693e-004,8.5566384e-004
4.7803894e+002,8.5495530e-004,8.5495530e-004,8.5530267e-004
4.7805193e+002,8.5545172e-004,8.5545172e-004,8.5398884e-004
4.7806492e+002,8.5563412e-004,8.5563412e-004,8.5208781e-004
4.7807790e+002,8.5516023e-004,8.5516023e-004,8.5037514e-004
4.7809089e+002,8.5378868e-004,8.5378868e-004,8.4956148e-004
4.7810388e+002,8.5193755e-004,8.5193755e-004,8.4958686e-004
4.7811687e+002,8.5028986e-004,8.5028986e-004,8.4991755e-004
4.7812985e+002,8.4945489e-004,8.4945489e-004,8.5005590e-004
4.7814284e+002,8.4941237e-004,8.4941237e-004,8.4997756e-004
4.7815583e+002,8.4982547e-004,8.4982547e-004,8.4995156e-004
4.7816881e+002,8.5035426e-004,8.5035426e-004,8.5020823e-004
4.7818180e+002,8.5065036e-004,8.5065036e-004,8.5049865e-004
4.7819479e+002,8.5036016e-004,8.5036016e-004,8.5027445e-004
4.7820778e+002,8.4916861e-004,8.4916861e-004,8.4905384e-004
4.7822076e+002,8.4734214e-004,8.4734214e-004,8.4715540e-004
4.7823375e+002,8.4559633e-004,8.4559633e-004,8.4540180e-004
4.7824674e+002,8.4462986e-004,8.4462986e-004,8.4455335e-004
4.7825972e+002,8.4453825e-004,8.4453825e-004,8.4457161e-004
4.7827271e+002,8.4484259e-004,8.4484259e-004,8.4491103e-004
4.7828570e+002,8.4505177e-004,8.4505177e-004,8.4505951e-004
4.7829868e+002,8.4500673e-004,8.4500673e-004,8.4498261e-004
4.7831167e+002,8.4493825e-004,8.4493825e-004,8.4495161e-004
4.7832466e+002,8.4509345e-004,8.4509345e-004,8.4520190e-004
4.7833765e+002,8.4542388e-004,8.4542388e-004,8.4549373e-004
4.7835063e+002,8.4545285e-004,8.4545285e-004,8.4528079e-004
4.7836362e+002,8.4467468e-004,8.4467468e-004,8.4407856e-004
4.7837661e+002,8.4300839e-004,8.4300839e-004,8.4218866e-004
4.7838959e+002,8.4113573e-004,8.4113573e-004,8.4042400e-004
4.7840258e+002,8.3981638e-004,8.3981638e-004,8.3954172e-004
4.7841557e+002,8.3945980e-004,8.3945980e-004,8.3953317e-004
4.7842855e+002,8.3969117e-004,8.3969117e-004,8.3988765e-004
4.7844154e+002,8.4002929e-004,8.4002929e-004,8.4011738e-004
4.7845453e+002,8.4013664e-004,8.4013664e-004,8.4011491e-004
4.7846751e+002,8.4008012e-004,8.4008012e-004,8.4002414e-004
4.7848050e+002,8.3999720e-004,8.3999720e-004,8.3998304e-004
4.7849349e+002,8.3998691e-004,8.3998691e-004,8.4000326e-004
4.7850648e+002,8.4001117e-004,8.4001117e-004,8.4001231e-004
4.7851946e+002,8.4000137e-004,8.4000137e-004,8.3994640e-004
4.7853245e+002,8.3991910e-004,8.3991910e-004,8.3986733e-004
4.7854544e+002,8.3986258e-004,8.3986258e-004,8.3992124e-004
4.7855842e+002,8.3996870e-004,8.3996870e-004,8.4022560e-004
4.7857141e+002,8.4030473e-004,8.4030473e-004,8.4052253e-004
4.7858440e+002,8.4053588e-004,8.4053588e-004,8.4030003e-004
4.7859739e+002,8.4018333e-004,8.4018333e-004,8.3910092e-004
4.7861037e+002,8.3887263e-004,8.3887263e-004,8.3721637e-004
4.7862336e+002,8.3700529e-004,8.3700529e-004,8.3544819e-004
4.7863635e+002,8.3533195e-004,8.3533195e-004,8.3454941e-004
4.7864933e+002,8.3452887e-004,8.3452887e-004,8.3452812e-004
4.7866232e+002,8.3453661e-004,8.3453661e-004,8.3488009e-004
4.7867531e+002,8.3488304e-004,8.3488304e-004,8.3511946e-004
4.7868829e+002,8.3511769e-004,8.3511769e-004,8.3512567e-004
4.7870128e+002,8.3512839e-004,8.3512839e-004,8.3503145e-004
4.7871427e+002,8.3503813e-004,8.3503813e-004,8.3496710e-004
4.7872726e+002,8.3496992e-004,8.3496992e-004,8.3496530e-004
4.7874024e+002,8.3496341e-004,8.3496341e-004,8.3499052e-004
4.7875323e+002,8.3498669e-004,8.3498669e-004,8.3500782e-004
4.7876622e+002,8.3500633e-004,8.3500633e-004,8.3500834e-004
4.7877920e+002,8.3500911e-004,8.3500911e-004,8.3500159e-004
4.7879219e+002,8.3500317e-004,8.3500317e-004,8.3499694e-004
4.7880518e+002,8.3499757e-004,8.3499757e-004,8.3499679e-004
4.7881816e+002,8.3499653e-004,8.3499653e-004,8.3499860e-004
4.7883115e+002,8.3499802e-004,8.3499802e-004,8.3499985e-004
4.7884414e+002,8.3499961e-004,8.3499961e-004,8.3499989e-004
4.7885713e+002,8.3499997e-004,8.3499997e-004,8.3499941e-004
4.7887011e+002,8.3499960e-004,8.3499960e-004,8.3499907e-004
4.7888310e+002,8.3499915e-004,8.3499915e-004,8.3499906e-004
4.7889609e+002,8.3499904e-004,8.3499904e-004,8.3499919e-004
4.7890907e+002,8.3499913e-004,8.3499913e-004,8.3499928e-004
4.7892206e+002,8.3499925e-004,8.3499925e-004,8.3499928e-004
4.7893505e+002,8.3499929e-004,8.3499929e-004,8.3499925e-004
4.7894803e+002,8.3499927e-004,8.3499927e-004,8.3499922e-004
4.7896102e+002,8.3499923e-004,8.3499923e-004,8.3499922e-004
4.7897401e+002,8.3499922e-004,8.3499922e-004,8.3499923e-004
4.7898699e+002,8.3499923e-004,8.3499923e-004,8.3499924e-004
4.7899998e+002,8.3499923e-004,8.3499923e-004,8.3499924e-004
4.7901297e+002,8.3499923e-004,8.3499923e-004,8.3499924e-004
4.7902596e+002,8.3499922e-004,8.3499922e-004,8.3499923e-004
4.7903894e+002,8.3499923e-004,8.3499923e-004,8.3499922e-004
4.7905193e+002,8.3499927e-004,8.3499927e-004,8.3499923e-004
4.7906492e+002,8.3499929e-004,8.3499929e-004,8.3499926e-004
4.7907790e+002,8.3499925e-004,8.3499925e-004,8.3499929e-004
4.7909089e+002,8.3499913e-004,8.3499913e-004,8.3499927e-004
4.7910388e+002,8.3499904e-004,8.3499904e-004,8.3499916e-004
4.7911687e+002,8.3499915e-004,8.3499915e-004,8.3499904e-004
4.7912985e+002,8.3499960e-004,8.3499960e-004,8.3499911e-004
4.7914284e+002,8.3499997e-004,8.3499997e-004,8.3499953e-004
4.7915583e+002,8.3499961e-004,8.3499961e-004,8.3499995e-004
4.7916881e+002,8.3499803e-004,8.3499803e-004,8.3499969e-004
4.7918180e+002,8.3499653e-004,8.3499653e-004,8.3499815e-004
4.7919479e+002,8.3499756e-004,8.3499756e-004,8.3499656e-004
4.7920777e+002,8.3500315e-004,8.3500315e-004,8.3499752e-004
4.7922076e+002,8.3500910e-004,8.3500910e-004,8.3500326e-004
4.7923375e+002,8.3500636e-004,8.3500636e-004,8.3500922e-004
4.7924674e+002,8.3498676e-004,8.3498676e-004,8.3500565e-004
4.7925972e+002,8.3496345e-004,8.3496345e-004,8.3498431e-004
4.7927271e+002,8.3496983e-004,8.3496983e-004,8.3496200e-004
4.7928570e+002,8.3503785e-004,8.3503785e-004,8.3497515e-004
4.7929868e+002,8.3512822e-004,8.3512822e-004,8.3505463e-004
4.7931167e+002,8.3511797e-004,8.3511797e-004,8.3513807e-004
4.7932466e+002,8.3488402e-004,8.3488402e-004,8.3508962e-004
4.7933764e+002,8.3453733e-004,8.3453733e-004,8.3479364e-004
4.7935063e+002,8.3452799e-004,8.3452799e-004,8.3448156e-004
4.7936362e+002,8.3532828e-004,8.3532828e-004,8.3466013e-004
4.7937660e+002,8.3700004e-004,8.3700004e-004,8.3579927e-004
4.7938959e+002,8.3886788e-004,8.3886788e-004,8.3766549e-004
4.7940258e+002,8.4018109e-004,8.4018109e-004,8.3946284e-004
4.7941557e+002,8.4053593e-004,8.4053593e-004,8.4042344e-004
4.7942855e+002,8.4030574e-004,8.4030574e-004,8.4048187e-004
4.7944154e+002,8.3996935e-004,8.3996935e-004,8.4013883e-004
4.7945453e+002,8.3986258e-004,8.3986258e-004,8.3988954e-004
4.7946751e+002,8.3991884e-004,8.3991884e-004,8.3987898e-004
4.7948050e+002,8.4000123e-004,8.4000123e-004,8.3996770e-004
4.7949349e+002,8.4001122e-004,8.4001122e-004,8.4001508e-004
4.7950648e+002,8.3998696e-004,8.3998696e-004,8.3999696e-004
4.7951946e+002,8.3999706e-004,8.3999706e-004,8.3998457e-004
4.7953245e+002,8.4007986e-004,8.4007986e-004,8.4004491e-004
4.7954544e+002,8.4013665e-004,8.4013665e-004,8.4012858e-004
4.7955842e+002,8.4002994e-004,8.4002994e-004,8.4009011e-004
4.7957141e+002,8.3969218e-004,8.3969218e-004,8.3980182e-004
4.7958440e+002,8.3945985e-004,8.3945985e-004,8.3948449e-004
4.7959738e+002,8.3981414e-004,8.3981414e-004,8.3964867e-004
4.7961037e+002,8.4113096e-004,8.4113096e-004,8.4077289e-004
4.7962336e+002,8.4300313e-004,8.4300313e-004,8.4263835e-004
4.7963635e+002,8.4467104e-004,8.4467104e-004,8.4444174e-004
4.7964933e+002,8.4545204e-004,8.4545204e-004,8.4540286e-004
4.7966232e+002,8.4542461e-004,8.4542461e-004,8.4545258e-004
4.7967531e+002,8.4509431e-004,8.4509431e-004,8.4512256e-004
4.7968829e+002,8.4493826e-004,8.4493826e-004,8.4493902e-004
4.7970128e+002,8.4500647e-004,8.4500647e-004,8.4500279e-004
4.7971427e+002,8.4505191e-004,8.4505191e-004,8.4505246e-004
4.7972725e+002,8.4484352e-004,8.4484352e-004,8.4483871e-004
4.7974024e+002,8.4453876e-004,8.4453876e-004,8.4453144e-004
4.7975323e+002,8.4462858e-004,8.4462858e-004,8.4466034e-004
4.7976621e+002,8.4559230e-004,8.4559230e-004,8.4572887e-004
4.7977920e+002,8.4733692e-004,8.4733692e-004,8.4756020e-004
4.7979219e+002,8.4916416e-004,8.4916416e-004,8.4938903e-004
4.7980518e+002,8.5035815e-004,8.5035815e-004,8.5046346e-004
4.7981816e+002,8.5065029e-004,8.5065029e-004,8.5062801e-004
4.7983115e+002,8.5035533e-004,8.5035533e-004,8.5024710e-004
4.7984414e+002,8.4982713e-004,8.4982713e-004,8.4970212e-004
4.7985712e+002,8.4941389e-004,8.4941389e-004,8.4936591e-004
4.7987011e+002,8.4945474e-004,8.4945474e-004,8.4960378e-004
4.7988310e+002,8.5028569e-004,8.5028569e-004,8.5075090e-004
4.7989609e+002,8.5192937e-004,8.5192937e-004,8.5258429e-004
4.7990907e+002,8.5378036e-004,8.5378036e-004,8.5438668e-004
4.7992206e+002,8.5515893e-004,8.5515893e-004,8.5545293e-004
4.7993505e+002,8.5564448e-004,8.5564448e-004,8.5562986e-004
4.7994803e+002,8.5546644e-004,8.5546644e-004,8.5525689e-004
4.7996102e+002,8.5495458e-004,8.5495458e-004,8.5469231e-004
4.7997401e+002,8.5445083e-004,8.5445083e-004,8.5432384e-004
4.7998699e+002,8.5433575e-004,8.5433575e-004,8.5456572e-004
4.7999998e+002,8.5499749e-004,8.5499749e-004,8.5579882e-004
4.8001297e+002,8.5661783e-004,8.5661783e-004,8.5773863e-004
4.8002596e+002,8.5854933e-004,8.5854933e-004,8.5949734e-004
4.8003894e+002,8.5993635e-004,8.5993635e-004,8.6021408e-004
4.8005193e+002,8.6016046e-004,8.6016046e-004,8.5998762e-004
4.8006492e+002,8.5981589e-004,8.5981589e-004,8.5979365e-004
4.8007790e+002,8.5988340e-004,8.5988340e-004,8.6059215e-004
4.8009089e+002,8.6114780e-004,8.6114780e-004,8.6238863e-004
4.8010388e+002,8.6311151e-004,8.6311151e-004,8.6430947e-004
4.8011686e+002,8.6476144e-004,8.6476144e-004,8.6548046e-004
4.8012985e+002,8.6523136e-004,8.6523136e-004,8.6567748e-004
4.8014284e+002,8.6490919e-004,8.6490919e-004,8.6527984e-004
4.8015582e+002,8.6481359e-004,8.6481359e-004,8.6468982e-004
4.8016881e+002,8.6586133e-004,8.6586133e-004,8.6431130e-004
4.8018180e+002,8.6778070e-004,8.6778070e-004,8.6454968e-004
4.8019479e+002,8.6955720e-004,8.6955720e-004,8.6577899e-004
4.8020777e+002,8.7023830e-004,8.7023830e-004,8.6772152e-004
4.8022076e+002,8.6997531e-004,8.6997531e-004,8.6948500e-004
4.8023375e+002,8.6977254e-004,8.6977254e-004,8.7019903e-004
4.8024673e+002,8.7060875e-004,8.7060875e-004,8.6995612e-004
4.8025972e+002,8.7245543e-004,8.7245543e-004,8.6976398e-004
4.8027271e+002,8.7432431e-004,8.7432431e-004,8.7061858e-004
4.8028570e+002,8.7521779e-004,8.7521779e-004,8.7249407e-004
4.8029868e+002,8.7504108e-004,8.7504108e-004,8.7438584e-004
4.8031167e+002,8.7475949e-004,8.7475949e-004,8.7529420e-004
4.8032466e+002,8.7538313e-004,8.7538313e-004,8.7517516e-004
4.8033764e+002,8.7712874e-004,8.7712874e-004,8.7490735e-004
4.8035063e+002,8.7906302e-004,8.7906302e-004,8.7537770e-004
4.8036362e+002,8.8016988e-004,8.8016988e-004,8.7683118e-004
4.8037660e+002,8.8011366e-004,8.8011366e-004,8.7888815e-004
4.8038959e+002,8.7978120e-004,8.7978120e-004,8.8114324e-004
4.8040258e+002,8.8018431e-004,8.8018431e-004,8.8319264e-004
4.8041557e+002,8.8177276e-004,8.8177276e-004,8.8463412e-004
4.8042855e+002,8.8373708e-004,8.8373708e-004,8.8509353e-004
4.8044154e+002,8.8509709e-004,8.8509709e-004,8.8482736e-004
4.8045453e+002,8.8529864e-004,8.8529864e-004,8.8471544e-004
4.8046751e+002,8.8498701e-004,8.8498701e-004,8.8562388e-004
4.8048050e+002,8.8501700e-004,8.8501700e-004,8.8749987e-004
4.8049349e+002,8.8601200e-004,8.8601200e-004,8.8937525e-004
4.8050647e+002,8.8777067e-004,8.8777067e-004,8.9028193e-004
4.8051946e+002,8.8990796e-004,8.8990796e-004,8.9016830e-004
4.8053245e+002,8.9204524e-004,8.9204524e-004,8.8990282e-004
4.8054544e+002,8.9383288e-004,8.9383288e-004,8.9036748e-004
4.8055842e+002,8.9492947e-004,8.9492947e-004,8.9181522e-004
4.8057141e+002,8.9511398e-004,8.9511398e-004,8.9386250e-004
4.8058440e+002,8.9486083e-004,8.9486083e-004,8.9609835e-004
4.8059738e+002,8.9489364e-004,8.9489364e-004,8.9813198e-004
4.8061037e+002,8.9583242e-004,8.9583242e-004,8.9959313e-004
4.8062336e+002,8.9752540e-004,8.9752540e-004,9.0013497e-004
4.8063634e+002,8.9947346e-004,8.9947346e-004,8.9995443e-004
4.8064933e+002,9.0122235e-004,9.0122235e-004,8.9980732e-004
4.8066232e+002,9.0276878e-004,9.0276878e-004,9.0044964e-004
4.8067530e+002,9.0436247e-004,9.0436247e-004,9.0201519e-004
4.8068829e+002,9.0622292e-004,9.0622292e-004,9.0399337e-004
4.8070128e+002,9.0814327e-004,9.0814327e-004,9.0585901e-004
4.8071427e+002,9.0962014e-004,9.0962014e-004,9.0746819e-004
4.8072725e+002,9.1018098e-004,9.1018098e-004,9.0907496e-004
4.8074024e+002,9.1000568e-004,9.1000568e-004,9.1093683e-004
4.8075323e+002,9.0983423e-004,9.0983423e-004,9.1292699e-004
4.8076621e+002,9.1040236e-004,9.1040236e-004,9.1451420e-004
4.8077920e+002,9.1187410e-004,9.1187410e-004,9.1517289e-004
4.8079219e+002,9.1380871e-004,9.1380871e-004,9.1501534e-004
4.8080518e+002,9.1574238e-004,9.1574238e-004,9.1483028e-004
4.8081816e+002,9.1744455e-004,9.1744455e-004,9.1541518e-004
4.8083115e+002,9.1898889e-004,9.1898889e-004,9.1694670e-004
4.8084414e+002,9.2046950e-004,9.2046950e-004,9.1893789e-004
4.8085712e+002,9.2198020e-004,9.2198020e-004,9.2088106e-004
4.8087011e+002,9.2361432e-004,9.2361432e-004,9.2257641e-004
4.8088310e+002,9.2546391e-004,9.2546391e-004,9.2415586e-004
4.8089608e+002,9.2744856e-004,9.2744856e-004,9.2576392e-004
4.8090907e+002,9.2914226e-004,9.2914226e-004,9.2744304e-004
4.8092206e+002,9.3007851e-004,9.3007851e-004,9.2912477e-004
4.8093505e+002,9.3010279e-004,9.3010279e-004,9.3073885e-004
4.8094803e+002,9.2984341e-004,9.2984341e-004,9.3231636e-004
4.8096102e+002,9.3004939e-004,9.3004939e-004,9.3399931e-004
4.8097401e+002,9.3121410e-004,9.3121410e-004,9.3592440e-004
4.8098699e+002,9.3302160e-004,9.3302160e-004,9.3792584e-004
4.8099998e+002,9.3499622e-004,9.3499622e-004,9.3950424e-004
4.8101297e+002,9.3676223e-004,9.3676223e-004,9.4016445e-004
4.8102595e+002,9.3834559e-004,9.3834559e-004,9.4001333e-004
4.8103894e+002,9.3987315e-004,9.3987315e-004,9.3982688e-004
4.8105193e+002,9.4145130e-004,9.4145130e-004,9.4039508e-004
4.8106491e+002,9.4308169e-004,9.4308169e-004,9.4191076e-004
4.8107790e+002,9.4473264e-004,9.4473264e-004,9.4389763e-004
4.8109089e+002,9.4637555e-004,9.4637555e-004,9.4585398e-004
4.8110388e+002,9.4800221e-004,9.4800221e-004,9.4756563e-004
4.8111686e+002,9.4961258e-004,9.4961258e-004,9.4914309e-004
4.8112985e+002,9.5120899e-004,9.5120899e-004,9.5071232e-004
4.8114284e+002,9.5281324e-004,9.5281324e-004,9.5234204e-004
4.8115582e+002,9.5445697e-004,9.5445697e-004,9.5403578e-004
4.8116881e+002,9.5616366e-004,9.5616366e-004,9.5579163e-004
4.8118180e+002,9.5786479e-004,9.5786479e-004,9.5755068e-004
4.8119479e+002,9.5943441e-004,9.5943441e-004,9.5918859e-004
4.8120777e+002,9.6076719e-004,9.6076719e-004,9.6058682e-004
4.8122076e+002,9.6208183e-004,9.6208183e-004,9.6191062e-004
4.8123375e+002,9.6384754e-004,9.6384754e-004,9.6365338e-004
4.8124673e+002,9.6651157e-004,9.6651157e-004,9.6630779e-004
4.8125972e+002,9.6992024e-004,9.6992024e-004,9.6978221e-004
4.8127271e+002,9.7334715e-004,9.7334715e-004,9.7330412e-004
4.8128569e+002,9.7606023e-004,9.7606023e-004,9.7608122e-004
4.8129868e+002,9.7786256e-004,9.7786256e-004,9.7790512e-004
4.8131167e+002,9.7918574e-004,9.7918574e-004,9.7925318e-004
4.8132466e+002,9.8049297e-004,9.8049297e-004,9.8063278e-004
4.8133764e+002,9.8203005e-004,9.8203005e-004,9.8226059e-004
4.8135063e+002,9.8372758e-004,9.8372758e-004,9.8400911e-004
4.8136362e+002,9.8549147e-004,9.8549147e-004,9.8573393e-004
4.8137660e+002,9.8722863e-004,9.8722863e-004,9.8738672e-004
4.8138959e+002,9.8884780e-004,9.8884780e-004,9.8903382e-004
4.8140258e+002,9.9025864e-004,9.9025864e-004,9.9074539e-004
4.8141556e+002,9.9152556e-004,9.9152556e-004,9.9249706e-004
4.8142855e+002,9.9305975e-004,9.9305975e-004,9.9415080e-004
4.8144154e+002,9.9531927e-004,9.9531927e-004,9.9557022e-004
4.8145452e+002,9.9848972e-004,9.9848972e-004,9.9690015e-004
4.8146751e+002,1.0019895e-003,1.0019895e-003,9.9862624e-004
4.8148050e+002,1.0051029e-003,1.0051029e-003,1.0012384e-003
4.8149349e+002,1.0073134e-003,1.0073134e-003,1.0046770e-003
4.8150647e+002,1.0088136e-003,1.0088136e-003,1.0082110e-003
4.8151946e+002,1.0099543e-003,1.0099543e-003,1.0110825e-003
4.8153245e+002,1.0110845e-003,1.0110845e-003,1.0130209e-003
4.8154543e+002,1.0125459e-003,1.0125459e-003,1.0143551e-003
4.8155842e+002,1.0146778e-003,1.0146778e-003,1.0154516e-003
4.8157141e+002,1.0177042e-003,1.0177042e-003,1.0166984e-003
4.8158440e+002,1.0211828e-003,1.0211828e-003,1.0185097e-003
4.8159738e+002,1.0244323e-003,1.0244323e-003,1.0212860e-003
4.8161037e+002,1.0268574e-003,1.0268574e-003,1.0248595e-003
4.8162336e+002,1.0285019e-003,1.0285019e-003,1.0283527e-003
4.8163634e+002,1.0296976e-003,1.0296976e-003,1.0308661e-003
4.8164933e+002,1.0307803e-003,1.0307803e-003,1.0323364e-003
4.8166232e+002,1.0321111e-003,1.0321111e-003,1.0337545e-003
4.8167530e+002,1.0340658e-003,1.0340658e-003,1.0361538e-003
4.8168829e+002,1.0369688e-003,1.0369688e-003,1.0396637e-003
4.8170128e+002,1.0404812e-003,1.0404812e-003,1.0432640e-003
4.8171427e+002,1.0438027e-003,1.0438027e-003,1.0458850e-003
4.8172725e+002,1.0461708e-003,1.0461708e-003,1.0473759e-003
4.8174024e+002,1.0476560e-003,1.0476560e-003,1.0487633e-003
4.8175323e+002,1.0490439e-003,1.0490439e-003,1.0511266e-003
4.8176621e+002,1.0511219e-003,1.0511219e-003,1.0546264e-003
4.8177920e+002,1.0541274e-003,1.0541274e-003,1.0582372e-003
4.8179219e+002,1.0577155e-003,1.0577155e-003,1.0608780e-003
4.8180517e+002,1.0615137e-003,1.0615137e-003,1.0623804e-003
4.8181816e+002,1.0651612e-003,1.0651612e-003,1.0637622e-003
4.8183115e+002,1.0683123e-003,1.0683123e-003,1.0660987e-003
4.8184413e+002,1.0706280e-003,1.0706280e-003,1.0695709e-003
4.8185712e+002,1.0721548e-003,1.0721548e-003,1.0731878e-003
4.8187011e+002,1.0735612e-003,1.0735612e-003,1.0758994e-003
4.8188310e+002,1.0755691e-003,1.0755691e-003,1.0774928e-003
4.8189608e+002,1.0785236e-003,1.0785236e-003,1.0788614e-003
4.8190907e+002,1.0820140e-003,1.0820140e-003,1.0809589e-003
4.8192206e+002,1.0855397e-003,1.0855397e-003,1.0841021e-003
4.8193504e+002,1.0887933e-003,1.0887933e-003,1.0877590e-003
4.8194803e+002,1.0919527e-003,1.0919527e-003,1.0913475e-003
4.8196102e+002,1.0952706e-003,1.0952706e-003,1.0946415e-003
4.8197401e+002,1.0988405e-003,1.0988405e-003,1.0978937e-003
4.8198699e+002,1.1022520e-003,1.1022520e-003,1.1013822e-003
4.8199998e+002,1.1049954e-003,1.1049954e-003,1.1050455e-003
4.8201297e+002,1.1067712e-003,1.1067712e-003,1.1083625e-003
4.8202595e+002,1.1081269e-003,1.1081269e-003,1.1107919e-003
4.8203894e+002,1.1098223e-003,1.1098223e-003,1.1123460e-003
4.8205193e+002,1.1124579e-003,1.1124579e-003,1.1137923e-003
4.8206491e+002,1.1158175e-003,1.1158175e-003,1.1159405e-003
4.8207790e+002,1.1194249e-003,1.1194249e-003,1.1190641e-003
4.8209089e+002,1.1228621e-003,1.1228621e-003,1.1226989e-003
4.8210388e+002,1.1260938e-003,1.1260938e-003,1.1263332e-003
4.8211686e+002,1.1292387e-003,1.1292387e-003,1.1297174e-003
4.8212985e+002,1.1324074e-003,1.1324074e-003,1.1329661e-003
4.8214284e+002,1.1356369e-003,1.1356369e-003,1.1362187e-003
4.8215582e+002,1.1389276e-003,1.1389276e-003,1.1395403e-003
4.8216881e+002,1.1422732e-003,1.1422732e-003,1.1428915e-003
4.8218180e+002,1.1455986e-003,1.1455986e-003,1.1462261e-003
4.8219478e+002,1.1487851e-003,1.1487851e-003,1.1495349e-003
4.8220777e+002,1.1517349e-003,1.1517349e-003,1.1528610e-003
4.8222076e+002,1.1546705e-003,1.1546705e-003,1.1562500e-003
4.8223375e+002,1.1580620e-003,1.1580620e-003,1.1596735e-003
4.8224673e+002,1.1623575e-003,1.1623575e-003,1.1629983e-003
4.8225972e+002,1.1673979e-003,1.1673979e-003,1.1660885e-003
4.8227271e+002,1.1724456e-003,1.1724456e-003,1.1690654e-003
4.8228569e+002,1.1767578e-003,1.1767578e-003,1.1724183e-003
4.8229868e+002,1.1801517e-003,1.1801517e-003,1.1766543e-003
4.8231167e+002,1.1831019e-003,1.1831019e-003,1.1817606e-003
4.8232465e+002,1.1861150e-003,1.1861150e-003,1.1869740e-003
4.8233764e+002,1.1893975e-003,1.1893975e-003,1.1914834e-003
4.8235063e+002,1.1927217e-003,1.1927217e-003,1.1950088e-003
4.8236361e+002,1.1958286e-003,1.1958286e-003,1.1980424e-003
4.8237660e+002,1.1987252e-003,1.1987252e-003,1.2011311e-003
4.8238959e+002,1.2018968e-003,1.2018968e-003,1.2045003e-003
4.8240258e+002,1.2058769e-003,1.2058769e-003,1.2079049e-003
4.8241556e+002,1.2108081e-003,1.2108081e-003,1.2110686e-003
4.8242855e+002,1.2159574e-003,1.2159574e-003,1.2140439e-003
4.8244154e+002,1.2204727e-003,1.2204727e-003,1.2173690e-003
4.8245452e+002,1.2238904e-003,1.2238904e-003,1.2216111e-003
4.8246751e+002,1.2268399e-003,1.2268399e-003,1.2267674e-003
4.8248050e+002,1.2301419e-003,1.2301419e-003,1.2319876e-003
4.8249349e+002,1.2343935e-003,1.2343935e-003,1.2363644e-003
4.8250647e+002,1.2393959e-003,1.2393959e-003,1.2396735e-003
4.8251946e+002,1.2447723e-003,1.2447723e-003,1.2427159e-003
4.8253245e+002,1.2501516e-003,1.2501516e-003,1.2463682e-003
4.8254543e+002,1.2551857e-003,1.2551857e-003,1.2510211e-003
4.8255842e+002,1.2595332e-003,1.2595332e-003,1.2563297e-003
4.8257141e+002,1.2629721e-003,1.2629721e-003,1.2618879e-003
4.8258439e+002,1.2659700e-003,1.2659700e-003,1.2673040e-003
4.8259738e+002,1.2692421e-003,1.2692421e-003,1.2722078e-003
4.8261037e+002,1.2734036e-003,1.2734036e-003,1.2762380e-003
4.8262336e+002,1.2783247e-003,1.2783247e-003,1.2794583e-003
4.8263634e+002,1.2835406e-003,1.2835406e-003,1.2825850e-003
4.8264933e+002,1.2886210e-003,1.2886210e-003,1.2863824e-003
4.8266232e+002,1.2934895e-003,1.2934895e-003,1.2911421e-003
4.8267530e+002,1.2982684e-003,1.2982684e-003,1.2964225e-003
4.8268829e+002,1.3030753e-003,1.3030753e-003,1.3017231e-003
4.8270128e+002,1.3079409e-003,1.3079410e-003,1.3067800e-003
4.8271426e+002,1.3128357e-003,1.3128357e-003,1.3116987e-003
4.8272725e+002,1.3177294e-003,1.3177294e-003,1.3166161e-003
4.8274024e+002,1.3226077e-003,1.3226077e-003,1.3216012e-003
4.8275322e+002,1.3274694e-003,1.3274694e-003,1.3266165e-003
4.8276621e+002,1.3323144e-003,1.3323144e-003,1.3316159e-003
4.8277920e+002,1.3371586e-003,1.3371586e-003,1.3365881e-003
4.8279219e+002,1.3420350e-003,1.3420351e-003,1.3415776e-003
4.8280517e+002,1.3469758e-003,1.3469757e-003,1.3466326e-003
4.8281816e+002,1.3519432e-003,1.3519430e-003,1.3517289e-003
4.8283115e+002,1.3568090e-003,1.3568088e-003,1.3567262e-003
4.8284413e+002,1.3614421e-003,1.3614423e-003,1.3614775e-003
4.8285712e+002,1.3659415e-003,1.3659423e-003,1.3660895e-003
4.8287011e+002,1.3707777e-003,1.3707786e-003,1.3710790e-003
4.8288310e+002,1.3764518e-003,1.3764513e-003,1.3769919e-003
4.8289608e+002,1.3830469e-003,1.3830441e-003,1.3838327e-003
4.8290907e+002,1.3898078e-003,1.3898045e-003,1.3907257e-003
4.8292206e+002,1.3958801e-003,1.3958812e-003,1.3967242e-003
4.8293504e+002,1.4008504e-003,1.4008602e-003,1.4015997e-003
4.8294803e+002,1.4054117e-003,1.4054243e-003,1.4063004e-003
4.8296102e+002,1.4104278e-003,1.4104258e-003,1.4118731e-003
4.8297400e+002,1.4164682e-003,1.4164338e-003,1.4186156e-003
4.8298699e+002,1.4231703e-003,1.4231220e-003,1.4255866e-003
4.8299998e+002,1.4299874e-003,1.4299872e-003,1.4317382e-003
4.8301297e+002,1.4365125e-003,1.4366316e-003,1.4367323e-003
4.8302595e+002,1.4429005e-003,1.4430828e-003,1.4414137e-003
4.8303894e+002,1.4494477e-003,1.4494749e-003,1.4467321e-003
4.8305193e+002,1.4563295e-003,1.4559206e-003,1.4531078e-003
4.8306491e+002,1.4631050e-003,1.4624215e-003,1.4600721e-003
4.8307790e+002,1.4691364e-003,1.4689442e-003,1.4670743e-003
4.8309089e+002,1.4739693e-003,1.4754583e-003,1.4738094e-003
4.8310387e+002,1.4783481e-003,1.4819553e-003,1.4803880e-003
4.8311686e+002,1.4834998e-003,1.4884350e-003,1.4869603e-003
4.8312985e+002,1.4904763e-003,1.4949000e-003,1.4936068e-003
4.8314283e+002,1.4988392e-003,1.5013732e-003,1.5002888e-003
4.8315582e+002,1.5073993e-003,1.5078883e-003,1.5069568e-003
4.8316881e+002,1.5150489e-003,1.5144699e-003,1.5135952e-003
4.8318180e+002,1.5216449e-003,1.5210458e-003,1.5202479e-003
4.8319478e+002,1.5276481e-003,1.5274824e-003,1.5269638e-003
4.8320777e+002,1.5335237e-003,1.5336683e-003,1.5337239e-003
4.8322076e+002,1.5396683e-003,1.5398350e-003,1.5403913e-003
4.8323374e+002,1.5464247e-003,1.5464791e-003,1.5468206e-003
4.8324673e+002,1.5541079e-003,1.5540725e-003,1.5531017e-003
4.8325972e+002,1.5624680e-003,1.5624219e-003,1.5597372e-003
4.8327271e+002,1.5707170e-003,1.5706997e-003,1.5672655e-003
4.8328569e+002,1.5780683e-003,1.5780768e-003,1.5757296e-003
4.8329868e+002,1.5844626e-003,1.5844752e-003,1.5842982e-003
4.8331167e+002,1.5906941e-003,1.5906995e-003,1.5920579e-003
4.8332465e+002,1.5975960e-003,1.5975940e-003,1.5987150e-003
4.8333764e+002,1.6054773e-003,1.6054738e-003,1.6050774e-003
4.8335063e+002,1.6138876e-003,1.6138859e-003,1.6120615e-003
4.8336361e+002,1.6223191e-003,1.6223195e-003,1.6200912e-003
4.8337660e+002,1.6304913e-003,1.6304923e-003,1.6287079e-003
4.8338959e+002,1.6385321e-003,1.6385326e-003,1.6373638e-003
4.8340258e+002,1.6466113e-003,1.6466112e-003,1.6457513e-003
4.8341556e+002,1.6548026e-003,1.6548024e-003,1.6539969e-003
4.8342855e+002,1.6629640e-003,1.6629638e-003,1.6622719e-003
4.8344154e+002,1.6709240e-003,1.6709240e-003,1.6706446e-003
4.8345452e+002,1.6786707e-003,1.6786707e-003,1.6789965e-003
4.8346751e+002,1.6866413e-003,1.6866414e-003,1.6871908e-003
4.8348050e+002,1.6953516e-003,1.6953516e-003,1.6952615e-003
4.8349348e+002,1.7050598e-003,1.7050597e-003,1.7035568e-003
4.8350647e+002,1.7151059e-003,1.7151059e-003,1.7124564e-003
4.8351946e+002,1.7246254e-003,1.7246254e-003,1.7221237e-003
4.8353245e+002,1.7330108e-003,1.7330108e-003,1.7323210e-003
4.8354543e+002,1.7408210e-003,1.7408210e-003,1.7427672e-003
4.8355842e+002,1.7489450e-003,1.7489450e-003,1.7531535e-003
4.8357141e+002,1.7580996e-003,1.7580996e-003,1.7631199e-003
4.8358439e+002,1.7680042e-003,1.7680042e-003,1.7723037e-003
4.8359738e+002,1.7780208e-003,1.7780208e-003,1.7806650e-003
4.8361037e+002,1.7876193e-003,1.7876193e-003,1.7887728e-003
4.8362335e+002,1.7970735e-003,1.7970735e-003,1.7972613e-003
4.8363634e+002,1.8070196e-003,1.8070196e-003,1.8065728e-003
4.8364933e+002,1.8180016e-003,1.8180016e-003,1.8167853e-003
4.8366232e+002,1.8296507e-003,1.8296507e-003,1.8279335e-003
4.8367530e+002,1.8410861e-003,1.8410861e-003,1.8397906e-003
4.8368829e+002,1.8514968e-003,1.8514968e-003,1.8516285e-003
4.8370128e+002,1.8610458e-003,1.8610458e-003,1.8626673e-003
4.8371426e+002,1.8705741e-003,1.8705741e-003,1.8726555e-003
4.8372725e+002,1.8808980e-003,1.8808980e-003,1.8823622e-003
4.8374024e+002,1.8921470e-003,1.8921470e-003,1.8926694e-003
4.8375322e+002,1.9038614e-003,1.9038614e-003,1.9040098e-003
4.8376621e+002,1.9155714e-003,1.9155714e-003,1.9159420e-003
4.8377920e+002,1.9270464e-003,1.9270464e-003,1.9279257e-003
4.8379219e+002,1.9383089e-003,1.9383089e-003,1.9396449e-003
4.8380517e+002,1.9493967e-003,1.9493967e-003,1.9512232e-003
4.8381816e+002,1.9604741e-003,1.9604741e-003,1.9628345e-003
4.8383115e+002,1.9718708e-003,1.9718708e-003,1.9745499e-003
4.8384413e+002,1.9839236e-003,1.9839236e-003,1.9862359e-003
4.8385712e+002,1.9967132e-003,1.9967132e-003,1.9977368e-003
4.8387011e+002,2.0099063e-003,2.0099063e-003,2.0090854e-003
4.8388309e+002,2.0231334e-003,2.0231334e-003,2.0206914e-003
4.8389608e+002,2.0361742e-003,2.0361742e-003,2.0330066e-003
4.8390907e+002,2.0491083e-003,2.0491083e-003,2.0461744e-003
4.8392206e+002,2.0620514e-003,2.0620514e-003,2.0597174e-003
4.8393504e+002,2.0750655e-003,2.0750655e-003,2.0730866e-003
4.8394803e+002,2.0880801e-003,2.0880801e-003,2.0860975e-003
4.8396102e+002,2.1010038e-003,2.1010038e-003,2.0993055e-003
4.8397400e+002,2.1138163e-003,2.1138163e-003,2.1133523e-003
4.8398699e+002,2.1267232e-003,2.1267232e-003,2.1284057e-003
4.8399998e+002,2.1399741e-003,2.1399741e-003,2.1436637e-003
4.8401296e+002,2.1537973e-003,2.1537973e-003,2.1582096e-003
4.8402595e+002,2.1683333e-003,2.1683333e-003,2.1716502e-003
4.8403894e+002,2.1837009e-003,2.1837009e-003,2.1846732e-003
4.8405192e+002,2.1999099e-003,2.1999099e-003,2.1980977e-003
4.8406491e+002,2.2164134e-003,2.2164134e-003,2.2124531e-003
4.8407790e+002,2.2324871e-003,2.2324871e-003,2.2276667e-003
4.8409089e+002,2.2475487e-003,2.2475487e-003,2.2435902e-003
4.8410387e+002,2.2619481e-003,2.2619481e-003,2.2600514e-003
4.8411686e+002,2.2764104e-003,2.2764104e-003,2.2768277e-003
4.8412985e+002,2.2915994e-003,2.2915994e-003,2.2936906e-003
4.8414283e+002,2.3076554e-003,2.3076554e-003,2.3104659e-003
4.8415582e+002,2.3244547e-003,2.3244547e-003,2.3270950e-003
4.8416881e+002,2.3418667e-003,2.3418667e-003,2.3435346e-003
4.8418180e+002,2.3597039e-003,2.3597039e-003,2.3598732e-003
4.8419478e+002,2.3777433e-003,2.3777433e-003,2.3764796e-003
4.8420777e+002,2.3957691e-003,2.3957691e-003,2.3937571e-003
4.8422076e+002,2.4136819e-003,2.4136819e-003,2.4118553e-003
4.8423374e+002,2.4314723e-003,2.4314723e-003,2.4303772e-003
4.8424673e+002,2.4491392e-003,2.4491392e-003,2.4488565e-003
4.8425972e+002,2.4668085e-003,2.4668085e-003,2.4670655e-003
4.8427270e+002,2.4847273e-003,2.4847273e-003,2.4852946e-003
4.8428569e+002,2.5031442e-003,2.5031442e-003,2.5039016e-003
4.8429868e+002,2.5222088e-003,2.5222088e-003,2.5231824e-003
4.8431167e+002,2.5419542e-003,2.5419542e-003,2.5432979e-003
4.8432465e+002,2.5624039e-003,2.5624039e-003,2.5643899e-003
4.8433764e+002,2.5834327e-003,2.5834327e-003,2.5862936e-003
4.8435063e+002,2.6047001e-003,2.6047001e-003,2.6081684e-003
4.8436361e+002,2.6258512e-003,2.6258512e-003,2.6290870e-003
4.8437660e+002,2.6467761e-003,2.6467761e-003,2.6487721e-003
4.8438959e+002,2.6678058e-003,2.6678058e-003,2.6683926e-003
4.8440257e+002,2.6893167e-003,2.6893167e-003,2.6893087e-003
4.8441556e+002,2.7115441e-003,2.7115441e-003,2.7121589e-003
4.8442855e+002,2.7344074e-003,2.7344074e-003,2.7359627e-003
4.8444153e+002,2.7577831e-003,2.7577831e-003,2.7595225e-003
4.8445452e+002,2.7816034e-003,2.7816034e-003,2.7823184e-003
4.8446751e+002,2.8059585e-003,2.8059585e-003,2.8053634e-003
4.8448050e+002,2.8309659e-003,2.8309659e-003,2.8298779e-003
4.8449348e+002,2.8566567e-003,2.8566567e-003,2.8563321e-003
4.8450647e+002,2.8827529e-003,2.8827529e-003,2.8834852e-003
4.8451946e+002,2.9089076e-003,2.9089076e-003,2.9098619e-003
4.8453244e+002,2.9348607e-003,2.9348607e-003,2.9347716e-003
4.8454543e+002,2.9607437e-003,2.9607437e-003,2.9593280e-003
4.8455842e+002,2.9867997e-003,2.9867997e-003,2.9848950e-003
4.8457141e+002,3.0132895e-003,3.0132895e-003,3.0122810e-003
4.8458439e+002,3.0405778e-003,3.0405778e-003,3.0410048e-003
4.8459738e+002,3.0690663e-003,3.0690663e-003,3.0704036e-003
4.8461037e+002,3.0990533e-003,3.0990533e-003,3.1000443e-003
4.8462335e+002,3.1300644e-003,3.1300644e-003,3.1300303e-003
4.8463634e+002,3.1612774e-003,3.1612774e-003,3.1605412e-003
4.8464933e+002,3.1919711e-003,3.1919711e-003,3.1916931e-003
4.8466231e+002,3.2224202e-003,3.2224202e-003,3.2234512e-003
4.8467530e+002,3.2534585e-003,3.2534585e-003,3.2557588e-003
4.8468829e+002,3.2858688e-003,3.2858688e-003,3.2885873e-003
4.8470128e+002,3.3196936e-003,3.3196936e-003,3.3219731e-003
4.8471426e+002,3.3544608e-003,3.3544608e-003,3.3559623e-003
4.8472725e+002,3.3897035e-003,3.3897035e-003,3.3905544e-003
4.8474024e+002,3.4252361e-003,3.4252361e-003,3.4256378e-003
4.8475322e+002,3.4611151e-003,3.4611151e-003,3.4610850e-003
4.8476621e+002,3.4974077e-003,3.4974077e-003,3.4969256e-003
4.8477920e+002,3.5342562e-003,3.5342562e-003,3.5335690e-003
4.8479218e+002,3.5718826e-003,3.5718826e-003,3.5714801e-003
4.8480517e+002,3.6105109e-003,3.6105109e-003,3.6108369e-003
4.8481816e+002,3.6502963e-003,3.6502963e-003,3.6511168e-003
4.8483114e+002,3.6913044e-003,3.6913044e-003,3.6916934e-003
4.8484413e+002,3.7335916e-003,3.7335916e-003,3.7323480e-003
4.8485712e+002,3.7770264e-003,3.7770264e-003,3.7738654e-003
4.8487011e+002,3.8211728e-003,3.8211728e-003,3.8171807e-003
4.8488309e+002,3.8655701e-003,3.8655701e-003,3.8627532e-003
4.8489608e+002,3.9101361e-003,3.9101361e-003,3.9098605e-003
4.8490907e+002,3.9555477e-003,3.9555477e-003,3.9576007e-003
4.8492205e+002,4.0025716e-003,4.0025716e-003,4.0054217e-003
4.8493504e+002,4.0516359e-003,4.0516359e-003,4.0536477e-003
4.8494803e+002,4.1023186e-003,4.1023186e-003,4.1027372e-003
4.8496102e+002,4.1540662e-003,4.1540662e-003,4.1530766e-003
4.8497400e+002,4.2065282e-003,4.2065282e-003,4.2048693e-003
4.8498699e+002,4.2599972e-003,4.2599972e-003,4.2582901e-003
4.8499998e+002,4.3148930e-003,4.3148930e-003,4.3134567e-003
4.8501296e+002,4.3715493e-003,4.3715493e-003,4.3703409e-003
4.8502595e+002,4.4299545e-003,4.4299545e-003,4.4288917e-003
4.8503894e+002,4.4900102e-003,4.4900102e-003,4.4890785e-003
4.8505192e+002,4.5516272e-003,4.5516272e-003,4.5509218e-003
4.8506491e+002,4.6147645e-003,4.6147645e-003,4.6144507e-003
4.8507790e+002,4.6793960e-003,4.6793960e-003,4.6796706e-003
4.8509089e+002,4.7455185e-003,4.7455185e-003,4.7465264e-003
4.8510387e+002,4.8132746e-003,4.8132746e-003,4.8149535e-003
4.8511686e+002,4.8828660e-003,4.8828660e-003,4.8849603e-003
4.8512985e+002,4.9544978e-003,4.9544978e-003,4.9567462e-003
4.8514283e+002,5.0284015e-003,5.0284015e-003,5.0305414e-003
4.8515582e+002,5.1048225e-003,5.1048225e-003,5.1065814e-003
4.8516881e+002,5.1839852e-003,5.1839852e-003,5.1851157e-003
4.8518179e+002,5.2658812e-003,5.2658812e-003,5.2663957e-003
4.8519478e+002,5.3503563e-003,5.3503563e-003,5.3505800e-003
4.8520777e+002,5.4372735e-003,5.4372735e-003,5.4375802e-003
4.8522076e+002,5.5267839e-003,5.5267839e-003,5.5272673e-003
4.8523374e+002,5.6192614e-003,5.6192614e-003,5.6196077e-003
4.8524673e+002,5.7150694e-003,5.7150694e-003,5.7148238e-003
4.8525972e+002,5.8142198e-003,5.8142198e-003,5.8131802e-003
4.8527270e+002,5.9163896e-003,5.9163896e-003,5.9149209e-003
4.8528569e+002,6.0212606e-003,6.0212606e-003,6.0202330e-003
4.8529868e+002,6.1290871e-003,6.1290871e-003,6.1292944e-003
4.8531166e+002,6.2407966e-003,6.2407966e-003,6.2422720e-003
4.8532465e+002,6.3573442e-003,6.3573442e-003,6.3593025e-003
4.8533764e+002,6.4791383e-003,6.4791383e-003,6.4805177e-003
4.8535063e+002,6.6057943e-003,6.6057943e-003,6.6061137e-003
4.8536361e+002,6.7368699e-003,6.7368699e-003,6.7364634e-003
4.8537660e+002,6.8723460e-003,6.8723460e-003,6.8719697e-003
4.8538959e+002,7.0129647e-003,7.0129647e-003,7.0130518e-003
4.8540257e+002,7.1595469e-003,7.1595469e-003,7.1601738e-003
4.8541556e+002,7.3127499e-003,7.3127499e-003,7.3138074e-003
4.8542855e+002,7.4728642e-003,7.4728642e-003,7.4742969e-003
4.8544153e+002,7.6401306e-003,7.6401306e-003,7.6416295e-003
4.8545452e+002,7.8147962e-003,7.8147962e-003,7.8157308e-003
4.8546751e+002,7.9971273e-003,7.9971273e-003,7.9967598e-003
4.8548050e+002,8.1873932e-003,8.1873932e-003,8.1855357e-003
4.8549348e+002,8.3859502e-003,8.3859502e-003,8.3829936e-003
4.8550647e+002,8.5934645e-003,8.5934645e-003,8.5900294e-003
4.8551946e+002,8.8106711e-003,8.8106711e-003,8.8074287e-003
4.8553244e+002,9.0383291e-003,9.0383291e-003,9.0359571e-003
4.8554543e+002,9.2773047e-003,9.2773047e-003,9.2763045e-003
4.8555842e+002,9.5284948e-003,9.5284948e-003,9.5289430e-003
4.8557140e+002,9.7927868e-003,9.7927868e-003,9.7943056e-003
4.8558439e+002,1.0071012e-002,1.0071012e-002,1.0072914e-002
4.8559738e+002,1.0363981e-002,1.0363981e-002,1.0365547e-002
4.8561037e+002,1.0672520e-002,1.0672520e-002,1.0673031e-002
4.8562335e+002,1.0997571e-002,1.0997571e-002,1.0996411e-002
4.8563634e+002,1.1340125e-002,1.1340125e-002,1.1337373e-002
4.8564933e+002,1.1701200e-002,1.1701200e-002,1.1697723e-002
4.8566231e+002,1.2082043e-002,1.2082043e-002,1.2079044e-002
4.8567530e+002,1.2484030e-002,1.2484030e-002,1.2482276e-002
4.8568829e+002,1.2908556e-002,1.2908556e-002,1.2908239e-002
4.8570127e+002,1.3357197e-002,1.3357197e-002,1.3357916e-002
4.8571426e+002,1.3831655e-002,1.3831655e-002,1.3832781e-002
4.8572725e+002,1.4333617e-002,1.4333617e-002,1.4334395e-002
4.8574023e+002,1.4864427e-002,1.4864427e-002,1.4864372e-002
4.8575322e+002,1.5425131e-002,1.5425131e-002,1.5424475e-002
4.8576621e+002,1.6016792e-002,1.6016792e-002,1.6016494e-002
4.8577920e+002,1.6641085e-002,1.6641085e-002,1.6642101e-002
4.8579218e+002,1.7300336e-002,1.7300336e-002,1.7302608e-002
4.8580517e+002,1.7996885e-002,1.7996885e-002,1.7999259e-002
4.8581816e+002,1.8732443e-002,1.8732443e-002,1.8733481e-002
4.8583114e+002,1.9507892e-002,1.9507892e-002,1.9507264e-002
4.8584413e+002,2.0324065e-002,2.0324065e-002,2.0322705e-002
4.8585712e+002,2.1182041e-002,2.1182042e-002,2.1181524e-002
4.8587011e+002,2.2083302e-002,2.2083303e-002,2.2084283e-002
4.8588309e+002,2.3029364e-002,2.3029363e-002,2.3031323e-002
4.8589608e+002,2.4021363e-002,2.4021360e-002,2.4023118e-002
4.8590907e+002,2.5059677e-002,2.5059674e-002,2.5060563e-002
4.8592205e+002,2.6144593e-002,2.6144595e-002,2.6144634e-002
4.8593504e+002,2.7276168e-002,2.7276178e-002,2.7275909e-002
4.8594803e+002,2.8453876e-002,2.8453889e-002,2.8453710e-002
4.8596101e+002,2.9677104e-002,2.9677102e-002,2.9677114e-002
4.8597400e+002,3.0944963e-002,3.0944928e-002,3.0945032e-002
4.8598699e+002,3.2255684e-002,3.2255636e-002,3.2255853e-002
4.8599998e+002,3.3607329e-002,3.3607329e-002,3.3607863e-002
4.8601296e+002,3.4997795e-002,3.4997914e-002,3.4999020e-002
4.8602595e+002,3.6424325e-002,3.6424507e-002,3.6426235e-002
4.8603894e+002,3.7883998e-002,3.7884025e-002,3.7886214e-002
4.8605192e+002,3.9373511e-002,3.9373102e-002,3.9375301e-002
4.8606491e+002,4.0887605e-002,4.0886922e-002,4.0888688e-002
4.8607790e+002,4.2420395e-002,4.2420202e-002,4.2421334e-002
4.8609088e+002,4.3966046e-002,4.3967534e-002,4.3967912e-002
4.8610387e+002,4.5519055e-002,4.5522662e-002,4.5522160e-002
4.8611686e+002,4.7074053e-002,4.7078988e-002,4.7077630e-002
4.8612984e+002,4.8625437e-002,4.8629861e-002,4.8627797e-002
4.8614283e+002,5.0165635e-002,5.0168169e-002,5.0165885e-002
4.8615582e+002,5.1686079e-002,5.1686569e-002,5.1685068e-002
4.8616881e+002,5.3178251e-002,5.3177672e-002,5.3177996e-002
4.8618179e+002,5.4634210e-002,5.4633611e-002,5.4635577e-002
4.8619478e+002,5.6046383e-002,5.6046217e-002,5.6048364e-002
4.8620777e+002,5.7407172e-002,5.7407316e-002,5.7407524e-002
4.8622075e+002,5.8708541e-002,5.8708708e-002,5.8706292e-002
4.8623374e+002,5.9942117e-002,5.9942171e-002,5.9938337e-002
4.8624673e+002,6.1099568e-002,6.1099533e-002,6.1096912e-002
4.8625972e+002,6.2173670e-002,6.2173624e-002,6.2173890e-002
4.8627270e+002,6.3158248e-002,6.3158230e-002,6.3160850e-002
4.8628569e+002,6.4047186e-002,6.4047195e-002,6.4050177e-002
4.8629868e+002,6.4834830e-002,6.4834843e-002,6.4836993e-002
4.8631166e+002,6.5516063e-002,6.5516068e-002,6.5517000e-002
4.8632465e+002,6.6085823e-002,6.6085821e-002,6.6086117e-002
4.8633764e+002,6.6540131e-002,6.6540127e-002,6.6540989e-002
4.8635062e+002,6.6876582e-002,6.6876580e-002,6.6878418e-002
4.8636361e+002,6.7092905e-002,6.7092906e-002,6.7095698e-002
4.8637660e+002,6.7187881e-002,6.7187882e-002,6.7191823e-002
4.8638959e+002,6.7162172e-002,6.7162173e-002,6.7166154e-002
4.8640257e+002,6.7016646e-002,6.7016646e-002,6.7018846e-002
4.8641556e+002,6.6752751e-002,6.6752750e-002,6.6752829e-002
4.8642855e+002,6.6373247e-002,6.6373247e-002,6.6371640e-002
4.8644153e+002,6.5881075e-002,6.5881075e-002,6.5878944e-002
4.8645452e+002,6.5279852e-002,6.5279852e-002,6.5278858e-002
4.8646751e+002,6.4575107e-002,6.4575107e-002,6.4575603e-002
4.8648049e+002,6.3772703e-002,6.3772703e-002,6.3773970e-002
4.8649348e+002,6.2878807e-002,6.2878807e-002,6.2880788e-002
4.8650647e+002,6.1900668e-002,6.1900668e-002,6.1903339e-002
4.8651945e+002,6.0845779e-002,6.0845779e-002,6.0848972e-002
4.8653244e+002,5.9721753e-002,5.9721753e-002,5.9725273e-002
4.8654543e+002,5.8536753e-002,5.8536753e-002,5.8539884e-002
4.8655842e+002,5.7299102e-002,5.7299102e-002,5.7300636e-002
4.8657140e+002,5.6017024e-002,5.6017024e-002,5.6016055e-002
4.8658439e+002,5.4698199e-002,5.4698199e-002,5.4694822e-002
4.8659738e+002,5.3350111e-002,5.3350111e-002,5.3345402e-002
4.8661036e+002,5.1980284e-002,5.1980284e-002,5.1975457e-002
4.8662335e+002,5.0596533e-002,5.0596533e-002,5.0592469e-002
4.8663634e+002,4.9206809e-002,4.9206809e-002,4.9203797e-002
4.8664933e+002,4.7818933e-002,4.7818933e-002,4.7816358e-002
4.8666231e+002,4.6439500e-002,4.6439500e-002,4.6436966e-002
4.8667530e+002,4.5074411e-002,4.5074411e-002,4.5072135e-002
4.8668829e+002,4.3729495e-002,4.3729495e-002,4.3727269e-002
4.8670127e+002,4.2409753e-002,4.2409753e-002,4.2407512e-002
4.8671426e+002,4.1119607e-002,4.1119607e-002,4.1117739e-002
4.8672725e+002,3.9863432e-002,3.9863432e-002,3.9861814e-002
4.8674023e+002,3.8644957e-002,3.8644957e-002,3.8643363e-002
4.8675322e+002,3.7467360e-002,3.7467360e-002,3.7465815e-002
4.8676621e+002,3.6333768e-002,3.6333768e-002,3.6331853e-002
4.8677920e+002,3.5246505e-002,3.5246505e-002,3.5243986e-002
4.8679218e+002,3.4207052e-002,3.4207052e-002,3.4204414e-002
4.8680517e+002,3.3216834e-002,3.3216834e-002,3.3214163e-002
4.8681816e+002,3.2276819e-002,3.2276819e-002,3.2273977e-002
4.8683114e+002,3.1387381e-002,3.1387381e-002,3.1384482e-002
4.8684413e+002,3.0548846e-002,3.0548846e-002,3.0545840e-002
4.8685712e+002,2.9761165e-002,2.9761164e-002,2.9758103e-002
4.8687010e+002,2.9023678e-002,2.9023678e-002,2.9021151e-002
4.8688309e+002,2.8335673e-002,2.8335673e-002,2.8334196e-002
4.8689608e+002,2.7696483e-002,2.7696484e-002,2.7696288e-002
4.8690907e+002,2.7105541e-002,2.7105542e-002,2.7106521e-002
4.8692205e+002,2.6562289e-002,2.6562288e-002,2.6564171e-002
4.8693504e+002,2.6066013e-002,2.6066010e-002,2.6068557e-002
4.8694803e+002,2.5615609e-002,2.5615605e-002,2.5618799e-002
4.8696101e+002,2.5209913e-002,2.5209913e-002,2.5213228e-002
4.8697400e+002,2.4847592e-002,2.4847601e-002,2.4849977e-002
4.8698699e+002,2.4526779e-002,2.4526792e-002,2.4527372e-002
4.8699997e+002,2.4245503e-002,2.4245503e-002,2.4244503e-002
4.8701296e+002,2.4002086e-002,2.4002054e-002,2.4000652e-002
4.8702595e+002,2.3796043e-002,2.3795994e-002,2.3795087e-002
4.8703894e+002,2.3627182e-002,2.3627175e-002,2.3627022e-002
4.8705192e+002,2.3495162e-002,2.3495272e-002,2.3495658e-002
4.8706491e+002,2.3398855e-002,2.3399038e-002,2.3400061e-002
4.8707790e+002,2.3336881e-002,2.3336932e-002,2.3338747e-002
4.8709088e+002,2.3307951e-002,2.3307579e-002,2.3310093e-002
4.8710387e+002,2.3311372e-002,2.3310690e-002,2.3312843e-002
4.8711686e+002,2.3346689e-002,2.3346414e-002,2.3347256e-002
4.8712984e+002,2.3413489e-002,2.3414811e-002,2.3413978e-002
4.8714283e+002,2.3511711e-002,2.3515161e-002,2.3513397e-002
4.8715582e+002,2.3641465e-002,2.3646352e-002,2.3644828e-002
4.8716881e+002,2.3802860e-002,2.3807390e-002,2.3807307e-002
4.8718179e+002,2.3995937e-002,2.3998642e-002,2.4000182e-002
4.8719478e+002,2.4220694e-002,2.4221322e-002,2.4224104e-002
4.8720777e+002,2.4477162e-002,2.4476627e-002,2.4480066e-002
4.8722075e+002,2.4765867e-002,2.4765257e-002,2.4768953e-002
4.8723374e+002,2.5087723e-002,2.5087529e-002,2.5091202e-002
4.8724673e+002,2.5443639e-002,2.5443755e-002,2.5447131e-002
4.8725971e+002,2.5834280e-002,2.5834407e-002,2.5837172e-002
4.8727270e+002,2.6260078e-002,2.6260105e-002,2.6262256e-002
4.8728569e+002,2.6721482e-002,2.6721500e-002,2.6723443e-002
4.8729868e+002,2.7219870e-002,2.7219986e-002,2.7221953e-002
4.8731166e+002,2.7757705e-002,2.7757835e-002,2.7759687e-002
4.8732465e+002,2.8337498e-002,2.8337360e-002,2.8338731e-002
4.8733764e+002,2.8961085e-002,2.8960512e-002,2.8961107e-002
4.8735062e+002,2.9629310e-002,2.9628718e-002,2.9628565e-002
4.8736361e+002,3.0342952e-002,3.0343366e-002,3.0342783e-002
4.8737660e+002,3.1103749e-002,3.1106185e-002,3.1105530e-002
4.8738958e+002,3.1915160e-002,3.1919519e-002,3.1918981e-002
4.8740257e+002,3.2780822e-002,3.2785778e-002,3.2785418e-002
4.8741556e+002,3.3703946e-002,3.3707638e-002,3.3707324e-002
4.8742854e+002,3.4686793e-002,3.4688375e-002,3.4688045e-002
4.8744153e+002,3.5731492e-002,3.5731348e-002,3.5731167e-002
4.8745452e+002,3.6840430e-002,3.6839747e-002,3.6840069e-002
4.8746751e+002,3.8016726e-002,3.8016297e-002,3.8017211e-002
4.8748049e+002,3.9263626e-002,3.9263639e-002,3.9264800e-002
4.8749348e+002,4.0584398e-002,4.0584579e-002,4.0585337e-002
4.8750647e+002,4.1982393e-002,4.1982518e-002,4.1982657e-002
4.8751945e+002,4.3460982e-002,4.3460986e-002,4.3460972e-002
4.8753244e+002,4.5023446e-002,4.5023399e-002,4.5024167e-002
4.8754543e+002,4.6672683e-002,4.6672648e-002,4.6674660e-002
4.8755842e+002,4.8411477e-002,4.8411474e-002,4.8414453e-002
4.8757140e+002,5.0242633e-002,5.0242643e-002,5.0245734e-002
4.8758439e+002,5.2169056e-002,5.2169062e-002,5.2171551e-002
4.8759738e+002,5.4193688e-002,5.4193688e-002,5.4195198e-002
4.8761036e+002,5.6319294e-002,5.6319298e-002,5.6319702e-002
4.8762335e+002,5.8547319e-002,5.8547330e-002,5.8546860e-002
4.8763634e+002,6.0878612e-002,6.0878618e-002,6.0878112e-002
4.8764932e+002,6.3314020e-002,6.3313997e-002,6.3314666e-002
4.8766231e+002,6.5854398e-002,6.5854348e-002,6.5856644e-002
4.8767530e+002,6.8500605e-002,6.8500576e-002,6.8503851e-002
4.8768829e+002,7.1253366e-002,7.1253444e-002,7.1256026e-002
4.8770127e+002,7.4111680e-002,7.4111866e-002,7.4112599e-002
4.8771426e+002,7.7073341e-002,7.7073466e-002,7.7072908e-002
4.8772725e+002,8.0136092e-002,8.0135840e-002,8.0135852e-002
4.8774023e+002,8.3297155e-002,8.3296478e-002,8.3298245e-002
4.8775322e+002,8.6553310e-002,8.6552787e-002,8.6556281e-002
4.8776621e+002,8.9901282e-002,8.9902092e-002,8.9905966e-002
4.8777919e+002,9.3336807e-002,9.3339806e-002,9.3342406e-002
4.8779218e+002,9.6854572e-002,9.6859309e-002,9.6860437e-002
4.8780517e+002,1.0044920e-001,1.0045390e-001,1.0045470e-001
4.8781815e+002,1.0411456e-001,1.0411740e-001,1.0411893e-001
4.8783114e+002,1.0784359e-001,1.0784431e-001,1.0784656e-001
4.8784413e+002,1.1162914e-001,1.1162917e-001,1.1163092e-001
4.8785712e+002,1.1546370e-001,1.1546506e-001,1.1546480e-001
4.8787010e+002,1.1933913e-001,1.1934270e-001,1.1934081e-001
4.8788309e+002,1.2324729e-001,1.2325259e-001,1.2325131e-001
4.8789608e+002,1.2718022e-001,1.2718606e-001,1.2718736e-001
4.8790906e+002,1.3113048e-001,1.3113601e-001,1.3113965e-001
4.8792205e+002,1.3509065e-001,1.3509555e-001,1.3509925e-001
4.8793504e+002,1.3905307e-001,1.3905747e-001,1.3905927e-001
4.8794803e+002,1.4300943e-001,1.4301380e-001,1.4301342e-001
4.8796101e+002,1.4695132e-001,1.4695641e-001,1.4695525e-001
4.8797400e+002,1.5087101e-001,1.5087769e-001,1.5087738e-001
4.8798699e+002,1.5476291e-001,1.5477146e-001,1.5477214e-001
4.8799997e+002,1.5862187e-001,1.5863187e-001,1.5863233e-001
4.8801296e+002,1.6244279e-001,1.6245329e-001,1.6245317e-001
4.8802595e+002,1.6622076e-001,1.6623111e-001,1.6623059e-001
4.8803893e+002,1.6995094e-001,1.6996096e-001,1.6996060e-001
4.8805192e+002,1.7362882e-001,1.7363871e-001,1.7363929e-001
4.8806491e+002,1.7725169e-001,1.7726163e-001,1.7726279e-001
4.8807790e+002,1.8081741e-001,1.8082741e-001,1.8082770e-001
4.8809088e+002,1.8432395e-001,1.8433389e-001,1.8433282e-001
4.8810387e+002,1.8777005e-001,1.8777990e-001,1.8777769e-001
4.8811686e+002,1.9115476e-001,1.9116469e-001,1.9116179e-001
4.8812984e+002,1.9447718e-001,1.9448751e-001,1.9448427e-001
4.8814283e+002,1.9773687e-001,1.9774753e-001,1.9774423e-001
4.8815582e+002,2.0093361e-001,2.0094395e-001,2.0094081e-001
4.8816880e+002,2.0406714e-001,2.0407599e-001,2.0407361e-001
4.8818179e+002,2.0713658e-001,2.0714329e-001,2.0714239e-001
4.8819478e+002,2.1014062e-001,2.1014579e-001,2.1014675e-001
4.8820776e+002,2.1307800e-001,2.1308337e-001,2.1308555e-001
4.8822075e+002,2.1594772e-001,2.1595484e-001,2.1595741e-001
4.8823374e+002,2.1874900e-001,2.1875822e-001,2.1876071e-001
4.8824673e+002,2.2148095e-001,2.2149144e-001,2.2149278e-001
4.8825971e+002,2.2414071e-001,2.2415136e-001,2.2415057e-001
4.8827270e+002,2.2672356e-001,2.2673380e-001,2.2673089e-001
4.8828569e+002,2.2922464e-001,2.2923452e-001,2.2922985e-001
4.8829867e+002,2.3163878e-001,2.3164860e-001,2.3164334e-001
4.8831166e+002,2.3396042e-001,2.3397034e-001,2.3396673e-001
4.8832465e+002,2.3618394e-001,2.3619397e-001,2.3619279e-001
4.8833764e+002,2.3830292e-001,2.3831296e-001,2.3831336e-001
4.8835062e+002,2.4030973e-001,2.4031975e-001,2.4032036e-001
4.8836361e+002,2.4219667e-001,2.4220666e-001,2.4220606e-001
4.8837660e+002,2.4395532e-001,2.4396531e-001,2.4396289e-001
4.8838958e+002,2.4557605e-001,2.4558605e-001,2.4558292e-001
4.8840257e+002,2.4704909e-001,2.4705909e-001,2.4705655e-001
4.8841556e+002,2.4836498e-001,2.4837497e-001,2.4837355e-001
4.8842854e+002,2.4951497e-001,2.4952496e-001,2.4952397e-001
4.8844153e+002,2.5049040e-001,2.5050041e-001,2.5049926e-001
4.8845452e+002,2.5128278e-001,2.5129281e-001,2.5129138e-001
4.8846751e+002,2.5188406e-001,2.5189411e-001,2.5189235e-001
4.8848049e+002,2.5228628e-001,2.5229628e-001,2.5229458e-001
4.8849348e+002,2.5248191e-001,2.5249179e-001,2.5249064e-001
4.8850647e+002,2.5246490e-001,2.5247472e-001,2.5247345e-001
4.8851945e+002,2.5222956e-001,2.5223954e-001,2.5223799e-001
4.8853244e+002,2.5177085e-001,2.5178128e-001,2.5177996e-001
4.8854543e+002,2.5108685e-001,2.5109753e-001,2.5109559e-001
4.8855841e+002,2.5017650e-001,2.5018665e-001,2.5018407e-001
4.8857140e+002,2.4903907e-001,2.4904749e-001,2.4904562e-001
4.8858439e+002,2.4767561e-001,2.4768191e-001,2.4768084e-001
4.8859738e+002,2.4608781e-001,2.4609285e-001,2.4609234e-001
4.8861036e+002,2.4427788e-001,2.4428354e-001,2.4428341e-001
4.8862335e+002,2.4225174e-001,2.4225933e-001,2.4225799e-001
4.8863634e+002,2.4001696e-001,2.4002656e-001,2.4002344e-001
4.8864932e+002,2.3758137e-001,2.3759189e-001,2.3758839e-001
4.8866231e+002,2.3495482e-001,2.3496525e-001,2.3496184e-001
4.8867530e+002,2.3214834e-001,2.3215840e-001,2.3215500e-001
4.8868828e+002,2.2917309e-001,2.2918317e-001,2.2917985e-001
4.8870127e+002,2.2604188e-001,2.2605227e-001,2.2604865e-001
4.8871426e+002,2.2276865e-001,2.2277898e-001,2.2277511e-001
4.8872724e+002,2.1936745e-001,2.1937670e-001,2.1937352e-001
4.8874023e+002,2.1585347e-001,2.1586085e-001,2.1585848e-001
4.8875322e+002,2.1224294e-001,2.1224853e-001,2.1224655e-001
4.8876621e+002,2.0855211e-001,2.0855689e-001,2.0855504e-001
4.8877919e+002,2.0479737e-001,2.0480233e-001,2.0480100e-001
4.8879218e+002,2.0099521e-001,2.0100043e-001,2.0100009e-001
4.8880517e+002,1.9716214e-001,1.9716674e-001,1.9716745e-001
4.8881815e+002,1.9331414e-001,1.9331706e-001,1.9331833e-001
4.8883114e+002,1.8946648e-001,1.8946748e-001,1.8946877e-001
4.8884413e+002,1.8563437e-001,1.8563408e-001,1.8563515e-001
4.8885712e+002,1.8183221e-001,1.8183164e-001,1.8183328e-001
4.8887010e+002,1.7807303e-001,1.7807274e-001,1.7807581e-001
4.8888309e+002,1.7436975e-001,1.7436982e-001,1.7437413e-001
4.8889608e+002,1.7073442e-001,1.7073458e-001,1.7073951e-001
4.8890906e+002,1.6717733e-001,1.6717743e-001,1.6718233e-001
4.8892205e+002,1.6370859e-001,1.6370857e-001,1.6371265e-001
4.8893504e+002,1.6033703e-001,1.6033695e-001,1.6033999e-001
4.8894802e+002,1.5706837e-001,1.5706830e-001,1.5707053e-001
4.8896101e+002,1.5390782e-001,1.5390783e-001,1.5390918e-001
4.8897400e+002,1.5085991e-001,1.5086005e-001,1.5086045e-001
4.8898699e+002,1.4792695e-001,1.4792714e-001,1.4792665e-001
4.8899997e+002,1.4511081e-001,1.4511081e-001,1.4510923e-001
4.8901296e+002,1.4241265e-001,1.4241220e-001,1.4240929e-001
4.8902595e+002,1.3983075e-001,1.3983007e-001,1.3982589e-001
4.8903893e+002,1.3736267e-001,1.3736256e-001,1.3735730e-001
4.8905192e+002,1.3500569e-001,1.3500735e-001,1.3500138e-001
4.8906491e+002,1.3275584e-001,1.3275960e-001,1.3275360e-001
4.8907789e+002,1.3060869e-001,1.3061366e-001,1.3060845e-001
4.8909088e+002,1.2855952e-001,1.2856383e-001,1.2856025e-001
4.8910387e+002,1.2660154e-001,1.2660389e-001,1.2660221e-001
4.8911685e+002,1.2472710e-001,1.2472746e-001,1.2472711e-001
4.8912984e+002,1.2292853e-001,1.2292794e-001,1.2292766e-001
4.8914283e+002,1.2119783e-001,1.2119730e-001,1.2119633e-001
4.8915582e+002,1.1952685e-001,1.1952674e-001,1.1952548e-001
4.8916880e+002,1.1790744e-001,1.1790754e-001,1.1790735e-001
4.8918179e+002,1.1633155e-001,1.1633157e-001,1.1633352e-001
4.8919478e+002,1.1479118e-001,1.1479114e-001,1.1479527e-001
4.8920776e+002,1.1327836e-001,1.1327853e-001,1.1328400e-001
4.8922075e+002,1.1178563e-001,1.1178610e-001,1.1179201e-001
4.8923374e+002,1.1030587e-001,1.1030622e-001,1.1031200e-001
4.8924673e+002,1.0883201e-001,1.0883135e-001,1.0883683e-001
4.8925971e+002,1.0735767e-001,1.0735523e-001,1.0736074e-001
4.8927270e+002,1.0587712e-001,1.0587286e-001,1.0587854e-001
4.8928569e+002,1.0438466e-001,1.0437931e-001,1.0438516e-001
4.8929867e+002,1.0287587e-001,1.0287036e-001,1.0287623e-001
4.8931166e+002,1.0134776e-001,1.0134255e-001,1.0134771e-001
4.8932465e+002,9.9797453e-002,9.9792523e-002,9.9795852e-002
4.8933763e+002,9.8222729e-002,9.8217830e-002,9.8218989e-002
4.8935062e+002,9.6622329e-002,9.6617354e-002,9.6616344e-002
4.8936361e+002,9.4995081e-002,9.4990092e-002,9.4987258e-002
4.8937660e+002,9.3340695e-002,9.3335803e-002,9.3331886e-002
4.8938958e+002,9.1660467e-002,9.1655611e-002,9.1650731e-002
4.8940257e+002,8.9955860e-002,8.9950789e-002,8.9944538e-002
4.8941556e+002,8.8228636e-002,8.8223129e-002,8.8215759e-002
4.8942854e+002,8.6481224e-002,8.6475593e-002,8.6467579e-002
4.8944153e+002,8.4716142e-002,8.4711302e-002,8.4703200e-002
4.8945452e+002,8.2936461e-002,8.2933513e-002,8.2925934e-002
4.8946750e+002,8.1146797e-002,8.1145859e-002,8.1139143e-002
4.8948049e+002,7.9352038e-002,7.9352040e-002,7.9346279e-002
4.8949348e+002,7.7556833e-002,7.7555938e-002,7.7551467e-002
4.8950646e+002,7.5764969e-002,7.5762073e-002,7.5759123e-002
4.8951945e+002,7.3980043e-002,7.3975113e-002,7.3973668e-002
4.8953244e+002,7.2205760e-002,7.2199674e-002,7.2199540e-002
4.8954543e+002,7.0446321e-002,7.0440151e-002,7.0441181e-002
4.8955841e+002,6.8706068e-002,6.8700877e-002,6.8702933e-002
4.8957140e+002,6.6989269e-002,6.6985993e-002,6.6988413e-002
4.8958439e+002,6.5299756e-002,6.5298542e-002,6.5300911e-002
4.8959737e+002,6.3641211e-002,6.3641173e-002,6.3643730e-002
4.8961036e+002,6.2017213e-002,6.2016610e-002,6.2020274e-002
4.8962335e+002,6.0430601e-002,6.0428152e-002,6.0433989e-002
4.8963634e+002,5.8883878e-002,5.8879358e-002,5.8888089e-002
4.8964932e+002,5.7379436e-002,5.7373603e-002,5.7384021e-002
4.8966231e+002,5.5918578e-002,5.5912473e-002,5.5922430e-002
4.8967530e+002,5.4501994e-002,5.4496548e-002,5.4504048e-002
4.8968828e+002,5.3130379e-002,5.3126385e-002,5.3130299e-002
4.8970127e+002,5.1804559e-002,5.1802408e-002,5.1802920e-002
4.8971426e+002,5.0525454e-002,5.0524945e-002,5.0523430e-002
4.8972724e+002,4.9293919e-002,4.9294290e-002,4.9291658e-002
4.8974023e+002,4.8109677e-002,4.8110131e-002,4.8106656e-002
4.8975322e+002,4.6971474e-002,4.6971633e-002,4.6967446e-002
4.8976621e+002,4.5878032e-002,4.5877943e-002,4.5872866e-002
4.8977919e+002,4.4828246e-002,4.4828123e-002,4.4821664e-002
4.8979218e+002,4.3821192e-002,4.3821145e-002,4.3812636e-002
4.8980517e+002,4.2855943e-002,4.2855962e-002,4.2844924e-002
4.8981815e+002,4.1931020e-002,4.1931045e-002,4.1917837e-002
4.8983114e+002,4.1044226e-002,4.1044232e-002,4.1030527e-002
4.8984413e+002,4.0193318e-002,4.0193321e-002,4.0180942e-002
4.8985711e+002,3.9376363e-002,3.9376386e-002,3.9366458e-002
4.8987010e+002,3.8591917e-002,3.8591948e-002,3.8584489e-002
4.8988309e+002,3.7838584e-002,3.7838565e-002,3.7832784e-002
4.8989608e+002,3.7114644e-002,3.7114529e-002,3.7109251e-002
4.8990906e+002,3.6417738e-002,3.6417602e-002,3.6411869e-002
4.8992205e+002,3.5745431e-002,3.5745478e-002,3.5739174e-002
4.8993504e+002,3.5095609e-002,3.5096020e-002,3.5089968e-002
4.8994802e+002,3.4466967e-002,3.4467496e-002,3.4462993e-002
4.8996101e+002,3.3858325e-002,3.3858240e-002,3.3856503e-002
4.8997400e+002,3.3268314e-002,3.3266662e-002,3.3268509e-002
4.8998698e+002,3.2694968e-002,3.2691417e-002,3.2697030e-002
4.8999997e+002,3.2136203e-002,3.2131206e-002,3.2140116e-002
4.9001296e+002,3.1590157e-002,3.1584721e-002,3.1595840e-002
4.9002595e+002,3.1055853e-002,3.1050618e-002,3.1062397e-002
4.9003893e+002,3.0532541e-002,3.0527539e-002,3.0539011e-002
4.9005192e+002,3.0019428e-002,3.0014245e-002,3.0025411e-002
4.9006491e+002,2.9515511e-002,2.9510080e-002,2.9521244e-002
4.9007789e+002,2.9019717e-002,2.9014578e-002,2.9025435e-002
4.9009088e+002,2.8531073e-002,2.8527231e-002,2.8536552e-002
4.9010387e+002,2.8049226e-002,2.8047264e-002,2.8053296e-002
4.9011685e+002,2.7574079e-002,2.7573792e-002,2.7575547e-002
4.9012984e+002,2.7105497e-002,2.7105988e-002,2.7103774e-002
4.9014283e+002,2.6643044e-002,2.6643504e-002,2.6638382e-002
4.9015582e+002,2.6186131e-002,2.6186235e-002,2.6179207e-002
4.9016880e+002,2.5734220e-002,2.5734096e-002,2.5725795e-002
4.9018179e+002,2.5287348e-002,2.5287222e-002,2.5277741e-002
4.9019478e+002,2.4845916e-002,2.4845883e-002,2.4835067e-002
4.9020776e+002,2.4410317e-002,2.4410343e-002,2.4398011e-002
4.9022075e+002,2.3980719e-002,2.3980742e-002,2.3966840e-002
4.9023374e+002,2.3557119e-002,2.3557121e-002,2.3542039e-002
4.9024672e+002,2.3139525e-002,2.3139533e-002,2.3124207e-002
4.9025971e+002,2.2728267e-002,2.2728302e-002,2.2713870e-002
4.9027270e+002,2.2323983e-002,2.2324016e-002,2.2310934e-002
4.9028569e+002,2.1927307e-002,2.1927261e-002,2.1914981e-002
4.9029867e+002,2.1538349e-002,2.1538190e-002,2.1525695e-002
4.9031166e+002,2.1156605e-002,2.1156457e-002,2.1143674e-002
4.9032465e+002,2.0781551e-002,2.0781695e-002,2.0769998e-002
4.9033763e+002,2.0413456e-002,2.0414033e-002,2.0405634e-002
4.9035062e+002,2.0053735e-002,2.0054324e-002,2.0050537e-002
4.9036361e+002,1.9703885e-002,1.9703476e-002,1.9704127e-002
4.9037659e+002,1.9364439e-002,1.9362030e-002,1.9365868e-002
4.9038958e+002,1.9034198e-002,1.9029871e-002,1.9035671e-002
4.9040257e+002,1.8711788e-002,1.8706817e-002,1.8713683e-002
4.9041555e+002,1.8396481e-002,1.8392686e-002,1.8400042e-002
4.9042854e+002,1.8089008e-002,1.8087299e-002,1.8094789e-002
4.9044153e+002,1.7790301e-002,1.7790477e-002,1.7797912e-002
4.9045452e+002,1.7501007e-002,1.7502053e-002,1.7509394e-002
4.9046750e+002,1.7220976e-002,1.7221892e-002,1.7229164e-002
4.9048049e+002,1.6949917e-002,1.6949867e-002,1.6957118e-002
4.9049348e+002,1.6687446e-002,1.6685811e-002,1.6693119e-002
4.9050646e+002,1.6432841e-002,1.6429420e-002,1.6436671e-002
4.9051945e+002,1.6185305e-002,1.6180357e-002,1.6187087e-002
4.9053244e+002,1.5944217e-002,1.5938403e-002,1.5943762e-002
4.9054543e+002,1.5709748e-002,1.5703852e-002,1.5706895e-002
4.9055841e+002,1.5482297e-002,1.5477147e-002,1.5477127e-002
4.9057140e+002,1.5262128e-002,1.5258519e-002,1.5255013e-002
4.9058439e+002,1.5048724e-002,1.5046974e-002,1.5040250e-002
4.9059737e+002,1.4841291e-002,1.4841076e-002,1.4832061e-002
4.9061036e+002,1.4639160e-002,1.4639615e-002,1.4629730e-002
4.9062335e+002,1.4442630e-002,1.4443029e-002,1.4433169e-002
4.9063633e+002,1.4252430e-002,1.4252507e-002,1.4242641e-002
4.9064932e+002,1.4069182e-002,1.4069087e-002,1.4058378e-002
4.9066231e+002,1.3892401e-002,1.3892333e-002,1.3880284e-002
4.9067530e+002,1.3720983e-002,1.3720981e-002,1.3708076e-002
4.9068828e+002,1.3553890e-002,1.3553846e-002,1.3541475e-002
4.9070127e+002,1.3391064e-002,1.3390919e-002,1.3380224e-002
4.9071426e+002,1.3233122e-002,1.3233012e-002,1.3224086e-002
4.9072724e+002,1.3080667e-002,1.3080900e-002,1.3072841e-002
4.9074023e+002,1.2933776e-002,1.2934411e-002,1.2926497e-002
4.9075322e+002,1.2792070e-002,1.2792565e-002,1.2785185e-002
4.9076620e+002,1.2655162e-002,1.2654392e-002,1.2649015e-002
4.9077919e+002,1.2522806e-002,1.2519929e-002,1.2517839e-002
4.9079218e+002,1.2394907e-002,1.2390276e-002,1.2391360e-002
4.9080516e+002,1.2271376e-002,1.2266555e-002,1.2269294e-002
4.9081815e+002,1.2152043e-002,1.2148776e-002,1.2151506e-002
4.9083114e+002,1.2036630e-002,1.2035493e-002,1.2037943e-002
4.9084413e+002,1.1924857e-002,1.1925176e-002,1.1928524e-002
4.9085711e+002,1.1816615e-002,1.1817180e-002,1.1822836e-002
4.9087010e+002,1.1712074e-002,1.1712291e-002,1.1720271e-002
4.9088309e+002,1.1611428e-002,1.1611423e-002,1.1620271e-002
4.9089607e+002,1.1514657e-002,1.1514870e-002,1.1522796e-002
4.9090906e+002,1.1421316e-002,1.1421681e-002,1.1428114e-002
4.9092205e+002,1.1330907e-002,1.1330758e-002,1.1336454e-002
4.9093504e+002,1.1242994e-002,1.1241386e-002,1.1247605e-002
4.9094802e+002,1.1157294e-002,1.1153815e-002,1.1161094e-002
4.9096101e+002,1.1073547e-002,1.1068445e-002,1.1076440e-002
4.9097400e+002,1.0991441e-002,1.0985489e-002,1.0993097e-002
4.9098698e+002,1.0910491e-002,1.0904564e-002,1.0910485e-002
4.9099997e+002,1.0830175e-002,1.0825172e-002,1.0828086e-002
4.9101296e+002,1.0750109e-002,1.0746820e-002,1.0746068e-002
4.9102594e+002,1.0670440e-002,1.0669045e-002,1.0665014e-002
4.9103893e+002,1.0591453e-002,1.0591391e-002,1.0585445e-002
4.9105192e+002,1.0513314e-002,1.0513496e-002,1.0507148e-002
4.9106491e+002,1.0435600e-002,1.0435476e-002,1.0429465e-002
4.9107789e+002,1.0357695e-002,1.0357599e-002,1.0351756e-002
4.9109088e+002,1.0279059e-002,1.0280048e-002,1.0273691e-002
4.9110387e+002,1.0199619e-002,1.0202434e-002,1.0195126e-002
4.9111685e+002,1.0119496e-002,1.0124136e-002,1.0115937e-002
4.9112984e+002,1.0038809e-002,1.0044593e-002,1.0036147e-002
4.9114283e+002,9.9576891e-003,9.9637169e-003,9.9558696e-003
4.9115581e+002,9.8762736e-003,9.8816637e-003,9.8752001e-003
4.9116880e+002,9.7946570e-003,9.7985809e-003,9.7939737e-003
4.9118179e+002,9.7124695e-003,9.7145224e-003,9.7118650e-003
4.9119477e+002,9.6290505e-003,9.6294829e-003,9.6285673e-003
4.9120776e+002,9.5437750e-003,9.5434517e-003,9.5440143e-003
4.9122075e+002,9.4566289e-003,9.4563507e-003,9.4582906e-003
4.9123374e+002,9.3680709e-003,9.3680496e-003,9.3714782e-003
4.9124672e+002,9.2785567e-003,9.2784320e-003,9.2835962e-003
4.9125971e+002,9.1882168e-003,9.1877074e-003,9.1946246e-003
4.9127270e+002,9.0968717e-003,9.0963964e-003,9.1045433e-003
4.9128568e+002,9.0043359e-003,9.0050109e-003,9.0133420e-003
4.9129867e+002,8.9106393e-003,8.9134010e-003,8.9210172e-003
4.9131166e+002,8.8160650e-003,8.8206377e-003,8.8275668e-003
4.9132465e+002,8.7209086e-003,8.7257649e-003,8.7330119e-003
4.9133763e+002,8.6253615e-003,8.6287083e-003,8.6373879e-003
4.9135062e+002,8.5294642e-003,8.5306750e-003,8.5407220e-003
4.9136361e+002,8.4332437e-003,8.4329635e-003,8.4429413e-003
4.9137659e+002,8.3365802e-003,8.3360447e-003,8.3439077e-003
4.9138958e+002,8.2390895e-003,8.2388975e-003,8.2435140e-003
4.9140257e+002,8.1403611e-003,8.1403485e-003,8.1420294e-003
4.9141555e+002,8.0402666e-003,8.0399334e-003,8.0399704e-003
4.9142854e+002,7.9393117e-003,7.9387814e-003,7.9378458e-003
4.9144153e+002,7.8380885e-003,7.8382382e-003,7.8360228e-003
4.9145452e+002,7.7370742e-003,7.7390763e-003,7.7347753e-003
4.9146750e+002,7.6364225e-003,7.6404507e-003,7.6343389e-003
4.9148049e+002,7.5362300e-003,7.5412332e-003,7.5345106e-003
4.9149348e+002,7.4365845e-003,7.4407126e-003,7.4347947e-003
4.9150646e+002,7.3375405e-003,7.3396696e-003,7.3347423e-003
4.9151945e+002,7.2391454e-003,7.2392177e-003,7.2345415e-003
4.9153244e+002,7.1413975e-003,7.1402716e-003,7.1348080e-003
4.9154542e+002,7.0440739e-003,7.0428420e-003,7.0361473e-003
4.9155841e+002,6.9468889e-003,6.9466836e-003,6.9389376e-003
4.9157140e+002,6.8497123e-003,6.8515635e-003,6.8434031e-003
4.9158439e+002,6.7533157e-003,6.7573238e-003,6.7497373e-003
4.9159737e+002,6.6587947e-003,6.6638330e-003,6.6577828e-003
4.9161036e+002,6.5670667e-003,6.5710361e-003,6.5671426e-003
4.9162335e+002,6.4777172e-003,6.4794463e-003,6.4774455e-003
4.9163633e+002,6.3897312e-003,6.3898332e-003,6.3887008e-003
4.9164932e+002,6.3022103e-003,6.3028648e-003,6.3011799e-003
4.9166231e+002,6.2154167e-003,6.2182105e-003,6.2151651e-003
4.9167529e+002,6.1302654e-003,6.1349783e-003,6.1310092e-003
4.9168828e+002,6.0476121e-003,6.0523416e-003,6.0491137e-003
4.9170127e+002,5.9674516e-003,5.9704068e-003,5.9698308e-003
4.9171426e+002,5.8891783e-003,5.8899299e-003,5.8928516e-003
4.9172724e+002,5.8122077e-003,5.8116544e-003,5.8174057e-003
4.9174023e+002,5.7365408e-003,5.7358635e-003,5.7427676e-003
4.9175322e+002,5.6626825e-003,5.6624450e-003,5.6689252e-003
4.9176620e+002,5.5911370e-003,5.5912708e-003,5.5963694e-003
4.9177919e+002,5.5219603e-003,5.5221468e-003,5.5255753e-003
4.9179218e+002,5.4547339e-003,5.4548083e-003,5.4566750e-003
4.9180516e+002,5.3890232e-003,5.3889920e-003,5.3895565e-003
4.9181815e+002,5.3246659e-003,5.3246157e-003,5.3241063e-003
4.9183114e+002,5.2618557e-003,5.2618336e-003,5.2602573e-003
4.9184413e+002,5.2008066e-003,5.2008129e-003,5.1979761e-003
4.9185711e+002,5.1415001e-003,5.1415109e-003,5.1372413e-003
4.9187010e+002,5.0835415e-003,5.0835451e-003,5.0781867e-003
4.9188309e+002,5.0265039e-003,5.0265043e-003,5.0210581e-003
4.9189607e+002,4.9702369e-003,4.9702441e-003,4.9660553e-003
4.9190906e+002,4.9151452e-003,4.9151560e-003,4.9127130e-003
4.9192205e+002,4.8616995e-003,4.8616953e-003,4.8600816e-003
4.9193503e+002,4.8101401e-003,4.8101024e-003,4.8072934e-003
4.9194802e+002,4.7601270e-003,4.7600779e-003,4.7547632e-003
4.9196101e+002,4.7112307e-003,4.7112386e-003,4.7038467e-003
4.9197400e+002,4.6631571e-003,4.6632917e-003,4.6558196e-003
4.9198698e+002,4.6160414e-003,4.6162305e-003,4.6105340e-003
4.9199997e+002,4.5701039e-003,4.5701048e-003,4.5667896e-003
4.9201296e+002,4.5254537e-003,4.5249866e-003,4.5234162e-003
4.9202594e+002,4.4817521e-003,4.4810370e-003,4.4800204e-003
4.9203893e+002,4.4385474e-003,4.4384396e-003,4.4367869e-003
4.9205192e+002,4.3955181e-003,4.3972532e-003,4.3939230e-003
4.9206490e+002,4.3530103e-003,4.3568981e-003,4.3517623e-003
4.9207789e+002,4.3115834e-003,4.3165906e-003,4.3107327e-003
4.9209088e+002,4.2716677e-003,4.2757114e-003,4.2712184e-003
4.9210386e+002,4.2328460e-003,4.2347225e-003,4.2329297e-003
4.9211685e+002,4.1943600e-003,4.1945211e-003,4.1950667e-003
4.9212984e+002,4.1555359e-003,4.1558859e-003,4.1568690e-003
4.9214283e+002,4.1164286e-003,4.1185772e-003,4.1183417e-003
4.9215581e+002,4.0774600e-003,4.0818422e-003,4.0800734e-003
4.9216880e+002,4.0390375e-003,4.0449672e-003,4.0426278e-003
4.9218179e+002,4.0013724e-003,4.0077206e-003,4.0059776e-003
4.9219477e+002,3.9645538e-003,3.9701733e-003,3.9696412e-003
4.9220776e+002,3.9286380e-003,3.9324142e-003,3.9331520e-003
4.9222075e+002,3.8932196e-003,3.8947363e-003,3.8964497e-003
4.9223374e+002,3.8575349e-003,3.8575907e-003,3.8597879e-003
4.9224672e+002,3.8208508e-003,3.8214020e-003,3.8234002e-003
4.9225971e+002,3.7832793e-003,3.7859456e-003,3.7870824e-003
4.9227270e+002,3.7457390e-003,3.7503767e-003,3.7502886e-003
4.9228568e+002,3.7091539e-003,3.7138512e-003,3.7125121e-003
4.9229867e+002,3.6736009e-003,3.6763334e-003,3.6739969e-003
4.9231166e+002,3.6381597e-003,3.6387383e-003,3.6355770e-003
4.9232464e+002,3.6018673e-003,3.6020211e-003,3.5980523e-003
4.9233763e+002,3.5644882e-003,3.5663926e-003,3.5614348e-003
4.9235062e+002,3.5268446e-003,3.5309820e-003,3.5251118e-003
4.9236361e+002,3.4898363e-003,3.4948398e-003,3.4884932e-003
4.9237659e+002,3.4538649e-003,3.4576016e-003,3.4516213e-003
4.9238958e+002,3.4184344e-003,3.4199571e-003,3.4150439e-003
4.9240257e+002,3.3829561e-003,3.3827048e-003,3.3792875e-003
4.9241555e+002,3.3471275e-003,3.3463649e-003,3.3443121e-003
4.9242854e+002,3.3112889e-003,3.3108326e-003,3.3096203e-003
4.9244153e+002,3.2758677e-003,3.2759176e-003,3.2747307e-003
4.9245451e+002,3.2411707e-003,3.2414648e-003,3.2396259e-003
4.9246750e+002,3.2071633e-003,3.2074178e-003,3.2046660e-003
4.9248049e+002,3.1737512e-003,3.1737377e-003,3.1702142e-003
4.9249347e+002,3.1408483e-003,3.1404572e-003,3.1365097e-003
4.9250646e+002,3.1083976e-003,3.1078652e-003,3.1036901e-003
4.9251945e+002,3.0763488e-003,3.0763080e-003,3.0718920e-003
4.9253244e+002,3.0447022e-003,3.0460342e-003,3.0412855e-003
4.9254542e+002,3.0136883e-003,3.0168506e-003,3.0120683e-003
4.9255841e+002,2.9836025e-003,2.9884383e-003,2.9844038e-003
4.9257140e+002,2.9546955e-003,2.9605033e-003,2.9578676e-003
4.9258438e+002,2.9269558e-003,2.9328963e-003,2.9315462e-003
4.9259737e+002,2.9002780e-003,2.9055199e-003,2.9045790e-003
4.9261036e+002,2.8745762e-003,2.8783449e-003,2.8772644e-003
4.9262335e+002,2.8499106e-003,2.8518494e-003,2.8508718e-003
4.9263633e+002,2.8264076e-003,2.8267404e-003,2.8266335e-003
4.9264932e+002,2.8041611e-003,2.8036404e-003,2.8046174e-003
4.9266231e+002,2.7829499e-003,2.7823407e-003,2.7839079e-003
4.9267529e+002,2.7623753e-003,2.7621650e-003,2.7635944e-003
4.9268828e+002,2.7420732e-003,2.7424596e-003,2.7433953e-003
4.9270127e+002,2.7221552e-003,2.7229321e-003,2.7235644e-003
4.9271425e+002,2.7030638e-003,2.7035419e-003,2.7043608e-003
4.9272724e+002,2.6852249e-003,2.6842785e-003,2.6858336e-003
4.9274023e+002,2.6686427e-003,2.6655727e-003,2.6678510e-003
4.9275322e+002,2.6529585e-003,2.6482356e-003,2.6502874e-003
4.9276620e+002,2.6378086e-003,2.6330538e-003,2.6332310e-003
4.9277919e+002,2.6230044e-003,2.6198709e-003,2.6169544e-003
4.9279218e+002,2.6085425e-003,2.6075302e-003,2.6017321e-003
4.9280516e+002,2.5944323e-003,2.5948491e-003,2.5877628e-003
4.9281815e+002,2.5808241e-003,2.5815208e-003,2.5751788e-003
4.9283114e+002,2.5680536e-003,2.5683835e-003,2.5640846e-003
4.9284412e+002,2.5564645e-003,2.5563458e-003,2.5541110e-003
4.9285711e+002,2.5461426e-003,2.5458414e-003,2.5444729e-003
4.9287010e+002,2.5367557e-003,2.5365364e-003,2.5344160e-003
4.9288308e+002,2.5279345e-003,2.5280270e-003,2.5240240e-003
4.9289607e+002,2.5194562e-003,2.5199333e-003,2.5141225e-003
4.9290906e+002,2.5113920e-003,2.5119225e-003,2.5055297e-003
4.9292205e+002,2.5038480e-003,2.5036684e-003,2.4984354e-003
4.9293503e+002,2.4968892e-003,2.4951035e-003,2.4924686e-003
4.9294802e+002,2.4904765e-003,2.4868121e-003,2.4872384e-003
4.9296101e+002,2.4845549e-003,2.4794790e-003,2.4823512e-003
4.9297399e+002,2.4791045e-003,2.4735716e-003,2.4774106e-003
4.9298698e+002,2.4742172e-003,2.4688672e-003,2.4720530e-003
4.9299997e+002,2.4700072e-003,2.4650065e-003,2.4665500e-003
4.9301296e+002,2.4665032e-003,2.4616441e-003,2.4617493e-003
4.9302594e+002,2.4633905e-003,2.4584916e-003,2.4584754e-003
4.9303893e+002,2.4602681e-003,2.4552744e-003,2.4566866e-003
4.9305192e+002,2.4568460e-003,2.4518091e-003,2.4555500e-003
4.9306490e+002,2.4534056e-003,2.4483768e-003,2.4542339e-003
4.9307789e+002,2.4504107e-003,2.4454073e-003,2.4525187e-003
4.9309088e+002,2.4482378e-003,2.4432473e-003,2.4507478e-003
4.9310386e+002,2.4466909e-003,2.4416989e-003,2.4492622e-003
4.9311685e+002,2.4453428e-003,2.4403442e-003,2.4479255e-003
4.9312984e+002,2.4438129e-003,2.4388108e-003,2.4461586e-003
4.9314283e+002,2.4421186e-003,2.4371171e-003,2.4434018e-003
4.9315581e+002,2.4404787e-003,2.4354786e-003,2.4398420e-003
4.9316880e+002,2.4390782e-003,2.4340777e-003,2.4363640e-003
4.9318179e+002,2.4377127e-003,2.4327106e-003,2.4338380e-003
4.9319477e+002,2.4359331e-003,2.4309316e-003,2.4322728e-003
4.9320776e+002,2.4333231e-003,2.4283269e-003,2.4308644e-003
4.9322075e+002,2.4300122e-003,2.4250220e-003,2.4288019e-003
4.9323373e+002,2.4265530e-003,2.4215602e-003,2.4257902e-003
4.9324672e+002,2.4234783e-003,2.4184657e-003,2.4220248e-003
4.9325971e+002,2.4206647e-003,2.4156284e-003,2.4177151e-003
4.9327270e+002,2.4173617e-003,2.4123318e-003,2.4129536e-003
4.9328568e+002,2.4128116e-003,2.4078508e-003,2.4077209e-003
4.9329867e+002,2.4068099e-003,2.4019410e-003,2.4019911e-003
4.9331166e+002,2.3998038e-003,2.3949247e-003,2.3956915e-003
4.9332464e+002,2.3922733e-003,2.3871565e-003,2.3887046e-003
4.9333763e+002,2.3844583e-003,2.3789889e-003,2.3809246e-003
4.9335062e+002,2.3762500e-003,2.3707704e-003,2.3725475e-003
4.9336360e+002,2.3675127e-003,2.3628459e-003,2.3640628e-003
4.9337659e+002,2.3581765e-003,2.3552032e-003,2.3559443e-003
4.9338958e+002,2.3482895e-003,2.3471877e-003,2.3480458e-003
4.9340257e+002,2.3379121e-003,2.3380789e-003,2.3396138e-003
4.9341555e+002,2.3270578e-003,2.3274959e-003,2.3298941e-003
4.9342854e+002,2.3156351e-003,2.3158206e-003,2.3187010e-003
4.9344153e+002,2.3035382e-003,2.3035390e-003,2.3064104e-003
4.9345451e+002,2.2907700e-003,2.2909791e-003,2.2934195e-003
4.9346750e+002,2.2776396e-003,2.2780236e-003,2.2800721e-003
4.9348049e+002,2.2645099e-003,2.2644770e-003,2.2666590e-003
4.9349347e+002,2.2516169e-003,2.2502351e-003,2.2534530e-003
4.9350646e+002,2.2387430e-003,2.2355209e-003,2.2403769e-003
4.9351945e+002,2.2255693e-003,2.2206303e-003,2.2270009e-003
4.9353244e+002,2.2118070e-003,2.2058215e-003,2.2128971e-003
4.9354542e+002,2.1973032e-003,2.1911818e-003,2.1980320e-003
4.9355841e+002,2.1819440e-003,2.1767498e-003,2.1827714e-003
4.9357140e+002,2.1657155e-003,2.1625093e-003,2.1674919e-003
4.9358438e+002,2.1491838e-003,2.1481244e-003,2.1523962e-003
4.9359737e+002,2.1331237e-003,2.1331444e-003,2.1375105e-003
4.9361036e+002,2.1181657e-003,2.1172190e-003,2.1228437e-003
4.9362334e+002,2.1038654e-003,2.1007464e-003,2.1081804e-003
4.9363633e+002,2.0892928e-003,2.0844626e-003,2.0930751e-003
4.9364932e+002,2.0736287e-003,2.0690323e-003,2.0770939e-003
4.9366231e+002,2.0571497e-003,2.0544122e-003,2.0603461e-003
4.9367529e+002,2.0407492e-003,2.0401605e-003,2.0435044e-003
4.9368828e+002,2.0252618e-003,2.0258509e-003,2.0272519e-003
4.9370127e+002,2.0106752e-003,2.0113186e-003,2.0118867e-003
4.9371425e+002,1.9963862e-003,1.9965804e-003,1.9973051e-003
4.9372724e+002,1.9818128e-003,1.9816670e-003,1.9833826e-003
4.9374023e+002,1.9669637e-003,1.9667852e-003,1.9699554e-003
4.9375321e+002,1.9523562e-003,1.9522936e-003,1.9568175e-003
4.9376620e+002,1.9385057e-003,1.9385410e-003,1.9437620e-003
4.9377919e+002,1.9254497e-003,1.9254989e-003,1.9306074e-003
4.9379217e+002,1.9127188e-003,1.9127384e-003,1.9171986e-003
4.9380516e+002,1.8998288e-003,1.8998205e-003,1.9033995e-003
4.9381815e+002,1.8866705e-003,1.8866570e-003,1.8895257e-003
4.9383114e+002,1.8736249e-003,1.8736189e-003,1.8763759e-003
4.9384412e+002,1.8611033e-003,1.8611051e-003,1.8647420e-003
4.9385711e+002,1.8493188e-003,1.8493225e-003,1.8546124e-003
4.9387010e+002,1.8381646e-003,1.8381664e-003,1.8451099e-003
4.9388308e+002,1.8275049e-003,1.8275045e-003,1.8353413e-003
4.9389607e+002,1.8172862e-003,1.8172852e-003,1.8251307e-003
4.9390906e+002,1.8076191e-003,1.8076185e-003,1.8150814e-003
4.9392205e+002,1.7986338e-003,1.7986338e-003,1.8058157e-003
4.9393503e+002,1.7903283e-003,1.7903286e-003,1.7974147e-003
4.9394802e+002,1.7823684e-003,1.7823686e-003,1.7893673e-003
4.9396101e+002,1.7743685e-003,1.7743685e-003,1.7811478e-003
4.9397399e+002,1.7661034e-003,1.7661033e-003,1.7726663e-003
4.9398698e+002,1.7578578e-003,1.7578578e-003,1.7643134e-003
4.9399997e+002,1.7500175e-003,1.7500175e-003,1.7564977e-003
4.9401295e+002,1.7428827e-003,1.7428827e-003,1.7494336e-003
4.9402594e+002,1.7364099e-003,1.7364100e-003,1.7431199e-003
4.9403893e+002,1.7304691e-003,1.7304691e-003,1.7375383e-003
4.9405192e+002,1.7249642e-003,1.7249640e-003,1.7325116e-003
4.9406490e+002,1.7199740e-003,1.7199738e-003,1.7276839e-003
4.9407789e+002,1.7156334e-003,1.7156334e-003,1.7227014e-003
4.9409088e+002,1.7120239e-003,1.7120243e-003,1.7175387e-003
4.9410386e+002,1.7088777e-003,1.7088784e-003,1.7125417e-003
4.9411685e+002,1.7057861e-003,1.7057864e-003,1.7080705e-003
4.9412984e+002,1.7024042e-003,1.7024029e-003,1.7043265e-003
4.9414282e+002,1.6989302e-003,1.6989276e-003,1.7013298e-003
4.9415581e+002,1.6958367e-003,1.6958354e-003,1.6990849e-003
4.9416880e+002,1.6935499e-003,1.6935541e-003,1.6974095e-003
4.9418178e+002,1.6919526e-003,1.6919620e-003,1.6959078e-003
4.9419477e+002,1.6905872e-003,1.6905931e-003,1.6941854e-003
4.9420776e+002,1.6890199e-003,1.6890063e-003,1.6922565e-003
4.9422075e+002,1.6872533e-003,1.6872189e-003,1.6906074e-003
4.9423373e+002,1.6856283e-003,1.6856034e-003,1.6897358e-003
4.9424672e+002,1.6844890e-003,1.6845323e-003,1.6896764e-003
4.9425971e+002,1.6840518e-003,1.6841765e-003,1.6899246e-003
4.9427269e+002,1.6844117e-003,1.6845144e-003,1.6899600e-003
4.9428568e+002,1.6856479e-003,1.6855136e-003,1.6897265e-003
4.9429867e+002,1.6874875e-003,1.6870379e-003,1.6897128e-003
4.9431166e+002,1.6892440e-003,1.6888295e-003,1.6904257e-003
4.9432464e+002,1.6902175e-003,1.6906257e-003,1.6919530e-003
4.9433763e+002,1.6902528e-003,1.6922905e-003,1.6938866e-003
4.9435062e+002,1.6899855e-003,1.6938721e-003,1.6957971e-003
4.9436360e+002,1.6901113e-003,1.6954328e-003,1.6974979e-003
4.9437659e+002,1.6910835e-003,1.6970191e-003,1.6990914e-003
4.9438958e+002,1.6929194e-003,1.6986488e-003,1.7006950e-003
4.9440256e+002,1.6955899e-003,1.7003369e-003,1.7023564e-003
4.9441555e+002,1.6989096e-003,1.7020595e-003,1.7040394e-003
4.9442854e+002,1.7023420e-003,1.7037061e-003,1.7057038e-003
4.9444153e+002,1.7053029e-003,1.7051544e-003,1.7073469e-003
4.9445451e+002,1.7074157e-003,1.7064205e-003,1.7090114e-003
4.9446750e+002,1.7088903e-003,1.7079103e-003,1.7107401e-003
4.9448049e+002,1.7100392e-003,1.7100985e-003,1.7124964e-003
4.9449347e+002,1.7111841e-003,1.7132318e-003,1.7141461e-003
4.9450646e+002,1.7126785e-003,1.7167433e-003,1.7155575e-003
4.9451945e+002,1.7148833e-003,1.7198842e-003,1.7168787e-003
4.9453243e+002,1.7180001e-003,1.7220837e-003,1.7186034e-003
4.9454542e+002,1.7215052e-003,1.7235792e-003,1.7212302e-003
4.9455841e+002,1.7246695e-003,1.7248377e-003,1.7246927e-003
4.9457140e+002,1.7269022e-003,1.7262633e-003,1.7282236e-003
4.9458438e+002,1.7284170e-003,1.7278947e-003,1.7310275e-003
4.9459737e+002,1.7297164e-003,1.7296395e-003,1.7328710e-003
4.9461036e+002,1.7312393e-003,1.7314044e-003,1.7342240e-003
4.9462334e+002,1.7329467e-003,1.7330945e-003,1.7355929e-003
4.9463633e+002,1.7345838e-003,1.7346134e-003,1.7372092e-003
4.9464932e+002,1.7359426e-003,1.7359004e-003,1.7389577e-003
4.9466230e+002,1.7372792e-003,1.7372377e-003,1.7407029e-003
4.9467529e+002,1.7391108e-003,1.7391003e-003,1.7423822e-003
4.9468828e+002,1.7419007e-003,1.7419113e-003,1.7440247e-003
4.9470127e+002,1.7453751e-003,1.7453867e-003,1.7456654e-003
4.9471425e+002,1.7487466e-003,1.7487501e-003,1.7473227e-003
4.9472724e+002,1.7512577e-003,1.7512551e-003,1.7489942e-003
4.9474023e+002,1.7528799e-003,1.7528767e-003,1.7506761e-003
4.9475321e+002,1.7542113e-003,1.7542102e-003,1.7523575e-003
4.9476620e+002,1.7558476e-003,1.7558482e-003,1.7540188e-003
4.9477919e+002,1.7577947e-003,1.7577956e-003,1.7556407e-003
4.9479217e+002,1.7594328e-003,1.7594331e-003,1.7572477e-003
4.9480516e+002,1.7601286e-003,1.7601285e-003,1.7589209e-003
4.9481815e+002,1.7599117e-003,1.7599114e-003,1.7607407e-003
4.9483114e+002,1.7596777e-003,1.7596776e-003,1.7626215e-003
4.9484412e+002,1.7603702e-003,1.7603702e-003,1.7642588e-003
4.9485711e+002,1.7621882e-003,1.7621883e-003,1.7653379e-003
4.9487010e+002,1.7641275e-003,1.7641275e-003,1.7657088e-003
4.9488308e+002,1.7650774e-003,1.7650774e-003,1.7654402e-003
4.9489607e+002,1.7643985e-003,1.7643984e-003,1.7646147e-003
4.9490906e+002,1.7623988e-003,1.7623986e-003,1.7632744e-003
4.9492204e+002,1.7594996e-003,1.7594997e-003,1.7614081e-003
4.9493503e+002,1.7561310e-003,1.7561315e-003,1.7590005e-003
4.9494802e+002,1.7527448e-003,1.7527455e-003,1.7560331e-003
4.9496101e+002,1.7497961e-003,1.7497960e-003,1.7524833e-003
4.9497399e+002,1.7473923e-003,1.7473905e-003,1.7483293e-003
4.9498698e+002,1.7445365e-003,1.7445340e-003,1.7436020e-003
4.9499997e+002,1.7400135e-003,1.7400135e-003,1.7384034e-003
4.9501295e+002,1.7330280e-003,1.7330343e-003,1.7328361e-003
4.9502594e+002,1.7244793e-003,1.7244889e-003,1.7267960e-003
4.9503893e+002,1.7156937e-003,1.7156952e-003,1.7198977e-003
4.9505191e+002,1.7076969e-003,1.7076754e-003,1.7117430e-003
4.9506490e+002,1.6999728e-003,1.6999369e-003,1.7022591e-003
4.9507789e+002,1.6915126e-003,1.6915025e-003,1.6918212e-003
4.9509087e+002,1.6814702e-003,1.6815430e-003,1.6808325e-003
4.9510386e+002,1.6700697e-003,1.6702032e-003,1.6694869e-003
4.9511685e+002,1.6579668e-003,1.6580206e-003,1.6576879e-003
4.9512984e+002,1.6457280e-003,1.6454841e-003,1.6453197e-003
4.9514282e+002,1.6331520e-003,1.6326586e-003,1.6323376e-003
4.9515581e+002,1.6196500e-003,1.6193957e-003,1.6187968e-003
4.9516880e+002,1.6046963e-003,1.6055560e-003,1.6047583e-003
4.9518178e+002,1.5885040e-003,1.5911236e-003,1.5902061e-003
4.9519477e+002,1.5717490e-003,1.5761596e-003,1.5750151e-003
4.9520776e+002,1.5550873e-003,1.5607206e-003,1.5590573e-003
4.9522075e+002,1.5387606e-003,1.5447765e-003,1.5424410e-003
4.9523373e+002,1.5226895e-003,1.5282297e-003,1.5256103e-003
4.9524672e+002,1.5067809e-003,1.5109910e-003,1.5090260e-003
4.9525971e+002,1.4908213e-003,1.4931837e-003,1.4927165e-003
4.9527269e+002,1.4744828e-003,1.4751345e-003,1.4760919e-003
4.9528568e+002,1.4574429e-003,1.4571704e-003,1.4585270e-003
4.9529867e+002,1.4396968e-003,1.4393781e-003,1.4400224e-003
4.9531165e+002,1.4216146e-003,1.4215609e-003,1.4214810e-003
4.9532464e+002,1.4035830e-003,1.4035115e-003,1.4038609e-003
4.9533763e+002,1.3857580e-003,1.3853046e-003,1.3873422e-003
4.9535062e+002,1.3679600e-003,1.3674244e-003,1.3709740e-003
4.9536360e+002,1.3499852e-003,1.3503831e-003,1.3537314e-003
4.9537659e+002,1.3318427e-003,1.3342447e-003,1.3353623e-003
4.9538958e+002,1.3139252e-003,1.3182666e-003,1.3167470e-003
4.9540256e+002,1.2966640e-003,1.3016238e-003,1.2988446e-003
4.9541555e+002,1.2802294e-003,1.2839308e-003,1.2820033e-003
4.9542854e+002,1.2642030e-003,1.2657913e-003,1.2656687e-003
4.9544152e+002,1.2480871e-003,1.2479433e-003,1.2492215e-003
4.9545451e+002,1.2316222e-003,1.2309373e-003,1.2324440e-003
4.9546750e+002,1.2152239e-003,1.2147934e-003,1.2157166e-003
4.9548048e+002,1.1994260e-003,1.1994388e-003,1.1994659e-003
4.9549347e+002,1.1845493e-003,1.1847311e-003,1.1839626e-003
4.9550646e+002,1.1701542e-003,1.1702788e-003,1.1692433e-003
4.9551945e+002,1.1556306e-003,1.1556347e-003,1.1553222e-003
4.9553243e+002,1.1405864e-003,1.1405391e-003,1.1420188e-003
4.9554542e+002,1.1256195e-003,1.1255845e-003,1.1288582e-003
4.9555841e+002,1.1116089e-003,1.1116058e-003,1.1153501e-003
4.9557139e+002,1.0992387e-003,1.0992492e-003,1.1015173e-003
4.9558438e+002,1.0880630e-003,1.0880697e-003,1.0881662e-003
4.9559737e+002,1.0772293e-003,1.0772296e-003,1.0761585e-003
4.9561036e+002,1.0659971e-003,1.0660007e-003,1.0657430e-003
4.9562334e+002,1.0544650e-003,1.0544752e-003,1.0562263e-003
4.9563633e+002,1.0431104e-003,1.0431158e-003,1.0468395e-003
4.9564932e+002,1.0323806e-003,1.0323588e-003,1.0371029e-003
4.9566230e+002,1.0224143e-003,1.0223670e-003,1.0269847e-003
4.9567529e+002,1.0131765e-003,1.0131493e-003,1.0164964e-003
4.9568828e+002,1.0046176e-003,1.0046915e-003,1.0059215e-003
4.9570126e+002,9.9652333e-004,9.9669931e-004,9.9596933e-004
4.9571425e+002,9.8856486e-004,9.8868338e-004,9.8737717e-004
4.9572724e+002,9.8043018e-004,9.8019171e-004,9.8032460e-004
4.9574023e+002,9.7214984e-004,9.7150883e-004,9.7411256e-004
4.9575321e+002,9.6404935e-004,9.6355341e-004,9.6796999e-004
4.9576620e+002,9.5645807e-004,9.5722587e-004,9.6146091e-004
4.9577919e+002,9.4955770e-004,9.5242712e-004,9.5468139e-004
4.9579217e+002,9.4337327e-004,9.4799763e-004,9.4777511e-004
4.9580516e+002,9.3791786e-004,9.4274797e-004,9.4090732e-004
4.9581815e+002,9.3303006e-004,9.3632845e-004,9.3427782e-004
4.9583113e+002,9.2832026e-004,9.2948801e-004,9.2808923e-004
4.9584412e+002,9.2338863e-004,9.2304522e-004,9.2252614e-004
4.9585711e+002,9.1818820e-004,9.1751243e-004,9.1774405e-004
4.9587009e+002,9.1324289e-004,9.1290651e-004,9.1389078e-004
4.9588308e+002,9.0912540e-004,9.0919766e-004,9.1076752e-004
4.9589607e+002,9.0596422e-004,9.0614694e-004,9.0761167e-004
4.9590906e+002,9.0299451e-004,9.0309473e-004,9.0361756e-004
4.9592204e+002,8.9934549e-004,8.9933203e-004,8.9858647e-004
4.9593503e+002,8.9458884e-004,8.9453977e-004,8.9331499e-004
4.9594802e+002,8.8941020e-004,8.8938069e-004,8.8868508e-004
4.9596100e+002,8.8466763e-004,8.8466948e-004,8.8507734e-004
4.9597399e+002,8.8093508e-004,8.8094816e-004,8.8204370e-004
4.9598698e+002,8.7788403e-004,8.7789262e-004,8.7906139e-004
4.9599997e+002,8.7500717e-004,8.7500719e-004,8.7583042e-004
4.9601295e+002,8.7190493e-004,8.7190147e-004,8.7242207e-004
4.9602594e+002,8.6861210e-004,8.6860962e-004,8.6894276e-004
4.9603893e+002,8.6527294e-004,8.6527278e-004,8.6549665e-004
4.9605191e+002,8.6200418e-004,8.6200509e-004,8.6218409e-004
4.9606490e+002,8.5878127e-004,8.5878198e-004,8.5910233e-004
4.9607789e+002,8.5553449e-004,8.5553457e-004,8.5613738e-004
4.9609087e+002,8.5221407e-004,8.5221384e-004,8.5281745e-004
4.9610386e+002,8.4890165e-004,8.4890145e-004,8.4864192e-004
4.9611685e+002,8.4573185e-004,8.4573182e-004,8.4356887e-004
4.9612984e+002,8.4279570e-004,8.4279576e-004,8.3833961e-004
4.9614282e+002,8.3981279e-004,8.3981285e-004,8.3376621e-004
4.9615581e+002,8.3631528e-004,8.3631530e-004,8.3018984e-004
4.9616880e+002,8.3189523e-004,8.3189521e-004,8.2714101e-004
4.9618178e+002,8.2683117e-004,8.2683115e-004,8.2407353e-004
4.9619477e+002,8.2183215e-004,8.2183214e-004,8.2072271e-004
4.9620776e+002,8.1757634e-004,8.1757634e-004,8.1731246e-004
4.9622074e+002,8.1417495e-004,8.1417495e-004,8.1411217e-004
4.9623373e+002,8.1129962e-004,8.1129962e-004,8.1111428e-004
4.9624672e+002,8.0860948e-004,8.0860948e-004,8.0782661e-004
4.9625971e+002,8.0574256e-004,8.0574256e-004,8.0371320e-004
4.9627269e+002,8.0231668e-004,8.0231668e-004,7.9868646e-004
4.9628568e+002,7.9796596e-004,7.9796596e-004,7.9344962e-004
4.9629867e+002,7.9286377e-004,7.9286378e-004,7.8878221e-004
4.9631165e+002,7.8781871e-004,7.8781871e-004,7.8507258e-004
4.9632464e+002,7.8366222e-004,7.8366222e-004,7.8201357e-004
4.9633763e+002,7.8053472e-004,7.8053472e-004,7.7922637e-004
4.9635061e+002,7.7757163e-004,7.7757163e-004,7.7633300e-004
4.9636360e+002,7.7383568e-004,7.7383568e-004,7.7295690e-004
4.9637659e+002,7.6899587e-004,7.6899587e-004,7.6872575e-004
4.9638958e+002,7.6381402e-004,7.6381402e-004,7.6365048e-004
4.9640256e+002,7.5916469e-004,7.5916469e-004,7.5843484e-004
4.9641555e+002,7.5553353e-004,7.5553353e-004,7.5385105e-004
4.9642854e+002,7.5253177e-004,7.5253177e-004,7.5024469e-004
4.9644152e+002,7.4965146e-004,7.4965146e-004,7.4718393e-004
4.9645451e+002,7.4653213e-004,7.4653213e-004,7.4415659e-004
4.9646750e+002,7.4323012e-004,7.4323012e-004,7.4087642e-004
4.9648048e+002,7.3987484e-004,7.3987484e-004,7.3747220e-004
4.9649347e+002,7.3656985e-004,7.3656985e-004,7.3411618e-004
4.9650646e+002,7.3332631e-004,7.3332631e-004,7.3086556e-004
4.9651945e+002,7.3013471e-004,7.3013471e-004,7.2756448e-004
4.9653243e+002,7.2697359e-004,7.2697359e-004,7.2403620e-004
4.9654542e+002,7.2376701e-004,7.2376701e-004,7.2033809e-004
4.9655841e+002,7.2042359e-004,7.2042359e-004,7.1696474e-004
4.9657139e+002,7.1690442e-004,7.1690442e-004,7.1445439e-004
4.9658438e+002,7.1347498e-004,7.1347498e-004,7.1288549e-004
4.9659737e+002,7.1051020e-004,7.1051020e-004,7.1147066e-004
4.9661035e+002,7.0832121e-004,7.0832121e-004,7.0933147e-004
4.9662334e+002,7.0674227e-004,7.0674226e-004,7.0612091e-004
4.9663633e+002,7.0539227e-004,7.0539227e-004,7.0250089e-004
4.9664932e+002,7.0392036e-004,7.0392037e-004,6.9924395e-004
4.9666230e+002,7.0228006e-004,7.0228007e-004,6.9687584e-004
4.9667529e+002,7.0059623e-004,7.0059624e-004,6.9544992e-004
4.9668828e+002,6.9898483e-004,6.9898481e-004,6.9496413e-004
4.9670126e+002,6.9742103e-004,6.9742096e-004,6.9517113e-004
4.9671425e+002,6.9578177e-004,6.9578172e-004,6.9535017e-004
4.9672724e+002,6.9395638e-004,6.9395646e-004,6.9473079e-004
4.9674022e+002,6.9209040e-004,6.9209064e-004,6.9306421e-004
4.9675321e+002,6.9055003e-004,6.9055021e-004,6.9111684e-004
4.9676620e+002,6.8969571e-004,6.8969543e-004,6.8976852e-004
4.9677918e+002,6.8955544e-004,6.8955458e-004,6.8945305e-004
4.9679217e+002,6.8980446e-004,6.8980371e-004,6.8972908e-004
4.9680516e+002,6.9010421e-004,6.9010506e-004,6.9005517e-004
4.9681815e+002,6.9024361e-004,6.9024669e-004,6.9011505e-004
4.9683113e+002,6.9017839e-004,6.9018139e-004,6.9003791e-004
4.9684412e+002,6.8987825e-004,6.8987580e-004,6.9000448e-004
4.9685711e+002,6.8949515e-004,6.8948415e-004,6.9008291e-004
4.9687009e+002,6.8947598e-004,6.8946419e-004,6.9011680e-004
4.9688308e+002,6.9029163e-004,6.9029828e-004,6.8992472e-004
4.9689607e+002,6.9201137e-004,6.9205035e-004,6.8955032e-004
4.9690906e+002,6.9389665e-004,6.9394252e-004,6.8948999e-004
4.9692204e+002,6.9511316e-004,6.9509723e-004,6.9029128e-004
4.9693503e+002,6.9524840e-004,6.9511123e-004,6.9205596e-004
4.9694802e+002,6.9495202e-004,6.9477559e-004,6.9398165e-004
4.9696100e+002,6.9503816e-004,6.9506629e-004,6.9516020e-004
4.9697399e+002,6.9607502e-004,6.9655398e-004,6.9522644e-004
4.9698698e+002,6.9784939e-004,6.9852158e-004,6.9492573e-004
4.9699996e+002,6.9999324e-004,6.9999685e-004,6.9513666e-004
4.9701295e+002,7.0213841e-004,7.0031030e-004,6.9635324e-004
4.9702594e+002,7.0391615e-004,7.0001339e-004,6.9827627e-004
4.9703893e+002,7.0495762e-004,6.9996544e-004,7.0050863e-004
4.9705191e+002,7.0504641e-004,7.0086229e-004,7.0265220e-004
4.9706490e+002,7.0474878e-004,7.0256103e-004,7.0430681e-004
4.9707789e+002,7.0488134e-004,7.0465036e-004,7.0507440e-004
4.9709087e+002,7.0609835e-004,7.0673560e-004,7.0494046e-004
4.9710386e+002,7.0798695e-004,7.0853192e-004,7.0469473e-004
4.9711685e+002,7.0970373e-004,7.0979877e-004,7.0522504e-004
4.9712983e+002,7.1050197e-004,7.1033821e-004,7.0687655e-004
4.9714282e+002,7.1046674e-004,7.1031302e-004,7.0884701e-004
4.9715581e+002,7.1010293e-004,7.1006809e-004,7.1019102e-004
4.9716879e+002,7.0988404e-004,7.0992565e-004,7.1044214e-004
4.9718178e+002,7.0989582e-004,7.0993904e-004,7.1015527e-004
4.9719477e+002,7.0998086e-004,7.0999290e-004,7.1001422e-004
4.9720776e+002,7.0998858e-004,7.0997794e-004,7.1030268e-004
4.9722074e+002,7.0992825e-004,7.0991562e-004,7.1044402e-004
4.9723373e+002,7.0993318e-004,7.0992879e-004,7.0975260e-004
4.9724672e+002,7.1012784e-004,7.1013122e-004,7.0801915e-004
4.9725970e+002,7.1038132e-004,7.1038703e-004,7.0606740e-004
4.9727269e+002,7.1031846e-004,7.1032167e-004,7.0485351e-004
4.9728568e+002,7.0956492e-004,7.0956173e-004,7.0479034e-004
4.9729867e+002,7.0808067e-004,7.0807112e-004,7.0510287e-004
4.9731165e+002,7.0621955e-004,7.0621120e-004,7.0486112e-004
4.9732464e+002,7.0435446e-004,7.0436228e-004,7.0355913e-004
4.9733763e+002,7.0267648e-004,7.0270765e-004,7.0162591e-004
4.9735061e+002,7.0111230e-004,7.0114402e-004,6.9961429e-004
4.9736360e+002,6.9956809e-004,6.9954639e-004,6.9787041e-004
4.9737659e+002,6.9798145e-004,6.9787141e-004,6.9628081e-004
4.9738957e+002,6.9634659e-004,6.9622293e-004,6.9467048e-004
4.9740256e+002,6.9466383e-004,6.9471965e-004,6.9295545e-004
4.9741555e+002,6.9295965e-004,6.9334807e-004,6.9125576e-004
4.9742854e+002,6.9131948e-004,6.9179751e-004,6.8971855e-004
4.9744152e+002,6.8983666e-004,6.8971683e-004,6.8833335e-004
4.9745451e+002,6.8849639e-004,6.8689614e-004,6.8673319e-004
4.9746750e+002,6.8697823e-004,6.8352448e-004,6.8450313e-004
4.9748048e+002,6.8490812e-004,6.7986093e-004,6.8145704e-004
4.9749347e+002,6.8205148e-004,6.7617994e-004,6.7793060e-004
4.9750646e+002,6.7867273e-004,6.7281097e-004,6.7433131e-004
4.9751944e+002,6.7514784e-004,6.7009584e-004,6.7092419e-004
4.9753243e+002,6.7178277e-004,6.6823874e-004,6.6764650e-004
4.9754542e+002,6.6856493e-004,6.6681808e-004,6.6438974e-004
4.9755840e+002,6.6539117e-004,6.6523438e-004,6.6108244e-004
4.9757139e+002,6.6217407e-004,6.6295590e-004,6.5773890e-004
4.9758438e+002,6.5891738e-004,6.5984376e-004,6.5438557e-004
4.9759737e+002,6.5565763e-004,6.5590036e-004,6.5104246e-004
4.9761035e+002,6.5242468e-004,6.5117781e-004,6.4771449e-004
4.9762334e+002,6.4919814e-004,6.4609755e-004,6.4440442e-004
4.9763633e+002,6.4593493e-004,6.4124787e-004,6.4110408e-004
4.9764931e+002,6.4260288e-004,6.3716284e-004,6.3777957e-004
4.9766230e+002,6.3927709e-004,6.3384164e-004,6.3439345e-004
4.9767529e+002,6.3609308e-004,6.3098221e-004,6.3095796e-004
4.9768828e+002,6.3315954e-004,6.2827527e-004,6.2760357e-004
4.9770126e+002,6.3022871e-004,6.2536202e-004,6.2447732e-004
4.9771425e+002,6.2680413e-004,6.2184912e-004,6.2153966e-004
4.9772724e+002,6.2242301e-004,6.1737849e-004,6.1830335e-004
4.9774022e+002,6.1731379e-004,6.1223407e-004,6.1421662e-004
4.9775321e+002,6.1230027e-004,6.0725272e-004,6.0912686e-004
4.9776620e+002,6.0819562e-004,6.0325630e-004,6.0384747e-004
4.9777918e+002,6.0504092e-004,6.0021746e-004,5.9933353e-004
4.9779217e+002,6.0205778e-004,5.9720751e-004,5.9601121e-004
4.9780516e+002,5.9844066e-004,5.9327463e-004,5.9301569e-004
4.9781815e+002,5.9387656e-004,5.8827302e-004,5.8929048e-004
4.9783113e+002,5.8869705e-004,5.8311176e-004,5.8433115e-004
4.9784412e+002,5.8327711e-004,5.7876126e-004,5.7899244e-004
4.9785711e+002,5.7798059e-004,5.7551727e-004,5.7433305e-004
4.9787009e+002,5.7315329e-004,5.7258354e-004,5.7088716e-004
4.9788308e+002,5.6913704e-004,5.6906748e-004,5.6788653e-004
4.9789607e+002,5.6594569e-004,5.6451972e-004,5.6436532e-004
4.9790905e+002,5.6293322e-004,5.5938265e-004,5.5975812e-004
4.9792204e+002,5.5937533e-004,5.5420504e-004,5.5450243e-004
4.9793503e+002,5.5486161e-004,5.4932503e-004,5.4918964e-004
4.9794802e+002,5.4977227e-004,5.4455015e-004,5.4418542e-004
4.9796100e+002,5.4461004e-004,5.3960578e-004,5.3928529e-004
4.9797399e+002,5.3971912e-004,5.3438872e-004,5.3419665e-004
4.9798698e+002,5.3494017e-004,5.2934042e-004,5.2884811e-004
4.9799996e+002,5.3001401e-004,5.2501030e-004,5.2373173e-004
4.9801295e+002,5.2481252e-004,5.2170890e-004,5.1942716e-004
4.9802594e+002,5.1973630e-004,5.1878299e-004,5.1613668e-004
4.9803892e+002,5.1531929e-004,5.1533636e-004,5.1309278e-004
4.9805191e+002,5.1191748e-004,5.1071427e-004,5.0937532e-004
4.9806490e+002,5.0897354e-004,5.0550176e-004,5.0451556e-004
4.9807789e+002,5.0563787e-004,5.0068060e-004,4.9921481e-004
4.9809087e+002,5.0122316e-004,4.9704110e-004,4.9436081e-004
4.9810386e+002,4.9610916e-004,4.9411461e-004,4.9051807e-004
4.9811685e+002,4.9110622e-004,4.9092445e-004,4.8740609e-004
4.9812983e+002,4.8694240e-004,4.8662674e-004,4.8460804e-004
4.9814282e+002,4.8363586e-004,4.8151809e-004,4.8172875e-004
4.9815581e+002,4.8084644e-004,4.7647096e-004,4.7843027e-004
4.9816879e+002,4.7822477e-004,4.7229222e-004,4.7438437e-004
4.9818178e+002,4.7534995e-004,4.6900513e-004,4.6949515e-004
4.9819477e+002,4.7175615e-004,4.6614137e-004,4.6428469e-004
4.9820776e+002,4.6703535e-004,4.6324192e-004,4.5937642e-004
4.9822074e+002,4.6166504e-004,4.6010336e-004,4.5525477e-004
4.9823373e+002,4.5680953e-004,4.5672051e-004,4.5203112e-004
4.9824672e+002,4.5359660e-004,4.5310435e-004,4.4975458e-004
4.9825970e+002,4.5199585e-004,4.4949894e-004,4.4826500e-004
4.9827269e+002,4.5086934e-004,4.4637120e-004,4.4683569e-004
4.9828568e+002,4.4905771e-004,4.4417816e-004,4.4464577e-004
4.9829866e+002,4.4612554e-004,4.4278306e-004,4.4131383e-004
4.9831165e+002,4.4249051e-004,4.4134944e-004,4.3765821e-004
4.9832464e+002,4.3861837e-004,4.3901466e-004,4.3469941e-004
4.9833763e+002,4.3492682e-004,4.3563221e-004,4.3296828e-004
4.9835061e+002,4.3176367e-004,4.3209736e-004,4.3164725e-004
4.9836360e+002,4.2946713e-004,4.2938055e-004,4.2968928e-004
4.9837659e+002,4.2799201e-004,4.2780066e-004,4.2651744e-004
4.9838957e+002,4.2660166e-004,4.2650158e-004,4.2286074e-004
4.9840256e+002,4.2448907e-004,4.2450639e-004,4.1967266e-004
4.9841555e+002,4.2131051e-004,4.2136208e-004,4.1755559e-004
4.9842853e+002,4.1776441e-004,4.1779404e-004,4.1612808e-004
4.9844152e+002,4.1469111e-004,4.1468822e-004,4.1483784e-004
4.9845451e+002,4.1262084e-004,4.1260704e-004,4.1329462e-004
4.9846749e+002,4.1120718e-004,4.1119851e-004,4.1156628e-004
4.9848048e+002,4.0994991e-004,4.0995017e-004,4.0980098e-004
4.9849347e+002,4.0846660e-004,4.0847026e-004,4.0810360e-004
4.9850646e+002,4.0679638e-004,4.0679890e-004,4.0645563e-004
4.9851944e+002,4.0507272e-004,4.0507280e-004,4.0481673e-004
4.9853243e+002,4.0340463e-004,4.0340367e-004,4.0315876e-004
4.9854542e+002,4.0179017e-004,4.0178945e-004,4.0148866e-004
4.9855840e+002,4.0019582e-004,4.0019575e-004,3.9981965e-004
4.9857139e+002,3.9859189e-004,3.9859214e-004,3.9815913e-004
4.9858438e+002,3.9697100e-004,3.9697120e-004,3.9649762e-004
4.9859737e+002,3.9533376e-004,3.9533379e-004,3.9482258e-004
4.9861035e+002,3.9368338e-004,3.9368331e-004,3.9313258e-004
4.9862334e+002,3.9204216e-004,3.9204210e-004,3.9145863e-004
4.9863633e+002,3.9044104e-004,3.9044103e-004,3.8983760e-004
4.9864931e+002,3.8890146e-004,3.8890147e-004,3.8826813e-004
4.9866230e+002,3.8735181e-004,3.8735182e-004,3.8663584e-004
4.9867529e+002,3.8566809e-004,3.8566809e-004,3.8480572e-004
4.9868827e+002,3.8375124e-004,3.8375123e-004,3.8278366e-004
4.9870126e+002,3.8183298e-004,3.8183298e-004,3.8099541e-004
4.9871425e+002,3.8037598e-004,3.8037598e-004,3.7994439e-004
4.9872724e+002,3.7981341e-004,3.7981341e-004,3.7985490e-004
4.9874022e+002,3.7996924e-004,3.7996924e-004,3.8011242e-004
4.9875321e+002,3.8014253e-004,3.8014253e-004,3.7994565e-004
4.9876620e+002,3.7963456e-004,3.7963456e-004,3.7883042e-004
4.9877918e+002,3.7824366e-004,3.7824366e-004,3.7699193e-004
4.9879217e+002,3.7629581e-004,3.7629581e-004,3.7479686e-004
4.9880516e+002,3.7414234e-004,3.7414234e-004,3.7262177e-004
4.9881814e+002,3.7212943e-004,3.7212943e-004,3.7087341e-004
4.9883113e+002,3.7059650e-004,3.7059650e-004,3.6996416e-004
4.9884412e+002,3.6987711e-004,3.6987711e-004,3.7002401e-004
4.9885710e+002,3.6993822e-004,3.6993822e-004,3.7031160e-004
4.9887009e+002,3.7015339e-004,3.7015339e-004,3.6991817e-004
4.9888308e+002,3.6984431e-004,3.6984431e-004,3.6834119e-004
4.9889607e+002,3.6864247e-004,3.6864247e-004,3.6634292e-004
4.9890905e+002,3.6680288e-004,3.6680288e-004,3.6493088e-004
4.9892204e+002,3.6465539e-004,3.6465539e-004,3.6471023e-004
4.9893503e+002,3.6254474e-004,3.6254474e-004,3.6502220e-004
4.9894801e+002,3.6085325e-004,3.6085325e-004,3.6496061e-004
4.9896100e+002,3.5996899e-004,3.5996899e-004,3.6389204e-004
4.9897399e+002,3.6002136e-004,3.6002136e-004,3.6204756e-004
4.9898698e+002,3.6031769e-004,3.6031769e-004,3.5982909e-004
4.9899996e+002,3.6000233e-004,3.6000233e-004,3.5763946e-004
4.9901295e+002,3.5852305e-004,3.5852305e-004,3.5588451e-004
4.9902594e+002,3.5655199e-004,3.5655199e-004,3.5497059e-004
4.9903892e+002,3.5507003e-004,3.5507003e-004,3.5503201e-004
4.9905191e+002,3.5480159e-004,3.5480159e-004,3.5532553e-004
4.9906490e+002,3.5515399e-004,3.5515399e-004,3.5493141e-004
4.9907788e+002,3.5511293e-004,3.5511293e-004,3.5333212e-004
4.9909087e+002,3.5386317e-004,3.5386317e-004,3.5131921e-004
4.9910386e+002,3.5189838e-004,3.5189838e-004,3.4995002e-004
4.9911685e+002,3.5024055e-004,3.5024055e-004,3.4984777e-004
4.9912983e+002,3.4976495e-004,3.4976495e-004,3.5021031e-004
4.9914282e+002,3.5008686e-004,3.5008686e-004,3.4994347e-004
4.9915581e+002,3.5018531e-004,3.5018531e-004,3.4839285e-004
4.9916879e+002,3.4914058e-004,3.4914058e-004,3.4636126e-004
4.9918178e+002,3.4722176e-004,3.4722176e-004,3.4495276e-004
4.9919477e+002,3.4544385e-004,3.4544385e-004,3.4483279e-004
4.9920775e+002,3.4476053e-004,3.4476053e-004,3.4520059e-004
4.9922074e+002,3.4502287e-004,3.4502287e-004,3.4494949e-004
4.9923373e+002,3.4522658e-004,3.4522658e-004,3.4340836e-004
4.9924671e+002,3.4439227e-004,3.4439227e-004,3.4137513e-004
4.9925970e+002,3.4254623e-004,3.4254623e-004,3.3995707e-004
4.9927269e+002,3.4067664e-004,3.4067664e-004,3.3982948e-004
4.9928568e+002,3.3978167e-004,3.3978167e-004,3.4019780e-004
4.9929866e+002,3.3995810e-004,3.3995810e-004,3.3995513e-004
4.9931165e+002,3.4024022e-004,3.4024022e-004,3.3842240e-004
4.9932464e+002,3.3961688e-004,3.3961688e-004,3.3638951e-004
4.9933762e+002,3.3786990e-004,3.3786990e-004,3.3496130e-004
4.9935061e+002,3.3593507e-004,3.3593507e-004,3.3482032e-004
4.9936360e+002,3.3483186e-004,3.3483186e-004,3.3518608e-004
4.9937659e+002,3.3489607e-004,3.3489607e-004,3.3496154e-004
4.9938957e+002,3.3523028e-004,3.3523028e-004,3.3346133e-004
4.9940256e+002,3.3481038e-004,3.3481038e-004,3.3143909e-004
4.9941555e+002,3.3318878e-004,3.3318878e-004,3.2996263e-004
4.9942853e+002,3.3121502e-004,3.3121502e-004,3.2971769e-004
4.9944152e+002,3.2991524e-004,3.2991524e-004,3.3004244e-004
4.9945451e+002,3.2984079e-004,3.2984079e-004,3.2997815e-004
4.9946749e+002,3.3020074e-004,3.3020074e-004,3.2884837e-004
4.9948048e+002,3.2996858e-004,3.2996858e-004,3.2698137e-004
4.9949347e+002,3.2849924e-004,3.2849924e-004,3.2492878e-004
4.9950646e+002,3.2651313e-004,3.2651313e-004,3.2311405e-004
4.9951944e+002,3.2503610e-004,3.2503610e-004,3.2150044e-004
4.9953243e+002,3.2479465e-004,3.2479465e-004,3.1994793e-004
4.9954542e+002,3.2515275e-004,3.2515275e-004,3.1834379e-004
4.9955840e+002,3.2508705e-004,3.2508705e-004,3.1667404e-004
4.9957139e+002,3.2380322e-004,3.2380322e-004,3.1494710e-004
4.9958438e+002,3.2183649e-004,3.2183649e-004,3.1318922e-004
4.9959736e+002,3.2020047e-004,3.2020047e-004,3.1149188e-004
4.9961035e+002,3.1974112e-004,3.1974112e-004,3.0996147e-004
4.9962334e+002,3.2004867e-004,3.2004867e-004,3.0860682e-004
4.9963633e+002,3.2014580e-004,3.2014580e-004,3.0707693e-004
4.9964931e+002,3.1916504e-004,3.1916504e-004,3.0493784e-004
4.9966230e+002,3.1733468e-004,3.1733468e-004,3.0192661e-004
4.9967529e+002,3.1550038e-004,3.1550038e-004,2.9841684e-004
4.9968827e+002,3.1446176e-004,3.1446176e-004,2.9493021e-004
4.9970126e+002,3.1433147e-004,3.1433147e-004,2.9179919e-004
4.9971425e+002,3.1474260e-004,3.1474260e-004,2.8864560e-004
4.9972723e+002,3.1531854e-004,3.1531854e-004,2.8492449e-004
4.9974022e+002,3.1568490e-004,3.1568490e-004,2.8028350e-004
4.9975321e+002,3.1546913e-004,3.1546913e-004,2.7510014e-004
4.9976620e+002,3.1432071e-004,3.1432071e-004,2.6992480e-004
4.9977918e+002,3.1245241e-004,3.1245241e-004,2.6511627e-004
4.9979217e+002,3.1067518e-004,3.1067518e-004,2.6030086e-004
4.9980516e+002,3.0981036e-004,3.0981036e-004,2.5492979e-004
4.9981814e+002,3.0994748e-004,3.0994748e-004,2.4864185e-004
4.9983113e+002,3.1021802e-004,3.1021802e-004,2.4179945e-004
4.9984412e+002,3.0969802e-004,3.0969802e-004,2.3493950e-004
4.9985710e+002,3.0810108e-004,3.0810108e-004,2.2842290e-004
4.9987009e+002,3.0617307e-004,3.0617307e-004,2.2192529e-004
4.9988308e+002,3.0475137e-004,3.0475137e-004,2.1495556e-004
4.9989607e+002,3.0430130e-004,3.0430130e-004,2.0716017e-004
4.9990905e+002,3.0453935e-004,3.0453935e-004,1.9872619e-004
4.9992204e+002,3.0509217e-004,3.0509217e-004,1.8997338e-004
4.9993503e+002,3.0558639e-004,3.0558639e-004,1.8122154e-004
4.9994801e+002,3.0564860e-004,3.0564860e-004,1.7279043e-004
4.9996100e+002,3.0490546e-004,3.0490546e-004,1.6499985e-004
