  8.4900000e+002  2.3625000e-003  2.3625000e-003  2.3625000e-003
  8.4900733e+002  2.4357337e-003  2.4357337e-003  2.4357337e-003
  8.4901465e+002  2.5089804e-003  2.5089804e-003  2.5089804e-003
  8.4902198e+002  2.5822798e-003  2.5822798e-003  2.5822798e-003
  8.4902930e+002  2.6556714e-003  2.6556714e-003  2.6556714e-003
  8.4903663e+002  2.7291949e-003  2.7291949e-003  2.7291949e-003
  8.4904396e+002  2.8028901e-003  2.8028901e-003  2.8028901e-003
  8.4905128e+002  2.8767576e-003  2.8767576e-003  2.8767576e-003
  8.4905861e+002  2.9506396e-003  2.9506396e-003  2.9506396e-003
  8.4906593e+002  3.0243375e-003  3.0243375e-003  3.0243375e-003
  8.4907326e+002  3.0976878e-003  3.0976878e-003  3.0976878e-003
  8.4908059e+002  3.1706690e-003  3.1706690e-003  3.1706690e-003
  8.4908791e+002  3.2432964e-003  3.2432964e-003  3.2432964e-003
  8.4909524e+002  3.3155751e-003  3.3155751e-003  3.3155751e-003
  8.4910256e+002  3.3874688e-003  3.3874688e-003  3.3874688e-003
  8.4910989e+002  3.4589305e-003  3.4589305e-003  3.4589305e-003
  8.4911722e+002  3.5299188e-003  3.5299188e-003  3.5299188e-003
  8.4912454e+002  3.6004159e-003  3.6004159e-003  3.6004159e-003
  8.4913187e+002  3.6704102e-003  3.6704102e-003  3.6704102e-003
  8.4913919e+002  3.7398775e-003  3.7398775e-003  3.7398775e-003
  8.4914652e+002  3.8087406e-003  3.8087406e-003  3.8087406e-003
  8.4915385e+002  3.8769085e-003  3.8769085e-003  3.8769085e-003
  8.4916117e+002  3.9443053e-003  3.9443053e-003  3.9443053e-003
  8.4916850e+002  4.0109206e-003  4.0109206e-003  4.0109206e-003
  8.4917582e+002  4.0767611e-003  4.0767611e-003  4.0767611e-003
  8.4918315e+002  4.1418424e-003  4.1418424e-003  4.1418424e-003
  8.4919048e+002  4.2062183e-003  4.2062183e-003  4.2062183e-003
  8.4919780e+002  4.2699524e-003  4.2699524e-003  4.2699524e-003
  8.4920513e+002  4.3330870e-003  4.3330870e-003  4.3330870e-003
  8.4921245e+002  4.3955700e-003  4.3955700e-003  4.3955700e-003
  8.4921978e+002  4.4573243e-003  4.4573243e-003  4.4573243e-003
  8.4922711e+002  4.5182934e-003  4.5182934e-003  4.5182934e-003
  8.4923443e+002  4.5785131e-003  4.5785131e-003  4.5785131e-003
  8.4924176e+002  4.6380445e-003  4.6380445e-003  4.6380445e-003
  8.4924908e+002  4.6969421e-003  4.6969421e-003  4.6969421e-003
  8.4925641e+002  4.7552317e-003  4.7552317e-003  4.7552317e-003
  8.4926374e+002  4.8129315e-003  4.8129315e-003  4.8129315e-003
  8.4927106e+002  4.8700646e-003  4.8700646e-003  4.8700646e-003
  8.4927839e+002  4.9266760e-003  4.9266760e-003  4.9266760e-003
  8.4928571e+002  4.9828171e-003  4.9828171e-003  4.9828171e-003
  8.4929304e+002  5.0385259e-003  5.0385259e-003  5.0385259e-003
  8.4930037e+002  5.0937805e-003  5.0937805e-003  5.0937805e-003
  8.4930769e+002  5.1485424e-003  5.1485424e-003  5.1485424e-003
  8.4931502e+002  5.2027937e-003  5.2027937e-003  5.2027937e-003
  8.4932234e+002  5.2566108e-003  5.2566108e-003  5.2566108e-003
  8.4932967e+002  5.3100969e-003  5.3100969e-003  5.3100969e-003
  8.4933700e+002  5.3633394e-003  5.3633394e-003  5.3633394e-003
  8.4934432e+002  5.4163542e-003  5.4163542e-003  5.4163542e-003
  8.4935165e+002  5.4691365e-003  5.4691365e-003  5.4691365e-003
  8.4935897e+002  5.5216967e-003  5.5216967e-003  5.5216967e-003
  8.4936630e+002  5.5741150e-003  5.5741150e-003  5.5741150e-003
  8.4937363e+002  5.6264920e-003  5.6264920e-003  5.6264920e-003
  8.4938095e+002  5.6789100e-003  5.6789100e-003  5.6789100e-003
  8.4938828e+002  5.7313656e-003  5.7313656e-003  5.7313656e-003
  8.4939560e+002  5.7838310e-003  5.7838310e-003  5.7838310e-003
  8.4940293e+002  5.8362835e-003  5.8362835e-003  5.8362835e-003
  8.4941026e+002  5.8887272e-003  5.8887272e-003  5.8887272e-003
  8.4941758e+002  5.9411739e-003  5.9411739e-003  5.9411739e-003
  8.4942491e+002  5.9936567e-003  5.9936567e-003  5.9936567e-003
  8.4943223e+002  6.0463112e-003  6.0463112e-003  6.0463112e-003
  8.4943956e+002  6.0993030e-003  6.0993030e-003  6.0993030e-003
  8.4944689e+002  6.1527581e-003  6.1527581e-003  6.1527581e-003
  8.4945421e+002  6.2066128e-003  6.2066128e-003  6.2066128e-003
  8.4946154e+002  6.2607463e-003  6.2607463e-003  6.2607463e-003
  8.4946886e+002  6.3150726e-003  6.3150726e-003  6.3150726e-003
  8.4947619e+002  6.3696735e-003  6.3696735e-003  6.3696735e-003
  8.4948352e+002  6.4246816e-003  6.4246816e-003  6.4246816e-003
  8.4949084e+002  6.4802060e-003  6.4802060e-003  6.4802060e-003
  8.4949817e+002  6.5362414e-003  6.5362414e-003  6.5362414e-003
  8.4950549e+002  6.5927475e-003  6.5927475e-003  6.5927475e-003
  8.4951282e+002  6.6496934e-003  6.6496934e-003  6.6496934e-003
  8.4952015e+002  6.7070933e-003  6.7070933e-003  6.7070933e-003
  8.4952747e+002  6.7649756e-003  6.7649756e-003  6.7649756e-003
  8.4953480e+002  6.8233795e-003  6.8233795e-003  6.8233795e-003
  8.4954212e+002  6.8823999e-003  6.8823999e-003  6.8823999e-003
  8.4954945e+002  6.9421485e-003  6.9421485e-003  6.9421485e-003
  8.4955678e+002  7.0027085e-003  7.0027085e-003  7.0027085e-003
  8.4956410e+002  7.0640186e-003  7.0640186e-003  7.0640186e-003
  8.4957143e+002  7.1259721e-003  7.1259721e-003  7.1259721e-003
  8.4957875e+002  7.1884935e-003  7.1884935e-003  7.1884935e-003
  8.4958608e+002  7.2516631e-003  7.2516631e-003  7.2516631e-003
  8.4959341e+002  7.3156104e-003  7.3156104e-003  7.3156104e-003
  8.4960073e+002  7.3804428e-003  7.3804428e-003  7.3804428e-003
  8.4960806e+002  7.4461539e-003  7.4461539e-003  7.4461539e-003
  8.4961538e+002  7.5127010e-003  7.5127010e-003  7.5127010e-003
  8.4962271e+002  7.5800523e-003  7.5800523e-003  7.5800523e-003
  8.4963004e+002  7.6482310e-003  7.6482310e-003  7.6482310e-003
  8.4963736e+002  7.7172778e-003  7.7172778e-003  7.7172778e-003
  8.4964469e+002  7.7872366e-003  7.7872366e-003  7.7872366e-003
  8.4965201e+002  7.8581662e-003  7.8581662e-003  7.8581662e-003
  8.4965934e+002  7.9301304e-003  7.9301304e-003  7.9301304e-003
  8.4966667e+002  8.0031711e-003  8.0031711e-003  8.0031711e-003
  8.4967399e+002  8.0772145e-003  8.0772145e-003  8.0772145e-003
  8.4968132e+002  8.1521494e-003  8.1521494e-003  8.1521494e-003
  8.4968864e+002  8.2279025e-003  8.2279025e-003  8.2279025e-003
  8.4969597e+002  8.3046042e-003  8.3046042e-003  8.3046042e-003
  8.4970330e+002  8.3824516e-003  8.3824516e-003  8.3824516e-003
  8.4971062e+002  8.4616023e-003  8.4616023e-003  8.4616023e-003
  8.4971795e+002  8.5420032e-003  8.5420032e-003  8.5420032e-003
  8.4972527e+002  8.6235307e-003  8.6235307e-003  8.6235307e-003
  8.4973260e+002  8.7060901e-003  8.7060901e-003  8.7060901e-003
  8.4973993e+002  8.7897415e-003  8.7897415e-003  8.7897415e-003
  8.4974725e+002  8.8745972e-003  8.8745972e-003  8.8745972e-003
  8.4975458e+002  8.9607611e-003  8.9607611e-003  8.9607611e-003
  8.4976190e+002  9.0482923e-003  9.0482923e-003  9.0482923e-003
  8.4976923e+002  9.1372346e-003  9.1372346e-003  9.1372346e-003
  8.4977656e+002  9.2276145e-003  9.2276145e-003  9.2276145e-003
  8.4978388e+002  9.3193618e-003  9.3193618e-003  9.3193618e-003
  8.4979121e+002  9.4123733e-003  9.4123733e-003  9.4123733e-003
  8.4979853e+002  9.5065800e-003  9.5065800e-003  9.5065800e-003
  8.4980586e+002  9.6021008e-003  9.6021008e-003  9.6021008e-003
  8.4981319e+002  9.6991197e-003  9.6991197e-003  9.6991197e-003
  8.4982051e+002  9.7977897e-003  9.7977897e-003  9.7977897e-003
  8.4982784e+002  9.8980922e-003  9.8980922e-003  9.8980922e-003
  8.4983516e+002  9.9999482e-003  9.9999482e-003  9.9999482e-003
  8.4984249e+002  1.0103303e-002  1.0103303e-002  1.0103303e-002
  8.4984982e+002  1.0208241e-002  1.0208241e-002  1.0208241e-002
  8.4985714e+002  1.0314891e-002  1.0314891e-002  1.0314891e-002
  8.4986447e+002  1.0423362e-002  1.0423362e-002  1.0423362e-002
  8.4987179e+002  1.0533625e-002  1.0533625e-002  1.0533625e-002
  8.4987912e+002  1.0645604e-002  1.0645604e-002  1.0645604e-002
  8.4988645e+002  1.0759251e-002  1.0759251e-002  1.0759251e-002
  8.4989377e+002  1.0874681e-002  1.0874681e-002  1.0874681e-002
  8.4990110e+002  1.0992069e-002  1.0992069e-002  1.0992069e-002
  8.4990842e+002  1.1111564e-002  1.1111564e-002  1.1111564e-002
  8.4991575e+002  1.1233152e-002  1.1233152e-002  1.1233152e-002
  8.4992308e+002  1.1356768e-002  1.1356768e-002  1.1356768e-002
  8.4993040e+002  1.1482362e-002  1.1482362e-002  1.1482362e-002
  8.4993773e+002  1.1609991e-002  1.1609991e-002  1.1609991e-002
  8.4994505e+002  1.1739751e-002  1.1739751e-002  1.1739751e-002
  8.4995238e+002  1.1871733e-002  1.1871733e-002  1.1871733e-002
  8.4995971e+002  1.2006000e-002  1.2006000e-002  1.2006000e-002
  8.4996703e+002  1.2142606e-002  1.2142606e-002  1.2142606e-002
  8.4997436e+002  1.2281603e-002  1.2281603e-002  1.2281603e-002
  8.4998168e+002  1.2423051e-002  1.2423051e-002  1.2423051e-002
  8.4998901e+002  1.2567016e-002  1.2567016e-002  1.2567016e-002
  8.4999634e+002  1.2713559e-002  1.2713559e-002  1.2713559e-002
  8.5000366e+002  1.2862744e-002  1.2862744e-002  1.2862744e-002
  8.5001099e+002  1.3014635e-002  1.3014635e-002  1.3014635e-002
  8.5001831e+002  1.3169295e-002  1.3169295e-002  1.3169295e-002
  8.5002564e+002  1.3326777e-002  1.3326777e-002  1.3326777e-002
  8.5003297e+002  1.3487133e-002  1.3487133e-002  1.3487133e-002
  8.5004029e+002  1.3650419e-002  1.3650419e-002  1.3650419e-002
  8.5004762e+002  1.3816724e-002  1.3816724e-002  1.3816724e-002
  8.5005494e+002  1.3986149e-002  1.3986149e-002  1.3986149e-002
  8.5006227e+002  1.4158793e-002  1.4158793e-002  1.4158793e-002
  8.5006960e+002  1.4334757e-002  1.4334757e-002  1.4334757e-002
  8.5007692e+002  1.4514143e-002  1.4514143e-002  1.4514143e-002
  8.5008425e+002  1.4697044e-002  1.4697044e-002  1.4697044e-002
  8.5009157e+002  1.4883525e-002  1.4883525e-002  1.4883525e-002
  8.5009890e+002  1.5073638e-002  1.5073638e-002  1.5073638e-002
  8.5010623e+002  1.5267434e-002  1.5267434e-002  1.5267434e-002
  8.5011355e+002  1.5464975e-002  1.5464975e-002  1.5464975e-002
  8.5012088e+002  1.5666323e-002  1.5666323e-002  1.5666323e-002
  8.5012820e+002  1.5871560e-002  1.5871560e-002  1.5871560e-002
  8.5013553e+002  1.6080889e-002  1.6080889e-002  1.6080889e-002
  8.5014286e+002  1.6294559e-002  1.6294559e-002  1.6294559e-002
  8.5015018e+002  1.6512801e-002  1.6512801e-002  1.6512801e-002
  8.5015751e+002  1.6735710e-002  1.6735710e-002  1.6735710e-002
  8.5016483e+002  1.6963334e-002  1.6963334e-002  1.6963334e-002
  8.5017216e+002  1.7195724e-002  1.7195724e-002  1.7195724e-002
  8.5017949e+002  1.7432984e-002  1.7432984e-002  1.7432984e-002
  8.5018681e+002  1.7675237e-002  1.7675237e-002  1.7675237e-002
  8.5019414e+002  1.7922613e-002  1.7922613e-002  1.7922613e-002
  8.5020146e+002  1.8175294e-002  1.8175294e-002  1.8175294e-002
  8.5020879e+002  1.8433480e-002  1.8433480e-002  1.8433480e-002
  8.5021612e+002  1.8697370e-002  1.8697370e-002  1.8697370e-002
  8.5022344e+002  1.8967150e-002  1.8967150e-002  1.8967150e-002
  8.5023077e+002  1.9243001e-002  1.9243001e-002  1.9243001e-002
  8.5023809e+002  1.9525106e-002  1.9525106e-002  1.9525106e-002
  8.5024542e+002  1.9813645e-002  1.9813645e-002  1.9813645e-002
  8.5025275e+002  2.0108801e-002  2.0108801e-002  2.0108801e-002
  8.5026007e+002  2.0410759e-002  2.0410759e-002  2.0410759e-002
  8.5026740e+002  2.0719710e-002  2.0719710e-002  2.0719710e-002
  8.5027472e+002  2.1035853e-002  2.1035853e-002  2.1035853e-002
  8.5028205e+002  2.1359396e-002  2.1359396e-002  2.1359396e-002
  8.5028938e+002  2.1690627e-002  2.1690627e-002  2.1690627e-002
  8.5029670e+002  2.2029868e-002  2.2029868e-002  2.2029868e-002
  8.5030403e+002  2.2377427e-002  2.2377427e-002  2.2377427e-002
  8.5031135e+002  2.2733520e-002  2.2733520e-002  2.2733520e-002
  8.5031868e+002  2.3098328e-002  2.3098328e-002  2.3098328e-002
  8.5032601e+002  2.3472054e-002  2.3472054e-002  2.3472054e-002
  8.5033333e+002  2.3855065e-002  2.3855065e-002  2.3855065e-002
  8.5034066e+002  2.4247802e-002  2.4247802e-002  2.4247802e-002
  8.5034798e+002  2.4650689e-002  2.4650689e-002  2.4650689e-002
  8.5035531e+002  2.5064049e-002  2.5064049e-002  2.5064049e-002
  8.5036264e+002  2.5488160e-002  2.5488160e-002  2.5488160e-002
  8.5036996e+002  2.5923319e-002  2.5923319e-002  2.5923319e-002
  8.5037729e+002  2.6369948e-002  2.6369948e-002  2.6369948e-002
  8.5038461e+002  2.6828525e-002  2.6828525e-002  2.6828525e-002
  8.5039194e+002  2.7299522e-002  2.7299522e-002  2.7299522e-002
  8.5039927e+002  2.7783354e-002  2.7783354e-002  2.7783354e-002
  8.5040659e+002  2.8280419e-002  2.8280419e-002  2.8280419e-002
  8.5041392e+002  2.8791123e-002  2.8791123e-002  2.8791123e-002
  8.5042124e+002  2.9315955e-002  2.9315955e-002  2.9315955e-002
  8.5042857e+002  2.9855441e-002  2.9855441e-002  2.9855441e-002
  8.5043590e+002  3.0410117e-002  3.0410117e-002  3.0410117e-002
  8.5044322e+002  3.0980591e-002  3.0980591e-002  3.0980591e-002
  8.5045055e+002  3.1567501e-002  3.1567501e-002  3.1567501e-002
  8.5045787e+002  3.2171486e-002  3.2171486e-002  3.2171486e-002
  8.5046520e+002  3.2793162e-002  3.2793162e-002  3.2793162e-002
  8.5047253e+002  3.3433137e-002  3.3433137e-002  3.3433137e-002
  8.5047985e+002  3.4092038e-002  3.4092038e-002  3.4092038e-002
  8.5048718e+002  3.4770612e-002  3.4770612e-002  3.4770612e-002
  8.5049450e+002  3.5469661e-002  3.5469661e-002  3.5469661e-002
  8.5050183e+002  3.6189989e-002  3.6189989e-002  3.6189989e-002
  8.5050916e+002  3.6932391e-002  3.6932391e-002  3.6932391e-002
  8.5051648e+002  3.7697663e-002  3.7697663e-002  3.7697663e-002
  8.5052381e+002  3.8486617e-002  3.8486617e-002  3.8486617e-002
  8.5053113e+002  3.9300195e-002  3.9300195e-002  3.9300195e-002
  8.5053846e+002  4.0139403e-002  4.0139403e-002  4.0139403e-002
  8.5054579e+002  4.1005236e-002  4.1005236e-002  4.1005236e-002
  8.5055311e+002  4.1898634e-002  4.1898634e-002  4.1898634e-002
  8.5056044e+002  4.2820508e-002  4.2820508e-002  4.2820508e-002
  8.5056776e+002  4.3771796e-002  4.3771796e-002  4.3771796e-002
  8.5057509e+002  4.4753657e-002  4.4753657e-002  4.4753657e-002
  8.5058242e+002  4.5767349e-002  4.5767349e-002  4.5767349e-002
  8.5058974e+002  4.6814131e-002  4.6814131e-002  4.6814131e-002
  8.5059707e+002  4.7895256e-002  4.7895256e-002  4.7895256e-002
  8.5060439e+002  4.9011979e-002  4.9011979e-002  4.9011979e-002
  8.5061172e+002  5.0165554e-002  5.0165554e-002  5.0165554e-002
  8.5061905e+002  5.1357269e-002  5.1357269e-002  5.1357269e-002
  8.5062637e+002  5.2588423e-002  5.2588423e-002  5.2588423e-002
  8.5063370e+002  5.3860332e-002  5.3860332e-002  5.3860332e-002
  8.5064102e+002  5.5174426e-002  5.5174426e-002  5.5174426e-002
  8.5064835e+002  5.6532187e-002  5.6532187e-002  5.6532187e-002
  8.5065568e+002  5.7935113e-002  5.7935113e-002  5.7935113e-002
  8.5066300e+002  5.9384784e-002  5.9384784e-002  5.9384784e-002
  8.5067033e+002  6.0882823e-002  6.0882823e-002  6.0882823e-002
  8.5067765e+002  6.2430841e-002  6.2430841e-002  6.2430841e-002
  8.5068498e+002  6.4030331e-002  6.4030331e-002  6.4030331e-002
  8.5069231e+002  6.5682730e-002  6.5682730e-002  6.5682730e-002
  8.5069963e+002  6.7389508e-002  6.7389508e-002  6.7389508e-002
  8.5070696e+002  6.9152394e-002  6.9152394e-002  6.9152394e-002
  8.5071428e+002  7.0973248e-002  7.0973248e-002  7.0973248e-002
  8.5072161e+002  7.2853898e-002  7.2853898e-002  7.2853898e-002
  8.5072894e+002  7.4795931e-002  7.4795931e-002  7.4795931e-002
  8.5073626e+002  7.6800816e-002  7.6800816e-002  7.6800816e-002
  8.5074359e+002  7.8870034e-002  7.8870034e-002  7.8870034e-002
  8.5075091e+002  8.1005208e-002  8.1005208e-002  8.1005208e-002
  8.5075824e+002  8.3208028e-002  8.3208028e-002  8.3208028e-002
  8.5076557e+002  8.5480162e-002  8.5480162e-002  8.5480162e-002
  8.5077289e+002  8.7823079e-002  8.7823079e-002  8.7823079e-002
  8.5078022e+002  9.0238151e-002  9.0238151e-002  9.0238151e-002
  8.5078754e+002  9.2726746e-002  9.2726746e-002  9.2726746e-002
  8.5079487e+002  9.5290197e-002  9.5290197e-002  9.5290197e-002
  8.5080220e+002  9.7929827e-002  9.7929827e-002  9.7929827e-002
  8.5080952e+002  1.0064693e-001  1.0064693e-001  1.0064693e-001
  8.5081685e+002  1.0344254e-001  1.0344254e-001  1.0344254e-001
  8.5082417e+002  1.0631759e-001  1.0631759e-001  1.0631759e-001
  8.5083150e+002  1.0927298e-001  1.0927298e-001  1.0927298e-001
  8.5083883e+002  1.1230949e-001  1.1230949e-001  1.1230949e-001
  8.5084615e+002  1.1542787e-001  1.1542787e-001  1.1542787e-001
  8.5085348e+002  1.1862878e-001  1.1862878e-001  1.1862878e-001
  8.5086080e+002  1.2191249e-001  1.2191249e-001  1.2191249e-001
  8.5086813e+002  1.2527906e-001  1.2527906e-001  1.2527906e-001
  8.5087546e+002  1.2872848e-001  1.2872848e-001  1.2872848e-001
  8.5088278e+002  1.3226055e-001  1.3226055e-001  1.3226055e-001
  8.5089011e+002  1.3587491e-001  1.3587491e-001  1.3587491e-001
  8.5089743e+002  1.3957112e-001  1.3957112e-001  1.3957112e-001
  8.5090476e+002  1.4334828e-001  1.4334828e-001  1.4334828e-001
  8.5091209e+002  1.4720519e-001  1.4720519e-001  1.4720519e-001
  8.5091941e+002  1.5114059e-001  1.5114059e-001  1.5114059e-001
  8.5092674e+002  1.5515300e-001  1.5515300e-001  1.5515300e-001
  8.5093406e+002  1.5924072e-001  1.5924072e-001  1.5924072e-001
  8.5094139e+002  1.6340202e-001  1.6340202e-001  1.6340202e-001
  8.5094872e+002  1.6763446e-001  1.6763446e-001  1.6763446e-001
  8.5095604e+002  1.7193519e-001  1.7193519e-001  1.7193519e-001
  8.5096337e+002  1.7630134e-001  1.7630134e-001  1.7630134e-001
  8.5097069e+002  1.8072969e-001  1.8072969e-001  1.8072969e-001
  8.5097802e+002  1.8521680e-001  1.8521680e-001  1.8521680e-001
  8.5098535e+002  1.8975916e-001  1.8975916e-001  1.8975916e-001
  8.5099267e+002  1.9435264e-001  1.9435264e-001  1.9435264e-001
  8.5100000e+002  1.9899278e-001  1.9899278e-001  1.9899278e-001
  8.5100732e+002  2.0367504e-001  2.0367504e-001  2.0367504e-001
  8.5101465e+002  2.0839430e-001  2.0839430e-001  2.0839430e-001
  8.5102198e+002  2.1314512e-001  2.1314512e-001  2.1314512e-001
  8.5102930e+002  2.1792204e-001  2.1792204e-001  2.1792204e-001
  8.5103663e+002  2.2271917e-001  2.2271917e-001  2.2271917e-001
  8.5104395e+002  2.2753045e-001  2.2753045e-001  2.2753045e-001
  8.5105128e+002  2.3234971e-001  2.3234971e-001  2.3234971e-001
  8.5105861e+002  2.3717031e-001  2.3717031e-001  2.3717031e-001
  8.5106593e+002  2.4198529e-001  2.4198529e-001  2.4198529e-001
  8.5107326e+002  2.4678765e-001  2.4678765e-001  2.4678765e-001
  8.5108058e+002  2.5156999e-001  2.5156999e-001  2.5156999e-001
  8.5108791e+002  2.5632469e-001  2.5632469e-001  2.5632469e-001
  8.5109524e+002  2.6104410e-001  2.6104410e-001  2.6104410e-001
  8.5110256e+002  2.6572038e-001  2.6572038e-001  2.6572038e-001
  8.5110989e+002  2.7034556e-001  2.7034556e-001  2.7034556e-001
  8.5111721e+002  2.7491166e-001  2.7491166e-001  2.7491166e-001
  8.5112454e+002  2.7941047e-001  2.7941047e-001  2.7941047e-001
  8.5113187e+002  2.8383365e-001  2.8383365e-001  2.8383365e-001
  8.5113919e+002  2.8817289e-001  2.8817289e-001  2.8817289e-001
  8.5114652e+002  2.9241995e-001  2.9241995e-001  2.9241995e-001
  8.5115384e+002  2.9656663e-001  2.9656663e-001  2.9656663e-001
  8.5116117e+002  3.0060476e-001  3.0060476e-001  3.0060476e-001
  8.5116850e+002  3.0452626e-001  3.0452626e-001  3.0452626e-001
  8.5117582e+002  3.0832310e-001  3.0832310e-001  3.0832310e-001
  8.5118315e+002  3.1198729e-001  3.1198729e-001  3.1198729e-001
  8.5119047e+002  3.1551112e-001  3.1551112e-001  3.1551112e-001
  8.5119780e+002  3.1888705e-001  3.1888705e-001  3.1888705e-001
  8.5120513e+002  3.2210758e-001  3.2210758e-001  3.2210758e-001
  8.5121245e+002  3.2516572e-001  3.2516572e-001  3.2516572e-001
  8.5121978e+002  3.2805482e-001  3.2805482e-001  3.2805482e-001
  8.5122710e+002  3.3076825e-001  3.3076825e-001  3.3076825e-001
  8.5123443e+002  3.3329999e-001  3.3329999e-001  3.3329999e-001
  8.5124176e+002  3.3564441e-001  3.3564441e-001  3.3564441e-001
  8.5124908e+002  3.3779590e-001  3.3779590e-001  3.3779590e-001
  8.5125641e+002  3.3974955e-001  3.3974955e-001  3.3974955e-001
  8.5126373e+002  3.4150083e-001  3.4150083e-001  3.4150083e-001
  8.5127106e+002  3.4304531e-001  3.4304531e-001  3.4304531e-001
  8.5127839e+002  3.4437953e-001  3.4437953e-001  3.4437953e-001
  8.5128571e+002  3.4550065e-001  3.4550065e-001  3.4550065e-001
  8.5129304e+002  3.4640588e-001  3.4640588e-001  3.4640588e-001
  8.5130036e+002  3.4709316e-001  3.4709316e-001  3.4709316e-001
  8.5130769e+002  3.4756083e-001  3.4756083e-001  3.4756083e-001
  8.5131502e+002  3.4780737e-001  3.4780737e-001  3.4780737e-001
  8.5132234e+002  3.4783228e-001  3.4783228e-001  3.4783228e-001
  8.5132967e+002  3.4763569e-001  3.4763569e-001  3.4763569e-001
  8.5133699e+002  3.4721785e-001  3.4721785e-001  3.4721785e-001
  8.5134432e+002  3.4657993e-001  3.4657993e-001  3.4657993e-001
  8.5135165e+002  3.4572368e-001  3.4572368e-001  3.4572368e-001
  8.5135897e+002  3.4465096e-001  3.4465096e-001  3.4465096e-001
  8.5136630e+002  3.4336438e-001  3.4336438e-001  3.4336438e-001
  8.5137362e+002  3.4186703e-001  3.4186703e-001  3.4186703e-001
  8.5138095e+002  3.4016213e-001  3.4016213e-001  3.4016213e-001
  8.5138828e+002  3.3825371e-001  3.3825371e-001  3.3825371e-001
  8.5139560e+002  3.3614639e-001  3.3614639e-001  3.3614639e-001
  8.5140293e+002  3.3384483e-001  3.3384483e-001  3.3384483e-001
  8.5141025e+002  3.3135450e-001  3.3135450e-001  3.3135450e-001
  8.5141758e+002  3.2868134e-001  3.2868134e-001  3.2868134e-001
  8.5142491e+002  3.2583136e-001  3.2583136e-001  3.2583136e-001
  8.5143223e+002  3.2281093e-001  3.2281093e-001  3.2281093e-001
  8.5143956e+002  3.1962668e-001  3.1962668e-001  3.1962668e-001
  8.5144688e+002  3.1628529e-001  3.1628529e-001  3.1628529e-001
  8.5145421e+002  3.1279411e-001  3.1279411e-001  3.1279411e-001
  8.5146154e+002  3.0916088e-001  3.0916088e-001  3.0916088e-001
  8.5146886e+002  3.0539338e-001  3.0539338e-001  3.0539338e-001
  8.5147619e+002  3.0149947e-001  3.0149947e-001  3.0149947e-001
  8.5148351e+002  2.9748708e-001  2.9748708e-001  2.9748708e-001
  8.5149084e+002  2.9336417e-001  2.9336417e-001  2.9336417e-001
  8.5149817e+002  2.8913891e-001  2.8913891e-001  2.8913891e-001
  8.5150549e+002  2.8481962e-001  2.8481962e-001  2.8481962e-001
  8.5151282e+002  2.8041463e-001  2.8041463e-001  2.8041463e-001
  8.5152014e+002  2.7593221e-001  2.7593221e-001  2.7593221e-001
  8.5152747e+002  2.7138061e-001  2.7138061e-001  2.7138061e-001
  8.5153480e+002  2.6676807e-001  2.6676807e-001  2.6676807e-001
  8.5154212e+002  2.6210267e-001  2.6210267e-001  2.6210267e-001
  8.5154945e+002  2.5739239e-001  2.5739239e-001  2.5739239e-001
  8.5155677e+002  2.5264519e-001  2.5264519e-001  2.5264519e-001
  8.5156410e+002  2.4786873e-001  2.4786873e-001  2.4786873e-001
  8.5157143e+002  2.4307049e-001  2.4307049e-001  2.4307049e-001
  8.5157875e+002  2.3825789e-001  2.3825789e-001  2.3825789e-001
  8.5158608e+002  2.3343802e-001  2.3343802e-001  2.3343802e-001
  8.5159340e+002  2.2861773e-001  2.2861773e-001  2.2861773e-001
  8.5160073e+002  2.2380385e-001  2.2380385e-001  2.2380385e-001
  8.5160806e+002  2.1900278e-001  2.1900278e-001  2.1900278e-001
  8.5161538e+002  2.1422066e-001  2.1422066e-001  2.1422066e-001
  8.5162271e+002  2.0946358e-001  2.0946358e-001  2.0946358e-001
  8.5163003e+002  2.0473711e-001  2.0473711e-001  2.0473711e-001
  8.5163736e+002  2.0004641e-001  2.0004641e-001  2.0004641e-001
  8.5164469e+002  1.9539663e-001  1.9539663e-001  1.9539663e-001
  8.5165201e+002  1.9079246e-001  1.9079246e-001  1.9079246e-001
  8.5165934e+002  1.8623826e-001  1.8623826e-001  1.8623826e-001
  8.5166666e+002  1.8173837e-001  1.8173837e-001  1.8173837e-001
  8.5167399e+002  1.7729656e-001  1.7729656e-001  1.7729656e-001
  8.5168132e+002  1.7291624e-001  1.7291624e-001  1.7291624e-001
  8.5168864e+002  1.6860078e-001  1.6860078e-001  1.6860078e-001
  8.5169597e+002  1.6435305e-001  1.6435305e-001  1.6435305e-001
  8.5170329e+002  1.6017559e-001  1.6017559e-001  1.6017559e-001
  8.5171062e+002  1.5607088e-001  1.5607088e-001  1.5607088e-001
  8.5171795e+002  1.5204103e-001  1.5204103e-001  1.5204103e-001
  8.5172527e+002  1.4808790e-001  1.4808790e-001  1.4808790e-001
  8.5173260e+002  1.4421327e-001  1.4421327e-001  1.4421327e-001
  8.5173992e+002  1.4041840e-001  1.4041840e-001  1.4041840e-001
  8.5174725e+002  1.3670411e-001  1.3670411e-001  1.3670411e-001
  8.5175458e+002  1.3307124e-001  1.3307124e-001  1.3307124e-001
  8.5176190e+002  1.2952045e-001  1.2952045e-001  1.2952045e-001
  8.5176923e+002  1.2605228e-001  1.2605228e-001  1.2605228e-001
  8.5177655e+002  1.2266726e-001  1.2266726e-001  1.2266726e-001
  8.5178388e+002  1.1936533e-001  1.1936533e-001  1.1936533e-001
  8.5179121e+002  1.1614608e-001  1.1614608e-001  1.1614608e-001
  8.5179853e+002  1.1300906e-001  1.1300906e-001  1.1300906e-001
  8.5180586e+002  1.0995383e-001  1.0995383e-001  1.0995383e-001
  8.5181318e+002  1.0697992e-001  1.0697992e-001  1.0697992e-001
  8.5182051e+002  1.0408684e-001  1.0408684e-001  1.0408684e-001
  8.5182784e+002  1.0127367e-001  1.0127367e-001  1.0127367e-001
  8.5183516e+002  9.8539230e-002  9.8539230e-002  9.8539230e-002
  8.5184249e+002  9.5882288e-002  9.5882288e-002  9.5882288e-002
  8.5184981e+002  9.3301680e-002  9.3301680e-002  9.3301680e-002
  8.5185714e+002  9.0796264e-002  9.0796264e-002  9.0796264e-002
  8.5186447e+002  8.8364881e-002  8.8364881e-002  8.8364881e-002
  8.5187179e+002  8.6006118e-002  8.6006118e-002  8.6006118e-002
  8.5187912e+002  8.3718372e-002  8.3718372e-002  8.3718372e-002
  8.5188644e+002  8.1500039e-002  8.1500039e-002  8.1500039e-002
  8.5189377e+002  7.9349589e-002  7.9349589e-002  7.9349589e-002
  8.5190110e+002  7.7265550e-002  7.7265550e-002  7.7265550e-002
  8.5190842e+002  7.5246442e-002  7.5246442e-002  7.5246442e-002
  8.5191575e+002  7.3290639e-002  7.3290639e-002  7.3290639e-002
  8.5192307e+002  7.1396405e-002  7.1396405e-002  7.1396405e-002
  8.5193040e+002  6.9562009e-002  6.9562009e-002  6.9562009e-002
  8.5193773e+002  6.7785823e-002  6.7785823e-002  6.7785823e-002
  8.5194505e+002  6.6066301e-002  6.6066301e-002  6.6066301e-002
  8.5195238e+002  6.4401891e-002  6.4401891e-002  6.4401891e-002
  8.5195970e+002  6.2790972e-002  6.2790972e-002  6.2790972e-002
  8.5196703e+002  6.1231862e-002  6.1231862e-002  6.1231862e-002
  8.5197436e+002  5.9722888e-002  5.9722888e-002  5.9722888e-002
  8.5198168e+002  5.8262461e-002  5.8262461e-002  5.8262461e-002
  8.5198901e+002  5.6849066e-002  5.6849066e-002  5.6849066e-002
  8.5199633e+002  5.5481187e-002  5.5481187e-002  5.5481187e-002
  8.5200366e+002  5.4157325e-002  5.4157325e-002  5.4157325e-002
  8.5201099e+002  5.2875990e-002  5.2875990e-002  5.2875990e-002
  8.5201831e+002  5.1635702e-002  5.1635702e-002  5.1635702e-002
  8.5202564e+002  5.0435134e-002  5.0435134e-002  5.0435134e-002
  8.5203296e+002  4.9273073e-002  4.9273073e-002  4.9273073e-002
  8.5204029e+002  4.8148307e-002  4.8148307e-002  4.8148307e-002
  8.5204762e+002  4.7059497e-002  4.7059497e-002  4.7059497e-002
  8.5205494e+002  4.6005209e-002  4.6005209e-002  4.6005209e-002
  8.5206227e+002  4.4984019e-002  4.4984019e-002  4.4984019e-002
  8.5206959e+002  4.3994748e-002  4.3994748e-002  4.3994748e-002
  8.5207692e+002  4.3036407e-002  4.3036407e-002  4.3036407e-002
  8.5208425e+002  4.2108011e-002  4.2108011e-002  4.2108011e-002
  8.5209157e+002  4.1208514e-002  4.1208514e-002  4.1208514e-002
  8.5209890e+002  4.0336819e-002  4.0336819e-002  4.0336819e-002
  8.5210622e+002  3.9491833e-002  3.9491833e-002  3.9491833e-002
  8.5211355e+002  3.8672567e-002  3.8672567e-002  3.8672567e-002
  8.5212088e+002  3.7878116e-002  3.7878116e-002  3.7878116e-002
  8.5212820e+002  3.7107580e-002  3.7107580e-002  3.7107580e-002
  8.5213553e+002  3.6360097e-002  3.6360097e-002  3.6360097e-002
  8.5214285e+002  3.5634835e-002  3.5634835e-002  3.5634835e-002
  8.5215018e+002  3.4930967e-002  3.4930967e-002  3.4930967e-002
  8.5215751e+002  3.4247700e-002  3.4247700e-002  3.4247700e-002
  8.5216483e+002  3.3584270e-002  3.3584270e-002  3.3584270e-002
  8.5217216e+002  3.2939920e-002  3.2939920e-002  3.2939920e-002
  8.5217948e+002  3.2314004e-002  3.2314004e-002  3.2314004e-002
  8.5218681e+002  3.1705974e-002  3.1705974e-002  3.1705974e-002
  8.5219414e+002  3.1115276e-002  3.1115276e-002  3.1115276e-002
  8.5220146e+002  3.0541257e-002  3.0541257e-002  3.0541257e-002
  8.5220879e+002  2.9983179e-002  2.9983179e-002  2.9983179e-002
  8.5221611e+002  2.9440313e-002  2.9440313e-002  2.9440313e-002
  8.5222344e+002  2.8912123e-002  2.8912123e-002  2.8912123e-002
  8.5223077e+002  2.8398232e-002  2.8398232e-002  2.8398232e-002
  8.5223809e+002  2.7898267e-002  2.7898267e-002  2.7898267e-002
  8.5224542e+002  2.7411758e-002  2.7411758e-002  2.7411758e-002
  8.5225274e+002  2.6938157e-002  2.6938157e-002  2.6938157e-002
  8.5226007e+002  2.6476917e-002  2.6476917e-002  2.6476917e-002
  8.5226740e+002  2.6027579e-002  2.6027579e-002  2.6027579e-002
  8.5227472e+002  2.5589766e-002  2.5589766e-002  2.5589766e-002
  8.5228205e+002  2.5163101e-002  2.5163101e-002  2.5163101e-002
  8.5228937e+002  2.4747227e-002  2.4747227e-002  2.4747227e-002
  8.5229670e+002  2.4341802e-002  2.4341802e-002  2.4341802e-002
  8.5230403e+002  2.3946485e-002  2.3946485e-002  2.3946485e-002
  8.5231135e+002  2.3560965e-002  2.3560965e-002  2.3560965e-002
  8.5231868e+002  2.3184950e-002  2.3184950e-002  2.3184950e-002
  8.5232600e+002  2.2818151e-002  2.2818151e-002  2.2818151e-002
  8.5233333e+002  2.2460246e-002  2.2460246e-002  2.2460246e-002
  8.5234066e+002  2.2110888e-002  2.2110888e-002  2.2110888e-002
  8.5234798e+002  2.1769732e-002  2.1769732e-002  2.1769732e-002
  8.5235531e+002  2.1436529e-002  2.1436529e-002  2.1436529e-002
  8.5236263e+002  2.1111115e-002  2.1111115e-002  2.1111115e-002
  8.5236996e+002  2.0793323e-002  2.0793323e-002  2.0793323e-002
  8.5237729e+002  2.0482922e-002  2.0482922e-002  2.0482922e-002
  8.5238461e+002  2.0179617e-002  2.0179617e-002  2.0179617e-002
  8.5239194e+002  1.9883115e-002  1.9883115e-002  1.9883115e-002
  8.5239926e+002  1.9593210e-002  1.9593210e-002  1.9593210e-002
  8.5240659e+002  1.9309766e-002  1.9309766e-002  1.9309766e-002
  8.5241392e+002  1.9032650e-002  1.9032650e-002  1.9032650e-002
  8.5242124e+002  1.8761647e-002  1.8761647e-002  1.8761647e-002
  8.5242857e+002  1.8496471e-002  1.8496471e-002  1.8496471e-002
  8.5243589e+002  1.8236839e-002  1.8236839e-002  1.8236839e-002
  8.5244322e+002  1.7982612e-002  1.7982612e-002  1.7982612e-002
  8.5245055e+002  1.7733780e-002  1.7733780e-002  1.7733780e-002
  8.5245787e+002  1.7490334e-002  1.7490334e-002  1.7490334e-002
  8.5246520e+002  1.7252141e-002  1.7252141e-002  1.7252141e-002
  8.5247252e+002  1.7018959e-002  1.7018959e-002  1.7018959e-002
  8.5247985e+002  1.6790540e-002  1.6790540e-002  1.6790540e-002
  8.5248718e+002  1.6566710e-002  1.6566710e-002  1.6566710e-002
  8.5249450e+002  1.6347356e-002  1.6347356e-002  1.6347356e-002
  8.5250183e+002  1.6132371e-002  1.6132371e-002  1.6132371e-002
  8.5250915e+002  1.5921675e-002  1.5921675e-002  1.5921675e-002
  8.5251648e+002  1.5715212e-002  1.5715212e-002  1.5715212e-002
  8.5252381e+002  1.5512923e-002  1.5512923e-002  1.5512923e-002
  8.5253113e+002  1.5314665e-002  1.5314665e-002  1.5314665e-002
  8.5253846e+002  1.5120215e-002  1.5120215e-002  1.5120215e-002
  8.5254578e+002  1.4929353e-002  1.4929353e-002  1.4929353e-002
  8.5255311e+002  1.4741986e-002  1.4741986e-002  1.4741986e-002
  8.5256044e+002  1.4558148e-002  1.4558148e-002  1.4558148e-002
  8.5256776e+002  1.4377872e-002  1.4377872e-002  1.4377872e-002
  8.5257509e+002  1.4201121e-002  1.4201121e-002  1.4201121e-002
  8.5258241e+002  1.4027793e-002  1.4027793e-002  1.4027793e-002
  8.5258974e+002  1.3857780e-002  1.3857780e-002  1.3857780e-002
  8.5259707e+002  1.3690946e-002  1.3690946e-002  1.3690946e-002
  8.5260439e+002  1.3527124e-002  1.3527124e-002  1.3527124e-002
  8.5261172e+002  1.3366154e-002  1.3366154e-002  1.3366154e-002
  8.5261904e+002  1.3207969e-002  1.3207969e-002  1.3207969e-002
  8.5262637e+002  1.3052599e-002  1.3052599e-002  1.3052599e-002
  8.5263370e+002  1.2900073e-002  1.2900073e-002  1.2900073e-002
  8.5264102e+002  1.2750331e-002  1.2750331e-002  1.2750331e-002
  8.5264835e+002  1.2603227e-002  1.2603227e-002  1.2603227e-002
  8.5265567e+002  1.2458612e-002  1.2458612e-002  1.2458612e-002
  8.5266300e+002  1.2316420e-002  1.2316420e-002  1.2316420e-002
  8.5267033e+002  1.2176665e-002  1.2176665e-002  1.2176665e-002
  8.5267765e+002  1.2039360e-002  1.2039360e-002  1.2039360e-002
  8.5268498e+002  1.1904465e-002  1.1904465e-002  1.1904465e-002
  8.5269230e+002  1.1771879e-002  1.1771879e-002  1.1771879e-002
  8.5269963e+002  1.1641504e-002  1.1641504e-002  1.1641504e-002
  8.5270696e+002  1.1513299e-002  1.1513299e-002  1.1513299e-002
  8.5271428e+002  1.1387280e-002  1.1387280e-002  1.1387280e-002
  8.5272161e+002  1.1263463e-002  1.1263463e-002  1.1263463e-002
  8.5272893e+002  1.1141779e-002  1.1141779e-002  1.1141779e-002
  8.5273626e+002  1.1022070e-002  1.1022070e-002  1.1022070e-002
  8.5274359e+002  1.0904179e-002  1.0904179e-002  1.0904179e-002
  8.5275091e+002  1.0788059e-002  1.0788059e-002  1.0788059e-002
  8.5275824e+002  1.0673779e-002  1.0673779e-002  1.0673779e-002
  8.5276556e+002  1.0561408e-002  1.0561408e-002  1.0561408e-002
  8.5277289e+002  1.0450918e-002  1.0450918e-002  1.0450918e-002
  8.5278022e+002  1.0342185e-002  1.0342185e-002  1.0342185e-002
  8.5278754e+002  1.0235080e-002  1.0235080e-002  1.0235080e-002
  8.5279487e+002  1.0129577e-002  1.0129577e-002  1.0129577e-002
  8.5280219e+002  1.0025751e-002  1.0025751e-002  1.0025751e-002
  8.5280952e+002  9.9236773e-003  9.9236773e-003  9.9236773e-003
  8.5281685e+002  9.8233046e-003  9.8233046e-003  9.8233046e-003
  8.5282417e+002  9.7244485e-003  9.7244485e-003  9.7244485e-003
  8.5283150e+002  9.6269239e-003  9.6269239e-003  9.6269239e-003
  8.5283882e+002  9.5306945e-003  9.5306945e-003  9.5306945e-003
  8.5284615e+002  9.4358818e-003  9.4358818e-003  9.4358818e-003
  8.5285348e+002  9.3426099e-003  9.3426099e-003  9.3426099e-003
  8.5286080e+002  9.2508782e-003  9.2508782e-003  9.2508782e-003
  8.5286813e+002  9.1605527e-003  9.1605527e-003  9.1605527e-003
  8.5287545e+002  9.0714966e-003  9.0714966e-003  9.0714966e-003
  8.5288278e+002  8.9836671e-003  8.9836671e-003  8.9836671e-003
  8.5289011e+002  8.8971227e-003  8.8971227e-003  8.8971227e-003
  8.5289743e+002  8.8119242e-003  8.8119242e-003  8.8119242e-003
  8.5290476e+002  8.7280504e-003  8.7280504e-003  8.7280504e-003
  8.5291208e+002  8.6453917e-003  8.6453917e-003  8.6453917e-003
  8.5291941e+002  8.5638365e-003  8.5638365e-003  8.5638365e-003
  8.5292674e+002  8.4833356e-003  8.4833356e-003  8.4833356e-003
  8.5293406e+002  8.4039092e-003  8.4039092e-003  8.4039092e-003
  8.5294139e+002  8.3255805e-003  8.3255805e-003  8.3255805e-003
  8.5294871e+002  8.2483715e-003  8.2483715e-003  8.2483715e-003
  8.5295604e+002  8.1723029e-003  8.1723029e-003  8.1723029e-003
  8.5296337e+002  8.0973930e-003  8.0973930e-003  8.0973930e-003
  8.5297069e+002  8.0236032e-003  8.0236032e-003  8.0236032e-003
  8.5297802e+002  7.9508316e-003  7.9508316e-003  7.9508316e-003
  8.5298534e+002  7.8789749e-003  7.8789749e-003  7.8789749e-003
  8.5299267e+002  7.8079918e-003  7.8079918e-003  7.8079918e-003
  8.5300000e+002  7.7379104e-003  7.7379104e-003  7.7379104e-003
  8.5300732e+002  7.6687613e-003  7.6687613e-003  7.6687613e-003
  8.5301465e+002  7.6005518e-003  7.6005518e-003  7.6005518e-003
  8.5302197e+002  7.5332619e-003  7.5332619e-003  7.5332619e-003
  8.5302930e+002  7.4668716e-003  7.4668716e-003  7.4668716e-003
  8.5303663e+002  7.4013942e-003  7.4013942e-003  7.4013942e-003
  8.5304395e+002  7.3368808e-003  7.3368808e-003  7.3368808e-003
  8.5305128e+002  7.2733810e-003  7.2733810e-003  7.2733810e-003
  8.5305860e+002  7.2108353e-003  7.2108353e-003  7.2108353e-003
  8.5306593e+002  7.1490586e-003  7.1490586e-003  7.1490586e-003
  8.5307326e+002  7.0878644e-003  7.0878644e-003  7.0878644e-003
  8.5308058e+002  7.0272221e-003  7.0272221e-003  7.0272221e-003
  8.5308791e+002  6.9672818e-003  6.9672818e-003  6.9672818e-003
  8.5309523e+002  6.9082002e-003  6.9082002e-003  6.9082002e-003
  8.5310256e+002  6.8500281e-003  6.8500281e-003  6.8500281e-003
  8.5310989e+002  6.7926931e-003  6.7926931e-003  6.7926931e-003
  8.5311721e+002  6.7361166e-003  6.7361166e-003  6.7361166e-003
  8.5312454e+002  6.6802429e-003  6.6802429e-003  6.6802429e-003
  8.5313186e+002  6.6250431e-003  6.6250431e-003  6.6250431e-003
  8.5313919e+002  6.5704905e-003  6.5704905e-003  6.5704905e-003
  8.5314652e+002  6.5165718e-003  6.5165718e-003  6.5165718e-003
  8.5315384e+002  6.4632898e-003  6.4632898e-003  6.4632898e-003
  8.5316117e+002  6.4106484e-003  6.4106484e-003  6.4106484e-003
  8.5316849e+002  6.3586550e-003  6.3586550e-003  6.3586550e-003
  8.5317582e+002  6.3073219e-003  6.3073219e-003  6.3073219e-003
  8.5318315e+002  6.2566605e-003  6.2566605e-003  6.2566605e-003
  8.5319047e+002  6.2066539e-003  6.2066539e-003  6.2066539e-003
  8.5319780e+002  6.1572510e-003  6.1572510e-003  6.1572510e-003
  8.5320512e+002  6.1083996e-003  6.1083996e-003  6.1083996e-003
  8.5321245e+002  6.0600771e-003  6.0600771e-003  6.0600771e-003
  8.5321978e+002  6.0122967e-003  6.0122967e-003  6.0122967e-003
  8.5322710e+002  5.9650734e-003  5.9650734e-003  5.9650734e-003
  8.5323443e+002  5.9184120e-003  5.9184120e-003  5.9184120e-003
  8.5324175e+002  5.8723052e-003  5.8723052e-003  5.8723052e-003
  8.5324908e+002  5.8267452e-003  5.8267452e-003  5.8267452e-003
  8.5325641e+002  5.7817351e-003  5.7817351e-003  5.7817351e-003
  8.5326373e+002  5.7372912e-003  5.7372912e-003  5.7372912e-003
  8.5327106e+002  5.6934295e-003  5.6934295e-003  5.6934295e-003
  8.5327838e+002  5.6501334e-003  5.6501334e-003  5.6501334e-003
  8.5328571e+002  5.6073449e-003  5.6073449e-003  5.6073449e-003
  8.5329304e+002  5.5650047e-003  5.5650047e-003  5.5650047e-003
  8.5330036e+002  5.5230962e-003  5.5230962e-003  5.5230962e-003
  8.5330769e+002  5.4816561e-003  5.4816561e-003  5.4816561e-003
  8.5331501e+002  5.4407227e-003  5.4407227e-003  5.4407227e-003
  8.5332234e+002  5.4002754e-003  5.4002754e-003  5.4002754e-003
  8.5332967e+002  5.3602196e-003  5.3602196e-003  5.3602196e-003
  8.5333699e+002  5.3204587e-003  5.3204587e-003  5.3204587e-003
  8.5334432e+002  5.2810110e-003  5.2810110e-003  5.2810110e-003
  8.5335164e+002  5.2420407e-003  5.2420407e-003  5.2420407e-003
  8.5335897e+002  5.2037169e-003  5.2037169e-003  5.2037169e-003
  8.5336630e+002  5.1660418e-003  5.1660418e-003  5.1660418e-003
  8.5337362e+002  5.1288042e-003  5.1288042e-003  5.1288042e-003
  8.5338095e+002  5.0917829e-003  5.0917829e-003  5.0917829e-003
  8.5338827e+002  5.0549232e-003  5.0549232e-003  5.0549232e-003
  8.5339560e+002  5.0183848e-003  5.0183848e-003  5.0183848e-003
  8.5340293e+002  4.9823386e-003  4.9823386e-003  4.9823386e-003
  8.5341025e+002  4.9468417e-003  4.9468417e-003  4.9468417e-003
  8.5341758e+002  4.9118033e-003  4.9118033e-003  4.9118033e-003
  8.5342490e+002  4.8771237e-003  4.8771237e-003  4.8771237e-003
  8.5343223e+002  4.8427640e-003  4.8427640e-003  4.8427640e-003
  8.5343956e+002  4.8087638e-003  4.8087638e-003  4.8087638e-003
  8.5344688e+002  4.7751670e-003  4.7751670e-003  4.7751670e-003
  8.5345421e+002  4.7419663e-003  4.7419663e-003  4.7419663e-003
  8.5346153e+002  4.7090868e-003  4.7090868e-003  4.7090868e-003
  8.5346886e+002  4.6764504e-003  4.6764504e-003  4.6764504e-003
  8.5347619e+002  4.6440480e-003  4.6440480e-003  4.6440480e-003
  8.5348351e+002  4.6119620e-003  4.6119620e-003  4.6119620e-003
  8.5349084e+002  4.5802791e-003  4.5802791e-003  4.5802791e-003
  8.5349816e+002  4.5490136e-003  4.5490136e-003  4.5490136e-003
  8.5350549e+002  4.5180819e-003  4.5180819e-003  4.5180819e-003
  8.5351282e+002  4.4873953e-003  4.4873953e-003  4.4873953e-003
  8.5352014e+002  4.4569372e-003  4.4569372e-003  4.4569372e-003
  8.5352747e+002  4.4267893e-003  4.4267893e-003  4.4267893e-003
  8.5353479e+002  4.3970387e-003  4.3970387e-003  4.3970387e-003
  8.5354212e+002  4.3677048e-003  4.3677048e-003  4.3677048e-003
  8.5354945e+002  4.3387152e-003  4.3387152e-003  4.3387152e-003
  8.5355677e+002  4.3099919e-003  4.3099919e-003  4.3099919e-003
  8.5356410e+002  4.2815058e-003  4.2815058e-003  4.2815058e-003
  8.5357142e+002  4.2532953e-003  4.2532953e-003  4.2532953e-003
  8.5357875e+002  4.2254024e-003  4.2254024e-003  4.2254024e-003
  8.5358608e+002  4.1978146e-003  4.1978146e-003  4.1978146e-003
  8.5359340e+002  4.1704435e-003  4.1704435e-003  4.1704435e-003
  8.5360073e+002  4.1431973e-003  4.1431973e-003  4.1431973e-003
  8.5360805e+002  4.1160799e-003  4.1160799e-003  4.1160799e-003
  8.5361538e+002  4.0892291e-003  4.0892291e-003  4.0892291e-003
  8.5362271e+002  4.0627906e-003  4.0627906e-003  4.0627906e-003
  8.5363003e+002  4.0368008e-003  4.0368008e-003  4.0368008e-003
  8.5363736e+002  4.0111435e-003  4.0111435e-003  4.0111435e-003
  8.5364468e+002  3.9856915e-003  3.9856915e-003  3.9856915e-003
  8.5365201e+002  3.9603662e-003  3.9603662e-003  3.9603662e-003
  8.5365934e+002  3.9351572e-003  3.9351572e-003  3.9351572e-003
  8.5366666e+002  3.9100609e-003  3.9100609e-003  3.9100609e-003
  8.5367399e+002  3.8851333e-003  3.8851333e-003  3.8851333e-003
  8.5368131e+002  3.8605156e-003  3.8605156e-003  3.8605156e-003
  8.5368864e+002  3.8363531e-003  3.8363531e-003  3.8363531e-003
  8.5369597e+002  3.8126488e-003  3.8126488e-003  3.8126488e-003
  8.5370329e+002  3.7892010e-003  3.7892010e-003  3.7892010e-003
  8.5371062e+002  3.7657950e-003  3.7657950e-003  3.7657950e-003
  8.5371794e+002  3.7423653e-003  3.7423653e-003  3.7423653e-003
  8.5372527e+002  3.7190638e-003  3.7190638e-003  3.7190638e-003
  8.5373260e+002  3.6960577e-003  3.6960577e-003  3.6960577e-003
  8.5373992e+002  3.6734149e-003  3.6734149e-003  3.6734149e-003
  8.5374725e+002  3.6510578e-003  3.6510578e-003  3.6510578e-003
  8.5375457e+002  3.6288981e-003  3.6288981e-003  3.6288981e-003
  8.5376190e+002  3.6068825e-003  3.6068825e-003  3.6068825e-003
  8.5376923e+002  3.5850092e-003  3.5850092e-003  3.5850092e-003
  8.5377655e+002  3.5632815e-003  3.5632815e-003  3.5632815e-003
  8.5378388e+002  3.5417313e-003  3.5417313e-003  3.5417313e-003
  8.5379120e+002  3.5204341e-003  3.5204341e-003  3.5204341e-003
  8.5379853e+002  3.4994674e-003  3.4994674e-003  3.4994674e-003
  8.5380586e+002  3.4788283e-003  3.4788283e-003  3.4788283e-003
  8.5381318e+002  3.4583929e-003  3.4583929e-003  3.4583929e-003
  8.5382051e+002  3.4380292e-003  3.4380292e-003  3.4380292e-003
  8.5382783e+002  3.4176877e-003  3.4176877e-003  3.4176877e-003
  8.5383516e+002  3.3974445e-003  3.3974445e-003  3.3974445e-003
  8.5384249e+002  3.3773854e-003  3.3773854e-003  3.3773854e-003
  8.5384981e+002  3.3575533e-003  3.3575533e-003  3.3575533e-003
  8.5385714e+002  3.3379262e-003  3.3379262e-003  3.3379262e-003
  8.5386446e+002  3.3184767e-003  3.3184767e-003  3.3184767e-003
  8.5387179e+002  3.2991969e-003  3.2991969e-003  3.2991969e-003
  8.5387912e+002  3.2801080e-003  3.2801080e-003  3.2801080e-003
  8.5388644e+002  3.2612334e-003  3.2612334e-003  3.2612334e-003
  8.5389377e+002  3.2425625e-003  3.2425625e-003  3.2425625e-003
  8.5390109e+002  3.2240316e-003  3.2240316e-003  3.2240316e-003
  8.5390842e+002  3.2055738e-003  3.2055738e-003  3.2055738e-003
  8.5391575e+002  3.1871702e-003  3.1871702e-003  3.1871702e-003
  8.5392307e+002  3.1688775e-003  3.1688775e-003  3.1688775e-003
  8.5393040e+002  3.1507587e-003  3.1507587e-003  3.1507587e-003
  8.5393772e+002  3.1328534e-003  3.1328534e-003  3.1328534e-003
  8.5394505e+002  3.1151639e-003  3.1151639e-003  3.1151639e-003
  8.5395238e+002  3.0976891e-003  3.0976891e-003  3.0976891e-003
  8.5395970e+002  3.0804063e-003  3.0804063e-003  3.0804063e-003
  8.5396703e+002  3.0632584e-003  3.0632584e-003  3.0632584e-003
  8.5397435e+002  3.0461858e-003  3.0461858e-003  3.0461858e-003
  8.5398168e+002  3.0291714e-003  3.0291714e-003  3.0291714e-003
  8.5398901e+002  3.0122660e-003  3.0122660e-003  3.0122660e-003
  8.5399633e+002  2.9955260e-003  2.9955260e-003  2.9955260e-003
  8.5400366e+002  2.9789939e-003  2.9789939e-003  2.9789939e-003
  8.5401098e+002  2.9626895e-003  2.9626895e-003  2.9626895e-003
  8.5401831e+002  2.9466299e-003  2.9466299e-003  2.9466299e-003
  8.5402564e+002  2.9307798e-003  2.9307798e-003  2.9307798e-003
  8.5403296e+002  2.9150193e-003  2.9150193e-003  2.9150193e-003
  8.5404029e+002  2.8992220e-003  2.8992220e-003  2.8992220e-003
  8.5404761e+002  2.8833511e-003  2.8833511e-003  2.8833511e-003
  8.5405494e+002  2.8675169e-003  2.8675169e-003  2.8675169e-003
  8.5406227e+002  2.8518427e-003  2.8518427e-003  2.8518427e-003
  8.5406959e+002  2.8364083e-003  2.8364083e-003  2.8364083e-003
  8.5407692e+002  2.8212219e-003  2.8212219e-003  2.8212219e-003
  8.5408424e+002  2.8062838e-003  2.8062838e-003  2.8062838e-003
  8.5409157e+002  2.7915490e-003  2.7915490e-003  2.7915490e-003
  8.5409890e+002  2.7768958e-003  2.7768958e-003  2.7768958e-003
  8.5410622e+002  2.7621965e-003  2.7621965e-003  2.7621965e-003
  8.5411355e+002  2.7474195e-003  2.7474195e-003  2.7474195e-003
  8.5412087e+002  2.7326945e-003  2.7326945e-003  2.7326945e-003
  8.5412820e+002  2.7181656e-003  2.7181656e-003  2.7181656e-003
  8.5413553e+002  2.7038975e-003  2.7038975e-003  2.7038975e-003
  8.5414285e+002  2.6898211e-003  2.6898211e-003  2.6898211e-003
  8.5415018e+002  2.6758546e-003  2.6758546e-003  2.6758546e-003
  8.5415750e+002  2.6619442e-003  2.6619442e-003  2.6619442e-003
  8.5416483e+002  2.6480844e-003  2.6480844e-003  2.6480844e-003
  8.5417216e+002  2.6342745e-003  2.6342745e-003  2.6342745e-003
  8.5417948e+002  2.6205439e-003  2.6205439e-003  2.6205439e-003
  8.5418681e+002  2.6069735e-003  2.6069735e-003  2.6069735e-003
  8.5419413e+002  2.5936482e-003  2.5936482e-003  2.5936482e-003
  8.5420146e+002  2.5805693e-003  2.5805693e-003  2.5805693e-003
  8.5420879e+002  2.5675931e-003  2.5675931e-003  2.5675931e-003
  8.5421611e+002  2.5545629e-003  2.5545629e-003  2.5545629e-003
  8.5422344e+002  2.5414359e-003  2.5414359e-003  2.5414359e-003
  8.5423076e+002  2.5283697e-003  2.5283697e-003  2.5283697e-003
  8.5423809e+002  2.5155402e-003  2.5155402e-003  2.5155402e-003
  8.5424542e+002  2.5030018e-003  2.5030018e-003  2.5030018e-003
  8.5425274e+002  2.4905938e-003  2.4905938e-003  2.4905938e-003
  8.5426007e+002  2.4781348e-003  2.4781348e-003  2.4781348e-003
  8.5426739e+002  2.4655670e-003  2.4655670e-003  2.4655670e-003
  8.5427472e+002  2.4530513e-003  2.4530513e-003  2.4530513e-003
  8.5428205e+002  2.4407702e-003  2.4407702e-003  2.4407702e-003
  8.5428937e+002  2.4287833e-003  2.4287833e-003  2.4287833e-003
  8.5429670e+002  2.4169308e-003  2.4169308e-003  2.4169308e-003
  8.5430402e+002  2.4050314e-003  2.4050314e-003  2.4050314e-003
  8.5431135e+002  2.3930234e-003  2.3930234e-003  2.3930234e-003
  8.5431868e+002  2.3810620e-003  2.3810620e-003  2.3810620e-003
  8.5432600e+002  2.3693239e-003  2.3693239e-003  2.3693239e-003
  8.5433333e+002  2.3578745e-003  2.3578745e-003  2.3578745e-003
  8.5434065e+002  2.3465754e-003  2.3465754e-003  2.3465754e-003
  8.5434798e+002  2.3352678e-003  2.3352678e-003  2.3352678e-003
  8.5435531e+002  2.3238753e-003  2.3238753e-003  2.3238753e-003
  8.5436263e+002  2.3124737e-003  2.3124737e-003  2.3124737e-003
  8.5436996e+002  2.3011544e-003  2.3011544e-003  2.3011544e-003
  8.5437728e+002  2.2899715e-003  2.2899715e-003  2.2899715e-003
  8.5438461e+002  2.2789091e-003  2.2789091e-003  2.2789091e-003
  8.5439194e+002  2.2679438e-003  2.2679438e-003  2.2679438e-003
  8.5439926e+002  2.2570604e-003  2.2570604e-003  2.2570604e-003
  8.5440659e+002  2.2462590e-003  2.2462590e-003  2.2462590e-003
  8.5441391e+002  2.2355415e-003  2.2355415e-003  2.2355415e-003
  8.5442124e+002  2.2249143e-003  2.2249143e-003  2.2249143e-003
  8.5442857e+002  2.2143928e-003  2.2143928e-003  2.2143928e-003
  8.5443589e+002  2.2039934e-003  2.2039934e-003  2.2039934e-003
  8.5444322e+002  2.1937052e-003  2.1937052e-003  2.1937052e-003
  8.5445054e+002  2.1834665e-003  2.1834665e-003  2.1834665e-003
  8.5445787e+002  2.1732102e-003  2.1732102e-003  2.1732102e-003
  8.5446520e+002  2.1629127e-003  2.1629127e-003  2.1629127e-003
  8.5447252e+002  2.1526334e-003  2.1526334e-003  2.1526334e-003
  8.5447985e+002  2.1424407e-003  2.1424407e-003  2.1424407e-003
  8.5448717e+002  2.1323741e-003  2.1323741e-003  2.1323741e-003
  8.5449450e+002  2.1224170e-003  2.1224170e-003  2.1224170e-003
  8.5450183e+002  2.1125468e-003  2.1125468e-003  2.1125468e-003
  8.5450915e+002  2.1027549e-003  2.1027549e-003  2.1027549e-003
  8.5451648e+002  2.0930612e-003  2.0930612e-003  2.0930612e-003
  8.5452380e+002  2.0834884e-003  2.0834884e-003  2.0834884e-003
  8.5453113e+002  2.0740305e-003  2.0740305e-003  2.0740305e-003
  8.5453846e+002  2.0646250e-003  2.0646250e-003  2.0646250e-003
  8.5454578e+002  2.0552032e-003  2.0552032e-003  2.0552032e-003
  8.5455311e+002  2.0457390e-003  2.0457390e-003  2.0457390e-003
  8.5456043e+002  2.0362914e-003  2.0362914e-003  2.0362914e-003
  8.5456776e+002  2.0269287e-003  2.0269287e-003  2.0269287e-003
  8.5457509e+002  2.0176917e-003  2.0176917e-003  2.0176917e-003
  8.5458241e+002  2.0085659e-003  2.0085659e-003  2.0085659e-003
  8.5458974e+002  1.9995301e-003  1.9995301e-003  1.9995301e-003
  8.5459706e+002  1.9905747e-003  1.9905747e-003  1.9905747e-003
  8.5460439e+002  1.9817128e-003  1.9817128e-003  1.9817128e-003
  8.5461172e+002  1.9729605e-003  1.9729605e-003  1.9729605e-003
  8.5461904e+002  1.9643156e-003  1.9643156e-003  1.9643156e-003
  8.5462637e+002  1.9557396e-003  1.9557396e-003  1.9557396e-003
  8.5463369e+002  1.9471898e-003  1.9471898e-003  1.9471898e-003
  8.5464102e+002  1.9386273e-003  1.9386273e-003  1.9386273e-003
  8.5464835e+002  1.9300221e-003  1.9300221e-003  1.9300221e-003
  8.5465567e+002  1.9213456e-003  1.9213456e-003  1.9213456e-003
  8.5466300e+002  1.9126257e-003  1.9126257e-003  1.9126257e-003
  8.5467032e+002  1.9040069e-003  1.9040069e-003  1.9040069e-003
  8.5467765e+002  1.8956476e-003  1.8956476e-003  1.8956476e-003
  8.5468498e+002  1.8875873e-003  1.8875873e-003  1.8875873e-003
  8.5469230e+002  1.8796192e-003  1.8796192e-003  1.8796192e-003
  8.5469963e+002  1.8715064e-003  1.8715064e-003  1.8715064e-003
  8.5470695e+002  1.8631535e-003  1.8631535e-003  1.8631535e-003
  8.5471428e+002  1.8547607e-003  1.8547607e-003  1.8547607e-003
  8.5472161e+002  1.8465652e-003  1.8465652e-003  1.8465652e-003
  8.5472893e+002  1.8386868e-003  1.8386868e-003  1.8386868e-003
  8.5473626e+002  1.8309976e-003  1.8309976e-003  1.8309976e-003
  8.5474358e+002  1.8233388e-003  1.8233388e-003  1.8233388e-003
  8.5475091e+002  1.8156068e-003  1.8156068e-003  1.8156068e-003
  8.5475824e+002  1.8078168e-003  1.8078168e-003  1.8078168e-003
  8.5476556e+002  1.7999990e-003  1.7999990e-003  1.7999990e-003
  8.5477289e+002  1.7921861e-003  1.7921861e-003  1.7921861e-003
  8.5478021e+002  1.7844155e-003  1.7844155e-003  1.7844155e-003
  8.5478754e+002  1.7767253e-003  1.7767253e-003  1.7767253e-003
  8.5479487e+002  1.7691431e-003  1.7691431e-003  1.7691431e-003
  8.5480219e+002  1.7616737e-003  1.7616737e-003  1.7616737e-003
  8.5480952e+002  1.7543188e-003  1.7543188e-003  1.7543188e-003
  8.5481684e+002  1.7470665e-003  1.7470665e-003  1.7470665e-003
  8.5482417e+002  1.7398755e-003  1.7398755e-003  1.7398755e-003
  8.5483150e+002  1.7327007e-003  1.7327007e-003  1.7327007e-003
  8.5483882e+002  1.7255082e-003  1.7255082e-003  1.7255082e-003
  8.5484615e+002  1.7182892e-003  1.7182892e-003  1.7182892e-003
  8.5485347e+002  1.7110384e-003  1.7110384e-003  1.7110384e-003
  8.5486080e+002  1.7037710e-003  1.7037710e-003  1.7037710e-003
  8.5486813e+002  1.6965478e-003  1.6965478e-003  1.6965478e-003
  8.5487545e+002  1.6894356e-003  1.6894356e-003  1.6894356e-003
  8.5488278e+002  1.6824603e-003  1.6824603e-003  1.6824603e-003
  8.5489010e+002  1.6755568e-003  1.6755568e-003  1.6755568e-003
  8.5489743e+002  1.6686473e-003  1.6686473e-003  1.6686473e-003
  8.5490476e+002  1.6616927e-003  1.6616927e-003  1.6616927e-003
  8.5491208e+002  1.6547404e-003  1.6547404e-003  1.6547404e-003
  8.5491941e+002  1.6478499e-003  1.6478499e-003  1.6478499e-003
  8.5492673e+002  1.6410709e-003  1.6410709e-003  1.6410709e-003
  8.5493406e+002  1.6344311e-003  1.6344311e-003  1.6344311e-003
  8.5494139e+002  1.6279550e-003  1.6279550e-003  1.6279550e-003
  8.5494871e+002  1.6216167e-003  1.6216167e-003  1.6216167e-003
  8.5495604e+002  1.6152742e-003  1.6152742e-003  1.6152742e-003
  8.5496336e+002  1.6087697e-003  1.6087697e-003  1.6087697e-003
  8.5497069e+002  1.6020542e-003  1.6020542e-003  1.6020542e-003
  8.5497802e+002  1.5953309e-003  1.5953309e-003  1.5953309e-003
  8.5498534e+002  1.5888384e-003  1.5888384e-003  1.5888384e-003
  8.5499267e+002  1.5826838e-003  1.5826838e-003  1.5826838e-003
  8.5499999e+002  1.5766672e-003  1.5766672e-003  1.5766672e-003
  8.5500732e+002  1.5705452e-003  1.5705452e-003  1.5705452e-003
  8.5501465e+002  1.5641895e-003  1.5641895e-003  1.5641895e-003
  8.5502197e+002  1.5577433e-003  1.5577433e-003  1.5577433e-003
  8.5502930e+002  1.5513887e-003  1.5513887e-003  1.5513887e-003
  8.5503662e+002  1.5452276e-003  1.5452276e-003  1.5452276e-003
  8.5504395e+002  1.5391715e-003  1.5391715e-003  1.5391715e-003
  8.5505128e+002  1.5331041e-003  1.5331041e-003  1.5331041e-003
  8.5505860e+002  1.5269666e-003  1.5269666e-003  1.5269666e-003
  8.5506593e+002  1.5208371e-003  1.5208371e-003  1.5208371e-003
  8.5507325e+002  1.5148140e-003  1.5148140e-003  1.5148140e-003
  8.5508058e+002  1.5089450e-003  1.5089450e-003  1.5089450e-003
  8.5508791e+002  1.5031554e-003  1.5031554e-003  1.5031554e-003
  8.5509523e+002  1.4973527e-003  1.4973527e-003  1.4973527e-003
  8.5510256e+002  1.4914917e-003  1.4914917e-003  1.4914917e-003
  8.5510988e+002  1.4856430e-003  1.4856430e-003  1.4856430e-003
  8.5511721e+002  1.4798944e-003  1.4798944e-003  1.4798944e-003
  8.5512454e+002  1.4742913e-003  1.4742913e-003  1.4742913e-003
  8.5513186e+002  1.4687753e-003  1.4687753e-003  1.4687753e-003
  8.5513919e+002  1.4632721e-003  1.4632721e-003  1.4632721e-003
  8.5514651e+002  1.4577330e-003  1.4577330e-003  1.4577330e-003
  8.5515384e+002  1.4521730e-003  1.4521730e-003  1.4521730e-003
  8.5516117e+002  1.4466170e-003  1.4466170e-003  1.4466170e-003
  8.5516849e+002  1.4410768e-003  1.4410768e-003  1.4410768e-003
  8.5517582e+002  1.4355328e-003  1.4355328e-003  1.4355328e-003
  8.5518314e+002  1.4299603e-003  1.4299603e-003  1.4299603e-003
  8.5519047e+002  1.4243600e-003  1.4243600e-003  1.4243600e-003
  8.5519780e+002  1.4187957e-003  1.4187957e-003  1.4187957e-003
  8.5520512e+002  1.4133413e-003  1.4133413e-003  1.4133413e-003
  8.5521245e+002  1.4080300e-003  1.4080300e-003  1.4080300e-003
  8.5521977e+002  1.4027918e-003  1.4027918e-003  1.4027918e-003
  8.5522710e+002  1.3975407e-003  1.3975407e-003  1.3975407e-003
  8.5523443e+002  1.3922340e-003  1.3922340e-003  1.3922340e-003
  8.5524175e+002  1.3869401e-003  1.3869401e-003  1.3869401e-003
  8.5524908e+002  1.3817450e-003  1.3817450e-003  1.3817450e-003
  8.5525640e+002  1.3766951e-003  1.3766951e-003  1.3766951e-003
  8.5526373e+002  1.3717329e-003  1.3717329e-003  1.3717329e-003
  8.5527106e+002  1.3667849e-003  1.3667849e-003  1.3667849e-003
  8.5527838e+002  1.3618015e-003  1.3618015e-003  1.3618015e-003
  8.5528571e+002  1.3567968e-003  1.3567968e-003  1.3567968e-003
  8.5529303e+002  1.3517951e-003  1.3517951e-003  1.3517951e-003
  8.5530036e+002  1.3468090e-003  1.3468090e-003  1.3468090e-003
  8.5530769e+002  1.3418200e-003  1.3418200e-003  1.3418200e-003
  8.5531501e+002  1.3368048e-003  1.3368048e-003  1.3368048e-003
  8.5532234e+002  1.3317627e-003  1.3317627e-003  1.3317627e-003
  8.5532966e+002  1.3267531e-003  1.3267531e-003  1.3267531e-003
  8.5533699e+002  1.3218452e-003  1.3218452e-003  1.3218452e-003
  8.5534432e+002  1.3170748e-003  1.3170748e-003  1.3170748e-003
  8.5535164e+002  1.3123875e-003  1.3123875e-003  1.3123875e-003
  8.5535897e+002  1.3077142e-003  1.3077142e-003  1.3077142e-003
  8.5536629e+002  1.3030078e-003  1.3030078e-003  1.3030078e-003
  8.5537362e+002  1.2982813e-003  1.2982813e-003  1.2982813e-003
  8.5538095e+002  1.2935577e-003  1.2935577e-003  1.2935577e-003
  8.5538827e+002  1.2888488e-003  1.2888488e-003  1.2888488e-003
  8.5539560e+002  1.2841373e-003  1.2841373e-003  1.2841373e-003
  8.5540292e+002  1.2794004e-003  1.2794004e-003  1.2794004e-003
  8.5541025e+002  1.2746369e-003  1.2746369e-003  1.2746369e-003
  8.5541758e+002  1.2699044e-003  1.2699044e-003  1.2699044e-003
  8.5542490e+002  1.2652703e-003  1.2652703e-003  1.2652703e-003
  8.5543223e+002  1.2607717e-003  1.2607717e-003  1.2607717e-003
  8.5543955e+002  1.2563599e-003  1.2563599e-003  1.2563599e-003
  8.5544688e+002  1.2519721e-003  1.2519721e-003  1.2519721e-003
  8.5545421e+002  1.2475599e-003  1.2475599e-003  1.2475599e-003
  8.5546153e+002  1.2431161e-003  1.2431161e-003  1.2431161e-003
  8.5546886e+002  1.2386409e-003  1.2386409e-003  1.2386409e-003
  8.5547618e+002  1.2341490e-003  1.2341490e-003  1.2341490e-003
  8.5548351e+002  1.2296958e-003  1.2296958e-003  1.2296958e-003
  8.5549084e+002  1.2253438e-003  1.2253438e-003  1.2253438e-003
  8.5549816e+002  1.2211261e-003  1.2211261e-003  1.2211261e-003
  8.5550549e+002  1.2169917e-003  1.2169917e-003  1.2169917e-003
  8.5551281e+002  1.2128747e-003  1.2128747e-003  1.2128747e-003
  8.5552014e+002  1.2087279e-003  1.2087279e-003  1.2087279e-003
  8.5552747e+002  1.2045582e-003  1.2045582e-003  1.2045582e-003
  8.5553479e+002  1.2003820e-003  1.2003820e-003  1.2003820e-003
  8.5554212e+002  1.1962122e-003  1.1962122e-003  1.1962122e-003
  8.5554944e+002  1.1920506e-003  1.1920506e-003  1.1920506e-003
  8.5555677e+002  1.1878972e-003  1.1878972e-003  1.1878972e-003
  8.5556410e+002  1.1837483e-003  1.1837483e-003  1.1837483e-003
  8.5557142e+002  1.1795894e-003  1.1795894e-003  1.1795894e-003
  8.5557875e+002  1.1754044e-003  1.1754044e-003  1.1754044e-003
  8.5558607e+002  1.1711949e-003  1.1711949e-003  1.1711949e-003
  8.5559340e+002  1.1670166e-003  1.1670166e-003  1.1670166e-003
  8.5560073e+002  1.1629350e-003  1.1629350e-003  1.1629350e-003
  8.5560805e+002  1.1589877e-003  1.1589877e-003  1.1589877e-003
  8.5561538e+002  1.1551290e-003  1.1551290e-003  1.1551290e-003
  8.5562270e+002  1.1512981e-003  1.1512981e-003  1.1512981e-003
  8.5563003e+002  1.1474458e-003  1.1474458e-003  1.1474458e-003
  8.5563736e+002  1.1435594e-003  1.1435594e-003  1.1435594e-003
  8.5564468e+002  1.1396326e-003  1.1396326e-003  1.1396326e-003
  8.5565201e+002  1.1356792e-003  1.1356792e-003  1.1356792e-003
  8.5565933e+002  1.1317735e-003  1.1317735e-003  1.1317735e-003
  8.5566666e+002  1.1280012e-003  1.1280012e-003  1.1280012e-003
  8.5567399e+002  1.1243967e-003  1.1243967e-003  1.1243967e-003
  8.5568131e+002  1.1208379e-003  1.1208379e-003  1.1208379e-003
  8.5568864e+002  1.1171728e-003  1.1171728e-003  1.1171728e-003
  8.5569596e+002  1.1133145e-003  1.1133145e-003  1.1133145e-003
  8.5570329e+002  1.1093775e-003  1.1093775e-003  1.1093775e-003
  8.5571062e+002  1.1055152e-003  1.1055152e-003  1.1055152e-003
  8.5571794e+002  1.1018288e-003  1.1018288e-003  1.1018288e-003
  8.5572527e+002  1.0982579e-003  1.0982579e-003  1.0982579e-003
  8.5573259e+002  1.0947111e-003  1.0947111e-003  1.0947111e-003
  8.5573992e+002  1.0911220e-003  1.0911220e-003  1.0911220e-003
  8.5574725e+002  1.0875036e-003  1.0875036e-003  1.0875036e-003
  8.5575457e+002  1.0838847e-003  1.0838847e-003  1.0838847e-003
  8.5576190e+002  1.0802832e-003  1.0802832e-003  1.0802832e-003
  8.5576922e+002  1.0766827e-003  1.0766827e-003  1.0766827e-003
  8.5577655e+002  1.0730601e-003  1.0730601e-003  1.0730601e-003
  8.5578388e+002  1.0694103e-003  1.0694103e-003  1.0694103e-003
  8.5579120e+002  1.0657856e-003  1.0657856e-003  1.0657856e-003
  8.5579853e+002  1.0622495e-003  1.0622495e-003  1.0622495e-003
  8.5580585e+002  1.0588430e-003  1.0588430e-003  1.0588430e-003
  8.5581318e+002  1.0555340e-003  1.0555340e-003  1.0555340e-003
  8.5582051e+002  1.0522756e-003  1.0522756e-003  1.0522756e-003
  8.5582783e+002  1.0490181e-003  1.0490181e-003  1.0490181e-003
  8.5583516e+002  1.0457026e-003  1.0457026e-003  1.0457026e-003
  8.5584248e+002  1.0422682e-003  1.0422682e-003  1.0422682e-003
  8.5584981e+002  1.0386877e-003  1.0386877e-003  1.0386877e-003
  8.5585714e+002  1.0350441e-003  1.0350441e-003  1.0350441e-003
  8.5586446e+002  1.0314428e-003  1.0314428e-003  1.0314428e-003
  8.5587179e+002  1.0279700e-003  1.0279700e-003  1.0279700e-003
  8.5587911e+002  1.0246469e-003  1.0246469e-003  1.0246469e-003
  8.5588644e+002  1.0214811e-003  1.0214811e-003  1.0214811e-003
  8.5589377e+002  1.0184519e-003  1.0184519e-003  1.0184519e-003
  8.5590109e+002  1.0154425e-003  1.0154425e-003  1.0154425e-003
  8.5590842e+002  1.0123161e-003  1.0123161e-003  1.0123161e-003
  8.5591574e+002  1.0089963e-003  1.0089963e-003  1.0089963e-003
  8.5592307e+002  1.0056103e-003  1.0056103e-003  1.0056103e-003
  8.5593040e+002  1.0023280e-003  1.0023280e-003  1.0023280e-003
  8.5593772e+002  9.9925253e-004  9.9925253e-004  9.9925253e-004
  8.5594505e+002  9.9625814e-004  9.9625814e-004  9.9625814e-004
  8.5595237e+002  9.9317073e-004  9.9317073e-004  9.9317073e-004
  8.5595970e+002  9.8988029e-004  9.8988029e-004  9.8988029e-004
  8.5596703e+002  9.8649685e-004  9.8649685e-004  9.8649685e-004
  8.5597435e+002  9.8317766e-004  9.8317766e-004  9.8317766e-004
  8.5598168e+002  9.8003338e-004  9.8003338e-004  9.8003338e-004
  8.5598900e+002  9.7701335e-004  9.7701335e-004  9.7701335e-004
  8.5599633e+002  9.7403201e-004  9.7403201e-004  9.7403201e-004
  8.5600366e+002  9.7102013e-004  9.7102013e-004  9.7102013e-004
  8.5601098e+002  9.6796564e-004  9.6796564e-004  9.6796564e-004
  8.5601831e+002  9.6486897e-004  9.6486897e-004  9.6486897e-004
  8.5602563e+002  9.6174625e-004  9.6174625e-004  9.6174625e-004
  8.5603296e+002  9.5866920e-004  9.5866920e-004  9.5866920e-004
  8.5604029e+002  9.5572172e-004  9.5572172e-004  9.5572172e-004
  8.5604761e+002  9.5294376e-004  9.5294376e-004  9.5294376e-004
  8.5605494e+002  9.5021862e-004  9.5021862e-004  9.5021862e-004
  8.5606226e+002  9.4739481e-004  9.4739481e-004  9.4739481e-004
  8.5606959e+002  9.4437721e-004  9.4437721e-004  9.4437721e-004
  8.5607692e+002  9.4127321e-004  9.4127321e-004  9.4127321e-004
  8.5608424e+002  9.3823565e-004  9.3823565e-004  9.3823565e-004
  8.5609157e+002  9.3537264e-004  9.3537264e-004  9.3537264e-004
  8.5609889e+002  9.3263031e-004  9.3263031e-004  9.3263031e-004
  8.5610622e+002  9.2991813e-004  9.2991813e-004  9.2991813e-004
  8.5611355e+002  9.2716654e-004  9.2716654e-004  9.2716654e-004
  8.5612087e+002  9.2438271e-004  9.2438271e-004  9.2438271e-004
  8.5612820e+002  9.2159134e-004  9.2159134e-004  9.2159134e-004
  8.5613552e+002  9.1881117e-004  9.1881117e-004  9.1881117e-004
  8.5614285e+002  9.1603902e-004  9.1603902e-004  9.1603902e-004
  8.5615018e+002  9.1326666e-004  9.1326666e-004  9.1326666e-004
  8.5615750e+002  9.1048881e-004  9.1048881e-004  9.1048881e-004
  8.5616483e+002  9.0771116e-004  9.0771116e-004  9.0771116e-004
  8.5617215e+002  9.0494193e-004  9.0494193e-004  9.0494193e-004
  8.5617948e+002  9.0218353e-004  9.0218353e-004  9.0218353e-004
  8.5618681e+002  8.9941638e-004  8.9941638e-004  8.9941638e-004
  8.5619413e+002  8.9661576e-004  8.9661576e-004  8.9661576e-004
  8.5620146e+002  8.9377724e-004  8.9377724e-004  8.9377724e-004
  8.5620878e+002  8.9097325e-004  8.9097325e-004  8.9097325e-004
  8.5621611e+002  8.8829448e-004  8.8829448e-004  8.8829448e-004
  8.5622344e+002  8.8578907e-004  8.8578907e-004  8.8578907e-004
  8.5623076e+002  8.8334256e-004  8.8334256e-004  8.8334256e-004
  8.5623809e+002  8.8080165e-004  8.8080165e-004  8.8080165e-004
  8.5624541e+002  8.7806599e-004  8.7806599e-004  8.7806599e-004
  8.5625274e+002  8.7523962e-004  8.7523962e-004  8.7523962e-004
  8.5626007e+002  8.7247583e-004  8.7247583e-004  8.7247583e-004
  8.5626739e+002  8.6988618e-004  8.6988618e-004  8.6988618e-004
  8.5627472e+002  8.6741955e-004  8.6741955e-004  8.6741955e-004
  8.5628204e+002  8.6498530e-004  8.6498530e-004  8.6498530e-004
  8.5628937e+002  8.6251232e-004  8.6251232e-004  8.6251232e-004
  8.5629670e+002  8.6000647e-004  8.6000647e-004  8.6000647e-004
  8.5630402e+002  8.5749246e-004  8.5749246e-004  8.5749246e-004
  8.5631135e+002  8.5498948e-004  8.5498948e-004  8.5498948e-004
  8.5631867e+002  8.5249474e-004  8.5249474e-004  8.5249474e-004
  8.5632600e+002  8.5000000e-004  8.5000000e-004  8.5000000e-004
  8.5633333e+002  8.4749977e-004  8.4749977e-004  8.4749977e-004
  8.5634065e+002  8.4499952e-004  8.4499952e-004  8.4499952e-004
  8.5634798e+002  8.4250746e-004  8.4250746e-004  8.4250746e-004
  8.5635530e+002  8.4002638e-004  8.4002638e-004  8.4002638e-004
  8.5636263e+002  8.3753720e-004  8.3753720e-004  8.3753720e-004
  8.5636996e+002  8.3501530e-004  8.3501530e-004  8.3501530e-004
  8.5637728e+002  8.3245487e-004  8.3245487e-004  8.3245487e-004
  8.5638461e+002  8.2992665e-004  8.2992665e-004  8.2992665e-004
  8.5639193e+002  8.2752084e-004  8.2752084e-004  8.2752084e-004
  8.5639926e+002  8.2528845e-004  8.2528845e-004  8.2528845e-004
  8.5640659e+002  8.2311924e-004  8.2311924e-004  8.2311924e-004
  8.5641391e+002  8.2086161e-004  8.2086161e-004  8.2086161e-004
  8.5642124e+002  8.1841192e-004  8.1841192e-004  8.1841192e-004
  8.5642856e+002  8.1586561e-004  8.1586561e-004  8.1586561e-004
  8.5643589e+002  8.1336967e-004  8.1336967e-004  8.1336967e-004
  8.5644322e+002  8.1103701e-004  8.1103701e-004  8.1103701e-004
  8.5645054e+002  8.0883781e-004  8.0883781e-004  8.0883781e-004
  8.5645787e+002  8.0670490e-004  8.0670490e-004  8.0670490e-004
  8.5646519e+002  8.0457180e-004  8.0457180e-004  8.0457180e-004
  8.5647252e+002  8.0237474e-004  8.0237474e-004  8.0237474e-004
  8.5647985e+002  8.0005067e-004  8.0005067e-004  8.0005067e-004
  8.5648717e+002  7.9756748e-004  7.9756748e-004  7.9756748e-004
  8.5649450e+002  7.9502477e-004  7.9502477e-004  7.9502477e-004
  8.5650182e+002  7.9255724e-004  7.9255724e-004  7.9255724e-004
  8.5650915e+002  7.9026220e-004  7.9026220e-004  7.9026220e-004
  8.5651648e+002  7.8807636e-004  7.8807636e-004  7.8807636e-004
  8.5652380e+002  7.8589329e-004  7.8589329e-004  7.8589329e-004
  8.5653113e+002  7.8363924e-004  7.8363924e-004  7.8363924e-004
  8.5653845e+002  7.8138220e-004  7.8138220e-004  7.8138220e-004
  8.5654578e+002  7.7922862e-004  7.7922862e-004  7.7922862e-004
  8.5655311e+002  7.7724828e-004  7.7724828e-004  7.7724828e-004
  8.5656043e+002  7.7535038e-004  7.7535038e-004  7.7535038e-004
  8.5656776e+002  7.7340020e-004  7.7340020e-004  7.7340020e-004
  8.5657508e+002  7.7129285e-004  7.7129285e-004  7.7129285e-004
  8.5658241e+002  7.6905512e-004  7.6905512e-004  7.6905512e-004
  8.5658974e+002  7.6675018e-004  7.6675018e-004  7.6675018e-004
  8.5659706e+002  7.6444172e-004  7.6444172e-004  7.6444172e-004
  8.5660439e+002  7.6219579e-004  7.6219579e-004  7.6219579e-004
  8.5661171e+002  7.6007909e-004  7.6007909e-004  7.6007909e-004
  8.5661904e+002  7.5812697e-004  7.5812697e-004  7.5812697e-004
  8.5662637e+002  7.5623370e-004  7.5623370e-004  7.5623370e-004
  8.5663369e+002  7.5425396e-004  7.5425396e-004  7.5425396e-004
  8.5664102e+002  7.5208499e-004  7.5208499e-004  7.5208499e-004
  8.5664834e+002  7.4981740e-004  7.4981740e-004  7.4981740e-004
  8.5665567e+002  7.4759660e-004  7.4759660e-004  7.4759660e-004
  8.5666300e+002  7.4553718e-004  7.4553718e-004  7.4553718e-004
  8.5667032e+002  7.4361247e-004  7.4361247e-004  7.4361247e-004
  8.5667765e+002  7.4175535e-004  7.4175535e-004  7.4175535e-004
  8.5668497e+002  7.3989952e-004  7.3989952e-004  7.3989952e-004
  8.5669230e+002  7.3798226e-004  7.3798226e-004  7.3798226e-004
  8.5669963e+002  7.3594193e-004  7.3594193e-004  7.3594193e-004
  8.5670695e+002  7.3374401e-004  7.3374401e-004  7.3374401e-004
  8.5671428e+002  7.3148074e-004  7.3148074e-004  7.3148074e-004
  8.5672160e+002  7.2928122e-004  7.2928122e-004  7.2928122e-004
  8.5672893e+002  7.2724430e-004  7.2724430e-004  7.2724430e-004
  8.5673626e+002  7.2532629e-004  7.2532629e-004  7.2532629e-004
  8.5674358e+002  7.2344163e-004  7.2344163e-004  7.2344163e-004
  8.5675091e+002  7.2152069e-004  7.2152069e-004  7.2152069e-004
  8.5675823e+002  7.1956955e-004  7.1956955e-004  7.1956955e-004
  8.5676556e+002  7.1761672e-004  7.1761672e-004  7.1761672e-004
  8.5677289e+002  7.1568283e-004  7.1568283e-004  7.1568283e-004
  8.5678021e+002  7.1375068e-004  7.1375068e-004  7.1375068e-004
  8.5678754e+002  7.1179176e-004  7.1179176e-004  7.1179176e-004
  8.5679486e+002  7.0979317e-004  7.0979317e-004  7.0979317e-004
  8.5680219e+002  7.0781766e-004  7.0781766e-004  7.0781766e-004
  8.5680952e+002  7.0595077e-004  7.0595077e-004  7.0595077e-004
  8.5681684e+002  7.0424892e-004  7.0424892e-004  7.0424892e-004
  8.5682417e+002  7.0262635e-004  7.0262635e-004  7.0262635e-004
  8.5683149e+002  7.0095397e-004  7.0095397e-004  7.0095397e-004
  8.5683882e+002  6.9912833e-004  6.9912833e-004  6.9912833e-004
  8.5684615e+002  6.9717217e-004  6.9717217e-004  6.9717217e-004
  8.5685347e+002  6.9514698e-004  6.9514698e-004  6.9514698e-004
  8.5686080e+002  6.9311510e-004  6.9311510e-004  6.9311510e-004
  8.5686812e+002  6.9114293e-004  6.9114293e-004  6.9114293e-004
  8.5687545e+002  6.8929814e-004  6.8929814e-004  6.8929814e-004
  8.5688278e+002  6.8762000e-004  6.8762000e-004  6.8762000e-004
  8.5689010e+002  6.8600550e-004  6.8600550e-004  6.8600550e-004
  8.5689743e+002  6.8430711e-004  6.8430711e-004  6.8430711e-004
  8.5690475e+002  6.8241655e-004  6.8241655e-004  6.8241655e-004
  8.5691208e+002  6.8042435e-004  6.8042435e-004  6.8042435e-004
  8.5691941e+002  6.7848376e-004  6.7848376e-004  6.7848376e-004
  8.5692673e+002  6.7671576e-004  6.7671576e-004  6.7671576e-004
  8.5693406e+002  6.7507658e-004  6.7507658e-004  6.7507658e-004
  8.5694138e+002  6.7346998e-004  6.7346998e-004  6.7346998e-004
  8.5694871e+002  6.7181808e-004  6.7181808e-004  6.7181808e-004
  8.5695604e+002  6.7013759e-004  6.7013759e-004  6.7013759e-004
  8.5696336e+002  6.6847564e-004  6.6847564e-004  6.6847564e-004
  8.5697069e+002  6.6686168e-004  6.6686168e-004  6.6686168e-004
  8.5697801e+002  6.6523323e-004  6.6523323e-004  6.6523323e-004
  8.5698534e+002  6.6349805e-004  6.6349805e-004  6.6349805e-004
  8.5699267e+002  6.6159269e-004  6.6159269e-004  6.6159269e-004
  8.5699999e+002  6.5960500e-004  6.5960500e-004  6.5960500e-004
  8.5700732e+002  6.5767225e-004  6.5767225e-004  6.5767225e-004
  8.5701464e+002  6.5590381e-004  6.5590381e-004  6.5590381e-004
  8.5702197e+002  6.5426081e-004  6.5426081e-004  6.5426081e-004
  8.5702930e+002  6.5265551e-004  6.5265551e-004  6.5265551e-004
  8.5703662e+002  6.5101453e-004  6.5101453e-004  6.5101453e-004
  8.5704395e+002  6.4934139e-004  6.4934139e-004  6.4934139e-004
  8.5705127e+002  6.4766517e-004  6.4766517e-004  6.4766517e-004
  8.5705860e+002  6.4600794e-004  6.4600794e-004  6.4600794e-004
  8.5706593e+002  6.4435380e-004  6.4435380e-004  6.4435380e-004
  8.5707325e+002  6.4267407e-004  6.4267407e-004  6.4267407e-004
  8.5708058e+002  6.4095388e-004  6.4095388e-004  6.4095388e-004
  8.5708790e+002  6.3925337e-004  6.3925337e-004  6.3925337e-004
  8.5709523e+002  6.3765808e-004  6.3765808e-004  6.3765808e-004
  8.5710256e+002  6.3622795e-004  6.3622795e-004  6.3622795e-004
  8.5710988e+002  6.3488215e-004  6.3488215e-004  6.3488215e-004
  8.5711721e+002  6.3349175e-004  6.3349175e-004  6.3349175e-004
  8.5712453e+002  6.3195023e-004  6.3195023e-004  6.3195023e-004
  8.5713186e+002  6.3027570e-004  6.3027570e-004  6.3027570e-004
  8.5713919e+002  6.2852918e-004  6.2852918e-004  6.2852918e-004
  8.5714651e+002  6.2677272e-004  6.2677272e-004  6.2677272e-004
  8.5715384e+002  6.2507375e-004  6.2507375e-004  6.2507375e-004
  8.5716116e+002  6.2350157e-004  6.2350157e-004  6.2350157e-004
  8.5716849e+002  6.2209968e-004  6.2209968e-004  6.2209968e-004
  8.5717582e+002  6.2076559e-004  6.2076559e-004  6.2076559e-004
  8.5718314e+002  6.1934567e-004  6.1934567e-004  6.1934567e-004
  8.5719047e+002  6.1772406e-004  6.1772406e-004  6.1772406e-004
  8.5719779e+002  6.1600059e-004  6.1600059e-004  6.1600059e-004
  8.5720512e+002  6.1435139e-004  6.1435139e-004  6.1435139e-004
  8.5721245e+002  6.1291203e-004  6.1291203e-004  6.1291203e-004
  8.5721977e+002  6.1158415e-004  6.1158415e-004  6.1158415e-004
  8.5722710e+002  6.1018592e-004  6.1018592e-004  6.1018592e-004
  8.5723442e+002  6.0857633e-004  6.0857633e-004  6.0857633e-004
  8.5724175e+002  6.0685198e-004  6.0685198e-004  6.0685198e-004
  8.5724908e+002  6.0519503e-004  6.0519503e-004  6.0519503e-004
  8.5725640e+002  6.0374767e-004  6.0374767e-004  6.0374767e-004
  8.5726373e+002  6.0241742e-004  6.0241742e-004  6.0241742e-004
  8.5727105e+002  6.0102656e-004  6.0102656e-004  6.0102656e-004
  8.5727838e+002  5.9943440e-004  5.9943440e-004  5.9943440e-004
  8.5728571e+002  5.9772016e-004  5.9772016e-004  5.9772016e-004
  8.5729303e+002  5.9604355e-004  5.9604355e-004  5.9604355e-004
  8.5730036e+002  5.9453697e-004  5.9453697e-004  5.9453697e-004
  8.5730768e+002  5.9316879e-004  5.9316879e-004  5.9316879e-004
  8.5731501e+002  5.9184681e-004  5.9184681e-004  5.9184681e-004
  8.5732234e+002  5.9049134e-004  5.9049134e-004  5.9049134e-004
  8.5732966e+002  5.8909874e-004  5.8909874e-004  5.8909874e-004
  8.5733699e+002  5.8769368e-004  5.8769368e-004  5.8769368e-004
  8.5734431e+002  5.8629757e-004  5.8629757e-004  5.8629757e-004
  8.5735164e+002  5.8491142e-004  5.8491142e-004  5.8491142e-004
  8.5735897e+002  5.8352862e-004  5.8352862e-004  5.8352862e-004
  8.5736629e+002  5.8214342e-004  5.8214342e-004  5.8214342e-004
  8.5737362e+002  5.8075555e-004  5.8075555e-004  5.8075555e-004
  8.5738094e+002  5.7936681e-004  5.7936681e-004  5.7936681e-004
  8.5738827e+002  5.7797876e-004  5.7797876e-004  5.7797876e-004
  8.5739560e+002  5.7659141e-004  5.7659141e-004  5.7659141e-004
  8.5740292e+002  5.7520416e-004  5.7520416e-004  5.7520416e-004
  8.5741025e+002  5.7381654e-004  5.7381654e-004  5.7381654e-004
  8.5741757e+002  5.7242881e-004  5.7242881e-004  5.7242881e-004
  8.5742490e+002  5.7104156e-004  5.7104156e-004  5.7104156e-004
  8.5743223e+002  5.6965509e-004  5.6965509e-004  5.6965509e-004
  8.5743955e+002  5.6826833e-004  5.6826833e-004  5.6826833e-004
  8.5744688e+002  5.6687963e-004  5.6687963e-004  5.6687963e-004
  8.5745420e+002  5.6548811e-004  5.6548811e-004  5.6548811e-004
  8.5746153e+002  5.6409786e-004  5.6409786e-004  5.6409786e-004
  8.5746886e+002  5.6271491e-004  5.6271491e-004  5.6271491e-004
  8.5747618e+002  5.6134243e-004  5.6134243e-004  5.6134243e-004
  8.5748351e+002  5.5996524e-004  5.5996524e-004  5.5996524e-004
  8.5749083e+002  5.5856085e-004  5.5856085e-004  5.5856085e-004
  8.5749816e+002  5.5711734e-004  5.5711734e-004  5.5711734e-004
  8.5750549e+002  5.5569120e-004  5.5569120e-004  5.5569120e-004
  8.5751281e+002  5.5436628e-004  5.5436628e-004  5.5436628e-004
  8.5752014e+002  5.5320567e-004  5.5320567e-004  5.5320567e-004
  8.5752746e+002  5.5213596e-004  5.5213596e-004  5.5213596e-004
  8.5753479e+002  5.5102874e-004  5.5102874e-004  5.5102874e-004
  8.5754212e+002  5.4977387e-004  5.4977387e-004  5.4977387e-004
  8.5754944e+002  5.4838279e-004  5.4838279e-004  5.4838279e-004
  8.5755677e+002  5.4691635e-004  5.4691635e-004  5.4691635e-004
  8.5756409e+002  5.4543633e-004  5.4543633e-004  5.4543633e-004
  8.5757142e+002  5.4400978e-004  5.4400978e-004  5.4400978e-004
  8.5757875e+002  5.4270588e-004  5.4270588e-004  5.4270588e-004
  8.5758607e+002  5.4157272e-004  5.4157272e-004  5.4157272e-004
  8.5759340e+002  5.4051614e-004  5.4051614e-004  5.4051614e-004
  8.5760072e+002  5.3938316e-004  5.3938316e-004  5.3938316e-004
  8.5760805e+002  5.3805137e-004  5.3805137e-004  5.3805137e-004
  8.5761538e+002  5.3660746e-004  5.3660746e-004  5.3660746e-004
  8.5762270e+002  5.3522527e-004  5.3522527e-004  5.3522527e-004
  8.5763003e+002  5.3404662e-004  5.3404662e-004  5.3404662e-004
  8.5763735e+002  5.3299108e-004  5.3299108e-004  5.3299108e-004
  8.5764468e+002  5.3188484e-004  5.3188484e-004  5.3188484e-004
  8.5765201e+002  5.3058381e-004  5.3058381e-004  5.3058381e-004
  8.5765933e+002  5.2915244e-004  5.2915244e-004  5.2915244e-004
  8.5766666e+002  5.2774357e-004  5.2774357e-004  5.2774357e-004
  8.5767398e+002  5.2649013e-004  5.2649013e-004  5.2649013e-004
  8.5768131e+002  5.2538364e-004  5.2538364e-004  5.2538364e-004
  8.5768864e+002  5.2435512e-004  5.2435512e-004  5.2435512e-004
  8.5769596e+002  5.2333612e-004  5.2333612e-004  5.2333612e-004
  8.5770329e+002  5.2226338e-004  5.2226338e-004  5.2226338e-004
  8.5771061e+002  5.2107590e-004  5.2107590e-004  5.2107590e-004
  8.5771794e+002  5.1972954e-004  5.1972954e-004  5.1972954e-004
  8.5772527e+002  5.1830034e-004  5.1830034e-004  5.1830034e-004
  8.5773259e+002  5.1691663e-004  5.1691663e-004  5.1691663e-004
  8.5773992e+002  5.1568830e-004  5.1568830e-004  5.1568830e-004
  8.5774724e+002  5.1459067e-004  5.1459067e-004  5.1459067e-004
  8.5775457e+002  5.1354008e-004  5.1354008e-004  5.1354008e-004
  8.5776190e+002  5.1246186e-004  5.1246186e-004  5.1246186e-004
  8.5776922e+002  5.1134862e-004  5.1134862e-004  5.1134862e-004
  8.5777655e+002  5.1022270e-004  5.1022270e-004  5.1022270e-004
  8.5778387e+002  5.0910415e-004  5.0910415e-004  5.0910415e-004
  8.5779120e+002  5.0799500e-004  5.0799500e-004  5.0799500e-004
  8.5779853e+002  5.0688926e-004  5.0688926e-004  5.0688926e-004
  8.5780585e+002  5.0578156e-004  5.0578156e-004  5.0578156e-004
  8.5781318e+002  5.0467134e-004  5.0467134e-004  5.0467134e-004
  8.5782050e+002  5.0356020e-004  5.0356020e-004  5.0356020e-004
  8.5782783e+002  5.0244959e-004  5.0244959e-004  5.0244959e-004
  8.5783516e+002  5.0133965e-004  5.0133965e-004  5.0133965e-004
  8.5784248e+002  5.0022995e-004  5.0022995e-004  5.0022995e-004
  8.5784981e+002  4.9912009e-004  4.9912009e-004  4.9912009e-004
  8.5785713e+002  4.9801006e-004  4.9801006e-004  4.9801006e-004
  8.5786446e+002  4.9690000e-004  4.9690000e-004  4.9690000e-004
  8.5787179e+002  4.9579003e-004  4.9579003e-004  4.9579003e-004
  8.5787911e+002  4.9468010e-004  4.9468010e-004  4.9468010e-004
  8.5788644e+002  4.9357004e-004  4.9357004e-004  4.9357004e-004
  8.5789376e+002  4.9245977e-004  4.9245977e-004  4.9245977e-004
  8.5790109e+002  4.9134955e-004  4.9134955e-004  4.9134955e-004
  8.5790842e+002  4.9023983e-004  4.9023983e-004  4.9023983e-004
  8.5791574e+002  4.8913088e-004  4.8913088e-004  4.8913088e-004
  8.5792307e+002  4.8802169e-004  4.8802169e-004  4.8802169e-004
  8.5793039e+002  4.8691064e-004  4.8691064e-004  4.8691064e-004
  8.5793772e+002  4.8579672e-004  4.8579672e-004  4.8579672e-004
  8.5794505e+002  4.8468369e-004  4.8468369e-004  4.8468369e-004
  8.5795237e+002  4.8357759e-004  4.8357759e-004  4.8357759e-004
  8.5795970e+002  4.8248220e-004  4.8248220e-004  4.8248220e-004
  8.5796702e+002  4.8138353e-004  4.8138353e-004  4.8138353e-004
  8.5797435e+002  4.8025911e-004  4.8025911e-004  4.8025911e-004
  8.5798168e+002  4.7909467e-004  4.7909467e-004  4.7909467e-004
  8.5798900e+002  4.7794222e-004  4.7794222e-004  4.7794222e-004
  8.5799633e+002  4.7688562e-004  4.7688562e-004  4.7688562e-004
  8.5800365e+002  4.7599262e-004  4.7599262e-004  4.7599262e-004
  8.5801098e+002  4.7519866e-004  4.7519866e-004  4.7519866e-004
  8.5801831e+002  4.7437502e-004  4.7437502e-004  4.7437502e-004
  8.5802563e+002  4.7340712e-004  4.7340712e-004  4.7340712e-004
  8.5803296e+002  4.7229954e-004  4.7229954e-004  4.7229954e-004
  8.5804028e+002  4.7111508e-004  4.7111508e-004  4.7111508e-004
  8.5804761e+002  4.6991678e-004  4.6991678e-004  4.6991678e-004
  8.5805494e+002  4.6876627e-004  4.6876627e-004  4.6876627e-004
  8.5806226e+002  4.6772451e-004  4.6772451e-004  4.6772451e-004
  8.5806959e+002  4.6683891e-004  4.6683891e-004  4.6683891e-004
  8.5807691e+002  4.6604371e-004  4.6604371e-004  4.6604371e-004
  8.5808424e+002  4.6521694e-004  4.6521694e-004  4.6521694e-004
  8.5809157e+002  4.6424949e-004  4.6424949e-004  4.6424949e-004
  8.5809889e+002  4.6314419e-004  4.6314419e-004  4.6314419e-004
  8.5810622e+002  4.6195995e-004  4.6195995e-004  4.6195995e-004
  8.5811354e+002  4.6075687e-004  4.6075687e-004  4.6075687e-004
  8.5812087e+002  4.5960136e-004  4.5960136e-004  4.5960136e-004
  8.5812820e+002  4.5856303e-004  4.5856303e-004  4.5856303e-004
  8.5813552e+002  4.5769563e-004  4.5769563e-004  4.5769563e-004
  8.5814285e+002  4.5691611e-004  4.5691611e-004  4.5691611e-004
  8.5815017e+002  4.5607177e-004  4.5607177e-004  4.5607177e-004
  8.5815750e+002  4.5503243e-004  4.5503243e-004  4.5503243e-004
  8.5816483e+002  4.5386840e-004  4.5386840e-004  4.5386840e-004
  8.5817215e+002  4.5275302e-004  4.5275302e-004  4.5275302e-004
  8.5817948e+002  4.5183619e-004  4.5183619e-004  4.5183619e-004
  8.5818680e+002  4.5105494e-004  4.5105494e-004  4.5105494e-004
  8.5819413e+002  4.5023604e-004  4.5023604e-004  4.5023604e-004
  8.5820146e+002  4.4922784e-004  4.4922784e-004  4.4922784e-004
  8.5820878e+002  4.4807841e-004  4.4807841e-004  4.4807841e-004
  8.5821611e+002  4.4694009e-004  4.4694009e-004  4.4694009e-004
  8.5822343e+002  4.4595101e-004  4.4595101e-004  4.4595101e-004
  8.5823076e+002  4.4511360e-004  4.4511360e-004  4.4511360e-004
  8.5823809e+002  4.4435887e-004  4.4435887e-004  4.4435887e-004
  8.5824541e+002  4.4361788e-004  4.4361788e-004  4.4361788e-004
  8.5825274e+002  4.4282793e-004  4.4282793e-004  4.4282793e-004
  8.5826006e+002  4.4192963e-004  4.4192963e-004  4.4192963e-004
  8.5826739e+002  4.4087572e-004  4.4087572e-004  4.4087572e-004
  8.5827472e+002  4.3972905e-004  4.3972905e-004  4.3972905e-004
  8.5828204e+002  4.3861144e-004  4.3861144e-004  4.3861144e-004
  8.5828937e+002  4.3763328e-004  4.3763328e-004  4.3763328e-004
  8.5829669e+002  4.3679404e-004  4.3679404e-004  4.3679404e-004
  8.5830402e+002  4.3603336e-004  4.3603336e-004  4.3603336e-004
  8.5831135e+002  4.3529012e-004  4.3529012e-004  4.3529012e-004
  8.5831867e+002  4.3450188e-004  4.3450188e-004  4.3450188e-004
  8.5832600e+002  4.3360546e-004  4.3360546e-004  4.3360546e-004
  8.5833332e+002  4.3254995e-004  4.3254995e-004  4.3254995e-004
  8.5834065e+002  4.3140026e-004  4.3140026e-004  4.3140026e-004
  8.5834798e+002  4.3028485e-004  4.3028485e-004  4.3028485e-004
  8.5835530e+002  4.2931935e-004  4.2931935e-004  4.2931935e-004
  8.5836263e+002  4.2849139e-004  4.2849139e-004  4.2849139e-004
  8.5836995e+002  4.2771775e-004  4.2771775e-004  4.2771775e-004
  8.5837728e+002  4.2692110e-004  4.2692110e-004  4.2692110e-004
  8.5838461e+002  4.2608768e-004  4.2608768e-004  4.2608768e-004
  8.5839193e+002  4.2523920e-004  4.2523920e-004  4.2523920e-004
  8.5839926e+002  4.2439610e-004  4.2439610e-004  4.2439610e-004
  8.5840658e+002  4.2356300e-004  4.2356300e-004  4.2356300e-004
  8.5841391e+002  4.2273561e-004  4.2273561e-004  4.2273561e-004
  8.5842124e+002  4.2190952e-004  4.2190952e-004  4.2190952e-004
  8.5842856e+002  4.2108026e-004  4.2108026e-004  4.2108026e-004
  8.5843589e+002  4.2024334e-004  4.2024334e-004  4.2024334e-004
  8.5844321e+002  4.1939586e-004  4.1939586e-004  4.1939586e-004
  8.5845054e+002  4.1855097e-004  4.1855097e-004  4.1855097e-004
  8.5845787e+002  4.1773096e-004  4.1773096e-004  4.1773096e-004
  8.5846519e+002  4.1695187e-004  4.1695187e-004  4.1695187e-004
  8.5847252e+002  4.1616583e-004  4.1616583e-004  4.1616583e-004
  8.5847984e+002  4.1528815e-004  4.1528815e-004  4.1528815e-004
  8.5848717e+002  4.1424650e-004  4.1424650e-004  4.1424650e-004
  8.5849450e+002  4.1309817e-004  4.1309817e-004  4.1309817e-004
  8.5850182e+002  4.1197568e-004  4.1197568e-004  4.1197568e-004
  8.5850915e+002  4.1100021e-004  4.1100021e-004  4.1100021e-004
  8.5851647e+002  4.1016695e-004  4.1016695e-004  4.1016695e-004
  8.5852380e+002  4.0939728e-004  4.0939728e-004  4.0939728e-004
  8.5853113e+002  4.0861624e-004  4.0861624e-004  4.0861624e-004
  8.5853845e+002  4.0779575e-004  4.0779575e-004  4.0779575e-004
  8.5854578e+002  4.0693546e-004  4.0693546e-004  4.0693546e-004
  8.5855310e+002  4.0603985e-004  4.0603985e-004  4.0603985e-004
  8.5856043e+002  4.0516021e-004  4.0516021e-004  4.0516021e-004
  8.5856776e+002  4.0437570e-004  4.0437570e-004  4.0437570e-004
  8.5857508e+002  4.0375400e-004  4.0375400e-004  4.0375400e-004
  8.5858241e+002  4.0323770e-004  4.0323770e-004  4.0323770e-004
  8.5858973e+002  4.0269435e-004  4.0269435e-004  4.0269435e-004
  8.5859706e+002  4.0200246e-004  4.0200246e-004  4.0200246e-004
  8.5860439e+002  4.0116864e-004  4.0116864e-004  4.0116864e-004
  8.5861171e+002  4.0027691e-004  4.0027691e-004  4.0027691e-004
  8.5861904e+002  3.9940660e-004  3.9940660e-004  3.9940660e-004
  8.5862636e+002  3.9857415e-004  3.9857415e-004  3.9857415e-004
  8.5863369e+002  3.9775770e-004  3.9775770e-004  3.9775770e-004
  8.5864102e+002  3.9693630e-004  3.9693630e-004  3.9693630e-004
  8.5864834e+002  3.9610464e-004  3.9610464e-004  3.9610464e-004
  8.5865567e+002  3.9526711e-004  3.9526711e-004  3.9526711e-004
  8.5866299e+002  3.9442819e-004  3.9442819e-004  3.9442819e-004
  8.5867032e+002  3.9359231e-004  3.9359231e-004  3.9359231e-004
  8.5867765e+002  3.9276389e-004  3.9276389e-004  3.9276389e-004
  8.5868497e+002  3.9194593e-004  3.9194593e-004  3.9194593e-004
  8.5869230e+002  3.9112608e-004  3.9112608e-004  3.9112608e-004
  8.5869962e+002  3.9028241e-004  3.9028241e-004  3.9028241e-004
  8.5870695e+002  3.8939829e-004  3.8939829e-004  3.8939829e-004
  8.5871428e+002  3.8851841e-004  3.8851841e-004  3.8851841e-004
  8.5872160e+002  3.8772615e-004  3.8772615e-004  3.8772615e-004
  8.5872893e+002  3.8709464e-004  3.8709464e-004  3.8709464e-004
  8.5873625e+002  3.8657408e-004  3.8657408e-004  3.8657408e-004
  8.5874358e+002  3.8603662e-004  3.8603662e-004  3.8603662e-004
  8.5875091e+002  3.8536278e-004  3.8536278e-004  3.8536278e-004
  8.5875823e+002  3.8454376e-004  3.8454376e-004  3.8454376e-004
  8.5876556e+002  3.8364161e-004  3.8364161e-004  3.8364161e-004
  8.5877288e+002  3.8271939e-004  3.8271939e-004  3.8271939e-004
  8.5878021e+002  3.8183892e-004  3.8183892e-004  3.8183892e-004
  8.5878754e+002  3.8106116e-004  3.8106116e-004  3.8106116e-004
  8.5879486e+002  3.8043817e-004  3.8043817e-004  3.8043817e-004
  8.5880219e+002  3.7991695e-004  3.7991695e-004  3.7991695e-004
  8.5880951e+002  3.7937626e-004  3.7937626e-004  3.7937626e-004
  8.5881684e+002  3.7870242e-004  3.7870242e-004  3.7870242e-004
  8.5882417e+002  3.7788560e-004  3.7788560e-004  3.7788560e-004
  8.5883149e+002  3.7698408e-004  3.7698408e-004  3.7698408e-004
  8.5883882e+002  3.7605781e-004  3.7605781e-004  3.7605781e-004
  8.5884614e+002  3.7517223e-004  3.7517223e-004  3.7517223e-004
  8.5885347e+002  3.7439648e-004  3.7439648e-004  3.7439648e-004
  8.5886080e+002  3.7378944e-004  3.7378944e-004  3.7378944e-004
  8.5886812e+002  3.7328456e-004  3.7328456e-004  3.7328456e-004
  8.5887545e+002  3.7273172e-004  3.7273172e-004  3.7273172e-004
  8.5888277e+002  3.7199404e-004  3.7199404e-004  3.7199404e-004
  8.5889010e+002  3.7111573e-004  3.7111573e-004  3.7111573e-004
  8.5889743e+002  3.7026254e-004  3.7026254e-004  3.7026254e-004
  8.5890475e+002  3.6958798e-004  3.6958798e-004  3.6958798e-004
  8.5891208e+002  3.6906522e-004  3.6906522e-004  3.6906522e-004
  8.5891940e+002  3.6854534e-004  3.6854534e-004  3.6854534e-004
  8.5892673e+002  3.6788694e-004  3.6788694e-004  3.6788694e-004
  8.5893406e+002  3.6707188e-004  3.6707188e-004  3.6707188e-004
  8.5894138e+002  3.6616613e-004  3.6616613e-004  3.6616613e-004
  8.5894871e+002  3.6523718e-004  3.6523718e-004  3.6523718e-004
  8.5895603e+002  3.6435135e-004  3.6435135e-004  3.6435135e-004
  8.5896336e+002  3.6357415e-004  3.6357415e-004  3.6357415e-004
  8.5897069e+002  3.6296189e-004  3.6296189e-004  3.6296189e-004
  8.5897801e+002  3.6245301e-004  3.6245301e-004  3.6245301e-004
  8.5898534e+002  3.6190423e-004  3.6190423e-004  3.6190423e-004
  8.5899266e+002  3.6118311e-004  3.6118311e-004  3.6118311e-004
  8.5899999e+002  3.6031909e-004  3.6031909e-004  3.6031909e-004
  8.5900732e+002  3.5945478e-004  3.5945478e-004  3.5945478e-004
  8.5901464e+002  3.5872618e-004  3.5872618e-004  3.5872618e-004
  8.5902197e+002  3.5815206e-004  3.5815206e-004  3.5815206e-004
  8.5902929e+002  3.5766868e-004  3.5766868e-004  3.5766868e-004
  8.5903662e+002  3.5721045e-004  3.5721045e-004  3.5721045e-004
  8.5904395e+002  3.5671063e-004  3.5671063e-004  3.5671063e-004
  8.5905127e+002  3.5610165e-004  3.5610165e-004  3.5610165e-004
  8.5905860e+002  3.5532494e-004  3.5532494e-004  3.5532494e-004
  8.5906592e+002  3.5444310e-004  3.5444310e-004  3.5444310e-004
  8.5907325e+002  3.5360545e-004  3.5360545e-004  3.5360545e-004
  8.5908058e+002  3.5295024e-004  3.5295024e-004  3.5295024e-004
  8.5908790e+002  3.5243946e-004  3.5243946e-004  3.5243946e-004
  8.5909523e+002  3.5190793e-004  3.5190793e-004  3.5190793e-004
  8.5910255e+002  3.5120045e-004  3.5120045e-004  3.5120045e-004
  8.5910988e+002  3.5033772e-004  3.5033772e-004  3.5033772e-004
  8.5911721e+002  3.4946832e-004  3.4946832e-004  3.4946832e-004
  8.5912453e+002  3.4873504e-004  3.4873504e-004  3.4873504e-004
  8.5913186e+002  3.4815984e-004  3.4815984e-004  3.4815984e-004
  8.5913918e+002  3.4767611e-004  3.4767611e-004  3.4767611e-004
  8.5914651e+002  3.4721550e-004  3.4721550e-004  3.4721550e-004
  8.5915384e+002  3.4671352e-004  3.4671352e-004  3.4671352e-004
  8.5916116e+002  3.4610854e-004  3.4610854e-004  3.4610854e-004
  8.5916849e+002  3.4534636e-004  3.4534636e-004  3.4534636e-004
  8.5917581e+002  3.4447742e-004  3.4447742e-004  3.4447742e-004
  8.5918314e+002  3.4363009e-004  3.4363009e-004  3.4363009e-004
  8.5919047e+002  3.4292629e-004  3.4292629e-004  3.4292629e-004
  8.5919779e+002  3.4236807e-004  3.4236807e-004  3.4236807e-004
  8.5920512e+002  3.4186749e-004  3.4186749e-004  3.4186749e-004
  8.5921244e+002  3.4133951e-004  3.4133951e-004  3.4133951e-004
  8.5921977e+002  3.4077263e-004  3.4077263e-004  3.4077263e-004
  8.5922710e+002  3.4021106e-004  3.4021106e-004  3.4021106e-004
  8.5923442e+002  3.3969531e-004  3.3969531e-004  3.3969531e-004
  8.5924175e+002  3.3919143e-004  3.3919143e-004  3.3919143e-004
  8.5924907e+002  3.3860871e-004  3.3860871e-004  3.3860871e-004
  8.5925640e+002  3.3786330e-004  3.3786330e-004  3.3786330e-004
  8.5926373e+002  3.3699567e-004  3.3699567e-004  3.3699567e-004
  8.5927105e+002  3.3614178e-004  3.3614178e-004  3.3614178e-004
  8.5927838e+002  3.3543186e-004  3.3543186e-004  3.3543186e-004
  8.5928570e+002  3.3487216e-004  3.3487216e-004  3.3487216e-004
  8.5929303e+002  3.3437292e-004  3.3437292e-004  3.3437292e-004
  8.5930036e+002  3.3384670e-004  3.3384670e-004  3.3384670e-004
  8.5930768e+002  3.3328018e-004  3.3328018e-004  3.3328018e-004
  8.5931501e+002  3.3271783e-004  3.3271783e-004  3.3271783e-004
  8.5932233e+002  3.3220095e-004  3.3220095e-004  3.3220095e-004
  8.5932966e+002  3.3169718e-004  3.3169718e-004  3.3169718e-004
  8.5933699e+002  3.3111621e-004  3.3111621e-004  3.3111621e-004
  8.5934431e+002  3.3037394e-004  3.3037394e-004  3.3037394e-004
  8.5935164e+002  3.2950798e-004  3.2950798e-004  3.2950798e-004
  8.5935896e+002  3.2865251e-004  3.2865251e-004  3.2865251e-004
  8.5936629e+002  3.2793687e-004  3.2793687e-004  3.2793687e-004
  8.5937362e+002  3.2737214e-004  3.2737214e-004  3.2737214e-004
  8.5938094e+002  3.2687484e-004  3.2687484e-004  3.2687484e-004
  8.5938827e+002  3.2636242e-004  3.2636242e-004  3.2636242e-004
  8.5939559e+002  3.2581012e-004  3.2581012e-004  3.2581012e-004
  8.5940292e+002  3.2523968e-004  3.2523968e-004  3.2523968e-004
  8.5941025e+002  3.2467323e-004  3.2467323e-004  3.2467323e-004
  8.5941757e+002  3.2411749e-004  3.2411749e-004  3.2411749e-004
  8.5942490e+002  3.2356662e-004  3.2356662e-004  3.2356662e-004
  8.5943222e+002  3.2301470e-004  3.2301470e-004  3.2301470e-004
  8.5943955e+002  3.2245990e-004  3.2245990e-004  3.2245990e-004
  8.5944688e+002  3.2190380e-004  3.2190380e-004  3.2190380e-004
  8.5945420e+002  3.2134797e-004  3.2134797e-004  3.2134797e-004
  8.5946153e+002  3.2079291e-004  3.2079291e-004  3.2079291e-004
  8.5946885e+002  3.2023821e-004  3.2023821e-004  3.2023821e-004
  8.5947618e+002  3.1968343e-004  3.1968343e-004  3.1968343e-004
  8.5948351e+002  3.1912845e-004  3.1912845e-004  3.1912845e-004
  8.5949083e+002  3.1857337e-004  3.1857337e-004  3.1857337e-004
  8.5949816e+002  3.1801831e-004  3.1801831e-004  3.1801831e-004
  8.5950548e+002  3.1746330e-004  3.1746330e-004  3.1746330e-004
  8.5951281e+002  3.1690832e-004  3.1690832e-004  3.1690832e-004
  8.5952014e+002  3.1635334e-004  3.1635334e-004  3.1635334e-004
  8.5952746e+002  3.1579834e-004  3.1579834e-004  3.1579834e-004
  8.5953479e+002  3.1524334e-004  3.1524334e-004  3.1524334e-004
  8.5954211e+002  3.1468833e-004  3.1468833e-004  3.1468833e-004
  8.5954944e+002  3.1413333e-004  3.1413333e-004  3.1413333e-004
  8.5955677e+002  3.1357833e-004  3.1357833e-004  3.1357833e-004
  8.5956409e+002  3.1302333e-004  3.1302333e-004  3.1302333e-004
  8.5957142e+002  3.1246833e-004  3.1246833e-004  3.1246833e-004
  8.5957874e+002  3.1191333e-004  3.1191333e-004  3.1191333e-004
  8.5958607e+002  3.1135833e-004  3.1135833e-004  3.1135833e-004
  8.5959340e+002  3.1080333e-004  3.1080333e-004  3.1080333e-004
  8.5960072e+002  3.1024833e-004  3.1024833e-004  3.1024833e-004
  8.5960805e+002  3.0969334e-004  3.0969334e-004  3.0969334e-004
  8.5961537e+002  3.0913834e-004  3.0913834e-004  3.0913834e-004
  8.5962270e+002  3.0858334e-004  3.0858334e-004  3.0858334e-004
  8.5963003e+002  3.0802832e-004  3.0802832e-004  3.0802832e-004
  8.5963735e+002  3.0747330e-004  3.0747330e-004  3.0747330e-004
  8.5964468e+002  3.0691831e-004  3.0691831e-004  3.0691831e-004
  8.5965200e+002  3.0636338e-004  3.0636338e-004  3.0636338e-004
  8.5965933e+002  3.0580845e-004  3.0580845e-004  3.0580845e-004
  8.5966666e+002  3.0525342e-004  3.0525342e-004  3.0525342e-004
  8.5967398e+002  3.0469817e-004  3.0469817e-004  3.0469817e-004
  8.5968131e+002  3.0414290e-004  3.0414290e-004  3.0414290e-004
  8.5968863e+002  3.0358802e-004  3.0358802e-004  3.0358802e-004
  8.5969596e+002  3.0303393e-004  3.0303393e-004  3.0303393e-004
  8.5970329e+002  3.0247997e-004  3.0247997e-004  3.0247997e-004
  8.5971061e+002  3.0192451e-004  3.0192451e-004  3.0192451e-004
  8.5971794e+002  3.0136611e-004  3.0136611e-004  3.0136611e-004
  8.5972526e+002  3.0080725e-004  3.0080725e-004  3.0080725e-004
  8.5973259e+002  3.0025394e-004  3.0025394e-004  3.0025394e-004
  8.5973992e+002  2.9971157e-004  2.9971157e-004  2.9971157e-004
  8.5974724e+002  2.9917101e-004  2.9917101e-004  2.9917101e-004
  8.5975457e+002  2.9860982e-004  2.9860982e-004  2.9860982e-004
  8.5976189e+002  2.9800778e-004  2.9800778e-004  2.9800778e-004
  8.5976922e+002  2.9739878e-004  2.9739878e-004  2.9739878e-004
  8.5977655e+002  2.9686653e-004  2.9686653e-004  2.9686653e-004
  8.5978387e+002  2.9649118e-004  2.9649118e-004  2.9649118e-004
  8.5979120e+002  2.9624343e-004  2.9624343e-004  2.9624343e-004
  8.5979852e+002  2.9599243e-004  2.9599243e-004  2.9599243e-004
  8.5980585e+002  2.9560875e-004  2.9560875e-004  2.9560875e-004
  8.5981318e+002  2.9507124e-004  2.9507124e-004  2.9507124e-004
  8.5982050e+002  2.9446003e-004  2.9446003e-004  2.9446003e-004
  8.5982783e+002  2.9385675e-004  2.9385675e-004  2.9385675e-004
  8.5983515e+002  2.9329333e-004  2.9329333e-004  2.9329333e-004
  8.5984248e+002  2.9275482e-004  2.9275482e-004  2.9275482e-004
  8.5984981e+002  2.9222444e-004  2.9222444e-004  2.9222444e-004
  8.5985713e+002  2.9168534e-004  2.9168534e-004  2.9168534e-004
  8.5986446e+002  2.9112060e-004  2.9112060e-004  2.9112060e-004
  8.5987178e+002  2.9051562e-004  2.9051562e-004  2.9051562e-004
  8.5987911e+002  2.8990543e-004  2.8990543e-004  2.8990543e-004
  8.5988644e+002  2.8937260e-004  2.8937260e-004  2.8937260e-004
  8.5989376e+002  2.8899661e-004  2.8899661e-004  2.8899661e-004
  8.5990109e+002  2.8874929e-004  2.8874929e-004  2.8874929e-004
  8.5990841e+002  2.8849856e-004  2.8849856e-004  2.8849856e-004
  8.5991574e+002  2.8811312e-004  2.8811312e-004  2.8811312e-004
  8.5992307e+002  2.8757241e-004  2.8757241e-004  2.8757241e-004
  8.5993039e+002  2.8696358e-004  2.8696358e-004  2.8696358e-004
  8.5993772e+002  2.8637524e-004  2.8637524e-004  2.8637524e-004
  8.5994504e+002  2.8582971e-004  2.8582971e-004  2.8582971e-004
  8.5995237e+002  2.8528425e-004  2.8528425e-004  2.8528425e-004
  8.5995970e+002  2.8469632e-004  2.8469632e-004  2.8469632e-004
  8.5996702e+002  2.8408875e-004  2.8408875e-004  2.8408875e-004
  8.5997435e+002  2.8354900e-004  2.8354900e-004  2.8354900e-004
  8.5998167e+002  2.8316265e-004  2.8316265e-004  2.8316265e-004
  8.5998900e+002  2.8290916e-004  2.8290916e-004  2.8290916e-004
  8.5999633e+002  2.8266233e-004  2.8266233e-004  2.8266233e-004
  8.6000365e+002  2.8229541e-004  2.8229541e-004  2.8229541e-004
  8.6001098e+002  2.8177458e-004  2.8177458e-004  2.8177458e-004
  8.6001830e+002  2.8115938e-004  2.8115938e-004  2.8115938e-004
  8.6002563e+002  2.8051334e-004  2.8051334e-004  2.8051334e-004
  8.6003296e+002  2.7989877e-004  2.7989877e-004  2.7989877e-004
  8.6004028e+002  2.7937672e-004  2.7937672e-004  2.7937672e-004
  8.6004761e+002  2.7900452e-004  2.7900452e-004  2.7900452e-004
  8.6005493e+002  2.7875223e-004  2.7875223e-004  2.7875223e-004
  8.6006226e+002  2.7850092e-004  2.7850092e-004  2.7850092e-004
  8.6006959e+002  2.7813126e-004  2.7813126e-004  2.7813126e-004
  8.6007691e+002  2.7761107e-004  2.7761107e-004  2.7761107e-004
  8.6008424e+002  2.7699776e-004  2.7699776e-004  2.7699776e-004
  8.6009156e+002  2.7635285e-004  2.7635285e-004  2.7635285e-004
  8.6009889e+002  2.7573787e-004  2.7573787e-004  2.7573787e-004
  8.6010622e+002  2.7521435e-004  2.7521435e-004  2.7521435e-004
  8.6011354e+002  2.7484040e-004  2.7484040e-004  2.7484040e-004
  8.6012087e+002  2.7458751e-004  2.7458751e-004  2.7458751e-004
  8.6012819e+002  2.7433683e-004  2.7433683e-004  2.7433683e-004
  8.6013552e+002  2.7396868e-004  2.7396868e-004  2.7396868e-004
  8.6014285e+002  2.7344959e-004  2.7344959e-004  2.7344959e-004
  8.6015017e+002  2.7283684e-004  2.7283684e-004  2.7283684e-004
  8.6015750e+002  2.7219200e-004  2.7219200e-004  2.7219200e-004
  8.6016482e+002  2.7157657e-004  2.7157657e-004  2.7157657e-004
  8.6017215e+002  2.7105193e-004  2.7105193e-004  2.7105193e-004
  8.6017948e+002  2.7067620e-004  2.7067620e-004  2.7067620e-004
  8.6018680e+002  2.7042234e-004  2.7042234e-004  2.7042234e-004
  8.6019413e+002  2.7017231e-004  2.7017231e-004  2.7017231e-004
  8.6020145e+002  2.6980678e-004  2.6980678e-004  2.6980678e-004
  8.6020878e+002  2.6929029e-004  2.6929029e-004  2.6929029e-004
  8.6021611e+002  2.6867769e-004  2.6867769e-004  2.6867769e-004
  8.6022343e+002  2.6802850e-004  2.6802850e-004  2.6802850e-004
  8.6023076e+002  2.6740703e-004  2.6740703e-004  2.6740703e-004
  8.6023808e+002  2.6688281e-004  2.6688281e-004  2.6688281e-004
  8.6024541e+002  2.6652187e-004  2.6652187e-004  2.6652187e-004
  8.6025274e+002  2.6628797e-004  2.6628797e-004  2.6628797e-004
  8.6026006e+002  2.6603294e-004  2.6603294e-004  2.6603294e-004
  8.6026739e+002  2.6560836e-004  2.6560836e-004  2.6560836e-004
  8.6027471e+002  2.6501620e-004  2.6501620e-004  2.6501620e-004
  8.6028204e+002  2.6442431e-004  2.6442431e-004  2.6442431e-004
  8.6028937e+002  2.6400326e-004  2.6400326e-004  2.6400326e-004
  8.6029669e+002  2.6376094e-004  2.6376094e-004  2.6376094e-004
  8.6030402e+002  2.6352438e-004  2.6352438e-004  2.6352438e-004
  8.6031134e+002  2.6311696e-004  2.6311696e-004  2.6311696e-004
  8.6031867e+002  2.6252753e-004  2.6252753e-004  2.6252753e-004
  8.6032600e+002  2.6193033e-004  2.6193033e-004  2.6193033e-004
  8.6033332e+002  2.6150366e-004  2.6150366e-004  2.6150366e-004
  8.6034065e+002  2.6126016e-004  2.6126016e-004  2.6126016e-004
  8.6034797e+002  2.6102539e-004  2.6102539e-004  2.6102539e-004
  8.6035530e+002  2.6062049e-004  2.6062049e-004  2.6062049e-004
  8.6036263e+002  2.6003183e-004  2.6003183e-004  2.6003183e-004
  8.6036995e+002  2.5943378e-004  2.5943378e-004  2.5943378e-004
  8.6037728e+002  2.5900542e-004  2.5900542e-004  2.5900542e-004
  8.6038460e+002  2.5876126e-004  2.5876126e-004  2.5876126e-004
  8.6039193e+002  2.5852708e-004  2.5852708e-004  2.5852708e-004
  8.6039926e+002  2.5812366e-004  2.5812366e-004  2.5812366e-004
  8.6040658e+002  2.5753563e-004  2.5753563e-004  2.5753563e-004
  8.6041391e+002  2.5693706e-004  2.5693706e-004  2.5693706e-004
  8.6042123e+002  2.5650727e-004  2.5650727e-004  2.5650727e-004
  8.6042856e+002  2.5626247e-004  2.5626247e-004  2.5626247e-004
  8.6043589e+002  2.5602879e-004  2.5602879e-004  2.5602879e-004
  8.6044321e+002  2.5562683e-004  2.5562683e-004  2.5562683e-004
  8.6045054e+002  2.5503952e-004  2.5503952e-004  2.5503952e-004
  8.6045786e+002  2.5444044e-004  2.5444044e-004  2.5444044e-004
  8.6046519e+002  2.5400899e-004  2.5400899e-004  2.5400899e-004
  8.6047252e+002  2.5376319e-004  2.5376319e-004  2.5376319e-004
  8.6047984e+002  2.5353007e-004  2.5353007e-004  2.5353007e-004
  8.6048717e+002  2.5313054e-004  2.5313054e-004  2.5313054e-004
  8.6049449e+002  2.5254525e-004  2.5254525e-004  2.5254525e-004
  8.6050182e+002  2.5194541e-004  2.5194541e-004  2.5194541e-004
  8.6050915e+002  2.5150868e-004  2.5150868e-004  2.5150868e-004
  8.6051647e+002  2.5125706e-004  2.5125706e-004  2.5125706e-004
  8.6052380e+002  2.5102541e-004  2.5102541e-004  2.5102541e-004
  8.6053112e+002  2.5064176e-004  2.5064176e-004  2.5064176e-004
  8.6053845e+002  2.5007651e-004  2.5007651e-004  2.5007651e-004
  8.6054578e+002  2.4947260e-004  2.4947260e-004  2.4947260e-004
  8.6055310e+002  2.4898053e-004  2.4898053e-004  2.4898053e-004
  8.6056043e+002  2.4865577e-004  2.4865577e-004  2.4865577e-004
  8.6056775e+002  2.4843762e-004  2.4843762e-004  2.4843762e-004
  8.6057508e+002  2.4825837e-004  2.4825837e-004  2.4825837e-004
  8.6058241e+002  2.4805060e-004  2.4805060e-004  2.4805060e-004
  8.6058973e+002  2.4774731e-004  2.4774731e-004  2.4774731e-004
  8.6059706e+002  2.4728415e-004  2.4728415e-004  2.4728415e-004
  8.6060438e+002  2.4668969e-004  2.4668969e-004  2.4668969e-004
  8.6061171e+002  2.4610780e-004  2.4610780e-004  2.4610780e-004
  8.6061904e+002  2.4568576e-004  2.4568576e-004  2.4568576e-004
  8.6062636e+002  2.4543551e-004  2.4543551e-004  2.4543551e-004
  8.6063369e+002  2.4519975e-004  2.4519975e-004  2.4519975e-004
  8.6064101e+002  2.4481421e-004  2.4481421e-004  2.4481421e-004
  8.6064834e+002  2.4424955e-004  2.4424955e-004  2.4424955e-004
  8.6065567e+002  2.4364650e-004  2.4364650e-004  2.4364650e-004
  8.6066299e+002  2.4315417e-004  2.4315417e-004  2.4315417e-004
  8.6067032e+002  2.4282888e-004  2.4282888e-004  2.4282888e-004
  8.6067764e+002  2.4260907e-004  2.4260907e-004  2.4260907e-004
  8.6068497e+002  2.4242565e-004  2.4242565e-004  2.4242565e-004
  8.6069230e+002  2.4221359e-004  2.4221359e-004  2.4221359e-004
  8.6069962e+002  2.4191308e-004  2.4191308e-004  2.4191308e-004
  8.6070695e+002  2.4146657e-004  2.4146657e-004  2.4146657e-004
  8.6071427e+002  2.4089234e-004  2.4089234e-004  2.4089234e-004
  8.6072160e+002  2.4030644e-004  2.4030644e-004  2.4030644e-004
  8.6072893e+002  2.3982946e-004  2.3982946e-004  2.3982946e-004
  8.6073625e+002  2.3950579e-004  2.3950579e-004  2.3950579e-004
  8.6074358e+002  2.3928066e-004  2.3928066e-004  2.3928066e-004
  8.6075090e+002  2.3909266e-004  2.3909266e-004  2.3909266e-004
  8.6075823e+002  2.3888033e-004  2.3888033e-004  2.3888033e-004
  8.6076556e+002  2.3858213e-004  2.3858213e-004  2.3858213e-004
  8.6077288e+002  2.3813838e-004  2.3813838e-004  2.3813838e-004
  8.6078021e+002  2.3756512e-004  2.3756512e-004  2.3756512e-004
  8.6078753e+002  2.3697843e-004  2.3697843e-004  2.3697843e-004
  8.6079486e+002  2.3649944e-004  2.3649944e-004  2.3649944e-004
  8.6080219e+002  2.3617416e-004  2.3617416e-004  2.3617416e-004
  8.6080951e+002  2.3594855e-004  2.3594855e-004  2.3594855e-004
  8.6081684e+002  2.3576159e-004  2.3576159e-004  2.3576159e-004
  8.6082416e+002  2.3555119e-004  2.3555119e-004  2.3555119e-004
  8.6083149e+002  2.3525386e-004  2.3525386e-004  2.3525386e-004
  8.6083882e+002  2.3480782e-004  2.3480782e-004  2.3480782e-004
  8.6084614e+002  2.3422991e-004  2.3422991e-004  2.3422991e-004
  8.6085347e+002  2.3364336e-004  2.3364336e-004  2.3364336e-004
  8.6086079e+002  2.3317690e-004  2.3317690e-004  2.3317690e-004
  8.6086812e+002  2.3287033e-004  2.3287033e-004  2.3287033e-004
  8.6087545e+002  2.3264212e-004  2.3264212e-004  2.3264212e-004
  8.6088277e+002  2.3240324e-004  2.3240324e-004  2.3240324e-004
  8.6089010e+002  2.3211906e-004  2.3211906e-004  2.3211906e-004
  8.6089742e+002  2.3182974e-004  2.3182974e-004  2.3182974e-004
  8.6090475e+002  2.3157968e-004  2.3157968e-004  2.3157968e-004
  8.6091208e+002  2.3135838e-004  2.3135838e-004  2.3135838e-004
  8.6091940e+002  2.3107927e-004  2.3107927e-004  2.3107927e-004
  8.6092673e+002  2.3065217e-004  2.3065217e-004  2.3065217e-004
  8.6093405e+002  2.3007830e-004  2.3007830e-004  2.3007830e-004
  8.6094138e+002  2.2948658e-004  2.2948658e-004  2.2948658e-004
  8.6094871e+002  2.2901352e-004  2.2901352e-004  2.2901352e-004
  8.6095603e+002  2.2870461e-004  2.2870461e-004  2.2870461e-004
  8.6096336e+002  2.2847719e-004  2.2847719e-004  2.2847719e-004
  8.6097068e+002  2.2824010e-004  2.2824010e-004  2.2824010e-004
  8.6097801e+002  2.2795649e-004  2.2795649e-004  2.2795649e-004
  8.6098534e+002  2.2766664e-004  2.2766664e-004  2.2766664e-004
  8.6099266e+002  2.2741561e-004  2.2741561e-004  2.2741561e-004
  8.6099999e+002  2.2719438e-004  2.2719438e-004  2.2719438e-004
  8.6100731e+002  2.2691660e-004  2.2691660e-004  2.2691660e-004
  8.6101464e+002  2.2649175e-004  2.2649175e-004  2.2649175e-004
  8.6102197e+002  2.2591895e-004  2.2591895e-004  2.2591895e-004
  8.6102929e+002  2.2532661e-004  2.2532661e-004  2.2532661e-004
  8.6103662e+002  2.2485142e-004  2.2485142e-004  2.2485142e-004
  8.6104394e+002  2.2454095e-004  2.2454095e-004  2.2454095e-004
  8.6105127e+002  2.2431311e-004  2.2431311e-004  2.2431311e-004
  8.6105860e+002  2.2407664e-004  2.2407664e-004  2.2407664e-004
  8.6106592e+002  2.2379346e-004  2.2379346e-004  2.2379346e-004
  8.6107325e+002  2.2350341e-004  2.2350341e-004  2.2350341e-004
  8.6108057e+002  2.2325154e-004  2.2325154e-004  2.2325154e-004
  8.6108790e+002  2.2303015e-004  2.2303015e-004  2.2303015e-004
  8.6109523e+002  2.2275360e-004  2.2275360e-004  2.2275360e-004
  8.6110255e+002  2.2233162e-004  2.2233162e-004  2.2233162e-004
  8.6110988e+002  2.2176095e-004  2.2176095e-004  2.2176095e-004
  8.6111720e+002  2.2116798e-004  2.2116798e-004  2.2116798e-004
  8.6112453e+002  2.2068810e-004  2.2068810e-004  2.2068810e-004
  8.6113186e+002  2.2037214e-004  2.2037214e-004  2.2037214e-004
  8.6113918e+002  2.2014399e-004  2.2014399e-004  2.2014399e-004
  8.6114651e+002  2.1991781e-004  2.1991781e-004  2.1991781e-004
  8.6115383e+002  2.1964967e-004  2.1964967e-004  2.1964967e-004
  8.6116116e+002  2.1935901e-004  2.1935901e-004  2.1935901e-004
  8.6116849e+002  2.1907033e-004  2.1907033e-004  2.1907033e-004
  8.6117581e+002  2.1879423e-004  2.1879423e-004  2.1879423e-004
  8.6118314e+002  2.1852015e-004  2.1852015e-004  2.1852015e-004
  8.6119046e+002  2.1823601e-004  2.1823601e-004  2.1823601e-004
  8.6119779e+002  2.1794344e-004  2.1794344e-004  2.1794344e-004
  8.6120512e+002  2.1766528e-004  2.1766528e-004  2.1766528e-004
  8.6121244e+002  2.1742546e-004  2.1742546e-004  2.1742546e-004
  8.6121977e+002  2.1720688e-004  2.1720688e-004  2.1720688e-004
  8.6122709e+002  2.1692889e-004  2.1692889e-004  2.1692889e-004
  8.6123442e+002  2.1650669e-004  2.1650669e-004  2.1650669e-004
  8.6124175e+002  2.1593704e-004  2.1593704e-004  2.1593704e-004
  8.6124907e+002  2.1534412e-004  2.1534412e-004  2.1534412e-004
  8.6125640e+002  2.1486193e-004  2.1486193e-004  2.1486193e-004
  8.6126372e+002  2.1454349e-004  2.1454349e-004  2.1454349e-004
  8.6127105e+002  2.1431429e-004  2.1431429e-004  2.1431429e-004
  8.6127838e+002  2.1408924e-004  2.1408924e-004  2.1408924e-004
  8.6128570e+002  2.1382284e-004  2.1382284e-004  2.1382284e-004
  8.6129303e+002  2.1353243e-004  2.1353243e-004  2.1353243e-004
  8.6130035e+002  2.1324080e-004  2.1324080e-004  2.1324080e-004
  8.6130768e+002  2.1296022e-004  2.1296022e-004  2.1296022e-004
  8.6131501e+002  2.1268617e-004  2.1268617e-004  2.1268617e-004
  8.6132233e+002  2.1241264e-004  2.1241264e-004  2.1241264e-004
  8.6132966e+002  2.1213626e-004  2.1213626e-004  2.1213626e-004
  8.6133698e+002  2.1185784e-004  2.1185784e-004  2.1185784e-004
  8.6134431e+002  2.1157860e-004  2.1157860e-004  2.1157860e-004
  8.6135164e+002  2.1129974e-004  2.1129974e-004  2.1129974e-004
  8.6135896e+002  2.1102246e-004  2.1102246e-004  2.1102246e-004
  8.6136629e+002  2.1074795e-004  2.1074795e-004  2.1074795e-004
  8.6137361e+002  2.1047477e-004  2.1047477e-004  2.1047477e-004
  8.6138094e+002  2.1019731e-004  2.1019731e-004  2.1019731e-004
  8.6138827e+002  2.0990966e-004  2.0990966e-004  2.0990966e-004
  8.6139559e+002  2.0961620e-004  2.0961620e-004  2.0961620e-004
  8.6140292e+002  2.0933826e-004  2.0933826e-004  2.0933826e-004
  8.6141024e+002  2.0909825e-004  2.0909825e-004  2.0909825e-004
  8.6141757e+002  2.0888032e-004  2.0888032e-004  2.0888032e-004
  8.6142490e+002  2.0860482e-004  2.0860482e-004  2.0860482e-004
  8.6143222e+002  2.0818710e-004  2.0818710e-004  2.0818710e-004
  8.6143955e+002  2.0761989e-004  2.0761989e-004  2.0761989e-004
  8.6144687e+002  2.0702589e-004  2.0702589e-004  2.0702589e-004
  8.6145420e+002  2.0653927e-004  2.0653927e-004  2.0653927e-004
  8.6146153e+002  2.0621724e-004  2.0621724e-004  2.0621724e-004
  8.6146885e+002  2.0598674e-004  2.0598674e-004  2.0598674e-004
  8.6147618e+002  2.0576255e-004  2.0576255e-004  2.0576255e-004
  8.6148350e+002  2.0549708e-004  2.0549708e-004  2.0549708e-004
  8.6149083e+002  2.0520703e-004  2.0520703e-004  2.0520703e-004
  8.6149816e+002  2.0491522e-004  2.0491522e-004  2.0491522e-004
  8.6150548e+002  2.0463447e-004  2.0463447e-004  2.0463447e-004
  8.6151281e+002  2.0436032e-004  2.0436032e-004  2.0436032e-004
  8.6152013e+002  2.0408666e-004  2.0408666e-004  2.0408666e-004
  8.6152746e+002  2.0381004e-004  2.0381004e-004  2.0381004e-004
  8.6153479e+002  2.0353164e-004  2.0353164e-004  2.0353164e-004
  8.6154211e+002  2.0325311e-004  2.0325311e-004  2.0325311e-004
  8.6154944e+002  2.0297538e-004  2.0297538e-004  2.0297538e-004
  8.6155676e+002  2.0269811e-004  2.0269811e-004  2.0269811e-004
  8.6156409e+002  2.0242089e-004  2.0242089e-004  2.0242089e-004
  8.6157142e+002  2.0214346e-004  2.0214346e-004  2.0214346e-004
  8.6157874e+002  2.0186589e-004  2.0186589e-004  2.0186589e-004
  8.6158607e+002  2.0158832e-004  2.0158832e-004  2.0158832e-004
  8.6159339e+002  2.0131080e-004  2.0131080e-004  2.0131080e-004
  8.6160072e+002  2.0103332e-004  2.0103332e-004  2.0103332e-004
  8.6160805e+002  2.0075584e-004  2.0075584e-004  2.0075584e-004
  8.6161537e+002  2.0047834e-004  2.0047834e-004  2.0047834e-004
  8.6162270e+002  2.0020084e-004  2.0020084e-004  2.0020084e-004
  8.6163002e+002  1.9992333e-004  1.9992333e-004  1.9992333e-004
  8.6163735e+002  1.9964583e-004  1.9964583e-004  1.9964583e-004
  8.6164468e+002  1.9936833e-004  1.9936833e-004  1.9936833e-004
  8.6165200e+002  1.9909083e-004  1.9909083e-004  1.9909083e-004
  8.6165933e+002  1.9881333e-004  1.9881333e-004  1.9881333e-004
  8.6166665e+002  1.9853583e-004  1.9853583e-004  1.9853583e-004
  8.6167398e+002  1.9825833e-004  1.9825833e-004  1.9825833e-004
  8.6168131e+002  1.9798083e-004  1.9798083e-004  1.9798083e-004
  8.6168863e+002  1.9770333e-004  1.9770333e-004  1.9770333e-004
  8.6169596e+002  1.9742583e-004  1.9742583e-004  1.9742583e-004
  8.6170328e+002  1.9714833e-004  1.9714833e-004  1.9714833e-004
  8.6171061e+002  1.9687083e-004  1.9687083e-004  1.9687083e-004
  8.6171794e+002  1.9659333e-004  1.9659333e-004  1.9659333e-004
  8.6172526e+002  1.9631583e-004  1.9631583e-004  1.9631583e-004
  8.6173259e+002  1.9603833e-004  1.9603833e-004  1.9603833e-004
  8.6173991e+002  1.9576083e-004  1.9576083e-004  1.9576083e-004
  8.6174724e+002  1.9548333e-004  1.9548333e-004  1.9548333e-004
  8.6175457e+002  1.9520583e-004  1.9520583e-004  1.9520583e-004
  8.6176189e+002  1.9492833e-004  1.9492833e-004  1.9492833e-004
  8.6176922e+002  1.9465083e-004  1.9465083e-004  1.9465083e-004
  8.6177654e+002  1.9437333e-004  1.9437333e-004  1.9437333e-004
  8.6178387e+002  1.9409583e-004  1.9409583e-004  1.9409583e-004
  8.6179120e+002  1.9381833e-004  1.9381833e-004  1.9381833e-004
  8.6179852e+002  1.9354083e-004  1.9354083e-004  1.9354083e-004
  8.6180585e+002  1.9326333e-004  1.9326333e-004  1.9326333e-004
  8.6181317e+002  1.9298584e-004  1.9298584e-004  1.9298584e-004
  8.6182050e+002  1.9270834e-004  1.9270834e-004  1.9270834e-004
  8.6182783e+002  1.9243083e-004  1.9243083e-004  1.9243083e-004
  8.6183515e+002  1.9215331e-004  1.9215331e-004  1.9215331e-004
  8.6184248e+002  1.9187580e-004  1.9187580e-004  1.9187580e-004
  8.6184980e+002  1.9159835e-004  1.9159835e-004  1.9159835e-004
  8.6185713e+002  1.9132093e-004  1.9132093e-004  1.9132093e-004
  8.6186446e+002  1.9104345e-004  1.9104345e-004  1.9104345e-004
  8.6187178e+002  1.9076577e-004  1.9076577e-004  1.9076577e-004
  8.6187911e+002  1.9048796e-004  1.9048796e-004  1.9048796e-004
  8.6188643e+002  1.9021041e-004  1.9021041e-004  1.9021041e-004
  8.6189376e+002  1.8993358e-004  1.8993358e-004  1.8993358e-004
  8.6190109e+002  1.8965724e-004  1.8965724e-004  1.8965724e-004
  8.6190841e+002  1.8937990e-004  1.8937990e-004  1.8937990e-004
  8.6191574e+002  1.8909993e-004  1.8909993e-004  1.8909993e-004
  8.6192306e+002  1.8881810e-004  1.8881810e-004  1.8881810e-004
  8.6193039e+002  1.8853997e-004  1.8853997e-004  1.8853997e-004
  8.6193772e+002  1.8827164e-004  1.8827164e-004  1.8827164e-004
  8.6194504e+002  1.8801033e-004  1.8801033e-004  1.8801033e-004
  8.6195237e+002  1.8773524e-004  1.8773524e-004  1.8773524e-004
  8.6195969e+002  1.8742366e-004  1.8742366e-004  1.8742366e-004
  8.6196702e+002  1.8708573e-004  1.8708573e-004  1.8708573e-004
  8.6197435e+002  1.8679893e-004  1.8679893e-004  1.8679893e-004
  8.6198167e+002  1.8664850e-004  1.8664850e-004  1.8664850e-004
  8.6198900e+002  1.8665325e-004  1.8665325e-004  1.8665325e-004
  8.6199632e+002  1.8669493e-004  1.8669493e-004  1.8669493e-004
  8.6200365e+002  1.8663881e-004  1.8663881e-004  1.8663881e-004
  8.6201098e+002  1.8641616e-004  1.8641616e-004  1.8641616e-004
  8.6201830e+002  1.8609556e-004  1.8609556e-004  1.8609556e-004
  8.6202563e+002  1.8576249e-004  1.8576249e-004  1.8576249e-004
  8.6203295e+002  1.8547019e-004  1.8547019e-004  1.8547019e-004
  8.6204028e+002  1.8520419e-004  1.8520419e-004  1.8520419e-004
  8.6204761e+002  1.8494159e-004  1.8494159e-004  1.8494159e-004
  8.6205493e+002  1.8466807e-004  1.8466807e-004  1.8466807e-004
  8.6206226e+002  1.8438749e-004  1.8438749e-004  1.8438749e-004
  8.6206958e+002  1.8410604e-004  1.8410604e-004  1.8410604e-004
  8.6207691e+002  1.8382754e-004  1.8382754e-004  1.8382754e-004
  8.6208424e+002  1.8355088e-004  1.8355088e-004  1.8355088e-004
  8.6209156e+002  1.8327428e-004  1.8327428e-004  1.8327428e-004
  8.6209889e+002  1.8299676e-004  1.8299676e-004  1.8299676e-004
  8.6210621e+002  1.8271898e-004  1.8271898e-004  1.8271898e-004
  8.6211354e+002  1.8244183e-004  1.8244183e-004  1.8244183e-004
  8.6212087e+002  1.8216542e-004  1.8216542e-004  1.8216542e-004
  8.6212819e+002  1.8188820e-004  1.8188820e-004  1.8188820e-004
  8.6213552e+002  1.8160840e-004  1.8160840e-004  1.8160840e-004
  8.6214284e+002  1.8132657e-004  1.8132657e-004  1.8132657e-004
  8.6215017e+002  1.8104823e-004  1.8104823e-004  1.8104823e-004
  8.6215750e+002  1.8077952e-004  1.8077952e-004  1.8077952e-004
  8.6216482e+002  1.8051826e-004  1.8051826e-004  1.8051826e-004
  8.6217215e+002  1.8024393e-004  1.8024393e-004  1.8024393e-004
  8.6217947e+002  1.7993369e-004  1.7993369e-004  1.7993369e-004
  8.6218680e+002  1.7959554e-004  1.7959554e-004  1.7959554e-004
  8.6219413e+002  1.7930595e-004  1.7930595e-004  1.7930595e-004
  8.6220145e+002  1.7915036e-004  1.7915036e-004  1.7915036e-004
  8.6220878e+002  1.7915199e-004  1.7915199e-004  1.7915199e-004
  8.6221610e+002  1.7919455e-004  1.7919455e-004  1.7919455e-004
  8.6222343e+002  1.7914303e-004  1.7914303e-004  1.7914303e-004
  8.6223076e+002  1.7892434e-004  1.7892434e-004  1.7892434e-004
  8.6223808e+002  1.7860536e-004  1.7860536e-004  1.7860536e-004
  8.6224541e+002  1.7827211e-004  1.7827211e-004  1.7827211e-004
  8.6225273e+002  1.7797982e-004  1.7797982e-004  1.7797982e-004
  8.6226006e+002  1.7771362e-004  1.7771362e-004  1.7771362e-004
  8.6226739e+002  1.7744893e-004  1.7744893e-004  1.7744893e-004
  8.6227471e+002  1.7717138e-004  1.7717138e-004  1.7717138e-004
  8.6228204e+002  1.7688999e-004  1.7688999e-004  1.7688999e-004
  8.6228936e+002  1.7661702e-004  1.7661702e-004  1.7661702e-004
  8.6229669e+002  1.7635463e-004  1.7635463e-004  1.7635463e-004
  8.6230402e+002  1.7608152e-004  1.7608152e-004  1.7608152e-004
  8.6231134e+002  1.7577319e-004  1.7577319e-004  1.7577319e-004
  8.6231867e+002  1.7543525e-004  1.7543525e-004  1.7543525e-004
  8.6232599e+002  1.7514382e-004  1.7514382e-004  1.7514382e-004
  8.6233332e+002  1.7498483e-004  1.7498483e-004  1.7498483e-004
  8.6234065e+002  1.7498440e-004  1.7498440e-004  1.7498440e-004
  8.6234797e+002  1.7502747e-004  1.7502747e-004  1.7502747e-004
  8.6235530e+002  1.7497886e-004  1.7497886e-004  1.7497886e-004
  8.6236262e+002  1.7476279e-004  1.7476279e-004  1.7476279e-004
  8.6236995e+002  1.7444485e-004  1.7444485e-004  1.7444485e-004
  8.6237728e+002  1.7411110e-004  1.7411110e-004  1.7411110e-004
  8.6238460e+002  1.7381810e-004  1.7381810e-004  1.7381810e-004
  8.6239193e+002  1.7355165e-004  1.7355165e-004  1.7355165e-004
  8.6239925e+002  1.7328716e-004  1.7328716e-004  1.7328716e-004
  8.6240658e+002  1.7300980e-004  1.7300980e-004  1.7300980e-004
  8.6241391e+002  1.7272836e-004  1.7272836e-004  1.7272836e-004
  8.6242123e+002  1.7245513e-004  1.7245513e-004  1.7245513e-004
  8.6242856e+002  1.7219268e-004  1.7219268e-004  1.7219268e-004
  8.6243588e+002  1.7191997e-004  1.7191997e-004  1.7191997e-004
  8.6244321e+002  1.7161252e-004  1.7161252e-004  1.7161252e-004
  8.6245054e+002  1.7127465e-004  1.7127465e-004  1.7127465e-004
  8.6245786e+002  1.7098164e-004  1.7098164e-004  1.7098164e-004
  8.6246519e+002  1.7081936e-004  1.7081936e-004  1.7081936e-004
  8.6247251e+002  1.7081650e-004  1.7081650e-004  1.7081650e-004
  8.6247984e+002  1.7085988e-004  1.7085988e-004  1.7085988e-004
  8.6248717e+002  1.7081482e-004  1.7081482e-004  1.7081482e-004
  8.6249449e+002  1.7060286e-004  1.7060286e-004  1.7060286e-004
  8.6250182e+002  1.7028638e-004  1.7028638e-004  1.7028638e-004
  8.6250914e+002  1.6994938e-004  1.6994938e-004  1.6994938e-004
  8.6251647e+002  1.6965012e-004  1.6965012e-004  1.6965012e-004
  8.6252380e+002  1.6938194e-004  1.6938194e-004  1.6938194e-004
  8.6253112e+002  1.6912804e-004  1.6912804e-004  1.6912804e-004
  8.6253845e+002  1.6887160e-004  1.6887160e-004  1.6887160e-004
  8.6254577e+002  1.6859572e-004  1.6859572e-004  1.6859572e-004
  8.6255310e+002  1.6828352e-004  1.6828352e-004  1.6828352e-004
  8.6256043e+002  1.6794363e-004  1.6794363e-004  1.6794363e-004
  8.6256775e+002  1.6765015e-004  1.6765015e-004  1.6765015e-004
  8.6257508e+002  1.6748745e-004  1.6748745e-004  1.6748745e-004
  8.6258240e+002  1.6748478e-004  1.6748478e-004  1.6748478e-004
  8.6258973e+002  1.6752863e-004  1.6752863e-004  1.6752863e-004
  8.6259706e+002  1.6748274e-004  1.6748274e-004  1.6748274e-004
  8.6260438e+002  1.6726734e-004  1.6726734e-004  1.6726734e-004
  8.6261171e+002  1.6695031e-004  1.6695031e-004  1.6695031e-004
  8.6261903e+002  1.6662330e-004  1.6662330e-004  1.6662330e-004
  8.6262636e+002  1.6634415e-004  1.6634415e-004  1.6634415e-004
  8.6263369e+002  1.6608152e-004  1.6608152e-004  1.6608152e-004
  8.6264101e+002  1.6578962e-004  1.6578962e-004  1.6578962e-004
  8.6264834e+002  1.6545622e-004  1.6545622e-004  1.6545622e-004
  8.6265566e+002  1.6515834e-004  1.6515834e-004  1.6515834e-004
  8.6266299e+002  1.6498762e-004  1.6498762e-004  1.6498762e-004
  8.6267032e+002  1.6498043e-004  1.6498043e-004  1.6498043e-004
  8.6267764e+002  1.6502502e-004  1.6502502e-004  1.6502502e-004
  8.6268497e+002  1.6498508e-004  1.6498508e-004  1.6498508e-004
  8.6269229e+002  1.6477741e-004  1.6477741e-004  1.6477741e-004
  8.6269962e+002  1.6446246e-004  1.6446246e-004  1.6446246e-004
  8.6270695e+002  1.6412470e-004  1.6412470e-004  1.6412470e-004
  8.6271427e+002  1.6382440e-004  1.6382440e-004  1.6382440e-004
  8.6272160e+002  1.6355567e-004  1.6355567e-004  1.6355567e-004
  8.6272892e+002  1.6330149e-004  1.6330149e-004  1.6330149e-004
  8.6273625e+002  1.6304497e-004  1.6304497e-004  1.6304497e-004
  8.6274358e+002  1.6276970e-004  1.6276970e-004  1.6276970e-004
  8.6275090e+002  1.6245937e-004  1.6245937e-004  1.6245937e-004
  8.6275823e+002  1.6212088e-004  1.6212088e-004  1.6212088e-004
  8.6276555e+002  1.6182551e-004  1.6182551e-004  1.6182551e-004
  8.6277288e+002  1.6165556e-004  1.6165556e-004  1.6165556e-004
  8.6278021e+002  1.6164419e-004  1.6164419e-004  1.6164419e-004
  8.6278753e+002  1.6168682e-004  1.6168682e-004  1.6168682e-004
  8.6279486e+002  1.6165496e-004  1.6165496e-004  1.6165496e-004
  8.6280218e+002  1.6146431e-004  1.6146431e-004  1.6146431e-004
  8.6280951e+002  1.6115546e-004  1.6115546e-004  1.6115546e-004
  8.6281684e+002  1.6079090e-004  1.6079090e-004  1.6079090e-004
  8.6282416e+002  1.6043328e-004  1.6043328e-004  1.6043328e-004
  8.6283149e+002  1.6014572e-004  1.6014572e-004  1.6014572e-004
  8.6283881e+002  1.5999135e-004  1.5999135e-004  1.5999135e-004
  8.6284614e+002  1.5998920e-004  1.5998920e-004  1.5998920e-004
  8.6285347e+002  1.6003132e-004  1.6003132e-004  1.6003132e-004
  8.6286079e+002  1.5998713e-004  1.5998713e-004  1.5998713e-004
  8.6286812e+002  1.5977590e-004  1.5977590e-004  1.5977590e-004
  8.6287544e+002  1.5946161e-004  1.5946161e-004  1.5946161e-004
  8.6288277e+002  1.5913431e-004  1.5913431e-004  1.5913431e-004
  8.6289010e+002  1.5885376e-004  1.5885376e-004  1.5885376e-004
  8.6289742e+002  1.5859106e-004  1.5859106e-004  1.5859106e-004
  8.6290475e+002  1.5830121e-004  1.5830121e-004  1.5830121e-004
  8.6291207e+002  1.5796923e-004  1.5796923e-004  1.5796923e-004
  8.6291940e+002  1.5766890e-004  1.5766890e-004  1.5766890e-004
  8.6292673e+002  1.5749024e-004  1.5749024e-004  1.5749024e-004
  8.6293405e+002  1.5747460e-004  1.5747460e-004  1.5747460e-004
  8.6294138e+002  1.5751826e-004  1.5751826e-004  1.5751826e-004
  8.6294870e+002  1.5749068e-004  1.5749068e-004  1.5749068e-004
  8.6295603e+002  1.5730367e-004  1.5730367e-004  1.5730367e-004
  8.6296336e+002  1.5699643e-004  1.5699643e-004  1.5699643e-004
  8.6297068e+002  1.5663202e-004  1.5663202e-004  1.5663202e-004
  8.6297801e+002  1.5627348e-004  1.5627348e-004  1.5627348e-004
  8.6298533e+002  1.5598385e-004  1.5598385e-004  1.5598385e-004
  8.6299266e+002  1.5582616e-004  1.5582616e-004  1.5582616e-004
  8.6299999e+002  1.5582171e-004  1.5582171e-004  1.5582171e-004
  8.6300731e+002  1.5586423e-004  1.5586423e-004  1.5586423e-004
  8.6301464e+002  1.5582314e-004  1.5582314e-004  1.5582314e-004
  8.6302196e+002  1.5561503e-004  1.5561503e-004  1.5561503e-004
  8.6302929e+002  1.5530199e-004  1.5530199e-004  1.5530199e-004
  8.6303662e+002  1.5497406e-004  1.5497406e-004  1.5497406e-004
  8.6304394e+002  1.5469266e-004  1.5469266e-004  1.5469266e-004
  8.6305127e+002  1.5443005e-004  1.5443005e-004  1.5443005e-004
  8.6305859e+002  1.5414121e-004  1.5414121e-004  1.5414121e-004
  8.6306592e+002  1.5380951e-004  1.5380951e-004  1.5380951e-004
  8.6307325e+002  1.5350757e-004  1.5350757e-004  1.5350757e-004
  8.6308057e+002  1.5332549e-004  1.5332549e-004  1.5332549e-004
  8.6308790e+002  1.5330730e-004  1.5330730e-004  1.5330730e-004
  8.6309522e+002  1.5335111e-004  1.5335111e-004  1.5335111e-004
  8.6310255e+002  1.5332617e-004  1.5332617e-004  1.5332617e-004
  8.6310988e+002  1.5314197e-004  1.5314197e-004  1.5314197e-004
  8.6311720e+002  1.5283647e-004  1.5283647e-004  1.5283647e-004
  8.6312453e+002  1.5247326e-004  1.5247326e-004  1.5247326e-004
  8.6313185e+002  1.5211540e-004  1.5211540e-004  1.5211540e-004
  8.6313918e+002  1.5182423e-004  1.5182423e-004  1.5182423e-004
  8.6314651e+002  1.5166073e-004  1.5166073e-004  1.5166073e-004
  8.6315383e+002  1.5164848e-004  1.5164848e-004  1.5164848e-004
  8.6316116e+002  1.5168926e-004  1.5168926e-004  1.5168926e-004
  8.6316848e+002  1.5166015e-004  1.5166015e-004  1.5166015e-004
  8.6317581e+002  1.5147542e-004  1.5147542e-004  1.5147542e-004
  8.6318314e+002  1.5117154e-004  1.5117154e-004  1.5117154e-004
  8.6319046e+002  1.5081000e-004  1.5081000e-004  1.5081000e-004
  8.6319779e+002  1.5045233e-004  1.5045233e-004  1.5045233e-004
  8.6320511e+002  1.5016007e-004  1.5016007e-004  1.5016007e-004
  8.6321244e+002  1.4999477e-004  1.4999477e-004  1.4999477e-004
  8.6321977e+002  1.4998135e-004  1.4998135e-004  1.4998135e-004
  8.6322709e+002  1.5002227e-004  1.5002227e-004  1.5002227e-004
  8.6323442e+002  1.4999442e-004  1.4999442e-004  1.4999442e-004
  8.6324174e+002  1.4981106e-004  1.4981106e-004  1.4981106e-004
  8.6324907e+002  1.4950794e-004  1.4950794e-004  1.4950794e-004
  8.6325640e+002  1.4914667e-004  1.4914667e-004  1.4914667e-004
  8.6326372e+002  1.4878879e-004  1.4878879e-004  1.4878879e-004
  8.6327105e+002  1.4849571e-004  1.4849571e-004  1.4849571e-004
  8.6327837e+002  1.4832883e-004  1.4832883e-004  1.4832883e-004
  8.6328570e+002  1.4831397e-004  1.4831397e-004  1.4831397e-004
  8.6329303e+002  1.4835478e-004  1.4835478e-004  1.4835478e-004
  8.6330035e+002  1.4832873e-004  1.4832873e-004  1.4832873e-004
  8.6330768e+002  1.4814820e-004  1.4814820e-004  1.4814820e-004
  8.6331500e+002  1.4784650e-004  1.4784650e-004  1.4784650e-004
  8.6332233e+002  1.4748314e-004  1.4748314e-004  1.4748314e-004
  8.6332966e+002  1.4711944e-004  1.4711944e-004  1.4711944e-004
  8.6333698e+002  1.4682320e-004  1.4682320e-004  1.4682320e-004
  8.6334431e+002  1.4666362e-004  1.4666362e-004  1.4666362e-004
  8.6335163e+002  1.4666824e-004  1.4666824e-004  1.4666824e-004
  8.6335896e+002  1.4671777e-004  1.4671777e-004  1.4671777e-004
  8.6336629e+002  1.4666058e-004  1.4666058e-004  1.4666058e-004
  8.6337361e+002  1.4640478e-004  1.4640478e-004  1.4640478e-004
  8.6338094e+002  1.4607122e-004  1.4607122e-004  1.4607122e-004
  8.6338826e+002  1.4582805e-004  1.4582805e-004  1.4582805e-004
  8.6339559e+002  1.4578414e-004  1.4578414e-004  1.4578414e-004
  8.6340292e+002  1.4583557e-004  1.4583557e-004  1.4583557e-004
  8.6341024e+002  1.4583069e-004  1.4583069e-004  1.4583069e-004
  8.6341757e+002  1.4565841e-004  1.4565841e-004  1.4565841e-004
  8.6342489e+002  1.4535469e-004  1.4535469e-004  1.4535469e-004
  8.6343222e+002  1.4498877e-004  1.4498877e-004  1.4498877e-004
  8.6343955e+002  1.4462807e-004  1.4462807e-004  1.4462807e-004
  8.6344687e+002  1.4433345e-004  1.4433345e-004  1.4433345e-004
  8.6345420e+002  1.4416426e-004  1.4416426e-004  1.4416426e-004
  8.6346152e+002  1.4414709e-004  1.4414709e-004  1.4414709e-004
  8.6346885e+002  1.4418781e-004  1.4418781e-004  1.4418781e-004
  8.6347618e+002  1.4416441e-004  1.4416441e-004  1.4416441e-004
  8.6348350e+002  1.4398737e-004  1.4398737e-004  1.4398737e-004
  8.6349083e+002  1.4368794e-004  1.4368794e-004  1.4368794e-004
  8.6349815e+002  1.4332547e-004  1.4332547e-004  1.4332547e-004
  8.6350548e+002  1.4296105e-004  1.4296105e-004  1.4296105e-004
  8.6351281e+002  1.4266237e-004  1.4266237e-004  1.4266237e-004
  8.6352013e+002  1.4249865e-004  1.4249865e-004  1.4249865e-004
  8.6352746e+002  1.4250028e-004  1.4250028e-004  1.4250028e-004
  8.6353478e+002  1.4255051e-004  1.4255051e-004  1.4255051e-004
  8.6354211e+002  1.4249770e-004  1.4249770e-004  1.4249770e-004
  8.6354944e+002  1.4224595e-004  1.4224595e-004  1.4224595e-004
  8.6355676e+002  1.4191234e-004  1.4191234e-004  1.4191234e-004
  8.6356409e+002  1.4166487e-004  1.4166487e-004  1.4166487e-004
  8.6357141e+002  1.4161640e-004  1.4161640e-004  1.4161640e-004
  8.6357874e+002  1.4166714e-004  1.4166714e-004  1.4166714e-004
  8.6358607e+002  1.4166598e-004  1.4166598e-004  1.4166598e-004
  8.6359339e+002  1.4149918e-004  1.4149918e-004  1.4149918e-004
  8.6360072e+002  1.4119849e-004  1.4119849e-004  1.4119849e-004
  8.6360804e+002  1.4083106e-004  1.4083106e-004  1.4083106e-004
  8.6361537e+002  1.4046404e-004  1.4046404e-004  1.4046404e-004
  8.6362270e+002  1.4016457e-004  1.4016457e-004  1.4016457e-004
  8.6363002e+002  1.3999977e-004  1.3999977e-004  1.3999977e-004
  8.6363735e+002  1.4000010e-004  1.4000010e-004  1.4000010e-004
  8.6364467e+002  1.4005053e-004  1.4005053e-004  1.4005053e-004
  8.6365200e+002  1.4000000e-004  1.4000000e-004  1.4000000e-004
  8.6365933e+002  1.3975060e-004  1.3975060e-004  1.3975060e-004
  8.6366665e+002  1.3941703e-004  1.3941703e-004  1.3941703e-004
  8.6367398e+002  1.3916712e-004  1.3916712e-004  1.3916712e-004
  8.6368130e+002  1.3911606e-004  1.3911606e-004  1.3911606e-004
  8.6368863e+002  1.3916641e-004  1.3916641e-004  1.3916641e-004
  8.6369596e+002  1.3916712e-004  1.3916712e-004  1.3916712e-004
  8.6370328e+002  1.3900283e-004  1.3900283e-004  1.3900283e-004
  8.6371061e+002  1.3870366e-004  1.3870366e-004  1.3870366e-004
  8.6371793e+002  1.3833674e-004  1.3833674e-004  1.3833674e-004
  8.6372526e+002  1.3796922e-004  1.3796922e-004  1.3796922e-004
  8.6373259e+002  1.3766824e-004  1.3766824e-004  1.3766824e-004
  8.6373991e+002  1.3750092e-004  1.3750092e-004  1.3750092e-004
  8.6374724e+002  1.3749935e-004  1.3749935e-004  1.3749935e-004
  8.6375456e+002  1.3755014e-004  1.3755014e-004  1.3755014e-004
  8.6376189e+002  1.3750224e-004  1.3750224e-004  1.3750224e-004
  8.6376922e+002  1.3725540e-004  1.3725540e-004  1.3725540e-004
  8.6377654e+002  1.3692185e-004  1.3692185e-004  1.3692185e-004
  8.6378387e+002  1.3666944e-004  1.3666944e-004  1.3666944e-004
  8.6379119e+002  1.3661567e-004  1.3661567e-004  1.3661567e-004
  8.6379852e+002  1.3666560e-004  1.3666560e-004  1.3666560e-004
  8.6380585e+002  1.3666821e-004  1.3666821e-004  1.3666821e-004
  8.6381317e+002  1.3650657e-004  1.3650657e-004  1.3650657e-004
  8.6382050e+002  1.3620898e-004  1.3620898e-004  1.3620898e-004
  8.6382782e+002  1.3584243e-004  1.3584243e-004  1.3584243e-004
  8.6383515e+002  1.3547401e-004  1.3547401e-004  1.3547401e-004
  8.6384248e+002  1.3517131e-004  1.3517131e-004  1.3517131e-004
  8.6384980e+002  1.3500209e-004  1.3500209e-004  1.3500209e-004
  8.6385713e+002  1.3500013e-004  1.3500013e-004  1.3500013e-004
  8.6386445e+002  1.3505206e-004  1.3505206e-004  1.3505206e-004
  8.6387178e+002  1.3500457e-004  1.3500457e-004  1.3500457e-004
  8.6387911e+002  1.3475448e-004  1.3475448e-004  1.3475448e-004
  8.6388643e+002  1.3441797e-004  1.3441797e-004  1.3441797e-004
  8.6389376e+002  1.3417125e-004  1.3417125e-004  1.3417125e-004
  8.6390108e+002  1.3413649e-004  1.3413649e-004  1.3413649e-004
  8.6390841e+002  1.3419732e-004  1.3419732e-004  1.3419732e-004
  8.6391574e+002  1.3417152e-004  1.3417152e-004  1.3417152e-004
  8.6392306e+002  1.3393147e-004  1.3393147e-004  1.3393147e-004
  8.6393039e+002  1.3359282e-004  1.3359282e-004  1.3359282e-004
  8.6393771e+002  1.3333899e-004  1.3333899e-004  1.3333899e-004
  8.6394504e+002  1.3329934e-004  1.3329934e-004  1.3329934e-004
  8.6395237e+002  1.3335999e-004  1.3335999e-004  1.3335999e-004
  8.6395969e+002  1.3333874e-004  1.3333874e-004  1.3333874e-004
  8.6396702e+002  1.3310587e-004  1.3310587e-004  1.3310587e-004
  8.6397434e+002  1.3276999e-004  1.3276999e-004  1.3276999e-004
  8.6398167e+002  1.3250728e-004  1.3250728e-004  1.3250728e-004
  8.6398900e+002  1.3244612e-004  1.3244612e-004  1.3244612e-004
  8.6399632e+002  1.3249589e-004  1.3249589e-004  1.3249589e-004
  8.6400365e+002  1.3250334e-004  1.3250334e-004  1.3250334e-004
  8.6401097e+002  1.3234698e-004  1.3234698e-004  1.3234698e-004
  8.6401830e+002  1.3205201e-004  1.3205201e-004  1.3205201e-004
  8.6402563e+002  1.3168602e-004  1.3168602e-004  1.3168602e-004
  8.6403295e+002  1.3131657e-004  1.3131657e-004  1.3131657e-004
  8.6404028e+002  1.3101126e-004  1.3101126e-004  1.3101126e-004
  8.6404760e+002  1.3083765e-004  1.3083765e-004  1.3083765e-004
  8.6405493e+002  1.3083217e-004  1.3083217e-004  1.3083217e-004
  8.6406226e+002  1.3088465e-004  1.3088465e-004  1.3088465e-004
  8.6406958e+002  1.3084182e-004  1.3084182e-004  1.3084182e-004
  8.6407691e+002  1.3059646e-004  1.3059646e-004  1.3059646e-004
  8.6408423e+002  1.3025996e-004  1.3025996e-004  1.3025996e-004
  8.6409156e+002  1.3000854e-004  1.3000854e-004  1.3000854e-004
  8.6409889e+002  1.2996879e-004  1.2996879e-004  1.2996879e-004
  8.6410621e+002  1.3002950e-004  1.3002950e-004  1.3002950e-004
  8.6411354e+002  1.3000829e-004  1.3000829e-004  1.3000829e-004
  8.6412086e+002  1.2977301e-004  1.2977301e-004  1.2977301e-004
  8.6412819e+002  1.2943438e-004  1.2943438e-004  1.2943438e-004
  8.6413552e+002  1.2917641e-004  1.2917641e-004  1.2917641e-004
  8.6414284e+002  1.2913308e-004  1.2913308e-004  1.2913308e-004
  8.6415017e+002  1.2919430e-004  1.2919430e-004  1.2919430e-004
  8.6415749e+002  1.2917561e-004  1.2917561e-004  1.2917561e-004
  8.6416482e+002  1.2894216e-004  1.2894216e-004  1.2894216e-004
  8.6417215e+002  1.2860345e-004  1.2860345e-004  1.2860345e-004
  8.6417947e+002  1.2834404e-004  1.2834404e-004  1.2834404e-004
  8.6418680e+002  1.2829936e-004  1.2829936e-004  1.2829936e-004
  8.6419412e+002  1.2836054e-004  1.2836054e-004  1.2836054e-004
  8.6420145e+002  1.2834298e-004  1.2834298e-004  1.2834298e-004
  8.6420878e+002  1.2811077e-004  1.2811077e-004  1.2811077e-004
  8.6421610e+002  1.2777213e-004  1.2777213e-004  1.2777213e-004
  8.6422343e+002  1.2751166e-004  1.2751166e-004  1.2751166e-004
  8.6423075e+002  1.2746578e-004  1.2746578e-004  1.2746578e-004
  8.6423808e+002  1.2752688e-004  1.2752688e-004  1.2752688e-004
  8.6424541e+002  1.2751036e-004  1.2751036e-004  1.2751036e-004
  8.6425273e+002  1.2727933e-004  1.2727933e-004  1.2727933e-004
  8.6426006e+002  1.2694078e-004  1.2694078e-004  1.2694078e-004
  8.6426738e+002  1.2667930e-004  1.2667930e-004  1.2667930e-004
  8.6427471e+002  1.2663222e-004  1.2663222e-004  1.2663222e-004
  8.6428204e+002  1.2669323e-004  1.2669323e-004  1.2669323e-004
  8.6428936e+002  1.2667772e-004  1.2667772e-004  1.2667772e-004
  8.6429669e+002  1.2644789e-004  1.2644789e-004  1.2644789e-004
  8.6430401e+002  1.2610943e-004  1.2610943e-004  1.2610943e-004
  8.6431134e+002  1.2584694e-004  1.2584694e-004  1.2584694e-004
  8.6431867e+002  1.2579866e-004  1.2579866e-004  1.2579866e-004
  8.6432599e+002  1.2585957e-004  1.2585957e-004  1.2585957e-004
  8.6433332e+002  1.2584507e-004  1.2584507e-004  1.2584507e-004
  8.6434064e+002  1.2561645e-004  1.2561645e-004  1.2561645e-004
  8.6434797e+002  1.2527809e-004  1.2527809e-004  1.2527809e-004
  8.6435530e+002  1.2501459e-004  1.2501459e-004  1.2501459e-004
  8.6436262e+002  1.2496511e-004  1.2496511e-004  1.2496511e-004
  8.6436995e+002  1.2502591e-004  1.2502591e-004  1.2502591e-004
  8.6437727e+002  1.2501242e-004  1.2501242e-004  1.2501242e-004
  8.6438460e+002  1.2478500e-004  1.2478500e-004  1.2478500e-004
  8.6439193e+002  1.2444675e-004  1.2444675e-004  1.2444675e-004
  8.6439925e+002  1.2418225e-004  1.2418225e-004  1.2418225e-004
  8.6440658e+002  1.2413156e-004  1.2413156e-004  1.2413156e-004
  8.6441390e+002  1.2419225e-004  1.2419225e-004  1.2419225e-004
  8.6442123e+002  1.2417975e-004  1.2417975e-004  1.2417975e-004
  8.6442856e+002  1.2395355e-004  1.2395355e-004  1.2395355e-004
  8.6443588e+002  1.2361542e-004  1.2361542e-004  1.2361542e-004
  8.6444321e+002  1.2334991e-004  1.2334991e-004  1.2334991e-004
  8.6445053e+002  1.2329801e-004  1.2329801e-004  1.2329801e-004
  8.6445786e+002  1.2335859e-004  1.2335859e-004  1.2335859e-004
  8.6446519e+002  1.2334708e-004  1.2334708e-004  1.2334708e-004
  8.6447251e+002  1.2312209e-004  1.2312209e-004  1.2312209e-004
  8.6447984e+002  1.2278408e-004  1.2278408e-004  1.2278408e-004
  8.6448716e+002  1.2251759e-004  1.2251759e-004  1.2251759e-004
  8.6449449e+002  1.2246447e-004  1.2246447e-004  1.2246447e-004
  8.6450182e+002  1.2252492e-004  1.2252492e-004  1.2252492e-004
  8.6450914e+002  1.2251440e-004  1.2251440e-004  1.2251440e-004
  8.6451647e+002  1.2229063e-004  1.2229063e-004  1.2229063e-004
  8.6452379e+002  1.2195275e-004  1.2195275e-004  1.2195275e-004
  8.6453112e+002  1.2168528e-004  1.2168528e-004  1.2168528e-004
  8.6453845e+002  1.2163093e-004  1.2163093e-004  1.2163093e-004
  8.6454577e+002  1.2169125e-004  1.2169125e-004  1.2169125e-004
  8.6455310e+002  1.2168171e-004  1.2168171e-004  1.2168171e-004
  8.6456042e+002  1.2145917e-004  1.2145917e-004  1.2145917e-004
  8.6456775e+002  1.2112142e-004  1.2112142e-004  1.2112142e-004
  8.6457508e+002  1.2085298e-004  1.2085298e-004  1.2085298e-004
  8.6458240e+002  1.2079740e-004  1.2079740e-004  1.2079740e-004
  8.6458973e+002  1.2085758e-004  1.2085758e-004  1.2085758e-004
  8.6459705e+002  1.2084900e-004  1.2084900e-004  1.2084900e-004
  8.6460438e+002  1.2062770e-004  1.2062770e-004  1.2062770e-004
  8.6461171e+002  1.2029009e-004  1.2029009e-004  1.2029009e-004
  8.6461903e+002  1.2002068e-004  1.2002068e-004  1.2002068e-004
  8.6462636e+002  1.1996387e-004  1.1996387e-004  1.1996387e-004
  8.6463368e+002  1.2002390e-004  1.2002390e-004  1.2002390e-004
  8.6464101e+002  1.2001629e-004  1.2001629e-004  1.2001629e-004
  8.6464834e+002  1.1979623e-004  1.1979623e-004  1.1979623e-004
  8.6465566e+002  1.1945878e-004  1.1945878e-004  1.1945878e-004
  8.6466299e+002  1.1918840e-004  1.1918840e-004  1.1918840e-004
  8.6467031e+002  1.1913032e-004  1.1913032e-004  1.1913032e-004
  8.6467764e+002  1.1919018e-004  1.1919018e-004  1.1919018e-004
  8.6468497e+002  1.1918356e-004  1.1918356e-004  1.1918356e-004
  8.6469229e+002  1.1896485e-004  1.1896485e-004  1.1896485e-004
  8.6469962e+002  1.1862762e-004  1.1862762e-004  1.1862762e-004
  8.6470694e+002  1.1835617e-004  1.1835617e-004  1.1835617e-004
  8.6471427e+002  1.1829646e-004  1.1829646e-004  1.1829646e-004
  8.6472160e+002  1.1835591e-004  1.1835591e-004  1.1835591e-004
  8.6472892e+002  1.1835068e-004  1.1835068e-004  1.1835068e-004
  8.6473625e+002  1.1813461e-004  1.1813461e-004  1.1813461e-004
  8.6474357e+002  1.1779849e-004  1.1779849e-004  1.1779849e-004
  8.6475090e+002  1.1752449e-004  1.1752449e-004  1.1752449e-004
  8.6475823e+002  1.1745831e-004  1.1745831e-004  1.1745831e-004
  8.6476555e+002  1.1751405e-004  1.1751405e-004  1.1751405e-004
  8.6477288e+002  1.1751570e-004  1.1751570e-004  1.1751570e-004
  8.6478020e+002  1.1732036e-004  1.1732036e-004  1.1732036e-004
  8.6478753e+002  1.1699769e-004  1.1699769e-004  1.1699769e-004
  8.6479486e+002  1.1670077e-004  1.1670077e-004  1.1670077e-004
  8.6480218e+002  1.1656073e-004  1.1656073e-004  1.1656073e-004
  8.6480951e+002  1.1656647e-004  1.1656647e-004  1.1656647e-004
  8.6481683e+002  1.1665055e-004  1.1665055e-004  1.1665055e-004
  8.6482416e+002  1.1674537e-004  1.1674537e-004  1.1674537e-004
  8.6483149e+002  1.1678338e-004  1.1678338e-004  1.1678338e-004
  8.6483881e+002  1.1669699e-004  1.1669699e-004  1.1669699e-004
  8.6484614e+002  1.1644027e-004  1.1644027e-004  1.1644027e-004
  8.6485346e+002  1.1610917e-004  1.1610917e-004  1.1610917e-004
  8.6486079e+002  1.1585680e-004  1.1585680e-004  1.1585680e-004
  8.6486812e+002  1.1580446e-004  1.1580446e-004  1.1580446e-004
  8.6487544e+002  1.1586208e-004  1.1586208e-004  1.1586208e-004
  8.6488277e+002  1.1585373e-004  1.1585373e-004  1.1585373e-004
  8.6489009e+002  1.1563759e-004  1.1563759e-004  1.1563759e-004
  8.6489742e+002  1.1530153e-004  1.1530153e-004  1.1530153e-004
  8.6490475e+002  1.1502748e-004  1.1502748e-004  1.1502748e-004
  8.6491207e+002  1.1496294e-004  1.1496294e-004  1.1496294e-004
  8.6491940e+002  1.1502149e-004  1.1502149e-004  1.1502149e-004
  8.6492672e+002  1.1501999e-004  1.1501999e-004  1.1501999e-004
  8.6493405e+002  1.1480936e-004  1.1480936e-004  1.1480936e-004
  8.6494138e+002  1.1447411e-004  1.1447411e-004  1.1447411e-004
  8.6494870e+002  1.1419615e-004  1.1419615e-004  1.1419615e-004
  8.6495603e+002  1.1412442e-004  1.1412442e-004  1.1412442e-004
  8.6496335e+002  1.1417917e-004  1.1417917e-004  1.1417917e-004
  8.6497068e+002  1.1418456e-004  1.1418456e-004  1.1418456e-004
  8.6497801e+002  1.1399465e-004  1.1399465e-004  1.1399465e-004
  8.6498533e+002  1.1367342e-004  1.1367342e-004  1.1367342e-004
  8.6499266e+002  1.1337379e-004  1.1337379e-004  1.1337379e-004
  8.6499998e+002  1.1322897e-004  1.1322897e-004  1.1322897e-004
  8.6500731e+002  1.1323166e-004  1.1323166e-004  1.1323166e-004
  8.6501464e+002  1.1331450e-004  1.1331450e-004  1.1331450e-004
  8.6502196e+002  1.1340990e-004  1.1340990e-004  1.1340990e-004
  8.6502929e+002  1.1345031e-004  1.1345031e-004  1.1345031e-004
  8.6503661e+002  1.1336820e-004  1.1336820e-004  1.1336820e-004
  8.6504394e+002  1.1311562e-004  1.1311562e-004  1.1311562e-004
  8.6505127e+002  1.1278460e-004  1.1278460e-004  1.1278460e-004
  8.6505859e+002  1.1252798e-004  1.1252798e-004  1.1252798e-004
  8.6506592e+002  1.1246999e-004  1.1246999e-004  1.1246999e-004
  8.6507324e+002  1.1252668e-004  1.1252668e-004  1.1252668e-004
  8.6508057e+002  1.1252281e-004  1.1252281e-004  1.1252281e-004
  8.6508790e+002  1.1231367e-004  1.1231367e-004  1.1231367e-004
  8.6509522e+002  1.1197948e-004  1.1197948e-004  1.1197948e-004
  8.6510255e+002  1.1169992e-004  1.1169992e-004  1.1169992e-004
  8.6510987e+002  1.1162455e-004  1.1162455e-004  1.1162455e-004
  8.6511720e+002  1.1167837e-004  1.1167837e-004  1.1167837e-004
  8.6512453e+002  1.1168622e-004  1.1168622e-004  1.1168622e-004
  8.6513185e+002  1.1150038e-004  1.1150038e-004  1.1150038e-004
  8.6513918e+002  1.1118036e-004  1.1118036e-004  1.1118036e-004
  8.6514650e+002  1.1087881e-004  1.1087881e-004  1.1087881e-004
  8.6515383e+002  1.1073030e-004  1.1073030e-004  1.1073030e-004
  8.6516116e+002  1.1073058e-004  1.1073058e-004  1.1073058e-004
  8.6516848e+002  1.1081240e-004  1.1081240e-004  1.1081240e-004
  8.6517581e+002  1.1090821e-004  1.1090821e-004  1.1090821e-004
  8.6518313e+002  1.1095047e-004  1.1095047e-004  1.1095047e-004
  8.6519046e+002  1.1087164e-004  1.1087164e-004  1.1087164e-004
  8.6519779e+002  1.1062227e-004  1.1062227e-004  1.1062227e-004
  8.6520511e+002  1.1029133e-004  1.1029133e-004  1.1029133e-004
  8.6521244e+002  1.1003157e-004  1.1003157e-004  1.1003157e-004
  8.6521976e+002  1.0996942e-004  1.0996942e-004  1.0996942e-004
  8.6522709e+002  1.1002549e-004  1.1002549e-004  1.1002549e-004
  8.6523442e+002  1.1002471e-004  1.1002471e-004  1.1002471e-004
  8.6524174e+002  1.0981998e-004  1.0981998e-004  1.0981998e-004
  8.6524907e+002  1.0948657e-004  1.0948657e-004  1.0948657e-004
  8.6525639e+002  1.0920401e-004  1.0920401e-004  1.0920401e-004
  8.6526372e+002  1.0912420e-004  1.0912420e-004  1.0912420e-004
  8.6527105e+002  1.0917711e-004  1.0917711e-004  1.0917711e-004
  8.6527837e+002  1.0918772e-004  1.0918772e-004  1.0918772e-004
  8.6528570e+002  1.0900618e-004  1.0900618e-004  1.0900618e-004
  8.6529302e+002  1.0868739e-004  1.0868739e-004  1.0868739e-004
  8.6530035e+002  1.0838390e-004  1.0838390e-004  1.0838390e-004
  8.6530768e+002  1.0823174e-004  1.0823174e-004  1.0823174e-004
  8.6531500e+002  1.0822965e-004  1.0822965e-004  1.0822965e-004
  8.6532233e+002  1.0831036e-004  1.0831036e-004  1.0831036e-004
  8.6532965e+002  1.0840621e-004  1.0840621e-004  1.0840621e-004
  8.6533698e+002  1.0845001e-004  1.0845001e-004  1.0845001e-004
  8.6534431e+002  1.0837477e-004  1.0837477e-004  1.0837477e-004
  8.6535163e+002  1.0813000e-004  1.0813000e-004  1.0813000e-004
  8.6535896e+002  1.0780027e-004  1.0780027e-004  1.0780027e-004
  8.6536628e+002  1.0753613e-004  1.0753613e-004  1.0753613e-004
  8.6537361e+002  1.0746475e-004  1.0746475e-004  1.0746475e-004
  8.6538094e+002  1.0751616e-004  1.0751616e-004  1.0751616e-004
  8.6538826e+002  1.0752321e-004  1.0752321e-004  1.0752321e-004
  8.6539559e+002  1.0734164e-004  1.0734164e-004  1.0734164e-004
  8.6540291e+002  1.0702400e-004  1.0702400e-004  1.0702400e-004
  8.6541024e+002  1.0672062e-004  1.0672062e-004  1.0672062e-004
  8.6541757e+002  1.0656662e-004  1.0656662e-004  1.0656662e-004
  8.6542489e+002  1.0656271e-004  1.0656271e-004  1.0656271e-004
  8.6543222e+002  1.0664228e-004  1.0664228e-004  1.0664228e-004
  8.6543954e+002  1.0673819e-004  1.0673819e-004  1.0673819e-004
  8.6544687e+002  1.0678328e-004  1.0678328e-004  1.0678328e-004
  8.6545420e+002  1.0671042e-004  1.0671042e-004  1.0671042e-004
  8.6546152e+002  1.0646803e-004  1.0646803e-004  1.0646803e-004
  8.6546885e+002  1.0613844e-004  1.0613844e-004  1.0613844e-004
  8.6547617e+002  1.0587219e-004  1.0587219e-004  1.0587219e-004
  8.6548350e+002  1.0579790e-004  1.0579790e-004  1.0579790e-004
  8.6549083e+002  1.0584878e-004  1.0584878e-004  1.0584878e-004
  8.6549815e+002  1.0585765e-004  1.0585765e-004  1.0585765e-004
  8.6550548e+002  1.0567880e-004  1.0567880e-004  1.0567880e-004
  8.6551280e+002  1.0536179e-004  1.0536179e-004  1.0536179e-004
  8.6552013e+002  1.0505741e-004  1.0505741e-004  1.0505741e-004
  8.6552746e+002  1.0490207e-004  1.0490207e-004  1.0490207e-004
  8.6553478e+002  1.0489749e-004  1.0489749e-004  1.0489749e-004
  8.6554211e+002  1.0497508e-004  1.0497508e-004  1.0497508e-004
  8.6554943e+002  1.0506627e-004  1.0506627e-004  1.0506627e-004
  8.6555676e+002  1.0510853e-004  1.0510853e-004  1.0510853e-004
  8.6556409e+002  1.0504247e-004  1.0504247e-004  1.0504247e-004
  8.6557141e+002  1.0482094e-004  1.0482094e-004  1.0482094e-004
  8.6557874e+002  1.0450690e-004  1.0450690e-004  1.0450690e-004
  8.6558606e+002  1.0422179e-004  1.0422179e-004  1.0422179e-004
  8.6559339e+002  1.0407558e-004  1.0407558e-004  1.0407558e-004
  8.6560072e+002  1.0406832e-004  1.0406832e-004  1.0406832e-004
  8.6560804e+002  1.0414121e-004  1.0414121e-004  1.0414121e-004
  8.6561537e+002  1.0423426e-004  1.0423426e-004  1.0423426e-004
  8.6562269e+002  1.0428150e-004  1.0428150e-004  1.0428150e-004
  8.6563002e+002  1.0421372e-004  1.0421372e-004  1.0421372e-004
  8.6563735e+002  1.0397600e-004  1.0397600e-004  1.0397600e-004
  8.6564467e+002  1.0364670e-004  1.0364670e-004  1.0364670e-004
  8.6565200e+002  1.0337678e-004  1.0337678e-004  1.0337678e-004
  8.6565932e+002  1.0329742e-004  1.0329742e-004  1.0329742e-004
  8.6566665e+002  1.0334724e-004  1.0334724e-004  1.0334724e-004
  8.6567398e+002  1.0335920e-004  1.0335920e-004  1.0335920e-004
  8.6568130e+002  1.0318535e-004  1.0318535e-004  1.0318535e-004
  8.6568863e+002  1.0286990e-004  1.0286990e-004  1.0286990e-004
  8.6569595e+002  1.0256341e-004  1.0256341e-004  1.0256341e-004
  8.6570328e+002  1.0240375e-004  1.0240375e-004  1.0240375e-004
  8.6571061e+002  1.0239635e-004  1.0239635e-004  1.0239635e-004
  8.6571793e+002  1.0247279e-004  1.0247279e-004  1.0247279e-004
  8.6572526e+002  1.0256442e-004  1.0256442e-004  1.0256442e-004
  8.6573258e+002  1.0260855e-004  1.0260855e-004  1.0260855e-004
  8.6573991e+002  1.0254579e-004  1.0254579e-004  1.0254579e-004
  8.6574724e+002  1.0232783e-004  1.0232783e-004  1.0232783e-004
  8.6575456e+002  1.0201459e-004  1.0201459e-004  1.0201459e-004
  8.6576189e+002  1.0172736e-004  1.0172736e-004  1.0172736e-004
  8.6576921e+002  1.0157724e-004  1.0157724e-004  1.0157724e-004
  8.6577654e+002  1.0156731e-004  1.0156731e-004  1.0156731e-004
  8.6578387e+002  1.0163897e-004  1.0163897e-004  1.0163897e-004
  8.6579119e+002  1.0173228e-004  1.0173228e-004  1.0173228e-004
  8.6579852e+002  1.0178144e-004  1.0178144e-004  1.0178144e-004
  8.6580584e+002  1.0171723e-004  1.0171723e-004  1.0171723e-004
  8.6581317e+002  1.0148338e-004  1.0148338e-004  1.0148338e-004
  8.6582050e+002  1.0115453e-004  1.0115453e-004  1.0115453e-004
  8.6582782e+002  1.0088139e-004  1.0088139e-004  1.0088139e-004
  8.6583515e+002  1.0079715e-004  1.0079715e-004  1.0079715e-004
  8.6584247e+002  1.0084581e-004  1.0084581e-004  1.0084581e-004
  8.6584980e+002  1.0086065e-004  1.0086065e-004  1.0086065e-004
  8.6585713e+002  1.0069178e-004  1.0069178e-004  1.0069178e-004
  8.6586445e+002  1.0037800e-004  1.0037800e-004  1.0037800e-004
  8.6587178e+002  1.0006951e-004  1.0006951e-004  1.0006951e-004
  8.6587910e+002  9.9905516e-005  9.9905516e-005  9.9905516e-005
  8.6588643e+002  9.9895231e-005  9.9895231e-005  9.9895231e-005
  8.6589376e+002  9.9970481e-005  9.9970481e-005  9.9970481e-005
  8.6590108e+002  1.0006261e-004  1.0006261e-004  1.0006261e-004
  8.6590841e+002  1.0010866e-004  1.0010866e-004  1.0010866e-004
  8.6591573e+002  1.0004909e-004  1.0004909e-004  1.0004909e-004
  8.6592306e+002  9.9834399e-005  9.9834399e-005  9.9834399e-005
  8.6593039e+002  9.9521732e-005  9.9521732e-005  9.9521732e-005
  8.6593771e+002  9.9232724e-005  9.9232724e-005  9.9232724e-005
  8.6594504e+002  9.9079942e-005  9.9079942e-005  9.9079942e-005
  8.6595236e+002  9.9068472e-005  9.9068472e-005  9.9068472e-005
  8.6595969e+002  9.9137851e-005  9.9137851e-005  9.9137851e-005
  8.6596702e+002  9.9226673e-005  9.9226673e-005  9.9226673e-005
  8.6597434e+002  9.9273424e-005  9.9273424e-005  9.9273424e-005
  8.6598167e+002  9.9216517e-005  9.9216517e-005  9.9216517e-005
  8.6598899e+002  9.9004118e-005  9.9004118e-005  9.9004118e-005
  8.6599632e+002  9.8691785e-005  9.8691785e-005  9.8691785e-005
  8.6600365e+002  9.8401634e-005  9.8401634e-005  9.8401634e-005
  8.6601097e+002  9.8247151e-005  9.8247151e-005  9.8247151e-005
  8.6601830e+002  9.8234695e-005  9.8234695e-005  9.8234695e-005
  8.6602562e+002  9.8303704e-005  9.8303704e-005  9.8303704e-005
  8.6603295e+002  9.8392601e-005  9.8392601e-005  9.8392601e-005
  8.6604028e+002  9.8439921e-005  9.8439921e-005  9.8439921e-005
  8.6604760e+002  9.8384267e-005  9.8384267e-005  9.8384267e-005
  8.6605493e+002  9.8173574e-005  9.8173574e-005  9.8173574e-005
  8.6606225e+002  9.7861918e-005  9.7861918e-005  9.7861918e-005
  8.6606958e+002  9.7570760e-005  9.7570760e-005  9.7570760e-005
  8.6607691e+002  9.7413527e-005  9.7413527e-005  9.7413527e-005
  8.6608423e+002  9.7398873e-005  9.7398873e-005  9.7398873e-005
  8.6609156e+002  9.7468400e-005  9.7468400e-005  9.7468400e-005
  8.6609888e+002  9.7562136e-005  9.7562136e-005  9.7562136e-005
  8.6610621e+002  9.7614537e-005  9.7614537e-005  9.7614537e-005
  8.6611354e+002  9.7556467e-005  9.7556467e-005  9.7556467e-005
  8.6612086e+002  9.7329489e-005  9.7329489e-005  9.7329489e-005
  8.6612819e+002  9.7001615e-005  9.7001615e-005  9.7001615e-005
  8.6613551e+002  9.6723093e-005  9.6723093e-005  9.6723093e-005
  8.6614284e+002  9.6630203e-005  9.6630203e-005  9.6630203e-005
  8.6615017e+002  9.6676609e-005  9.6676609e-005  9.6676609e-005
  8.6615749e+002  9.6696254e-005  9.6696254e-005  9.6696254e-005
  8.6616482e+002  9.6536159e-005  9.6536159e-005  9.6536159e-005
  8.6617214e+002  9.6225474e-005  9.6225474e-005  9.6225474e-005
  8.6617947e+002  9.5913709e-005  9.5913709e-005  9.5913709e-005
  8.6618680e+002  9.5742187e-005  9.5742187e-005  9.5742187e-005
  8.6619412e+002  9.5726790e-005  9.5726790e-005  9.5726790e-005
  8.6620145e+002  9.5799837e-005  9.5799837e-005  9.5799837e-005
  8.6620877e+002  9.5892580e-005  9.5892580e-005  9.5892580e-005
  8.6621610e+002  9.5941765e-005  9.5941765e-005  9.5941765e-005
  8.6622343e+002  9.5887833e-005  9.5887833e-005  9.5887833e-005
  8.6623075e+002  9.5679569e-005  9.5679569e-005  9.5679569e-005
  8.6623808e+002  9.5368591e-005  9.5368591e-005  9.5368591e-005
  8.6624540e+002  9.5076121e-005  9.5076121e-005  9.5076121e-005
  8.6625273e+002  9.4916445e-005  9.4916445e-005  9.4916445e-005
  8.6626006e+002  9.4900230e-005  9.4900230e-005  9.4900230e-005
  8.6626738e+002  9.4967446e-005  9.4967446e-005  9.4967446e-005
  8.6627471e+002  9.5056688e-005  9.5056688e-005  9.5056688e-005
  8.6628203e+002  9.5106446e-005  9.5106446e-005  9.5106446e-005
  8.6628936e+002  9.5055138e-005  9.5055138e-005  9.5055138e-005
  8.6629669e+002  9.4849236e-005  9.4849236e-005  9.4849236e-005
  8.6630401e+002  9.4538672e-005  9.4538672e-005  9.4538672e-005
  8.6631134e+002  9.4245106e-005  9.4245106e-005  9.4245106e-005
  8.6631866e+002  9.4083698e-005  9.4083698e-005  9.4083698e-005
  8.6632599e+002  9.4066452e-005  9.4066452e-005  9.4066452e-005
  8.6633332e+002  9.4133288e-005  9.4133288e-005  9.4133288e-005
  8.6634064e+002  9.4222652e-005  9.4222652e-005  9.4222652e-005
  8.6634797e+002  9.4273019e-005  9.4273019e-005  9.4273019e-005
  8.6635529e+002  9.4222886e-005  9.4222886e-005  9.4222886e-005
  8.6636262e+002  9.4018458e-005  9.4018458e-005  9.4018458e-005
  8.6636995e+002  9.3708388e-005  9.3708388e-005  9.3708388e-005
  8.6637727e+002  9.3414066e-005  9.3414066e-005  9.3414066e-005
  8.6638460e+002  9.3250851e-005  9.3250851e-005  9.3250851e-005
  8.6639192e+002  9.3232239e-005  9.3232239e-005  9.3232239e-005
  8.6639925e+002  9.3298817e-005  9.3298817e-005  9.3298817e-005
  8.6640658e+002  9.3389487e-005  9.3389487e-005  9.3389487e-005
  8.6641390e+002  9.3441712e-005  9.3441712e-005  9.3441712e-005
  8.6642123e+002  9.3391923e-005  9.3391923e-005  9.3391923e-005
  8.6642855e+002  9.3184304e-005  9.3184304e-005  9.3184304e-005
  8.6643588e+002  9.2870039e-005  9.2870039e-005  9.2870039e-005
  8.6644321e+002  9.2578113e-005  9.2578113e-005  9.2578113e-005
  8.6645053e+002  9.2430552e-005  9.2430552e-005  9.2430552e-005
  8.6645786e+002  9.2428150e-005  9.2428150e-005  9.2428150e-005
  8.6646518e+002  9.2482841e-005  9.2482841e-005  9.2482841e-005
  8.6647251e+002  9.2509776e-005  9.2509776e-005  9.2509776e-005
  8.6647984e+002  9.2498079e-005  9.2498079e-005  9.2498079e-005
  8.6648716e+002  9.2491523e-005  9.2491523e-005  9.2491523e-005
  8.6649449e+002  9.2529982e-005  9.2529982e-005  9.2529982e-005
  8.6650181e+002  9.2579579e-005  9.2579579e-005  9.2579579e-005
  8.6650914e+002  9.2551517e-005  9.2551517e-005  9.2551517e-005
  8.6651647e+002  9.2364029e-005  9.2364029e-005  9.2364029e-005
  8.6652379e+002  9.2055490e-005  9.2055490e-005  9.2055490e-005
  8.6653112e+002  9.1754451e-005  9.1754451e-005  9.1754451e-005
  8.6653844e+002  9.1584421e-005  9.1584421e-005  9.1584421e-005
  8.6654577e+002  9.1563516e-005  9.1563516e-005  9.1563516e-005
  8.6655310e+002  9.1630111e-005  9.1630111e-005  9.1630111e-005
  8.6656042e+002  9.1720708e-005  9.1720708e-005  9.1720708e-005
  8.6656775e+002  9.1773215e-005  9.1773215e-005  9.1773215e-005
  8.6657507e+002  9.1726611e-005  9.1726611e-005  9.1726611e-005
  8.6658240e+002  9.1526543e-005  9.1526543e-005  9.1526543e-005
  8.6658973e+002  9.1217799e-005  9.1217799e-005  9.1217799e-005
  8.6659705e+002  9.0921366e-005  9.0921366e-005  9.0921366e-005
  8.6660438e+002  9.0753623e-005  9.0753623e-005  9.0753623e-005
  8.6661170e+002  9.0731843e-005  9.0731843e-005  9.0731843e-005
  8.6661903e+002  9.0796527e-005  9.0796527e-005  9.0796527e-005
  8.6662636e+002  9.0886169e-005  9.0886169e-005  9.0886169e-005
  8.6663368e+002  9.0939235e-005  9.0939235e-005  9.0939235e-005
  8.6664101e+002  9.0894172e-005  9.0894172e-005  9.0894172e-005
  8.6664833e+002  9.0695797e-005  9.0695797e-005  9.0695797e-005
  8.6665566e+002  9.0387515e-005  9.0387515e-005  9.0387515e-005
  8.6666299e+002  9.0090322e-005  9.0090322e-005  9.0090322e-005
  8.6667031e+002  8.9921037e-005  8.9921037e-005  8.9921037e-005
  8.6667764e+002  8.9898201e-005  8.9898201e-005  8.9898201e-005
  8.6668496e+002  8.9962403e-005  8.9962403e-005  8.9962403e-005
  8.6669229e+002  9.0052091e-005  9.0052091e-005  9.0052091e-005
  8.6669962e+002  9.0105739e-005  9.0105739e-005  9.0105739e-005
  8.6670694e+002  9.0061841e-005  9.0061841e-005  9.0061841e-005
  8.6671427e+002  8.9864973e-005  8.9864973e-005  8.9864973e-005
  8.6672159e+002  8.9557242e-005  8.9557242e-005  8.9557242e-005
  8.6672892e+002  8.9259351e-005  8.9259351e-005  8.9259351e-005
  8.6673625e+002  8.9088272e-005  8.9088272e-005  8.9088272e-005
  8.6674357e+002  8.9064031e-005  8.9064031e-005  8.9064031e-005
  8.6675090e+002  8.9127911e-005  8.9127911e-005  8.9127911e-005
  8.6675822e+002  8.9218835e-005  8.9218835e-005  8.9218835e-005
  8.6676555e+002  8.9274361e-005  8.9274361e-005  8.9274361e-005
  8.6677288e+002  8.9230928e-005  8.9230928e-005  8.9230928e-005
  8.6678020e+002  8.9031053e-005  8.9031053e-005  8.9031053e-005
  8.6678753e+002  8.8719007e-005  8.8719007e-005  8.8719007e-005
  8.6679485e+002  8.8423017e-005  8.8423017e-005  8.8423017e-005
  8.6680218e+002  8.8266986e-005  8.8266986e-005  8.8266986e-005
  8.6680951e+002  8.8259570e-005  8.8259570e-005  8.8259570e-005
  8.6681683e+002  8.8313580e-005  8.8313580e-005  8.8313580e-005
  8.6682416e+002  8.8343031e-005  8.8343031e-005  8.8343031e-005
  8.6683148e+002  8.8332228e-005  8.8332228e-005  8.8332228e-005
  8.6683881e+002  8.8324391e-005  8.8324391e-005  8.8324391e-005
  8.6684614e+002  8.8360511e-005  8.8360511e-005  8.8360511e-005
  8.6685346e+002  8.8411546e-005  8.8411546e-005  8.8411546e-005
  8.6686079e+002  8.8389288e-005  8.8389288e-005  8.8389288e-005
  8.6686811e+002  8.8210184e-005  8.8210184e-005  8.8210184e-005
  8.6687544e+002  8.7904668e-005  8.7904668e-005  8.7904668e-005
  8.6688277e+002  8.7600233e-005  8.7600233e-005  8.7600233e-005
  8.6689009e+002  8.7421848e-005  8.7421848e-005  8.7421848e-005
  8.6689742e+002  8.7394796e-005  8.7394796e-005  8.7394796e-005
  8.6690474e+002  8.7458809e-005  8.7458809e-005  8.7458809e-005
  8.6691207e+002  8.7550841e-005  8.7550841e-005  8.7550841e-005
  8.6691940e+002  8.7607848e-005  8.7607848e-005  8.7607848e-005
  8.6692672e+002  8.7566786e-005  8.7566786e-005  8.7566786e-005
  8.6693405e+002  8.7370055e-005  8.7370055e-005  8.7370055e-005
  8.6694137e+002  8.7059051e-005  8.7059051e-005  8.7059051e-005
  8.6694870e+002  8.6761476e-005  8.6761476e-005  8.6761476e-005
  8.6695603e+002  8.6601818e-005  8.6601818e-005  8.6601818e-005
  8.6696335e+002  8.6592150e-005  8.6592150e-005  8.6592150e-005
  8.6697068e+002  8.6645769e-005  8.6645769e-005  8.6645769e-005
  8.6697800e+002  8.6676289e-005  8.6676289e-005  8.6676289e-005
  8.6698533e+002  8.6665905e-005  8.6665905e-005  8.6665905e-005
  8.6699266e+002  8.6657550e-005  8.6657550e-005  8.6657550e-005
  8.6699998e+002  8.6692639e-005  8.6692639e-005  8.6692639e-005
  8.6700731e+002  8.6744248e-005  8.6744248e-005  8.6744248e-005
  8.6701463e+002  8.6724456e-005  8.6724456e-005  8.6724456e-005
  8.6702196e+002  8.6549007e-005  8.6549007e-005  8.6549007e-005
  8.6702929e+002  8.6244869e-005  8.6244869e-005  8.6244869e-005
  8.6703661e+002  8.5939068e-005  8.5939068e-005  8.5939068e-005
  8.6704394e+002  8.5757183e-005  8.5757183e-005  8.5757183e-005
  8.6705126e+002  8.5727541e-005  8.5727541e-005  8.5727541e-005
  8.6705859e+002  8.5790287e-005  8.5790287e-005  8.5790287e-005
  8.6706592e+002  8.5882379e-005  8.5882379e-005  8.5882379e-005
  8.6707324e+002  8.5940771e-005  8.5940771e-005  8.5940771e-005
  8.6708057e+002  8.5902419e-005  8.5902419e-005  8.5902419e-005
  8.6708789e+002  8.5709126e-005  8.5709126e-005  8.5709126e-005
  8.6709522e+002  8.5399241e-005  8.5399241e-005  8.5399241e-005
  8.6710255e+002  8.5100040e-005  8.5100040e-005  8.5100040e-005
  8.6710987e+002  8.4936685e-005  8.4936685e-005  8.4936685e-005
  8.6711720e+002  8.4924720e-005  8.4924720e-005  8.4924720e-005
  8.6712452e+002  8.4977935e-005  8.4977935e-005  8.4977935e-005
  8.6713185e+002  8.5009537e-005  8.5009537e-005  8.5009537e-005
  8.6713918e+002  8.4999594e-005  8.4999594e-005  8.4999594e-005
  8.6714650e+002  8.4990732e-005  8.4990732e-005  8.4990732e-005
  8.6715383e+002  8.5024772e-005  8.5024772e-005  8.5024772e-005
  8.6716115e+002  8.5076916e-005  8.5076916e-005  8.5076916e-005
  8.6716848e+002  8.5059551e-005  8.5059551e-005  8.5059551e-005
  8.6717581e+002  8.4887771e-005  8.4887771e-005  8.4887771e-005
  8.6718313e+002  8.4585070e-005  8.4585070e-005  8.4585070e-005
  8.6719046e+002  8.4277961e-005  8.4277961e-005  8.4277961e-005
  8.6719778e+002  8.4092587e-005  8.4092587e-005  8.4092587e-005
  8.6720511e+002  8.4060326e-005  8.4060326e-005  8.4060326e-005
  8.6721244e+002  8.4121779e-005  8.4121779e-005  8.4121779e-005
  8.6721976e+002  8.4213902e-005  8.4213902e-005  8.4213902e-005
  8.6722709e+002  8.4273652e-005  8.4273652e-005  8.4273652e-005
  8.6723441e+002  8.4237982e-005  8.4237982e-005  8.4237982e-005
  8.6724174e+002  8.4048144e-005  8.4048144e-005  8.4048144e-005
  8.6724907e+002  8.3739436e-005  8.3739436e-005  8.3739436e-005
  8.6725639e+002  8.3438667e-005  8.3438667e-005  8.3438667e-005
  8.6726372e+002  8.3271620e-005  8.3271620e-005  8.3271620e-005
  8.6727104e+002  8.3257318e-005  8.3257318e-005  8.3257318e-005
  8.6727837e+002  8.3310091e-005  8.3310091e-005  8.3310091e-005
  8.6728570e+002  8.3342765e-005  8.3342765e-005  8.3342765e-005
  8.6729302e+002  8.3333283e-005  8.3333283e-005  8.3333283e-005
  8.6730035e+002  8.3323935e-005  8.3323935e-005  8.3323935e-005
  8.6730767e+002  8.3356914e-005  8.3356914e-005  8.3356914e-005
  8.6731500e+002  8.3409553e-005  8.3409553e-005  8.3409553e-005
  8.6732233e+002  8.3394576e-005  8.3394576e-005  8.3394576e-005
  8.6732965e+002  8.3226477e-005  8.3226477e-005  8.3226477e-005
  8.6733698e+002  8.2925270e-005  8.2925270e-005  8.2925270e-005
  8.6734430e+002  8.2616909e-005  8.2616909e-005  8.2616909e-005
  8.6735163e+002  8.2428059e-005  8.2428059e-005  8.2428059e-005
  8.6735896e+002  8.2393149e-005  8.2393149e-005  8.2393149e-005
  8.6736628e+002  8.2453282e-005  8.2453282e-005  8.2453282e-005
  8.6737361e+002  8.2545415e-005  8.2545415e-005  8.2545415e-005
  8.6738093e+002  8.2606501e-005  8.2606501e-005  8.2606501e-005
  8.6738826e+002  8.2573483e-005  8.2573483e-005  8.2573483e-005
  8.6739559e+002  8.2387094e-005  8.2387094e-005  8.2387094e-005
  8.6740291e+002  8.2079595e-005  8.2079595e-005  8.2079595e-005
  8.6741024e+002  8.1777324e-005  8.1777324e-005  8.1777324e-005
  8.6741756e+002  8.1606674e-005  8.1606674e-005  8.1606674e-005
  8.6742489e+002  8.1590093e-005  8.1590093e-005  8.1590093e-005
  8.6743222e+002  8.1642352e-005  8.1642352e-005  8.1642352e-005
  8.6743954e+002  8.1675793e-005  8.1675793e-005  8.1675793e-005
  8.6744687e+002  8.1666425e-005  8.1666425e-005  8.1666425e-005
  8.6745419e+002  8.1656724e-005  8.1656724e-005  8.1656724e-005
  8.6746152e+002  8.1689737e-005  8.1689737e-005  8.1689737e-005
  8.6746885e+002  8.1744196e-005  8.1744196e-005  8.1744196e-005
  8.6747617e+002  8.1731156e-005  8.1731156e-005  8.1731156e-005
  8.6748350e+002  8.1562636e-005  8.1562636e-005  8.1562636e-005
  8.6749082e+002  8.1257876e-005  8.1257876e-005  8.1257876e-005
  8.6749815e+002  8.0949826e-005  8.0949826e-005  8.0949826e-005
  8.6750548e+002  8.0772810e-005  8.0772810e-005  8.0772810e-005
  8.6751280e+002  8.0754307e-005  8.0754307e-005  8.0754307e-005
  8.6752013e+002  8.0807595e-005  8.0807595e-005  8.0807595e-005
  8.6752745e+002  8.0842789e-005  8.0842789e-005  8.0842789e-005
  8.6753478e+002  8.0833851e-005  8.0833851e-005  8.0833851e-005
  8.6754211e+002  8.0823530e-005  8.0823530e-005  8.0823530e-005
  8.6754943e+002  8.0855607e-005  8.0855607e-005  8.0855607e-005
  8.6755676e+002  8.0910276e-005  8.0910276e-005  8.0910276e-005
  8.6756408e+002  8.0898688e-005  8.0898688e-005  8.0898688e-005
  8.6757141e+002  8.0732408e-005  8.0732408e-005  8.0732408e-005
  8.6757874e+002  8.0428540e-005  8.0428540e-005  8.0428540e-005
  8.6758606e+002  8.0119683e-005  8.0119683e-005  8.0119683e-005
  8.6759339e+002  7.9940504e-005  7.9940504e-005  7.9940504e-005
  8.6760071e+002  7.9920575e-005  7.9920575e-005  7.9920575e-005
  8.6760804e+002  7.9973555e-005  7.9973555e-005  7.9973555e-005
  8.6761537e+002  8.0009368e-005  8.0009368e-005  8.0009368e-005
  8.6762269e+002  8.0000729e-005  8.0000729e-005  8.0000729e-005
  8.6763002e+002  7.9990148e-005  7.9990148e-005  7.9990148e-005
  8.6763734e+002  8.0021590e-005  8.0021590e-005  8.0021590e-005
  8.6764467e+002  8.0076494e-005  8.0076494e-005  8.0076494e-005
  8.6765200e+002  8.0066250e-005  8.0066250e-005  8.0066250e-005
  8.6765932e+002  7.9902130e-005  7.9902130e-005  7.9902130e-005
  8.6766665e+002  7.9599164e-005  7.9599164e-005  7.9599164e-005
  8.6767397e+002  7.9289545e-005  7.9289545e-005  7.9289545e-005
  8.6768130e+002  7.9108229e-005  7.9108229e-005  7.9108229e-005
  8.6768863e+002  7.9086863e-005  7.9086863e-005  7.9086863e-005
  8.6769595e+002  7.9139516e-005  7.9139516e-005  7.9139516e-005
  8.6770328e+002  7.9175939e-005  7.9175939e-005  7.9175939e-005
  8.6771060e+002  7.9167603e-005  7.9167603e-005  7.9167603e-005
  8.6771793e+002  7.9156772e-005  7.9156772e-005  7.9156772e-005
  8.6772526e+002  7.9187578e-005  7.9187578e-005  7.9187578e-005
  8.6773258e+002  7.9242703e-005  7.9242703e-005  7.9242703e-005
  8.6773991e+002  7.9233789e-005  7.9233789e-005  7.9233789e-005
  8.6774723e+002  7.9071831e-005  7.9071831e-005  7.9071831e-005
  8.6775456e+002  7.8769787e-005  7.8769787e-005  7.8769787e-005
  8.6776189e+002  7.8459426e-005  7.8459426e-005  7.8459426e-005
  8.6776921e+002  7.8275979e-005  7.8275979e-005  7.8275979e-005
  8.6777654e+002  7.8253163e-005  7.8253163e-005  7.8253163e-005
  8.6778386e+002  7.8305474e-005  7.8305474e-005  7.8305474e-005
  8.6779119e+002  7.8342502e-005  7.8342502e-005  7.8342502e-005
  8.6779852e+002  7.8334477e-005  7.8334477e-005  7.8334477e-005
  8.6780584e+002  7.8323402e-005  7.8323402e-005  7.8323402e-005
  8.6781317e+002  7.8353569e-005  7.8353569e-005  7.8353569e-005
  8.6782049e+002  7.8408902e-005  7.8408902e-005  7.8408902e-005
  8.6782782e+002  7.8401306e-005  7.8401306e-005  7.8401306e-005
  8.6783515e+002  7.8241511e-005  7.8241511e-005  7.8241511e-005
  8.6784247e+002  7.7940408e-005  7.7940408e-005  7.7940408e-005
  8.6784980e+002  7.7629325e-005  7.7629325e-005  7.7629325e-005
  8.6785712e+002  7.7443752e-005  7.7443752e-005  7.7443752e-005
  8.6786445e+002  7.7419473e-005  7.7419473e-005  7.7419473e-005
  8.6787178e+002  7.7471429e-005  7.7471429e-005  7.7471429e-005
  8.6787910e+002  7.7509059e-005  7.7509059e-005  7.7509059e-005
  8.6788643e+002  7.7501351e-005  7.7501351e-005  7.7501351e-005
  8.6789375e+002  7.7490038e-005  7.7490038e-005  7.7490038e-005
  8.6790108e+002  7.7519565e-005  7.7519565e-005  7.7519565e-005
  8.6790841e+002  7.7575093e-005  7.7575093e-005  7.7575093e-005
  8.6791573e+002  7.7568800e-005  7.7568800e-005  7.7568800e-005
  8.6792306e+002  7.7411169e-005  7.7411169e-005  7.7411169e-005
  8.6793038e+002  7.7111028e-005  7.7111028e-005  7.7111028e-005
  8.6793771e+002  7.6799243e-005  7.6799243e-005  7.6799243e-005
  8.6794504e+002  7.6611550e-005  7.6611550e-005  7.6611550e-005
  8.6795236e+002  7.6585794e-005  7.6585794e-005  7.6585794e-005
  8.6795969e+002  7.6637382e-005  7.6637382e-005  7.6637382e-005
  8.6796701e+002  7.6675608e-005  7.6675608e-005  7.6675608e-005
  8.6797434e+002  7.6668224e-005  7.6668224e-005  7.6668224e-005
  8.6798167e+002  7.6656681e-005  7.6656681e-005  7.6656681e-005
  8.6798899e+002  7.6685565e-005  7.6685565e-005  7.6685565e-005
  8.6799632e+002  7.6741275e-005  7.6741275e-005  7.6741275e-005
  8.6800364e+002  7.6736272e-005  7.6736272e-005  7.6736272e-005
  8.6801097e+002  7.6580806e-005  7.6580806e-005  7.6580806e-005
  8.6801830e+002  7.6281646e-005  7.6281646e-005  7.6281646e-005
  8.6802562e+002  7.5969180e-005  7.5969180e-005  7.5969180e-005
  8.6803295e+002  7.5779373e-005  7.5779373e-005  7.5779373e-005
  8.6804027e+002  7.5752126e-005  7.5752126e-005  7.5752126e-005
  8.6804760e+002  7.5803333e-005  7.5803333e-005  7.5803333e-005
  8.6805493e+002  7.5842150e-005  7.5842150e-005  7.5842150e-005
  8.6806225e+002  7.5835097e-005  7.5835097e-005  7.5835097e-005
  8.6806958e+002  7.5823330e-005  7.5823330e-005  7.5823330e-005
  8.6807690e+002  7.5851569e-005  7.5851569e-005  7.5851569e-005
  8.6808423e+002  7.5907445e-005  7.5907445e-005  7.5907445e-005
  8.6809156e+002  7.5903720e-005  7.5903720e-005  7.5903720e-005
  8.6809888e+002  7.5750424e-005  7.5750424e-005  7.5750424e-005
  8.6810621e+002  7.5452273e-005  7.5452273e-005  7.5452273e-005
  8.6811353e+002  7.5139143e-005  7.5139143e-005  7.5139143e-005
  8.6812086e+002  7.4947210e-005  7.4947210e-005  7.4947210e-005
  8.6812819e+002  7.4918432e-005  7.4918432e-005  7.4918432e-005
  8.6813551e+002  7.4969248e-005  7.4969248e-005  7.4969248e-005
  8.6814284e+002  7.5008722e-005  7.5008722e-005  7.5008722e-005
  8.6815016e+002  7.5002108e-005  7.5002108e-005  7.5002108e-005
  8.6815749e+002  7.4990113e-005  7.4990113e-005  7.4990113e-005
  8.6816482e+002  7.5017439e-005  7.5017439e-005  7.5017439e-005
  8.6817214e+002  7.5073090e-005  7.5073090e-005  7.5073090e-005
  8.6817947e+002  7.5070668e-005  7.5070668e-005  7.5070668e-005
  8.6818679e+002  7.4920532e-005  7.4920532e-005  7.4920532e-005
  8.6819412e+002  7.4624822e-005  7.4624822e-005  7.4624822e-005
  8.6820145e+002  7.4310911e-005  7.4310911e-005  7.4310911e-005
  8.6820877e+002  7.4113174e-005  7.4113174e-005  7.4113174e-005
  8.6821610e+002  7.4077575e-005  7.4077575e-005  7.4077575e-005
  8.6822342e+002  7.4128478e-005  7.4128478e-005  7.4128478e-005
  8.6823075e+002  7.4182305e-005  7.4182305e-005  7.4182305e-005
  8.6823808e+002  7.4195855e-005  7.4195855e-005  7.4195855e-005
  8.6824540e+002  7.4181908e-005  7.4181908e-005  7.4181908e-005
  8.6825273e+002  7.4157357e-005  7.4157357e-005  7.4157357e-005
  8.6826005e+002  7.4139097e-005  7.4139097e-005  7.4139097e-005
  8.6826738e+002  7.4144022e-005  7.4144022e-005  7.4144022e-005
  8.6827471e+002  7.4188176e-005  7.4188176e-005  7.4188176e-005
  8.6828203e+002  7.4247625e-005  7.4247625e-005  7.4247625e-005
  8.6828936e+002  7.4242135e-005  7.4242135e-005  7.4242135e-005
  8.6829668e+002  7.4089045e-005  7.4089045e-005  7.4089045e-005
  8.6830401e+002  7.3792342e-005  7.3792342e-005  7.3792342e-005
  8.6831134e+002  7.3479024e-005  7.3479024e-005  7.3479024e-005
  8.6831866e+002  7.3283627e-005  7.3283627e-005  7.3283627e-005
  8.6832599e+002  7.3251656e-005  7.3251656e-005  7.3251656e-005
  8.6833331e+002  7.3301206e-005  7.3301206e-005  7.3301206e-005
  8.6834064e+002  7.3341639e-005  7.3341639e-005  7.3341639e-005
  8.6834797e+002  7.3335744e-005  7.3335744e-005  7.3335744e-005
  8.6835529e+002  7.3323377e-005  7.3323377e-005  7.3323377e-005
  8.6836262e+002  7.3349347e-005  7.3349347e-005  7.3349347e-005
  8.6836994e+002  7.3405311e-005  7.3405311e-005  7.3405311e-005
  8.6837727e+002  7.3405642e-005  7.3405642e-005  7.3405642e-005
  8.6838460e+002  7.3260319e-005  7.3260319e-005  7.3260319e-005
  8.6839192e+002  7.2966990e-005  7.2966990e-005  7.2966990e-005
  8.6839925e+002  7.2651783e-005  7.2651783e-005  7.2651783e-005
  8.6840657e+002  7.2449464e-005  7.2449464e-005  7.2449464e-005
  8.6841390e+002  7.2410355e-005  7.2410355e-005  7.2410355e-005
  8.6842123e+002  7.2460030e-005  7.2460030e-005  7.2460030e-005
  8.6842855e+002  7.2514731e-005  7.2514731e-005  7.2514731e-005
  8.6843588e+002  7.2529259e-005  7.2529259e-005  7.2529259e-005
  8.6844320e+002  7.2515833e-005  7.2515833e-005  7.2515833e-005
  8.6845053e+002  7.2491347e-005  7.2491347e-005  7.2491347e-005
  8.6845786e+002  7.2472695e-005  7.2472695e-005  7.2472695e-005
  8.6846518e+002  7.2476772e-005  7.2476772e-005  7.2476772e-005
  8.6847251e+002  7.2519794e-005  7.2519794e-005  7.2519794e-005
  8.6847983e+002  7.2579825e-005  7.2579825e-005  7.2579825e-005
  8.6848716e+002  7.2577201e-005  7.2577201e-005  7.2577201e-005
  8.6849449e+002  7.2428888e-005  7.2428888e-005  7.2428888e-005
  8.6850181e+002  7.2134527e-005  7.2134527e-005  7.2134527e-005
  8.6850914e+002  7.1819864e-005  7.1819864e-005  7.1819864e-005
  8.6851646e+002  7.1619816e-005  7.1619816e-005  7.1619816e-005
  8.6852379e+002  7.1584369e-005  7.1584369e-005  7.1584369e-005
  8.6853112e+002  7.1632921e-005  7.1632921e-005  7.1632921e-005
  8.6853844e+002  7.1674611e-005  7.1674611e-005  7.1674611e-005
  8.6854577e+002  7.1669528e-005  7.1669528e-005  7.1669528e-005
  8.6855309e+002  7.1656733e-005  7.1656733e-005  7.1656733e-005
  8.6856042e+002  7.1681256e-005  7.1681256e-005  7.1681256e-005
  8.6856775e+002  7.1737451e-005  7.1737451e-005  7.1737451e-005
  8.6857507e+002  7.1740491e-005  7.1740491e-005  7.1740491e-005
  8.6858240e+002  7.1599998e-005  7.1599998e-005  7.1599998e-005
  8.6858972e+002  7.1309150e-005  7.1309150e-005  7.1309150e-005
  8.6859705e+002  7.0992742e-005  7.0992742e-005  7.0992742e-005
  8.6860438e+002  7.0785881e-005  7.0785881e-005  7.0785881e-005
  8.6861170e+002  7.0743208e-005  7.0743208e-005  7.0743208e-005
  8.6861903e+002  7.0791594e-005  7.0791594e-005  7.0791594e-005
  8.6862635e+002  7.0847118e-005  7.0847118e-005  7.0847118e-005
  8.6863368e+002  7.0862608e-005  7.0862608e-005  7.0862608e-005
  8.6864101e+002  7.0849714e-005  7.0849714e-005  7.0849714e-005
  8.6864833e+002  7.0825372e-005  7.0825372e-005  7.0825372e-005
  8.6865566e+002  7.0806444e-005  7.0806444e-005  7.0806444e-005
  8.6866298e+002  7.0809686e-005  7.0809686e-005  7.0809686e-005
  8.6867031e+002  7.0851315e-005  7.0851315e-005  7.0851315e-005
  8.6867764e+002  7.0911480e-005  7.0911480e-005  7.0911480e-005
  8.6868496e+002  7.0911652e-005  7.0911652e-005  7.0911652e-005
  8.6869229e+002  7.0769030e-005  7.0769030e-005  7.0769030e-005
  8.6869961e+002  7.0478560e-005  7.0478560e-005  7.0478560e-005
  8.6870694e+002  7.0162688e-005  7.0162688e-005  7.0162688e-005
  8.6871427e+002  6.9954608e-005  6.9954608e-005  6.9954608e-005
  8.6872159e+002  6.9910199e-005  6.9910199e-005  6.9910199e-005
  8.6872892e+002  6.9957532e-005  6.9957532e-005  6.9957532e-005
  8.6873624e+002  7.0013178e-005  7.0013178e-005  7.0013178e-005
  8.6874357e+002  7.0029175e-005  7.0029175e-005  7.0029175e-005
  8.6875090e+002  7.0016666e-005  7.0016666e-005  7.0016666e-005
  8.6875822e+002  6.9992398e-005  6.9992398e-005  6.9992398e-005
  8.6876555e+002  6.9973181e-005  6.9973181e-005  6.9973181e-005
  8.6877287e+002  6.9975940e-005  6.9975940e-005  6.9975940e-005
  8.6878020e+002  7.0017151e-005  7.0017151e-005  7.0017151e-005
  8.6878753e+002  7.0077961e-005  7.0077961e-005  7.0077961e-005
  8.6879485e+002  7.0079678e-005  7.0079678e-005  7.0079678e-005
  8.6880218e+002  6.9938787e-005  6.9938787e-005  6.9938787e-005
  8.6880950e+002  6.9648268e-005  6.9648268e-005  6.9648268e-005
  8.6881683e+002  6.9331711e-005  6.9331711e-005  6.9331711e-005
  8.6882416e+002  6.9124514e-005  6.9124514e-005  6.9124514e-005
  8.6883148e+002  6.9083525e-005  6.9083525e-005  6.9083525e-005
  8.6883881e+002  6.9130393e-005  6.9130393e-005  6.9130393e-005
  8.6884613e+002  6.9173973e-005  6.9173973e-005  6.9173973e-005
  8.6885346e+002  6.9170218e-005  6.9170218e-005  6.9170218e-005
  8.6886079e+002  6.9156823e-005  6.9156823e-005  6.9156823e-005
  8.6886811e+002  6.9179096e-005  6.9179096e-005  6.9179096e-005
  8.6887544e+002  6.9235517e-005  6.9235517e-005  6.9235517e-005
  8.6888276e+002  6.9242639e-005  6.9242639e-005  6.9242639e-005
  8.6889009e+002  6.9109632e-005  6.9109632e-005  6.9109632e-005
  8.6889742e+002  6.8822846e-005  6.8822846e-005  6.8822846e-005
  8.6890474e+002  6.8504767e-005  6.8504767e-005  6.8504767e-005
  8.6891207e+002  6.8290929e-005  6.8290929e-005  6.8290929e-005
  8.6891939e+002  6.8242577e-005  6.8242577e-005  6.8242577e-005
  8.6892672e+002  6.8288836e-005  6.8288836e-005  6.8288836e-005
  8.6893405e+002  6.8345592e-005  6.8345592e-005  6.8345592e-005
  8.6894137e+002  6.8362646e-005  6.8362646e-005  6.8362646e-005
  8.6894870e+002  6.8350606e-005  6.8350606e-005  6.8350606e-005
  8.6895602e+002  6.8326403e-005  6.8326403e-005  6.8326403e-005
  8.6896335e+002  6.8306910e-005  6.8306910e-005  6.8306910e-005
  8.6897068e+002  6.8308883e-005  6.8308883e-005  6.8308883e-005
  8.6897800e+002  6.8348723e-005  6.8348723e-005  6.8348723e-005
  8.6898533e+002  6.8409572e-005  6.8409572e-005  6.8409572e-005
  8.6899265e+002  6.8413957e-005  6.8413957e-005  6.8413957e-005
  8.6899998e+002  6.8278683e-005  6.8278683e-005  6.8278683e-005
  8.6900731e+002  6.7992220e-005  6.7992220e-005  6.7992220e-005
  8.6901463e+002  6.7674712e-005  6.7674712e-005  6.7674712e-005
  8.6902196e+002  6.7459737e-005  6.7459737e-005  6.7459737e-005
  8.6902928e+002  6.7409641e-005  6.7409641e-005  6.7409641e-005
  8.6903661e+002  6.7454808e-005  6.7454808e-005  6.7454808e-005
  8.6904394e+002  6.7511625e-005  6.7511625e-005  6.7511625e-005
  8.6905126e+002  6.7529159e-005  6.7529159e-005  6.7529159e-005
  8.6905859e+002  6.7517508e-005  6.7517508e-005  6.7517508e-005
  8.6906591e+002  6.7493459e-005  6.7493459e-005  6.7493459e-005
  8.6907324e+002  6.7473795e-005  6.7473795e-005  6.7473795e-005
  8.6908057e+002  6.7475300e-005  6.7475300e-005  6.7475300e-005
  8.6908789e+002  6.7514470e-005  6.7514470e-005  6.7514470e-005
  8.6909522e+002  6.7575521e-005  6.7575521e-005  6.7575521e-005
  8.6910254e+002  6.7581380e-005  6.7581380e-005  6.7581380e-005
  8.6910987e+002  6.7448728e-005  6.7448728e-005  6.7448728e-005
  8.6911720e+002  6.7163757e-005  6.7163757e-005  6.7163757e-005
  8.6912452e+002  6.6845720e-005  6.6845720e-005  6.6845720e-005
  8.6913185e+002  6.6628311e-005  6.6628311e-005  6.6628311e-005
  8.6913917e+002  6.6576145e-005  6.6576145e-005  6.6576145e-005
  8.6914650e+002  6.6620502e-005  6.6620502e-005  6.6620502e-005
  8.6915383e+002  6.6677720e-005  6.6677720e-005  6.6677720e-005
  8.6916115e+002  6.6695820e-005  6.6695820e-005  6.6695820e-005
  8.6916848e+002  6.6684484e-005  6.6684484e-005  6.6684484e-005
  8.6917580e+002  6.6660496e-005  6.6660496e-005  6.6660496e-005
  8.6918313e+002  6.6640642e-005  6.6640642e-005  6.6640642e-005
  8.6919046e+002  6.6641705e-005  6.6641705e-005  6.6641705e-005
  8.6919778e+002  6.6680229e-005  6.6680229e-005  6.6680229e-005
  8.6920511e+002  6.6741469e-005  6.6741469e-005  6.6741469e-005
  8.6921243e+002  6.6748777e-005  6.6748777e-005  6.6748777e-005
  8.6921976e+002  6.6618735e-005  6.6618735e-005  6.6618735e-005
  8.6922709e+002  6.6335283e-005  6.6335283e-005  6.6335283e-005
  8.6923441e+002  6.6016750e-005  6.6016750e-005  6.6016750e-005
  8.6924174e+002  6.5796926e-005  6.5796926e-005  6.5796926e-005
  8.6924906e+002  6.5742668e-005  6.5742668e-005  6.5742668e-005
  8.6925639e+002  6.5786197e-005  6.5786197e-005  6.5786197e-005
  8.6926372e+002  6.5843806e-005  6.5843806e-005  6.5843806e-005
  8.6927104e+002  6.5862484e-005  6.5862484e-005  6.5862484e-005
  8.6927837e+002  6.5851467e-005  6.5851467e-005  6.5851467e-005
  8.6928569e+002  6.5827529e-005  6.5827529e-005  6.5827529e-005
  8.6929302e+002  6.5807460e-005  6.5807460e-005  6.5807460e-005
  8.6930035e+002  6.5808081e-005  6.5808081e-005  6.5808081e-005
  8.6930767e+002  6.5846016e-005  6.5846016e-005  6.5846016e-005
  8.6931500e+002  6.5907532e-005  6.5907532e-005  6.5907532e-005
  8.6932232e+002  6.5916287e-005  6.5916287e-005  6.5916287e-005
  8.6932965e+002  6.5788625e-005  6.5788625e-005  6.5788625e-005
  8.6933698e+002  6.5506329e-005  6.5506329e-005  6.5506329e-005
  8.6934430e+002  6.5187265e-005  6.5187265e-005  6.5187265e-005
  8.6935163e+002  6.4965866e-005  6.4965866e-005  6.4965866e-005
  8.6935895e+002  6.4910977e-005  6.4910977e-005  6.4910977e-005
  8.6936628e+002  6.4953905e-005  6.4953905e-005  6.4953905e-005
  8.6937361e+002  6.5008834e-005  6.5008834e-005  6.5008834e-005
  8.6938093e+002  6.5022576e-005  6.5022576e-005  6.5022576e-005
  8.6938826e+002  6.5010932e-005  6.5010932e-005  6.5010932e-005
  8.6939558e+002  6.4998414e-005  6.4998414e-005  6.4998414e-005
  8.6940291e+002  6.4998730e-005  6.4998730e-005  6.4998730e-005
  8.6941024e+002  6.5002552e-005  6.5002552e-005  6.5002552e-005
  8.6941756e+002  6.4997652e-005  6.4997652e-005  6.4997652e-005
  8.6942489e+002  6.4982534e-005  6.4982534e-005  6.4982534e-005
  8.6943221e+002  6.4978780e-005  6.4978780e-005  6.4978780e-005
  8.6943954e+002  6.5010795e-005  6.5010795e-005  6.5010795e-005
  8.6944687e+002  6.5070997e-005  6.5070997e-005  6.5070997e-005
  8.6945419e+002  6.5082456e-005  6.5082456e-005  6.5082456e-005
  8.6946152e+002  6.4959490e-005  6.4959490e-005  6.4959490e-005
  8.6946884e+002  6.4679864e-005  6.4679864e-005  6.4679864e-005
  8.6947617e+002  6.4360070e-005  6.4360070e-005  6.4360070e-005
  8.6948350e+002  6.4134635e-005  6.4134635e-005  6.4134635e-005
  8.6949082e+002  6.4075614e-005  6.4075614e-005  6.4075614e-005
  8.6949815e+002  6.4117326e-005  6.4117326e-005  6.4117326e-005
  8.6950547e+002  6.4175837e-005  6.4175837e-005  6.4175837e-005
  8.6951280e+002  6.4195809e-005  6.4195809e-005  6.4195809e-005
  8.6952013e+002  6.4185485e-005  6.4185485e-005  6.4185485e-005
  8.6952745e+002  6.4161680e-005  6.4161680e-005  6.4161680e-005
  8.6953478e+002  6.4141207e-005  6.4141207e-005  6.4141207e-005
  8.6954210e+002  6.4140881e-005  6.4140881e-005  6.4140881e-005
  8.6954943e+002  6.4177390e-005  6.4177390e-005  6.4177390e-005
  8.6955676e+002  6.4239217e-005  6.4239217e-005  6.4239217e-005
  8.6956408e+002  6.4251056e-005  6.4251056e-005  6.4251056e-005
  8.6957141e+002  6.4129097e-005  6.4129097e-005  6.4129097e-005
  8.6957873e+002  6.3850315e-005  6.3850315e-005  6.3850315e-005
  8.6958606e+002  6.3530313e-005  6.3530313e-005  6.3530313e-005
  8.6959339e+002  6.3303676e-005  6.3303676e-005  6.3303676e-005
  8.6960071e+002  6.3244088e-005  6.3244088e-005  6.3244088e-005
  8.6960804e+002  6.3285159e-005  6.3285159e-005  6.3285159e-005
  8.6961536e+002  6.3340996e-005  6.3340996e-005  6.3340996e-005
  8.6962269e+002  6.3355996e-005  6.3355996e-005  6.3355996e-005
  8.6963002e+002  6.3344798e-005  6.3344798e-005  6.3344798e-005
  8.6963734e+002  6.3331939e-005  6.3331939e-005  6.3331939e-005
  8.6964467e+002  6.3331930e-005  6.3331930e-005  6.3331930e-005
  8.6965199e+002  6.3335832e-005  6.3335832e-005  6.3335832e-005
  8.6965932e+002  6.3331394e-005  6.3331394e-005  6.3331394e-005
  8.6966665e+002  6.3316320e-005  6.3316320e-005  6.3316320e-005
  8.6967397e+002  6.3311799e-005  6.3311799e-005  6.3311799e-005
  8.6968130e+002  6.3342302e-005  6.3342302e-005  6.3342302e-005
  8.6968862e+002  6.3402647e-005  6.3402647e-005  6.3402647e-005
  8.6969595e+002  6.3417090e-005  6.3417090e-005  6.3417090e-005
  8.6970328e+002  6.3299816e-005  6.3299816e-005  6.3299816e-005
  8.6971060e+002  6.3023817e-005  6.3023817e-005  6.3023817e-005
  8.6971793e+002  6.2703197e-005  6.2703197e-005  6.2703197e-005
  8.6972525e+002  6.2472608e-005  6.2472608e-005  6.2472608e-005
  8.6973258e+002  6.2408826e-005  6.2408826e-005  6.2408826e-005
  8.6973991e+002  6.2448553e-005  6.2448553e-005  6.2448553e-005
  8.6974723e+002  6.2507799e-005  6.2507799e-005  6.2507799e-005
  8.6975456e+002  6.2529058e-005  6.2529058e-005  6.2529058e-005
  8.6976188e+002  6.2519467e-005  6.2519467e-005  6.2519467e-005
  8.6976921e+002  6.2495839e-005  6.2495839e-005  6.2495839e-005
  8.6977654e+002  6.2474987e-005  6.2474987e-005  6.2474987e-005
  8.6978386e+002  6.2473727e-005  6.2473727e-005  6.2473727e-005
  8.6979119e+002  6.2508800e-005  6.2508800e-005  6.2508800e-005
  8.6979851e+002  6.2570844e-005  6.2570844e-005  6.2570844e-005
  8.6980584e+002  6.2585677e-005  6.2585677e-005  6.2585677e-005
  8.6981317e+002  6.2469377e-005  6.2469377e-005  6.2469377e-005
  8.6982049e+002  6.2194257e-005  6.2194257e-005  6.2194257e-005
  8.6982782e+002  6.1873463e-005  6.1873463e-005  6.1873463e-005
  8.6983514e+002  6.1641690e-005  6.1641690e-005  6.1641690e-005
  8.6984247e+002  6.1577310e-005  6.1577310e-005  6.1577310e-005
  8.6984980e+002  6.1616429e-005  6.1616429e-005  6.1616429e-005
  8.6985712e+002  6.1673103e-005  6.1673103e-005  6.1673103e-005
  8.6986445e+002  6.1689385e-005  6.1689385e-005  6.1689385e-005
  8.6987177e+002  6.1678660e-005  6.1678660e-005  6.1678660e-005
  8.6987910e+002  6.1665482e-005  6.1665482e-005  6.1665482e-005
  8.6988643e+002  6.1665142e-005  6.1665142e-005  6.1665142e-005
  8.6989375e+002  6.1669113e-005  6.1669113e-005  6.1669113e-005
  8.6990108e+002  6.1665118e-005  6.1665118e-005  6.1665118e-005
  8.6990840e+002  6.1650086e-005  6.1650086e-005  6.1650086e-005
  8.6991573e+002  6.1644816e-005  6.1644816e-005  6.1644816e-005
  8.6992306e+002  6.1673867e-005  6.1673867e-005  6.1673867e-005
  8.6993038e+002  6.1734366e-005  6.1734366e-005  6.1734366e-005
  8.6993771e+002  6.1751729e-005  6.1751729e-005  6.1751729e-005
  8.6994503e+002  6.1639900e-005  6.1639900e-005  6.1639900e-005
  8.6995236e+002  6.1367277e-005  6.1367277e-005  6.1367277e-005
  8.6995969e+002  6.1045864e-005  6.1045864e-005  6.1045864e-005
  8.6996701e+002  6.0810957e-005  6.0810957e-005  6.0810957e-005
  8.6997434e+002  6.0743805e-005  6.0743805e-005  6.0743805e-005
  8.6998166e+002  6.0781887e-005  6.0781887e-005  6.0781887e-005
  8.6998899e+002  6.0839087e-005  6.0839087e-005  6.0839087e-005
  8.6999632e+002  6.0856113e-005  6.0856113e-005  6.0856113e-005
  8.7000364e+002  6.0845639e-005  6.0845639e-005  6.0845639e-005
  8.7001097e+002  6.0832268e-005  6.0832268e-005  6.0832268e-005
  8.7001829e+002  6.0831728e-005  6.0831728e-005  6.0831728e-005
  8.7002562e+002  6.0835735e-005  6.0835735e-005  6.0835735e-005
  8.7003295e+002  6.0831994e-005  6.0831994e-005  6.0831994e-005
  8.7004027e+002  6.0817014e-005  6.0817014e-005  6.0817014e-005
  8.7004760e+002  6.0811349e-005  6.0811349e-005  6.0811349e-005
  8.7005492e+002  6.0839579e-005  6.0839579e-005  6.0839579e-005
  8.7006225e+002  6.0900065e-005  6.0900065e-005  6.0900065e-005
  8.7006958e+002  6.0918968e-005  6.0918968e-005  6.0918968e-005
  8.7007690e+002  6.0810196e-005  6.0810196e-005  6.0810196e-005
  8.7008423e+002  6.0539694e-005  6.0539694e-005  6.0539694e-005
  8.7009155e+002  6.0217962e-005  6.0217962e-005  6.0217962e-005
  8.7009888e+002  5.9980331e-005  5.9980331e-005  5.9980331e-005
  8.7010621e+002  5.9910492e-005  5.9910492e-005  5.9910492e-005
  8.7011353e+002  5.9947439e-005  5.9947439e-005  5.9947439e-005
  8.7012086e+002  6.0005043e-005  6.0005043e-005  6.0005043e-005
  8.7012818e+002  6.0022793e-005  6.0022793e-005  6.0022793e-005
  8.7013551e+002  6.0012597e-005  6.0012597e-005  6.0012597e-005
  8.7014284e+002  5.9999061e-005  5.9999061e-005  5.9999061e-005
  8.7015016e+002  5.9998319e-005  5.9998319e-005  5.9998319e-005
  8.7015749e+002  6.0002351e-005  6.0002351e-005  6.0002351e-005
  8.7016481e+002  5.9998866e-005  5.9998866e-005  5.9998866e-005
  8.7017214e+002  5.9983973e-005  5.9983973e-005  5.9983973e-005
  8.7017947e+002  5.9977932e-005  5.9977932e-005  5.9977932e-005
  8.7018679e+002  6.0005296e-005  6.0005296e-005  6.0005296e-005
  8.7019412e+002  6.0065635e-005  6.0065635e-005  6.0065635e-005
  8.7020144e+002  6.0086014e-005  6.0086014e-005  6.0086014e-005
  8.7020877e+002  5.9980465e-005  5.9980465e-005  5.9980465e-005
  8.7021610e+002  5.9712526e-005  5.9712526e-005  5.9712526e-005
  8.7022342e+002  5.9390652e-005  5.9390652e-005  5.9390652e-005
  8.7023075e+002  5.9149643e-005  5.9149643e-005  5.9149643e-005
  8.7023807e+002  5.9075609e-005  5.9075609e-005  5.9075609e-005
  8.7024540e+002  5.9110890e-005  5.9110890e-005  5.9110890e-005
  8.7025273e+002  5.9171430e-005  5.9171430e-005  5.9171430e-005
  8.7026005e+002  5.9195433e-005  5.9195433e-005  5.9195433e-005
  8.7026738e+002  5.9187429e-005  5.9187429e-005  5.9187429e-005
  8.7027470e+002  5.9164243e-005  5.9164243e-005  5.9164243e-005
  8.7028203e+002  5.9142688e-005  5.9142688e-005  5.9142688e-005
  8.7028936e+002  5.9139544e-005  5.9139544e-005  5.9139544e-005
  8.7029668e+002  5.9171571e-005  5.9171571e-005  5.9171571e-005
  8.7030401e+002  5.9233665e-005  5.9233665e-005  5.9233665e-005
  8.7031133e+002  5.9254424e-005  5.9254424e-005  5.9254424e-005
  8.7031866e+002  5.9149956e-005  5.9149956e-005  5.9149956e-005
  8.7032599e+002  5.8883367e-005  5.8883367e-005  5.8883367e-005
  8.7033331e+002  5.8561536e-005  5.8561536e-005  5.8561536e-005
  8.7034064e+002  5.8318709e-005  5.8318709e-005  5.8318709e-005
  8.7034796e+002  5.8242517e-005  5.8242517e-005  5.8242517e-005
  8.7035529e+002  5.8276715e-005  5.8276715e-005  5.8276715e-005
  8.7036262e+002  5.8337401e-005  5.8337401e-005  5.8337401e-005
  8.7036994e+002  5.8362008e-005  5.8362008e-005  5.8362008e-005
  8.7037727e+002  5.8354388e-005  5.8354388e-005  5.8354388e-005
  8.7038459e+002  5.8331282e-005  5.8331282e-005  5.8331282e-005
  8.7039192e+002  5.8309475e-005  5.8309475e-005  5.8309475e-005
  8.7039925e+002  5.8305885e-005  5.8305885e-005  5.8305885e-005
  8.7040657e+002  5.8337446e-005  5.8337446e-005  5.8337446e-005
  8.7041390e+002  5.8399939e-005  5.8399939e-005  5.8399939e-005
  8.7042122e+002  5.8422098e-005  5.8422098e-005  5.8422098e-005
  8.7042855e+002  5.8319422e-005  5.8319422e-005  5.8319422e-005
  8.7043588e+002  5.8053117e-005  5.8053117e-005  5.8053117e-005
  8.7044320e+002  5.7730528e-005  5.7730528e-005  5.7730528e-005
  8.7045053e+002  5.7488132e-005  5.7488132e-005  5.7488132e-005
  8.7045785e+002  5.7415500e-005  5.7415500e-005  5.7415500e-005
  8.7046518e+002  5.7450898e-005  5.7450898e-005  5.7450898e-005
  8.7047251e+002  5.7502149e-005  5.7502149e-005  5.7502149e-005
  8.7047983e+002  5.7505514e-005  5.7505514e-005  5.7505514e-005
  8.7048716e+002  5.7489816e-005  5.7489816e-005  5.7489816e-005
  8.7049448e+002  5.7502671e-005  5.7502671e-005  5.7502671e-005
  8.7050181e+002  5.7562254e-005  5.7562254e-005  5.7562254e-005
  8.7050914e+002  5.7590076e-005  5.7590076e-005  5.7590076e-005
  8.7051646e+002  5.7487846e-005  5.7487846e-005  5.7487846e-005
  8.7052379e+002  5.7209139e-005  5.7209139e-005  5.7209139e-005
  8.7053111e+002  5.6879372e-005  5.6879372e-005  5.6879372e-005
  8.7053844e+002  5.6659489e-005  5.6659489e-005  5.6659489e-005
  8.7054577e+002  5.6643531e-005  5.6643531e-005  5.6643531e-005
  8.7055309e+002  5.6701911e-005  5.6701911e-005  5.6701911e-005
  8.7056042e+002  5.6658381e-005  5.6658381e-005  5.6658381e-005
  8.7056774e+002  5.6405758e-005  5.6405758e-005  5.6405758e-005
  8.7057507e+002  5.6069810e-005  5.6069810e-005  5.6069810e-005
  8.7058240e+002  5.5825349e-005  5.5825349e-005  5.5825349e-005
  8.7058972e+002  5.5783091e-005  5.5783091e-005  5.5783091e-005
  8.7059705e+002  5.5835617e-005  5.5835617e-005  5.5835617e-005
  8.7060437e+002  5.5829160e-005  5.5829160e-005  5.5829160e-005
  8.7061170e+002  5.5653430e-005  5.5653430e-005  5.5653430e-005
  8.7061903e+002  5.5347423e-005  5.5347423e-005  5.5347423e-005
  8.7062635e+002  5.4982150e-005  5.4982150e-005  5.4982150e-005
  8.7063368e+002  5.4625428e-005  5.4625428e-005  5.4625428e-005
  8.7064100e+002  5.4334013e-005  5.4334013e-005  5.4334013e-005
  8.7064833e+002  5.4162264e-005  5.4162264e-005  5.4162264e-005
  8.7065566e+002  5.4134459e-005  5.4134459e-005  5.4134459e-005
  8.7066298e+002  5.4169731e-005  5.4169731e-005  5.4169731e-005
  8.7067031e+002  5.4164252e-005  5.4164252e-005  5.4164252e-005
  8.7067763e+002  5.4032204e-005  5.4032204e-005  5.4032204e-005
  8.7068496e+002  5.3751283e-005  5.3751283e-005  5.3751283e-005
  8.7069229e+002  5.3313181e-005  5.3313181e-005  5.3313181e-005
  8.7069961e+002  5.2736766e-005  5.2736766e-005  5.2736766e-005
  8.7070694e+002  5.2137598e-005  5.2137598e-005  5.2137598e-005
  8.7071426e+002  5.1652736e-005  5.1652736e-005  5.1652736e-005
  8.7072159e+002  5.1362211e-005  5.1362211e-005  5.1362211e-005
  8.7072892e+002  5.1141290e-005  5.1141290e-005  5.1141290e-005
  8.7073624e+002  5.0819297e-005  5.0819297e-005  5.0819297e-005
  8.7074357e+002  5.0289318e-005  5.0289318e-005  5.0289318e-005
  8.7075089e+002  4.9675438e-005  4.9675438e-005  4.9675438e-005
  8.7075822e+002  4.9154041e-005  4.9154041e-005  4.9154041e-005
  8.7076555e+002  4.8839230e-005  4.8839230e-005  4.8839230e-005
  8.7077287e+002  4.8617414e-005  4.8617414e-005  4.8617414e-005
  8.7078020e+002  4.8322990e-005  4.8322990e-005  4.8322990e-005
  8.7078752e+002  4.7841334e-005  4.7841334e-005  4.7841334e-005
  8.7079485e+002  4.7245870e-005  4.7245870e-005  4.7245870e-005
  8.7080218e+002  4.6653368e-005  4.6653368e-005  4.6653368e-005
  8.7080950e+002  4.6138792e-005  4.6138792e-005  4.6138792e-005
  8.7081683e+002  4.5621484e-005  4.5621484e-005  4.5621484e-005
  8.7082415e+002  4.4984589e-005  4.4984589e-005  4.4984589e-005
  8.7083148e+002  4.4161431e-005  4.4161431e-005  4.4161431e-005
  8.7083881e+002  4.3273797e-005  4.3273797e-005  4.3273797e-005
  8.7084613e+002  4.2487704e-005  4.2487704e-005  4.2487704e-005
  8.7085346e+002  4.1908690e-005  4.1908690e-005  4.1908690e-005
  8.7086078e+002  4.1413077e-005  4.1413077e-005  4.1413077e-005
  8.7086811e+002  4.0822902e-005  4.0822902e-005  4.0822902e-005
  8.7087544e+002  4.0021992e-005  4.0021992e-005  4.0021992e-005
  8.7088276e+002  3.9130454e-005  3.9130454e-005  3.9130454e-005
  8.7089009e+002  3.8324861e-005  3.8324861e-005  3.8324861e-005
  8.7089741e+002  3.7723805e-005  3.7723805e-005  3.7723805e-005
  8.7090474e+002  3.7222166e-005  3.7222166e-005  3.7222166e-005
  8.7091207e+002  3.6660872e-005  3.6660872e-005  3.6660872e-005
  8.7091939e+002  3.5923575e-005  3.5923575e-005  3.5923575e-005
  8.7092672e+002  3.5060249e-005  3.5060249e-005  3.5060249e-005
  8.7093404e+002  3.4161341e-005  3.4161341e-005  3.4161341e-005
  8.7094137e+002  3.3298882e-005  3.3298882e-005  3.3298882e-005
  8.7094870e+002  3.2472548e-005  3.2472548e-005  3.2472548e-005
  8.7095602e+002  3.1664248e-005  3.1664248e-005  3.1664248e-005
  8.7096335e+002  3.0855895e-005  3.0855895e-005  3.0855895e-005
  8.7097067e+002  3.0029397e-005  3.0029397e-005  3.0029397e-005
  8.7097800e+002  2.9166667e-005  2.9166667e-005  2.9166667e-005
