  4.6100000e+002  3.7949592e-003  3.7949592e-003  3.7949592e-003
  4.6101232e+002  3.9809220e-003  3.9809220e-003  3.9809220e-003
  4.6102464e+002  4.1667267e-003  4.1667267e-003  4.1667267e-003
  4.6103696e+002  4.3518985e-003  4.3518985e-003  4.3518985e-003
  4.6104928e+002  4.5359629e-003  4.5359629e-003  4.5359629e-003
  4.6106160e+002  4.7184452e-003  4.7184452e-003  4.7184452e-003
  4.6107393e+002  4.8988708e-003  4.8988708e-003  4.8988708e-003
  4.6108625e+002  5.0767779e-003  5.0767779e-003  5.0767779e-003
  4.6109857e+002  5.2517568e-003  5.2517568e-003  5.2517568e-003
  4.6111089e+002  5.4234115e-003  5.4234115e-003  5.4234115e-003
  4.6112321e+002  5.5913845e-003  5.5913845e-003  5.5913845e-003
  4.6113553e+002  5.7554789e-003  5.7554789e-003  5.7554789e-003
  4.6114785e+002  5.9155388e-003  5.9155388e-003  5.9155388e-003
  4.6116017e+002  6.0714193e-003  6.0714193e-003  6.0714193e-003
  4.6117249e+002  6.2230205e-003  6.2230205e-003  6.2230205e-003
  4.6118482e+002  6.3702544e-003  6.3702544e-003  6.3702544e-003
  4.6119714e+002  6.5130397e-003  6.5130397e-003  6.5130397e-003
  4.6120946e+002  6.6513232e-003  6.6513232e-003  6.6513232e-003
  4.6122178e+002  6.7850593e-003  6.7850593e-003  6.7850593e-003
  4.6123410e+002  6.9142521e-003  6.9142521e-003  6.9142521e-003
  4.6124642e+002  7.0391170e-003  7.0391170e-003  7.0391170e-003
  4.6125874e+002  7.1599250e-003  7.1599250e-003  7.1599250e-003
  4.6127106e+002  7.2769156e-003  7.2769156e-003  7.2769156e-003
  4.6128338e+002  7.3901940e-003  7.3901940e-003  7.3901940e-003
  4.6129570e+002  7.4998296e-003  7.4998296e-003  7.4998296e-003
  4.6130802e+002  7.6059677e-003  7.6059677e-003  7.6059677e-003
  4.6132035e+002  7.7090797e-003  7.7090797e-003  7.7090797e-003
  4.6133267e+002  7.8097248e-003  7.8097248e-003  7.8097248e-003
  4.6134499e+002  7.9083623e-003  7.9083623e-003  7.9083623e-003
  4.6135731e+002  8.0050193e-003  8.0050193e-003  8.0050193e-003
  4.6136963e+002  8.0996053e-003  8.0996053e-003  8.0996053e-003
  4.6138195e+002  8.1920981e-003  8.1920981e-003  8.1920981e-003
  4.6139427e+002  8.2827723e-003  8.2827723e-003  8.2827723e-003
  4.6140659e+002  8.3719838e-003  8.3719838e-003  8.3719838e-003
  4.6141891e+002  8.4600843e-003  8.4600843e-003  8.4600843e-003
  4.6143124e+002  8.5474073e-003  8.5474073e-003  8.5474073e-003
  4.6144356e+002  8.6342807e-003  8.6342807e-003  8.6342807e-003
  4.6145588e+002  8.7209827e-003  8.7209827e-003  8.7209827e-003
  4.6146820e+002  8.8075686e-003  8.8075686e-003  8.8075686e-003
  4.6148052e+002  8.8940314e-003  8.8940314e-003  8.8940314e-003
  4.6149284e+002  8.9804028e-003  8.9804028e-003  8.9804028e-003
  4.6150516e+002  9.0668873e-003  9.0668873e-003  9.0668873e-003
  4.6151748e+002  9.1537382e-003  9.1537382e-003  9.1537382e-003
  4.6152980e+002  9.2411866e-003  9.2411866e-003  9.2411866e-003
  4.6154212e+002  9.3293627e-003  9.3293627e-003  9.3293627e-003
  4.6155444e+002  9.4183682e-003  9.4183682e-003  9.4183682e-003
  4.6156677e+002  9.5082745e-003  9.5082745e-003  9.5082745e-003
  4.6157909e+002  9.5990151e-003  9.5990151e-003  9.5990151e-003
  4.6159141e+002  9.6904842e-003  9.6904842e-003  9.6904842e-003
  4.6160373e+002  9.7826373e-003  9.7826373e-003  9.7826373e-003
  4.6161605e+002  9.8757145e-003  9.8757145e-003  9.8757145e-003
  4.6162837e+002  9.9700380e-003  9.9700380e-003  9.9700380e-003
  4.6164069e+002  1.0065873e-002  1.0065873e-002  1.0065873e-002
  4.6165301e+002  1.0163222e-002  1.0163222e-002  1.0163222e-002
  4.6166533e+002  1.0262010e-002  1.0262010e-002  1.0262010e-002
  4.6167766e+002  1.0362169e-002  1.0362169e-002  1.0362169e-002
  4.6168998e+002  1.0463667e-002  1.0463667e-002  1.0463667e-002
  4.6170230e+002  1.0566481e-002  1.0566481e-002  1.0566481e-002
  4.6171462e+002  1.0670614e-002  1.0670614e-002  1.0670614e-002
  4.6172694e+002  1.0776196e-002  1.0776196e-002  1.0776196e-002
  4.6173926e+002  1.0883390e-002  1.0883390e-002  1.0883390e-002
  4.6175158e+002  1.0992327e-002  1.0992327e-002  1.0992327e-002
  4.6176390e+002  1.1102973e-002  1.1102973e-002  1.1102973e-002
  4.6177622e+002  1.1215246e-002  1.1215246e-002  1.1215246e-002
  4.6178854e+002  1.1329098e-002  1.1329098e-002  1.1329098e-002
  4.6180086e+002  1.1444645e-002  1.1444645e-002  1.1444645e-002
  4.6181319e+002  1.1562050e-002  1.1562050e-002  1.1562050e-002
  4.6182551e+002  1.1681453e-002  1.1681453e-002  1.1681453e-002
  4.6183783e+002  1.1802869e-002  1.1802869e-002  1.1802869e-002
  4.6185015e+002  1.1926275e-002  1.1926275e-002  1.1926275e-002
  4.6186247e+002  1.2051642e-002  1.2051642e-002  1.2051642e-002
  4.6187479e+002  1.2178906e-002  1.2178906e-002  1.2178906e-002
  4.6188711e+002  1.2307995e-002  1.2307995e-002  1.2307995e-002
  4.6189943e+002  1.2438888e-002  1.2438888e-002  1.2438888e-002
  4.6191175e+002  1.2571819e-002  1.2571819e-002  1.2571819e-002
  4.6192408e+002  1.2707103e-002  1.2707103e-002  1.2707103e-002
  4.6193640e+002  1.2845002e-002  1.2845002e-002  1.2845002e-002
  4.6194872e+002  1.2985521e-002  1.2985521e-002  1.2985521e-002
  4.6196104e+002  1.3128584e-002  1.3128584e-002  1.3128584e-002
  4.6197336e+002  1.3274123e-002  1.3274123e-002  1.3274123e-002
  4.6198568e+002  1.3422116e-002  1.3422116e-002  1.3422116e-002
  4.6199800e+002  1.3572550e-002  1.3572550e-002  1.3572550e-002
  4.6201032e+002  1.3725431e-002  1.3725431e-002  1.3725431e-002
  4.6202264e+002  1.3880852e-002  1.3880852e-002  1.3880852e-002
  4.6203496e+002  1.4038932e-002  1.4038932e-002  1.4038932e-002
  4.6204728e+002  1.4199785e-002  1.4199785e-002  1.4199785e-002
  4.6205961e+002  1.4363506e-002  1.4363506e-002  1.4363506e-002
  4.6207193e+002  1.4530185e-002  1.4530185e-002  1.4530185e-002
  4.6208425e+002  1.4699909e-002  1.4699909e-002  1.4699909e-002
  4.6209657e+002  1.4872759e-002  1.4872759e-002  1.4872759e-002
  4.6210889e+002  1.5048817e-002  1.5048817e-002  1.5048817e-002
  4.6212121e+002  1.5228168e-002  1.5228168e-002  1.5228168e-002
  4.6213353e+002  1.5410947e-002  1.5410947e-002  1.5410947e-002
  4.6214585e+002  1.5597297e-002  1.5597297e-002  1.5597297e-002
  4.6215817e+002  1.5787334e-002  1.5787334e-002  1.5787334e-002
  4.6217050e+002  1.5981003e-002  1.5981003e-002  1.5981003e-002
  4.6218282e+002  1.6178195e-002  1.6178195e-002  1.6178195e-002
  4.6219514e+002  1.6378849e-002  1.6378849e-002  1.6378848e-002
  4.6220746e+002  1.6583171e-002  1.6583171e-002  1.6583169e-002
  4.6221978e+002  1.6791452e-002  1.6791452e-002  1.6791451e-002
  4.6223210e+002  1.7003955e-002  1.7003955e-002  1.7003959e-002
  4.6224442e+002  1.7220782e-002  1.7220782e-002  1.7220789e-002
  4.6225674e+002  1.7441980e-002  1.7441980e-002  1.7441981e-002
  4.6226906e+002  1.7667598e-002  1.7667598e-002  1.7667583e-002
  4.6228138e+002  1.7897704e-002  1.7897704e-002  1.7897679e-002
  4.6229370e+002  1.8132372e-002  1.8132372e-002  1.8132367e-002
  4.6230603e+002  1.8371692e-002  1.8371692e-002  1.8371746e-002
  4.6231835e+002  1.8615845e-002  1.8615845e-002  1.8615937e-002
  4.6233067e+002  1.8865045e-002  1.8865045e-002  1.8865063e-002
  4.6234299e+002  1.9119501e-002  1.9119501e-002  1.9119297e-002
  4.6235531e+002  1.9379402e-002  1.9379402e-002  1.9379060e-002
  4.6236763e+002  1.9644930e-002  1.9644930e-002  1.9644860e-002
  4.6237995e+002  1.9916266e-002  1.9916266e-002  1.9917088e-002
  4.6239227e+002  2.0193579e-002  2.0193579e-002  2.0195476e-002
  4.6240459e+002  2.0477035e-002  2.0477035e-002  2.0479527e-002
  4.6241692e+002  2.0766811e-002  2.0766811e-002  2.0768910e-002
  4.6242924e+002  2.1063147e-002  2.1063147e-002  2.1064222e-002
  4.6244156e+002  2.1366306e-002  2.1366306e-002  2.1366389e-002
  4.6245388e+002  2.1676509e-002  2.1676509e-002  2.1676181e-002
  4.6246620e+002  2.1993731e-002  2.1993731e-002  2.1993477e-002
  4.6247852e+002  2.2317865e-002  2.2317865e-002  2.2317842e-002
  4.6249084e+002  2.2648894e-002  2.2648894e-002  2.2648982e-002
  4.6250316e+002  2.2987354e-002  2.2987354e-002  2.2987422e-002
  4.6251548e+002  2.3333972e-002  2.3333972e-002  2.3333978e-002
  4.6252780e+002  2.3689392e-002  2.3689392e-002  2.3689369e-002
  4.6254012e+002  2.4053757e-002  2.4053757e-002  2.4053738e-002
  4.6255245e+002  2.4427027e-002  2.4427027e-002  2.4427025e-002
  4.6256477e+002  2.4809228e-002  2.4809228e-002  2.4809234e-002
  4.6257709e+002  2.5200757e-002  2.5200757e-002  2.5200762e-002
  4.6258941e+002  2.5602146e-002  2.5602146e-002  2.5602147e-002
  4.6260173e+002  2.6013884e-002  2.6013884e-002  2.6013883e-002
  4.6261405e+002  2.6436191e-002  2.6436191e-002  2.6436190e-002
  4.6262637e+002  2.6869191e-002  2.6869191e-002  2.6869191e-002
  4.6263869e+002  2.7313062e-002  2.7313062e-002  2.7313062e-002
  4.6265101e+002  2.7768317e-002  2.7768317e-002  2.7768317e-002
  4.6266334e+002  2.8235593e-002  2.8235593e-002  2.8235593e-002
  4.6267566e+002  2.8715529e-002  2.8715529e-002  2.8715529e-002
  4.6268798e+002  2.9208773e-002  2.9208773e-002  2.9208773e-002
  4.6270030e+002  2.9715981e-002  2.9715981e-002  2.9715980e-002
  4.6271262e+002  3.0237742e-002  3.0237742e-002  3.0237742e-002
  4.6272494e+002  3.0774271e-002  3.0774271e-002  3.0774271e-002
  4.6273726e+002  3.1325642e-002  3.1325642e-002  3.1325642e-002
  4.6274958e+002  3.1892052e-002  3.1892052e-002  3.1892052e-002
  4.6276190e+002  3.2474479e-002  3.2474479e-002  3.2474479e-002
  4.6277422e+002  3.3074196e-002  3.3074196e-002  3.3074196e-002
  4.6278654e+002  3.3692383e-002  3.3692383e-002  3.3692383e-002
  4.6279887e+002  3.4329636e-002  3.4329636e-002  3.4329636e-002
  4.6281119e+002  3.4986329e-002  3.4986329e-002  3.4986329e-002
  4.6282351e+002  3.5662911e-002  3.5662911e-002  3.5662911e-002
  4.6283583e+002  3.6360308e-002  3.6360308e-002  3.6360308e-002
  4.6284815e+002  3.7079631e-002  3.7079631e-002  3.7079631e-002
  4.6286047e+002  3.7822008e-002  3.7822008e-002  3.7822008e-002
  4.6287279e+002  3.8588673e-002  3.8588673e-002  3.8588673e-002
  4.6288511e+002  3.9380904e-002  3.9380904e-002  3.9380904e-002
  4.6289743e+002  4.0199947e-002  4.0199947e-002  4.0199947e-002
  4.6290976e+002  4.1046860e-002  4.1046860e-002  4.1046860e-002
  4.6292208e+002  4.1922624e-002  4.1922624e-002  4.1922624e-002
  4.6293440e+002  4.2828319e-002  4.2828319e-002  4.2828319e-002
  4.6294672e+002  4.3765688e-002  4.3765688e-002  4.3765688e-002
  4.6295904e+002  4.4736728e-002  4.4736728e-002  4.4736728e-002
  4.6297136e+002  4.5743395e-002  4.5743395e-002  4.5743395e-002
  4.6298368e+002  4.6787349e-002  4.6787349e-002  4.6787349e-002
  4.6299600e+002  4.7870133e-002  4.7870133e-002  4.7870133e-002
  4.6300832e+002  4.8993422e-002  4.8993422e-002  4.8993422e-002
  4.6302064e+002  5.0159771e-002  5.0159771e-002  5.0159771e-002
  4.6303296e+002  5.1372087e-002  5.1372087e-002  5.1372087e-002
  4.6304529e+002  5.2633223e-002  5.2633223e-002  5.2633223e-002
  4.6305761e+002  5.3945662e-002  5.3945662e-002  5.3945662e-002
  4.6306993e+002  5.5311738e-002  5.5311738e-002  5.5311738e-002
  4.6308225e+002  5.6733926e-002  5.6733926e-002  5.6733926e-002
  4.6309457e+002  5.8215657e-002  5.8215657e-002  5.8215657e-002
  4.6310689e+002  5.9760750e-002  5.9760750e-002  5.9760750e-002
  4.6311921e+002  6.1373042e-002  6.1373042e-002  6.1373042e-002
  4.6313153e+002  6.3056474e-002  6.3056474e-002  6.3056474e-002
  4.6314385e+002  6.4815028e-002  6.4815028e-002  6.4815028e-002
  4.6315618e+002  6.6652798e-002  6.6652798e-002  6.6652798e-002
  4.6316850e+002  6.8574638e-002  6.8574638e-002  6.8574638e-002
  4.6318082e+002  7.0585720e-002  7.0585720e-002  7.0585720e-002
  4.6319314e+002  7.2691274e-002  7.2691274e-002  7.2691274e-002
  4.6320546e+002  7.4896924e-002  7.4896924e-002  7.4896924e-002
  4.6321778e+002  7.7208465e-002  7.7208465e-002  7.7208465e-002
  4.6323010e+002  7.9631808e-002  7.9631808e-002  7.9631808e-002
  4.6324242e+002  8.2173703e-002  8.2173703e-002  8.2173703e-002
  4.6325474e+002  8.4841253e-002  8.4841253e-002  8.4841254e-002
  4.6326706e+002  8.7641635e-002  8.7641635e-002  8.7641634e-002
  4.6327938e+002  9.0582518e-002  9.0582518e-002  9.0582517e-002
  4.6329171e+002  9.3671786e-002  9.3671786e-002  9.3671786e-002
  4.6330403e+002  9.6917423e-002  9.6917423e-002  9.6917426e-002
  4.6331635e+002  1.0032812e-001  1.0032812e-001  1.0032812e-001
  4.6332867e+002  1.0391286e-001  1.0391286e-001  1.0391286e-001
  4.6334099e+002  1.0768068e-001  1.0768068e-001  1.0768067e-001
  4.6335331e+002  1.1164080e-001  1.1164080e-001  1.1164077e-001
  4.6336563e+002  1.1580252e-001  1.1580252e-001  1.1580251e-001
  4.6337795e+002  1.2017524e-001  1.2017524e-001  1.2017529e-001
  4.6339027e+002  1.2476895e-001  1.2476895e-001  1.2476905e-001
  4.6340260e+002  1.2959393e-001  1.2959393e-001  1.2959396e-001
  4.6341492e+002  1.3466036e-001  1.3466036e-001  1.3466018e-001
  4.6342724e+002  1.3997793e-001  1.3997793e-001  1.3997759e-001
  4.6343956e+002  1.4555608e-001  1.4555608e-001  1.4555596e-001
  4.6345188e+002  1.5140422e-001  1.5140422e-001  1.5140495e-001
  4.6346420e+002  1.5753148e-001  1.5753148e-001  1.5753330e-001
  4.6347652e+002  1.6394683e-001  1.6394683e-001  1.6394931e-001
  4.6348884e+002  1.7065907e-001  1.7065907e-001  1.7066123e-001
  4.6350116e+002  1.7767552e-001  1.7767552e-001  1.7767669e-001
  4.6351348e+002  1.8500288e-001  1.8500288e-001  1.8500303e-001
  4.6352580e+002  1.9264759e-001  1.9264759e-001  1.9264727e-001
  4.6353813e+002  2.0061411e-001  2.0061411e-001  2.0061384e-001
  4.6355045e+002  2.0890605e-001  2.0890605e-001  2.0890601e-001
  4.6356277e+002  2.1752670e-001  2.1752670e-001  2.1752679e-001
  4.6357509e+002  2.2647710e-001  2.2647710e-001  2.2647718e-001
  4.6358741e+002  2.3575722e-001  2.3575722e-001  2.3575724e-001
  4.6359973e+002  2.4536660e-001  2.4536660e-001  2.4536656e-001
  4.6361205e+002  2.5530114e-001  2.5530114e-001  2.5530109e-001
  4.6362437e+002  2.6555508e-001  2.6555508e-001  2.6555507e-001
  4.6363669e+002  2.7612226e-001  2.7612226e-001  2.7612232e-001
  4.6364902e+002  2.8699341e-001  2.8699341e-001  2.8699351e-001
  4.6366134e+002  2.9815782e-001  2.9815782e-001  2.9815786e-001
  4.6367366e+002  3.0960419e-001  3.0960419e-001  3.0960401e-001
  4.6368598e+002  3.2131681e-001  3.2131681e-001  3.2131646e-001
  4.6369830e+002  3.3327785e-001  3.3327785e-001  3.3327772e-001
  4.6371062e+002  3.4546913e-001  3.4546913e-001  3.4546984e-001
  4.6372294e+002  3.5786939e-001  3.5786939e-001  3.5787119e-001
  4.6373526e+002  3.7045595e-001  3.7045595e-001  3.7045842e-001
  4.6374758e+002  3.8320568e-001  3.8320568e-001  3.8320787e-001
  4.6375990e+002  3.9609202e-001  3.9609202e-001  3.9609321e-001
  4.6377222e+002  4.0908675e-001  4.0908675e-001  4.0908692e-001
  4.6378455e+002  4.2216145e-001  4.2216145e-001  4.2216113e-001
  4.6379687e+002  4.3528582e-001  4.3528582e-001  4.3528554e-001
  4.6380919e+002  4.4842871e-001  4.4842871e-001  4.4842867e-001
  4.6382151e+002  4.6155884e-001  4.6155884e-001  4.6155892e-001
  4.6383383e+002  4.7464399e-001  4.7464399e-001  4.7464406e-001
  4.6384615e+002  4.8765149e-001  4.8765149e-001  4.8765150e-001
  4.6385847e+002  5.0054881e-001  5.0054881e-001  5.0054878e-001
  4.6387079e+002  5.1330450e-001  5.1330450e-001  5.1330448e-001
  4.6388311e+002  5.2588766e-001  5.2588766e-001  5.2588766e-001
  4.6389544e+002  5.3826769e-001  5.3826769e-001  5.3826770e-001
  4.6390776e+002  5.5041633e-001  5.5041633e-001  5.5041634e-001
  4.6392008e+002  5.6230652e-001  5.6230652e-001  5.6230652e-001
  4.6393240e+002  5.7391159e-001  5.7391159e-001  5.7391159e-001
  4.6394472e+002  5.8520836e-001  5.8520836e-001  5.8520836e-001
  4.6395704e+002  5.9617536e-001  5.9617536e-001  5.9617536e-001
  4.6396936e+002  6.0679176e-001  6.0679176e-001  6.0679176e-001
  4.6398168e+002  6.1704204e-001  6.1704204e-001  6.1704204e-001
  4.6399400e+002  6.2691335e-001  6.2691335e-001  6.2691335e-001
  4.6400632e+002  6.3639339e-001  6.3639339e-001  6.3639339e-001
  4.6401864e+002  6.4547451e-001  6.4547451e-001  6.4547451e-001
  4.6403097e+002  6.5415141e-001  6.5415141e-001  6.5415141e-001
  4.6404329e+002  6.6241940e-001  6.6241940e-001  6.6241941e-001
  4.6405561e+002  6.7027883e-001  6.7027883e-001  6.7027885e-001
  4.6406793e+002  6.7773264e-001  6.7773264e-001  6.7773264e-001
  4.6408025e+002  6.8478423e-001  6.8478423e-001  6.8478419e-001
  4.6409257e+002  6.9144106e-001  6.9144106e-001  6.9144099e-001
  4.6410489e+002  6.9771266e-001  6.9771266e-001  6.9771263e-001
  4.6411721e+002  7.0360882e-001  7.0360882e-001  7.0360895e-001
  4.6412953e+002  7.0914155e-001  7.0914155e-001  7.0914181e-001
  4.6414186e+002  7.1432398e-001  7.1432398e-001  7.1432410e-001
  4.6415418e+002  7.1916937e-001  7.1916937e-001  7.1916885e-001
  4.6416650e+002  7.2369162e-001  7.2369162e-001  7.2369015e-001
  4.6417882e+002  7.2790497e-001  7.2790497e-001  7.2790263e-001
  4.6419114e+002  7.3182355e-001  7.3182355e-001  7.3182076e-001
  4.6420346e+002  7.3546032e-001  7.3546032e-001  7.3545751e-001
  4.6421578e+002  7.3882765e-001  7.3882765e-001  7.3882507e-001
  4.6422810e+002  7.4193753e-001  7.4193753e-001  7.4193526e-001
  4.6424042e+002  7.4479888e-001  7.4479888e-001  7.4479677e-001
  4.6425274e+002  7.4741895e-001  7.4741895e-001  7.4741661e-001
  4.6426506e+002  7.4980456e-001  7.4980456e-001  7.4980139e-001
  4.6427739e+002  7.5195859e-001  7.5195859e-001  7.5195435e-001
  4.6428971e+002  7.5388184e-001  7.5388184e-001  7.5387689e-001
  4.6430203e+002  7.5557460e-001  7.5557460e-001  7.5556986e-001
  4.6431435e+002  7.5703281e-001  7.5703281e-001  7.5702901e-001
  4.6432667e+002  7.5825005e-001  7.5825005e-001  7.5824732e-001
  4.6433899e+002  7.5921944e-001  7.5921944e-001  7.5921737e-001
  4.6435131e+002  7.5993001e-001  7.5993001e-001  7.5992804e-001
  4.6436363e+002  7.6036855e-001  7.6036855e-001  7.6036621e-001
  4.6437595e+002  7.6052150e-001  7.6052150e-001  7.6051844e-001
  4.6438828e+002  7.6037234e-001  7.6037234e-001  7.6036839e-001
  4.6440060e+002  7.5990291e-001  7.5990291e-001  7.5989811e-001
  4.6441292e+002  7.5909489e-001  7.5909489e-001  7.5908950e-001
  4.6442524e+002  7.5792863e-001  7.5792863e-001  7.5792307e-001
  4.6443756e+002  7.5638373e-001  7.5638373e-001  7.5637852e-001
  4.6444988e+002  7.5443990e-001  7.5443990e-001  7.5443563e-001
  4.6446220e+002  7.5207783e-001  7.5207783e-001  7.5207467e-001
  4.6447452e+002  7.4927875e-001  7.4927875e-001  7.4927624e-001
  4.6448684e+002  7.4602414e-001  7.4602414e-001  7.4602126e-001
  4.6449916e+002  7.4229788e-001  7.4229788e-001  7.4229393e-001
  4.6451148e+002  7.3808515e-001  7.3808515e-001  7.3808027e-001
  4.6452381e+002  7.3337166e-001  7.3337166e-001  7.3336674e-001
  4.6453613e+002  7.2814785e-001  7.2814785e-001  7.2814376e-001
  4.6454845e+002  7.2240683e-001  7.2240683e-001  7.2240396e-001
  4.6456077e+002  7.1614230e-001  7.1614230e-001  7.1614062e-001
  4.6457309e+002  7.0935342e-001  7.0935342e-001  7.0935268e-001
  4.6458541e+002  7.0204245e-001  7.0204245e-001  7.0204234e-001
  4.6459773e+002  6.9421229e-001  6.9421229e-001  6.9421245e-001
  4.6461005e+002  6.8587199e-001  6.8587199e-001  6.8587214e-001
  4.6462237e+002  6.7703411e-001  6.7703411e-001  6.7703414e-001
  4.6463470e+002  6.6771182e-001  6.6771182e-001  6.6771177e-001
  4.6464702e+002  6.5792386e-001  6.5792386e-001  6.5792380e-001
  4.6465934e+002  6.4769221e-001  6.4769221e-001  6.4769219e-001
  4.6467166e+002  6.3703936e-001  6.3703936e-001  6.3703941e-001
  4.6468398e+002  6.2599253e-001  6.2599253e-001  6.2599261e-001
  4.6469630e+002  6.1458168e-001  6.1458168e-001  6.1458172e-001
  4.6470862e+002  6.0283713e-001  6.0283713e-001  6.0283701e-001
  4.6472094e+002  5.9079223e-001  5.9079223e-001  5.9079197e-001
  4.6473326e+002  5.7848210e-001  5.7848210e-001  5.7848197e-001
  4.6474558e+002  5.6594204e-001  5.6594204e-001  5.6594253e-001
  4.6475790e+002  5.5320880e-001  5.5320880e-001  5.5321022e-001
  4.6477023e+002  5.4031999e-001  5.4031999e-001  5.4032229e-001
  4.6478255e+002  5.2731317e-001  5.2731317e-001  5.2731594e-001
  4.6479487e+002  5.1422521e-001  5.1422521e-001  5.1422801e-001
  4.6480719e+002  5.0109257e-001  5.0109257e-001  5.0109515e-001
  4.6481951e+002  4.8795147e-001  4.8795147e-001  4.8795379e-001
  4.6483183e+002  4.7483591e-001  4.7483591e-001  4.7483808e-001
  4.6484415e+002  4.6177850e-001  4.6177850e-001  4.6178085e-001
  4.6485647e+002  4.4881156e-001  4.4881156e-001  4.4881456e-001
  4.6486879e+002  4.3596450e-001  4.3596450e-001  4.3596844e-001
  4.6488112e+002  4.2326488e-001  4.2326488e-001  4.2326969e-001
  4.6489344e+002  4.1073988e-001  4.1073988e-001  4.1074512e-001
  4.6490576e+002  3.9841223e-001  3.9841223e-001  3.9841748e-001
  4.6491808e+002  3.8630195e-001  3.8630195e-001  3.8630702e-001
  4.6493040e+002  3.7442869e-001  3.7442869e-001  3.7443358e-001
  4.6494272e+002  3.6280813e-001  3.6280813e-001  3.6281298e-001
  4.6495504e+002  3.5145357e-001  3.5145357e-001  3.5145851e-001
  4.6496736e+002  3.4037792e-001  3.4037792e-001  3.4038310e-001
  4.6497968e+002  3.2959034e-001  3.2959034e-001  3.2959571e-001
  4.6499200e+002  3.1909767e-001  3.1909767e-001  3.1910286e-001
  4.6500432e+002  3.0890637e-001  3.0890637e-001  3.0891075e-001
  4.6501665e+002  2.9901933e-001  2.9901933e-001  2.9902257e-001
  4.6502897e+002  2.8943712e-001  2.8943712e-001  2.8943965e-001
  4.6504129e+002  2.8016013e-001  2.8016013e-001  2.8016298e-001
  4.6505361e+002  2.7118673e-001  2.7118673e-001  2.7119066e-001
  4.6506593e+002  2.6251400e-001  2.6251400e-001  2.6251887e-001
  4.6507825e+002  2.5413884e-001  2.5413884e-001  2.5414370e-001
  4.6509057e+002  2.4605604e-001  2.4605604e-001  2.4606001e-001
  4.6510289e+002  2.3825907e-001  2.3825907e-001  2.3826190e-001
  4.6511521e+002  2.3074129e-001  2.3074129e-001  2.3074334e-001
  4.6512754e+002  2.2349529e-001  2.2349529e-001  2.2349715e-001
  4.6513986e+002  2.1651314e-001  2.1651314e-001  2.1651538e-001
  4.6515218e+002  2.0978689e-001  2.0978689e-001  2.0979005e-001
  4.6516450e+002  2.0330842e-001  2.0330842e-001  2.0331267e-001
  4.6517682e+002  1.9706952e-001  1.9706952e-001  1.9707447e-001
  4.6518914e+002  1.9106193e-001  1.9106193e-001  1.9106668e-001
  4.6520146e+002  1.8527693e-001  1.8527693e-001  1.8528074e-001
  4.6521378e+002  1.7970548e-001  1.7970548e-001  1.7970825e-001
  4.6522610e+002  1.7433861e-001  1.7433861e-001  1.7434082e-001
  4.6523842e+002  1.6916810e-001  1.6916810e-001  1.6917031e-001
  4.6525074e+002  1.6418627e-001  1.6418627e-001  1.6418870e-001
  4.6526307e+002  1.5938544e-001  1.5938544e-001  1.5938803e-001
  4.6527539e+002  1.5475818e-001  1.5475818e-001  1.5476078e-001
  4.6528771e+002  1.5029718e-001  1.5029718e-001  1.5029971e-001
  4.6530003e+002  1.4599518e-001  1.4599518e-001  1.4599763e-001
  4.6531235e+002  1.4184550e-001  1.4184550e-001  1.4184791e-001
  4.6532467e+002  1.3784177e-001  1.3784177e-001  1.3784423e-001
  4.6533699e+002  1.3397771e-001  1.3397771e-001  1.3398033e-001
  4.6534931e+002  1.3024743e-001  1.3024743e-001  1.3025020e-001
  4.6536163e+002  1.2664535e-001  1.2664535e-001  1.2664800e-001
  4.6537396e+002  1.2316590e-001  1.2316590e-001  1.2316796e-001
  4.6538628e+002  1.1980379e-001  1.1980379e-001  1.1980490e-001
  4.6539860e+002  1.1655389e-001  1.1655389e-001  1.1655412e-001
  4.6541092e+002  1.1341115e-001  1.1341115e-001  1.1341092e-001
  4.6542324e+002  1.1037121e-001  1.1037121e-001  1.1037095e-001
  4.6543556e+002  1.0743019e-001  1.0743019e-001  1.0743011e-001
  4.6544788e+002  1.0458420e-001  1.0458420e-001  1.0458431e-001
  4.6546020e+002  1.0182946e-001  1.0182946e-001  1.0182962e-001
  4.6547252e+002  9.9162196e-002  9.9162196e-002  9.9162267e-002
  4.6548484e+002  9.6578668e-002  9.6578668e-002  9.6578502e-002
  4.6549717e+002  9.4075434e-002  9.4075434e-002  9.4075065e-002
  4.6550949e+002  9.1649249e-002  9.1649249e-002  9.1649037e-002
  4.6552181e+002  8.9296925e-002  8.9296925e-002  8.9297510e-002
  4.6553413e+002  8.7015892e-002  8.7015892e-002  8.7017611e-002
  4.6554645e+002  8.4804024e-002  8.4804024e-002  8.4806490e-002
  4.6555877e+002  8.2659176e-002  8.2659176e-002  8.2661347e-002
  4.6557109e+002  8.0578892e-002  8.0578892e-002  8.0579983e-002
  4.6558341e+002  7.8560490e-002  7.8560490e-002  7.8560626e-002
  4.6559573e+002  7.6601332e-002  7.6601332e-002  7.6601496e-002
  4.6560805e+002  7.4699415e-002  7.4699415e-002  7.4700512e-002
  4.6562038e+002  7.2853189e-002  7.2853189e-002  7.2855387e-002
  4.6563270e+002  7.1061110e-002  7.1061110e-002  7.1063869e-002
  4.6564502e+002  6.9321554e-002  6.9321554e-002  6.9324283e-002
  4.6565734e+002  6.7632840e-002  6.7632840e-002  6.7635371e-002
  4.6566966e+002  6.5993310e-002  6.5993310e-002  6.5995869e-002
  4.6568198e+002  6.4401593e-002  6.4401593e-002  6.4404339e-002
  4.6569430e+002  6.2856536e-002  6.2856536e-002  6.2859215e-002
  4.6570662e+002  6.1356974e-002  6.1356974e-002  6.1358959e-002
  4.6571894e+002  5.9901569e-002  5.9901569e-002  5.9902464e-002
  4.6573126e+002  5.8488854e-002  5.8488854e-002  5.8488943e-002
  4.6574359e+002  5.7117389e-002  5.7117389e-002  5.7117591e-002
  4.6575591e+002  5.5786140e-002  5.5786140e-002  5.5787264e-002
  4.6576823e+002  5.4494376e-002  5.4494376e-002  5.4496567e-002
  4.6578055e+002  5.3241355e-002  5.3241355e-002  5.3244125e-002
  4.6579287e+002  5.2026092e-002  5.2026092e-002  5.2028874e-002
  4.6580519e+002  5.0847421e-002  5.0847421e-002  5.0849990e-002
  4.6581751e+002  4.9704190e-002  4.9704190e-002  4.9706651e-002
  4.6582983e+002  4.8595510e-002  4.8595510e-002  4.8598015e-002
  4.6584215e+002  4.7520690e-002  4.7520690e-002  4.7523222e-002
  4.6585447e+002  4.6479029e-002  4.6479029e-002  4.6481417e-002
  4.6586680e+002  4.5469618e-002  4.5469618e-002  4.5471818e-002
  4.6587912e+002  4.4491395e-002  4.4491395e-002  4.4493697e-002
  4.6589144e+002  4.3543307e-002  4.3543307e-002  4.3546311e-002
  4.6590376e+002  4.2624569e-002  4.2624569e-002  4.2628647e-002
  4.6591608e+002  4.1734598e-002  4.1734598e-002  4.1739490e-002
  4.6592840e+002  4.0872799e-002  4.0872799e-002  4.0877645e-002
  4.6594072e+002  4.0038322e-002  4.0038322e-002  4.0042316e-002
  4.6595304e+002  3.9230124e-002  3.9230124e-002  3.9233012e-002
  4.6596536e+002  3.8447167e-002  3.8447167e-002  3.8449243e-002
  4.6597768e+002  3.7688563e-002  3.7688563e-002  3.7690386e-002
  4.6599001e+002  3.6953543e-002  3.6953543e-002  3.6955719e-002
  4.6600233e+002  3.6241356e-002  3.6241356e-002  3.6244503e-002
  4.6601465e+002  3.5551491e-002  3.5551491e-002  3.5555831e-002
  4.6602697e+002  3.4883631e-002  3.4883631e-002  3.4888662e-002
  4.6603929e+002  3.4237427e-002  3.4237427e-002  3.4241984e-002
  4.6605161e+002  3.3612004e-002  3.3612004e-002  3.3615302e-002
  4.6606393e+002  3.3006076e-002  3.3006076e-002  3.3008523e-002
  4.6607625e+002  3.2418388e-002  3.2418388e-002  3.2421523e-002
  4.6608857e+002  3.1848359e-002  3.1848359e-002  3.1853471e-002
  4.6610089e+002  3.1295941e-002  3.1295941e-002  3.1302981e-002
  4.6611322e+002  3.0761078e-002  3.0761078e-002  3.0768700e-002
  4.6612554e+002  3.0243309e-002  3.0243309e-002  3.0250104e-002
  4.6613786e+002  2.9741857e-002  2.9741857e-002  2.9747331e-002
  4.6615018e+002  2.9255938e-002  2.9255938e-002  2.9260501e-002
  4.6616250e+002  2.8784816e-002  2.8784816e-002  2.8789188e-002
  4.6617482e+002  2.8327795e-002  2.8327795e-002  2.8332525e-002
  4.6618714e+002  2.7884193e-002  2.7884193e-002  2.7889643e-002
  4.6619946e+002  2.7453530e-002  2.7453530e-002  2.7459869e-002
  4.6621178e+002  2.7035490e-002  2.7035490e-002  2.7042686e-002
  4.6622410e+002  2.6629764e-002  2.6629764e-002  2.6637587e-002
  4.6623643e+002  2.6236059e-002  2.6236059e-002  2.6244124e-002
  4.6624875e+002  2.5854098e-002  2.5854098e-002  2.5861896e-002
  4.6626107e+002  2.5483588e-002  2.5483588e-002  2.5490514e-002
  4.6627339e+002  2.5123964e-002  2.5123964e-002  2.5129740e-002
  4.6628571e+002  2.4774434e-002  2.4774434e-002  2.4779461e-002
  4.6629803e+002  2.4434229e-002  2.4434229e-002  2.4439546e-002
  4.6631035e+002  2.4103072e-002  2.4103072e-002  2.4109490e-002
  4.6632267e+002  2.3781098e-002  2.3781098e-002  2.3788472e-002
  4.6633499e+002  2.3468418e-002  2.3468418e-002  2.3475693e-002
  4.6634731e+002  2.3164609e-002  2.3164609e-002  2.3170835e-002
  4.6635964e+002  2.2868792e-002  2.2868792e-002  2.2873986e-002
  4.6637196e+002  2.2580108e-002  2.2580108e-002  2.2585221e-002
  4.6638428e+002  2.2298204e-002  2.2298204e-002  2.2304215e-002
  4.6639660e+002  2.2023164e-002  2.2023164e-002  2.2030298e-002
  4.6640892e+002  2.1755061e-002  2.1755061e-002  2.1762808e-002
  4.6642124e+002  2.1493613e-002  2.1493613e-002  2.1501352e-002
  4.6643356e+002  2.1238232e-002  2.1238232e-002  2.1245769e-002
  4.6644588e+002  2.0988342e-002  2.0988342e-002  2.0995898e-002
  4.6645820e+002  2.0743712e-002  2.0743712e-002  2.0751470e-002
  4.6647052e+002  2.0504408e-002  2.0504408e-002  2.0512122e-002
  4.6648285e+002  2.0270482e-002  2.0270482e-002  2.0277498e-002
  4.6649517e+002  2.0041526e-002  2.0041526e-002  2.0047405e-002
  4.6650749e+002  1.9816736e-002  1.9816736e-002  1.9821796e-002
  4.6651981e+002  1.9595330e-002  1.9595330e-002  1.9600612e-002
  4.6653213e+002  1.9377159e-002  1.9377159e-002  1.9383527e-002
  4.6654445e+002  1.9162628e-002  1.9162628e-002  1.9169981e-002
  4.6655677e+002  1.8952124e-002  1.8952124e-002  1.8959427e-002
  4.6656909e+002  1.8745373e-002  1.8745373e-002  1.8751653e-002
  4.6658141e+002  1.8541520e-002  1.8541520e-002  1.8546746e-002
  4.6659373e+002  1.8339723e-002  1.8339723e-002  1.8344791e-002
  4.6660606e+002  1.8139738e-002  1.8139738e-002  1.8145632e-002
  4.6661838e+002  1.7941853e-002  1.7941853e-002  1.7948902e-002
  4.6663070e+002  1.7746355e-002  1.7746355e-002  1.7754227e-002
  4.6664302e+002  1.7553203e-002  1.7553203e-002  1.7561295e-002
  4.6665534e+002  1.7362059e-002  1.7362059e-002  1.7369849e-002
  4.6666766e+002  1.7172584e-002  1.7172584e-002  1.7179645e-002
  4.6667998e+002  1.6984603e-002  1.6984603e-002  1.6990719e-002
  4.6669230e+002  1.6798088e-002  1.6798088e-002  1.6803357e-002
  4.6670462e+002  1.6613011e-002  1.6613011e-002  1.6617837e-002
  4.6671694e+002  1.6429304e-002  1.6429304e-002  1.6434103e-002
  4.6672927e+002  1.6246853e-002  1.6246853e-002  1.6251798e-002
  4.6674159e+002  1.6065548e-002  1.6065548e-002  1.6070565e-002
  4.6675391e+002  1.5885292e-002  1.5885292e-002  1.5890267e-002
  4.6676623e+002  1.5706009e-002  1.5706009e-002  1.5710966e-002
  4.6677855e+002  1.5527631e-002  1.5527631e-002  1.5532733e-002
  4.6679087e+002  1.5350345e-002  1.5350345e-002  1.5355647e-002
  4.6680319e+002  1.5174567e-002  1.5174567e-002  1.5179795e-002
  4.6681551e+002  1.5000700e-002  1.5000700e-002  1.5005263e-002
  4.6682783e+002  1.4828679e-002  1.4828679e-002  1.4832165e-002
  4.6684015e+002  1.4658003e-002  1.4658003e-002  1.4660638e-002
  4.6685248e+002  1.4488182e-002  1.4488182e-002  1.4490816e-002
  4.6686480e+002  1.4319243e-002  1.4319243e-002  1.4322721e-002
  4.6687712e+002  1.4151700e-002  1.4151700e-002  1.4156270e-002
  4.6688944e+002  1.3986072e-002  1.3986072e-002  1.3991384e-002
  4.6690176e+002  1.3822643e-002  1.3822643e-002  1.3828129e-002
  4.6691408e+002  1.3661474e-002  1.3661474e-002  1.3666704e-002
  4.6692640e+002  1.3502609e-002  1.3502609e-002  1.3507306e-002
  4.6693872e+002  1.3345980e-002  1.3345980e-002  1.3349942e-002
  4.6695104e+002  1.3191408e-002  1.3191408e-002  1.3194434e-002
  4.6696336e+002  1.3038718e-002  1.3038718e-002  1.3040613e-002
  4.6697569e+002  1.2887884e-002  1.2887884e-002  1.2888663e-002
  4.6698801e+002  1.2739028e-002  1.2739028e-002  1.2739101e-002
  4.6700033e+002  1.2592277e-002  1.2592277e-002  1.2592439e-002
  4.6701265e+002  1.2447812e-002  1.2447812e-002  1.2448796e-002
  4.6702497e+002  1.2305863e-002  1.2305863e-002  1.2307910e-002
  4.6703729e+002  1.2166659e-002  1.2166659e-002  1.2169509e-002
  4.6704961e+002  1.2030339e-002  1.2030339e-002  1.2033471e-002
  4.6706193e+002  1.1896962e-002  1.1896962e-002  1.1899815e-002
  4.6707425e+002  1.1766570e-002  1.1766570e-002  1.1768568e-002
  4.6708657e+002  1.1638965e-002  1.1638965e-002  1.1639833e-002
  4.6709890e+002  1.1513708e-002  1.1513708e-002  1.1513784e-002
  4.6711122e+002  1.1390377e-002  1.1390377e-002  1.1390590e-002
  4.6712354e+002  1.1269064e-002  1.1269064e-002  1.1270248e-002
  4.6713586e+002  1.1150374e-002  1.1150374e-002  1.1152588e-002
  4.6714818e+002  1.1034909e-002  1.1034909e-002  1.1037434e-002
  4.6716050e+002  1.0922786e-002  1.0922786e-002  1.0924689e-002
  4.6717282e+002  1.0813631e-002  1.0813631e-002  1.0814334e-002
  4.6718514e+002  1.0707057e-002  1.0707057e-002  1.0706356e-002
  4.6719746e+002  1.0602786e-002  1.0602786e-002  1.0600869e-002
  4.6720978e+002  1.0500654e-002  1.0500654e-002  1.0498114e-002
  4.6722211e+002  1.0400511e-002  1.0400511e-002  1.0398321e-002
  4.6723443e+002  1.0302516e-002  1.0302516e-002  1.0301412e-002
  4.6724675e+002  1.0207140e-002  1.0207140e-002  1.0206990e-002
  4.6725907e+002  1.0114840e-002  1.0114840e-002  1.0114660e-002
  4.6727139e+002  1.0025535e-002  1.0025535e-002  1.0024357e-002
  4.6728371e+002  9.9385863e-003  9.9385863e-003  9.9363472e-003
  4.6729603e+002  9.8533559e-003  9.8533559e-003  9.8509066e-003
  4.6730835e+002  9.7697551e-003  9.7697551e-003  9.7680947e-003
  4.6732067e+002  9.6882614e-003  9.6882614e-003  9.6877506e-003
  4.6733299e+002  9.6093642e-003  9.6093642e-003  9.6097037e-003
  4.6734532e+002  9.5332004e-003  9.5332004e-003  9.5337917e-003
  4.6735764e+002  9.4595427e-003  9.4595427e-003  9.4598602e-003
  4.6736996e+002  9.3881499e-003  9.3881499e-003  9.3877628e-003
  4.6738228e+002  9.3188577e-003  9.3188577e-003  9.3175339e-003
  4.6739460e+002  9.2515822e-003  9.2515822e-003  9.2493968e-003
  4.6740692e+002  9.1862451e-003  9.1862451e-003  9.1835752e-003
  4.6741924e+002  9.1228104e-003  9.1228104e-003  9.1200814e-003
  4.6743156e+002  9.0612866e-003  9.0612866e-003  9.0587050e-003
  4.6744388e+002  9.0016850e-003  9.0016850e-003  8.9992309e-003
  4.6745620e+002  8.9440290e-003  8.9440290e-003  8.9415920e-003
  4.6746853e+002  8.8883554e-003  8.8883554e-003  8.8858786e-003
  4.6748085e+002  8.8346978e-003  8.8346978e-003  8.8321838e-003
  4.6749317e+002  8.7829988e-003  8.7829988e-003  8.7804763e-003
  4.6750549e+002  8.7331034e-003  8.7331034e-003  8.7305926e-003
  4.6751781e+002  8.6848552e-003  8.6848552e-003  8.6823658e-003
  4.6753013e+002  8.6381940e-003  8.6381940e-003  8.6357211e-003
  4.6754245e+002  8.5931630e-003  8.5931630e-003  8.5906830e-003
  4.6755477e+002  8.5498091e-003  8.5498091e-003  8.5472811e-003
  4.6756709e+002  8.5081418e-003  8.5081418e-003  8.5055560e-003
  4.6757941e+002  8.4681296e-003  8.4681296e-003  8.4655604e-003
  4.6759174e+002  8.4297414e-003  8.4297414e-003  8.4273425e-003
  4.6760406e+002  8.3929997e-003  8.3929997e-003  8.3908156e-003
  4.6761638e+002  8.3579868e-003  8.3579868e-003  8.3557449e-003
  4.6762870e+002  8.3247813e-003  8.3247813e-003  8.3218983e-003
  4.6764102e+002  8.2932833e-003  8.2932833e-003  8.2893185e-003
  4.6765334e+002  8.2631958e-003  8.2631958e-003  8.2583513e-003
  4.6766566e+002  8.2342172e-003  8.2342172e-003  8.2293420e-003
  4.6767798e+002  8.2062013e-003  8.2062013e-003  8.2021771e-003
  4.6769030e+002  8.1791747e-003  8.1791747e-003  8.1762330e-003
  4.6770262e+002  8.1531748e-003  8.1531748e-003  8.1508791e-003
  4.6771495e+002  8.1282977e-003  8.1282977e-003  8.1260390e-003
  4.6772727e+002  8.1047052e-003  8.1047052e-003  8.1022568e-003
  4.6773959e+002  8.0825575e-003  8.0825575e-003  8.0800922e-003
  4.6775191e+002  8.0618769e-003  8.0618769e-003  8.0595977e-003
  4.6776423e+002  8.0425296e-003  8.0425296e-003  8.0402536e-003
  4.6777655e+002  8.0243733e-003  8.0243733e-003  8.0215255e-003
  4.6778887e+002  8.0072619e-003  8.0072619e-003  8.0033572e-003
  4.6780119e+002  7.9910455e-003  7.9910455e-003  7.9862363e-003
  4.6781351e+002  7.9755788e-003  7.9755788e-003  7.9706661e-003
  4.6782583e+002  7.9608679e-003  7.9608679e-003  7.9567366e-003
  4.6783816e+002  7.9470931e-003  7.9470931e-003  7.9440634e-003
  4.6785048e+002  7.9344401e-003  7.9344401e-003  7.9322425e-003
  4.6786280e+002  7.9229870e-003  7.9229870e-003  7.9210591e-003
  4.6787512e+002  7.9126866e-003  7.9126866e-003  7.9105175e-003
  4.6788744e+002  7.9034860e-003  7.9034860e-003  7.9006390e-003
  4.6789976e+002  7.8953680e-003  7.8953680e-003  7.8915895e-003
  4.6791208e+002  7.8883569e-003  7.8883569e-003  7.8837040e-003
  4.6792440e+002  7.8824784e-003  7.8824784e-003  7.8773181e-003
  4.6793672e+002  7.8777231e-003  7.8777231e-003  7.8724899e-003
  4.6794904e+002  7.8740405e-003  7.8740405e-003  7.8689514e-003
  4.6796137e+002  7.8713810e-003  7.8713810e-003  7.8664238e-003
  4.6797369e+002  7.8697990e-003  7.8697990e-003  7.8648617e-003
  4.6798601e+002  7.8694722e-003  7.8694722e-003  7.8644962e-003
  4.6799833e+002  7.8705808e-003  7.8705808e-003  7.8655695e-003
  4.6801065e+002  7.8731673e-003  7.8731673e-003  7.8681506e-003
  4.6802297e+002  7.8771093e-003  7.8771093e-003  7.8721029e-003
  4.6803529e+002  7.8822811e-003  7.8822811e-003  7.8772841e-003
  4.6804761e+002  7.8887631e-003  7.8887631e-003  7.8837675e-003
  4.6805993e+002  7.8968842e-003  7.8968842e-003  7.8918859e-003
  4.6807225e+002  7.9069817e-003  7.9069817e-003  7.9019811e-003
  4.6808458e+002  7.9191866e-003  7.9191866e-003  7.9141859e-003
  4.6809690e+002  7.9333798e-003  7.9333798e-003  7.9283797e-003
  4.6810922e+002  7.9494311e-003  7.9494311e-003  7.9444309e-003
  4.6812154e+002  7.9673514e-003  7.9673514e-003  7.9623502e-003
  4.6813386e+002  7.9873234e-003  7.9873234e-003  7.9823222e-003
  4.6814618e+002  8.0095367e-003  8.0095367e-003  8.0045384e-003
  4.6815850e+002  8.0340623e-003  8.0340623e-003  8.0290681e-003
  4.6817082e+002  8.0608244e-003  8.0608244e-003  8.0558296e-003
  4.6818314e+002  8.0897413e-003  8.0897413e-003  8.0847350e-003
  4.6819546e+002  8.1208292e-003  8.1208292e-003  8.1158072e-003
  4.6820779e+002  8.1542256e-003  8.1542256e-003  8.1492063e-003
  4.6822011e+002  8.1900749e-003  8.1900749e-003  8.1850986e-003
  4.6823243e+002  8.2284839e-003  8.2284839e-003  8.2235662e-003
  4.6824475e+002  8.2695132e-003  8.2695132e-003  8.2645859e-003
  4.6825707e+002  8.3132151e-003  8.3132151e-003  8.3081277e-003
  4.6826939e+002  8.3594595e-003  8.3594595e-003  8.3541532e-003
  4.6828171e+002  8.4078859e-003  8.4078859e-003  8.4026139e-003
  4.6829403e+002  8.4581271e-003  8.4581271e-003  8.4534573e-003
  4.6830635e+002  8.5101148e-003  8.5101148e-003  8.5065144e-003
  4.6831867e+002  8.5641597e-003  8.5641597e-003  8.5614677e-003
  4.6833100e+002  8.6205892e-003  8.6205892e-003  8.6179965e-003
  4.6834332e+002  8.6794174e-003  8.6794174e-003  8.6760215e-003
  4.6835564e+002  8.7402577e-003  8.7402577e-003  8.7357719e-003
  4.6836796e+002  8.8026979e-003  8.8026979e-003  8.7974876e-003
  4.6838028e+002  8.8663539e-003  8.8663539e-003  8.8610247e-003
  4.6839260e+002  8.9308775e-003  8.9308775e-003  8.9257443e-003
  4.6840492e+002  8.9959282e-003  8.9959282e-003  8.9909843e-003
  4.6841724e+002  9.0613640e-003  9.0613640e-003  9.0564525e-003
  4.6842956e+002  9.1273018e-003  9.1273018e-003  9.1223379e-003
  4.6844188e+002  9.1938665e-003  9.1938665e-003  9.1888515e-003
  4.6845421e+002  9.2608208e-003  9.2608208e-003  9.2557967e-003
  4.6846653e+002  9.3274524e-003  9.3274524e-003  9.3224424e-003
  4.6847885e+002  9.3930252e-003  9.3930252e-003  9.3880297e-003
  4.6849117e+002  9.4571390e-003  9.4571390e-003  9.4521470e-003
  4.6850349e+002  9.5198378e-003  9.5198378e-003  9.5148419e-003
  4.6851581e+002  9.5811887e-003  9.5811887e-003  9.5761861e-003
  4.6852813e+002  9.6409586e-003  9.6409586e-003  9.6359511e-003
  4.6854045e+002  9.6985141e-003  9.6985141e-003  9.6935081e-003
  4.6855277e+002  9.7531988e-003  9.7531988e-003  9.7482050e-003
  4.6856509e+002  9.8045434e-003  9.8045434e-003  9.7995657e-003
  4.6857742e+002  9.8523307e-003  9.8523307e-003  9.8473510e-003
  4.6858974e+002  9.8963610e-003  9.8963610e-003  9.8913391e-003
  4.6860206e+002  9.9364336e-003  9.9364336e-003  9.9313522e-003
  4.6861438e+002  9.9723467e-003  9.9723467e-003  9.9672716e-003
  4.6862670e+002  1.0003899e-002  1.0003899e-002  9.9989800e-003
  4.6863902e+002  1.0030931e-002  1.0030931e-002  1.0026234e-002
  4.6865134e+002  1.0053338e-002  1.0053338e-002  1.0048619e-002
  4.6866366e+002  1.0071017e-002  1.0071017e-002  1.0065713e-002
  4.6867598e+002  1.0083700e-002  1.0083700e-002  1.0077330e-002
  4.6868830e+002  1.0090901e-002  1.0090901e-002  1.0083607e-002
  4.6870063e+002  1.0092120e-002  1.0092120e-002  1.0084704e-002
  4.6871295e+002  1.0087247e-002  1.0087247e-002  1.0080627e-002
  4.6872527e+002  1.0076702e-002  1.0076702e-002  1.0071172e-002
  4.6873759e+002  1.0060938e-002  1.0060938e-002  1.0056121e-002
  4.6874991e+002  1.0040138e-002  1.0040138e-002  1.0035411e-002
  4.6876223e+002  1.0014104e-002  1.0014104e-002  1.0009189e-002
  4.6877455e+002  9.9826141e-003  9.9826141e-003  9.9776185e-003
  4.6878687e+002  9.9457129e-003  9.9457129e-003  9.9408451e-003
  4.6879919e+002  9.9038195e-003  9.9038195e-003  9.8989902e-003
  4.6881151e+002  9.8573780e-003  9.8573780e-003  9.8521760e-003
  4.6882384e+002  9.8066967e-003  9.8066967e-003  9.8006611e-003
  4.6883616e+002  9.7518903e-003  9.7518903e-003  9.7448970e-003
  4.6884848e+002  9.6930604e-003  9.6930604e-003  9.6853485e-003
  4.6886080e+002  9.6303707e-003  9.6303707e-003  9.6223878e-003
  4.6887312e+002  9.5640745e-003  9.5640745e-003  9.5562554e-003
  4.6888544e+002  9.4944337e-003  9.4944337e-003  9.4871820e-003
  4.6889776e+002  9.4218120e-003  9.4218120e-003  9.4154152e-003
  4.6891008e+002  9.3467194e-003  9.3467194e-003  9.3412271e-003
  4.6892240e+002  9.2696766e-003  9.2696766e-003  9.2648920e-003
  4.6893472e+002  9.1911664e-003  9.1911664e-003  9.1867082e-003
  4.6894705e+002  9.1116169e-003  9.1116169e-003  9.1070085e-003
  4.6895937e+002  9.0314486e-003  9.0314486e-003  9.0261303e-003
  4.6897169e+002  8.9509189e-003  8.9509189e-003  8.9445125e-003
  4.6898401e+002  8.8700464e-003  8.8700464e-003  8.8627430e-003
  4.6899633e+002  8.7888357e-003  8.7888357e-003  8.7814172e-003
  4.6900865e+002  8.7075536e-003  8.7075536e-003  8.7009150e-003
  4.6902097e+002  8.6268549e-003  8.6268549e-003  8.6212975e-003
  4.6903329e+002  8.5474209e-003  8.5474209e-003  8.5426027e-003
  4.6904561e+002  8.4696818e-003  8.4696818e-003  8.4649942e-003
  4.6905793e+002  8.3936944e-003  8.3936944e-003  8.3888226e-003
  4.6907026e+002  8.3194868e-003  8.3194868e-003  8.3144526e-003
  4.6908258e+002  8.2471973e-003  8.2471973e-003  8.2421717e-003
  4.6909490e+002  8.1771293e-003  8.1771293e-003  8.1721514e-003
  4.6910722e+002  8.1095963e-003  8.1095963e-003  8.1045533e-003
  4.6911954e+002  8.0447227e-003  8.0447227e-003  8.0395132e-003
  4.6913186e+002  7.9823456e-003  7.9823456e-003  7.9771280e-003
  4.6914418e+002  7.9222829e-003  7.9222829e-003  7.9174910e-003
  4.6915650e+002  7.8645823e-003  7.8645823e-003  7.8606665e-003
  4.6916882e+002  7.8096430e-003  7.8096430e-003  7.8066756e-003
  4.6918114e+002  7.7578883e-003  7.7578883e-003  7.7555340e-003
  4.6919347e+002  7.7094254e-003  7.7094254e-003  7.7071911e-003
  4.6920579e+002  7.6638748e-003  7.6638748e-003  7.6614934e-003
  4.6921811e+002  7.6208191e-003  7.6208191e-003  7.6182804e-003
  4.6923043e+002  7.5800513e-003  7.5800513e-003  7.5774801e-003
  4.6924275e+002  7.5416901e-003  7.5416901e-003  7.5391581e-003
  4.6925507e+002  7.5058801e-003  7.5058801e-003  7.5033906e-003
  4.6926739e+002  7.4726512e-003  7.4726512e-003  7.4701706e-003
  4.6927971e+002  7.4418529e-003  7.4418529e-003  7.4393619e-003
  4.6929203e+002  7.4133202e-003  7.4133202e-003  7.4108172e-003
  4.6930435e+002  7.3869352e-003  7.3869352e-003  7.3844289e-003
  4.6931668e+002  7.3626544e-003  7.3626544e-003  7.3601509e-003
  4.6932900e+002  7.3404396e-003  7.3404396e-003  7.3379414e-003
  4.6934132e+002  7.3201787e-003  7.3201787e-003  7.3176846e-003
  4.6935364e+002  7.3016420e-003  7.3016420e-003  7.2991471e-003
  4.6936596e+002  7.2845900e-003  7.2845900e-003  7.2820860e-003
  4.6937828e+002  7.2688302e-003  7.2688302e-003  7.2663134e-003
  4.6939060e+002  7.2542462e-003  7.2542462e-003  7.2517294e-003
  4.6940292e+002  7.2407291e-003  7.2407291e-003  7.2382431e-003
  4.6941524e+002  7.2282554e-003  7.2282554e-003  7.2258171e-003
  4.6942756e+002  7.2169386e-003  7.2169386e-003  7.2145009e-003
  4.6943989e+002  7.2069019e-003  7.2069019e-003  7.2043506e-003
  4.6945221e+002  7.1980824e-003  7.1980824e-003  7.1953528e-003
  4.6946453e+002  7.1901137e-003  7.1901137e-003  7.1873808e-003
  4.6947685e+002  7.1826056e-003  7.1826056e-003  7.1802981e-003
  4.6948917e+002  7.1754301e-003  7.1754301e-003  7.1739943e-003
  4.6950149e+002  7.1688899e-003  7.1688899e-003  7.1684024e-003
  4.6951381e+002  7.1633236e-003  7.1633236e-003  7.1634590e-003
  4.6952613e+002  7.1587991e-003  7.1587991e-003  7.1590644e-003
  4.6953845e+002  7.1549363e-003  7.1549363e-003  7.1550594e-003
  4.6955077e+002  7.1513166e-003  7.1513166e-003  7.1512806e-003
  4.6956310e+002  7.1477536e-003  7.1477536e-003  7.1476824e-003
  4.6957542e+002  7.1444479e-003  7.1444479e-003  7.1444147e-003
  4.6958774e+002  7.1416361e-003  7.1416361e-003  7.1416457e-003
  4.6960006e+002  7.1394805e-003  7.1394805e-003  7.1394998e-003
  4.6961238e+002  7.1380190e-003  7.1380190e-003  7.1380283e-003
  4.6962470e+002  7.1372761e-003  7.1372761e-003  7.1372733e-003
  4.6963702e+002  7.1371480e-003  7.1371480e-003  7.1371419e-003
  4.6964934e+002  7.1373143e-003  7.1373143e-003  7.1373108e-003
  4.6966166e+002  7.1374359e-003  7.1374359e-003  7.1374374e-003
  4.6967398e+002  7.1373726e-003  7.1373726e-003  7.1373780e-003
  4.6968631e+002  7.1373234e-003  7.1373234e-003  7.1373282e-003
  4.6969863e+002  7.1375193e-003  7.1375193e-003  7.1375160e-003
  4.6971095e+002  7.1380999e-003  7.1380999e-003  7.1380847e-003
  4.6972327e+002  7.1390475e-003  7.1390475e-003  7.1390319e-003
  4.6973559e+002  7.1403286e-003  7.1403286e-003  7.1403402e-003
  4.6974791e+002  7.1418872e-003  7.1418872e-003  7.1419425e-003
  4.6976023e+002  7.1436279e-003  7.1436279e-003  7.1436857e-003
  4.6977255e+002  7.1454514e-003  7.1454514e-003  7.1454091e-003
  4.6978487e+002  7.1472501e-003  7.1472501e-003  7.1470444e-003
  4.6979719e+002  7.1489016e-003  7.1489016e-003  7.1486855e-003
  4.6980952e+002  7.1502826e-003  7.1502826e-003  7.1504410e-003
  4.6982184e+002  7.1513257e-003  7.1513257e-003  7.1522879e-003
  4.6983416e+002  7.1520615e-003  7.1520615e-003  7.1539712e-003
  4.6984648e+002  7.1525306e-003  7.1525306e-003  7.1552131e-003
  4.6985880e+002  7.1527465e-003  7.1527465e-003  7.1557944e-003
  4.6987112e+002  7.1526749e-003  7.1526749e-003  7.1556010e-003
  4.6988344e+002  7.1522752e-003  7.1522752e-003  7.1545302e-003
  4.6989576e+002  7.1513734e-003  7.1513734e-003  7.1525604e-003
  4.6990808e+002  7.1495566e-003  7.1495566e-003  7.1498151e-003
  4.6992040e+002  7.1463890e-003  7.1463890e-003  7.1464309e-003
  4.6993273e+002  7.1416232e-003  7.1416232e-003  7.1423484e-003
  4.6994505e+002  7.1353519e-003  7.1353519e-003  7.1371536e-003
  4.6995737e+002  7.1277032e-003  7.1277032e-003  7.1303969e-003
  4.6996969e+002  7.1187370e-003  7.1187370e-003  7.1217792e-003
  4.6998201e+002  7.1083898e-003  7.1083898e-003  7.1112758e-003
  4.6999433e+002  7.0965840e-003  7.0965840e-003  7.0988906e-003
  4.7000665e+002  7.0831435e-003  7.0831435e-003  7.0845866e-003
  4.7001897e+002  7.0677122e-003  7.0677122e-003  7.0682518e-003
  4.7003129e+002  7.0499152e-003  7.0499152e-003  7.0497661e-003
  4.7004361e+002  7.0294737e-003  7.0294737e-003  7.0290234e-003
  4.7005593e+002  7.0062860e-003  7.0062860e-003  7.0059433e-003
  4.7006826e+002  6.9802709e-003  6.9802709e-003  6.9804480e-003
  4.7008058e+002  6.9514222e-003  6.9514222e-003  6.9524450e-003
  4.7009290e+002  6.9198753e-003  6.9198753e-003  6.9218140e-003
  4.7010522e+002  6.8857805e-003  6.8857805e-003  6.8884324e-003
  4.7011754e+002  6.8492503e-003  6.8492503e-003  6.8522223e-003
  4.7012986e+002  6.8103259e-003  6.8103259e-003  6.8131910e-003
  4.7014218e+002  6.7690395e-003  6.7690395e-003  6.7713548e-003
  4.7015450e+002  6.7253220e-003  6.7253220e-003  6.7267436e-003
  4.7016682e+002  6.6789112e-003  6.6789112e-003  6.6794119e-003
  4.7017915e+002  6.6295256e-003  6.6295256e-003  6.6294178e-003
  4.7019147e+002  6.5771488e-003  6.5771488e-003  6.5768993e-003
  4.7020379e+002  6.5222712e-003  6.5222712e-003  6.5221468e-003
  4.7021611e+002  6.4654383e-003  6.4654383e-003  6.4654669e-003
  4.7022843e+002  6.4069447e-003  6.4069447e-003  6.4070114e-003
  4.7024075e+002  6.3466002e-003  6.3466002e-003  6.3466334e-003
  4.7025307e+002  6.2841610e-003  6.2841610e-003  6.2841536e-003
  4.7026539e+002  6.2195974e-003  6.2195974e-003  6.2195805e-003
  4.7027771e+002  6.1532953e-003  6.1532953e-003  6.1532875e-003
  4.7029003e+002  6.0856884e-003  6.0856884e-003  6.0856897e-003
  4.7030236e+002  6.0171276e-003  6.0171276e-003  6.0171285e-003
  4.7031468e+002  5.9478025e-003  5.9478025e-003  5.9478007e-003
  4.7032700e+002  5.8778835e-003  5.8778835e-003  5.8778854e-003
  4.7033932e+002  5.8074849e-003  5.8074849e-003  5.8074978e-003
  4.7035164e+002  5.7366104e-003  5.7366104e-003  5.7366255e-003
  4.7036396e+002  5.6652515e-003  5.6652515e-003  5.6652425e-003
  4.7037628e+002  5.5935327e-003  5.5935327e-003  5.5934801e-003
  4.7038860e+002  5.5218432e-003  5.5218432e-003  5.5217842e-003
  4.7040092e+002  5.4506026e-003  5.4506026e-003  5.4506364e-003
  4.7041324e+002  5.3800980e-003  5.3800980e-003  5.3802952e-003
  4.7042557e+002  5.3103499e-003  5.3103499e-003  5.3105708e-003
  4.7043789e+002  5.2413471e-003  5.2413471e-003  5.2412211e-003
  4.7045021e+002  5.1731368e-003  5.1731368e-003  5.1722281e-003
  4.7046253e+002  5.1058840e-003  5.1058840e-003  5.1040281e-003
  4.7047485e+002  5.0397673e-003  5.0397673e-003  5.0371114e-003
  4.7048717e+002  4.9748650e-003  4.9748650e-003  4.9718011e-003
  4.7049949e+002  4.9110504e-003  4.9110504e-003  4.9080789e-003
  4.7051181e+002  4.8481725e-003  4.8481725e-003  4.8458843e-003
  4.7052413e+002  4.7862554e-003  4.7862554e-003  4.7850993e-003
  4.7053645e+002  4.7256828e-003  4.7256828e-003  4.7254878e-003
  4.7054877e+002  4.6668816e-003  4.6668816e-003  4.6668004e-003
  4.7056110e+002  4.6100148e-003  4.6100148e-003  4.6090150e-003
  4.7057342e+002  4.5546967e-003  4.5546967e-003  4.5525822e-003
  4.7058574e+002  4.5004744e-003  4.5004744e-003  4.4980095e-003
  4.7059806e+002  4.4471133e-003  4.4471133e-003  4.4454511e-003
  4.7061038e+002  4.3948361e-003  4.3948361e-003  4.3943205e-003
  4.7062270e+002  4.3439223e-003  4.3439223e-003  4.3439399e-003
  4.7063502e+002  4.2945355e-003  4.2945355e-003  4.2939939e-003
  4.7064734e+002  4.2465938e-003  4.2465938e-003  4.2449333e-003
  4.7065966e+002  4.1999836e-003  4.1999836e-003  4.1973044e-003
  4.7067199e+002  4.1545126e-003  4.1545126e-003  4.1513744e-003
  4.7068431e+002  4.1098207e-003  4.1098207e-003  4.1068153e-003
  4.7069663e+002  4.0655277e-003  4.0655277e-003  4.0632230e-003
  4.7070895e+002  4.0215195e-003  4.0215195e-003  4.0203005e-003
  4.7072127e+002  3.9782538e-003  3.9782538e-003  3.9779804e-003
  4.7073359e+002  3.9362609e-003  3.9362609e-003  3.9362253e-003
  4.7074591e+002  3.8957323e-003  3.8957323e-003  3.8950088e-003
  4.7075823e+002  3.8561258e-003  3.8561258e-003  3.8543285e-003
  4.7077055e+002  3.8168042e-003  3.8168042e-003  3.8141850e-003
  4.7078287e+002  3.7774177e-003  3.7774177e-003  3.7745889e-003
  4.7079519e+002  3.7382433e-003  3.7382433e-003  3.7355723e-003
  4.7080752e+002  3.6996406e-003  3.6996406e-003  3.6971695e-003
  4.7081984e+002  3.6617951e-003  3.6617951e-003  3.6593654e-003
  4.7083216e+002  3.6245094e-003  3.6245094e-003  3.6220347e-003
  4.7084448e+002  3.5875355e-003  3.5875355e-003  3.5850377e-003
  4.7085680e+002  3.5507185e-003  3.5507185e-003  3.5482659e-003
  4.7086912e+002  3.5141103e-003  3.5141103e-003  3.5116810e-003
  4.7088144e+002  3.4777906e-003  3.4777906e-003  3.4752543e-003
  4.7089376e+002  3.4417966e-003  3.4417966e-003  3.4390374e-003
  4.7090608e+002  3.4060702e-003  3.4060702e-003  3.4032618e-003
  4.7091841e+002  3.3705408e-003  3.3705408e-003  3.3681825e-003
  4.7093073e+002  3.3352146e-003  3.3352146e-003  3.3338600e-003
  4.7094305e+002  3.3002720e-003  3.3002720e-003  3.2999136e-003
  4.7095537e+002  3.2659168e-003  3.2659168e-003  3.2659034e-003
  4.7096769e+002  3.2322426e-003  3.2322426e-003  3.2316231e-003
  4.7098001e+002  3.1990922e-003  3.1990922e-003  3.1973989e-003
  4.7099233e+002  3.1662737e-003  3.1662737e-003  3.1636303e-003
  4.7100465e+002  3.1336509e-003  3.1336509e-003  3.1305925e-003
  4.7101697e+002  3.1012164e-003  3.1012164e-003  3.0982737e-003
  4.7102929e+002  3.0689807e-003  3.0689807e-003  3.0666218e-003
  4.7104161e+002  3.0369927e-003  3.0369927e-003  3.0355464e-003
  4.7105394e+002  3.0053903e-003  3.0053903e-003  3.0048673e-003
  4.7106626e+002  2.9743238e-003  2.9743238e-003  2.9743923e-003
  4.7107858e+002  2.9438866e-003  2.9438866e-003  2.9440548e-003
  4.7109090e+002  2.9140393e-003  2.9140393e-003  2.9140814e-003
  4.7110322e+002  2.8847235e-003  2.8847235e-003  2.8847406e-003
  4.7111554e+002  2.8559194e-003  2.8559194e-003  2.8561390e-003
  4.7112786e+002  2.8276969e-003  2.8276969e-003  2.8280031e-003
  4.7114018e+002  2.8001391e-003  2.8001391e-003  2.8000053e-003
  4.7115250e+002  2.7732327e-003  2.7732327e-003  2.7720376e-003
  4.7116483e+002  2.7467368e-003  2.7467368e-003  2.7445151e-003
  4.7117715e+002  2.7203780e-003  2.7203780e-003  2.7179280e-003
  4.7118947e+002  2.6940780e-003  2.6940780e-003  2.6924951e-003
  4.7120179e+002  2.6682276e-003  2.6682276e-003  2.6677837e-003
  4.7121411e+002  2.6432860e-003  2.6432860e-003  2.6432664e-003
  4.7122643e+002  2.6194695e-003  2.6194695e-003  2.6186916e-003
  4.7123875e+002  2.5964084e-003  2.5964084e-003  2.5944744e-003
  4.7125107e+002  2.5736462e-003  2.5736462e-003  2.5711286e-003
  4.7126339e+002  2.5509150e-003  2.5509150e-003  2.5489221e-003
  4.7127571e+002  2.5284059e-003  2.5284059e-003  2.5275234e-003
  4.7128803e+002  2.5063789e-003  2.5063789e-003  2.5065118e-003
  4.7130036e+002  2.4850184e-003  2.4850184e-003  2.4855925e-003
  4.7131268e+002  2.4643229e-003  2.4643229e-003  2.4647812e-003
  4.7132500e+002  2.4442625e-003  2.4442625e-003  2.4441408e-003
  4.7133732e+002  2.4247786e-003  2.4247786e-003  2.4237619e-003
  4.7134964e+002  2.4057407e-003  2.4057407e-003  2.4038044e-003
  4.7136196e+002  2.3870074e-003  2.3870074e-003  2.3844384e-003
  4.7137428e+002  2.3684843e-003  2.3684843e-003  2.3657415e-003
  4.7138660e+002  2.3501952e-003  2.3501952e-003  2.3475588e-003
  4.7139892e+002  2.3321818e-003  2.3321818e-003  2.3296998e-003
  4.7141125e+002  2.3144686e-003  2.3144686e-003  2.3120325e-003
  4.7142357e+002  2.2970367e-003  2.2970367e-003  2.2945719e-003
  4.7143589e+002  2.2798604e-003  2.2798604e-003  2.2773562e-003
  4.7144821e+002  2.2629359e-003  2.2629359e-003  2.2604235e-003
  4.7146053e+002  2.2463157e-003  2.2463157e-003  2.2438121e-003
  4.7147285e+002  2.2300609e-003  2.2300609e-003  2.2275601e-003
  4.7148517e+002  2.2141620e-003  2.2141620e-003  2.2116480e-003
  4.7149749e+002  2.1984286e-003  2.1984286e-003  2.1959081e-003
  4.7150981e+002  2.1826419e-003  2.1826419e-003  2.1801492e-003
  4.7152213e+002  2.1667027e-003  2.1667027e-003  2.1642711e-003
  4.7153445e+002  2.1508230e-003  2.1508230e-003  2.1484091e-003
  4.7154678e+002  2.1352638e-003  2.1352638e-003  2.1327360e-003
  4.7155910e+002  2.1201540e-003  2.1201540e-003  2.1173952e-003
  4.7157142e+002  2.1052768e-003  2.1052768e-003  2.1024525e-003
  4.7158374e+002  2.0903596e-003  2.0903596e-003  2.0879614e-003
  4.7159606e+002  2.0752646e-003  2.0752646e-003  2.0738670e-003
  4.7160838e+002  2.0602098e-003  2.0602098e-003  2.0598286e-003
  4.7162070e+002  2.0454707e-003  2.0454707e-003  2.0454593e-003
  4.7163302e+002  2.0311882e-003  2.0311882e-003  2.0305613e-003
  4.7164534e+002  2.0171446e-003  2.0171446e-003  2.0154393e-003
  4.7165767e+002  2.0030635e-003  2.0030635e-003  2.0004804e-003
  4.7166999e+002  1.9888026e-003  1.9888026e-003  1.9859649e-003
  4.7168231e+002  1.9745789e-003  1.9745789e-003  1.9718859e-003
  4.7169463e+002  1.9606686e-003  1.9606686e-003  1.9581890e-003
  4.7170695e+002  1.9472153e-003  1.9472153e-003  1.9447921e-003
  4.7171927e+002  1.9340035e-003  1.9340035e-003  1.9315380e-003
  4.7173159e+002  1.9207574e-003  1.9207574e-003  1.9182570e-003
  4.7174391e+002  1.9073323e-003  1.9073323e-003  1.9048629e-003
  4.7175623e+002  1.8939407e-003  1.8939407e-003  1.8914967e-003
  4.7176855e+002  1.8808555e-003  1.8808555e-003  1.8783376e-003
  4.7178087e+002  1.8682229e-003  1.8682229e-003  1.8655240e-003
  4.7179320e+002  1.8558400e-003  1.8558400e-003  1.8530812e-003
  4.7180552e+002  1.8434446e-003  1.8434446e-003  1.8410150e-003
  4.7181784e+002  1.8308883e-003  1.8308883e-003  1.8292823e-003
  4.7183016e+002  1.8183394e-003  1.8183394e-003  1.8177032e-003
  4.7184248e+002  1.8060202e-003  1.8060202e-003  1.8060744e-003
  4.7185480e+002  1.7940842e-003  1.7940842e-003  1.7942993e-003
  4.7186712e+002  1.7824908e-003  1.7824908e-003  1.7825795e-003
  4.7187944e+002  1.7711661e-003  1.7711661e-003  1.7711686e-003
  4.7189176e+002  1.7600702e-003  1.7600702e-003  1.7602018e-003
  4.7190409e+002  1.7492600e-003  1.7492600e-003  1.7494805e-003
  4.7191641e+002  1.7388091e-003  1.7388091e-003  1.7387479e-003
  4.7192873e+002  1.7287237e-003  1.7287237e-003  1.7278565e-003
  4.7194105e+002  1.7188168e-003  1.7188168e-003  1.7169721e-003
  4.7195337e+002  1.7088672e-003  1.7088672e-003  1.7063157e-003
  4.7196569e+002  1.6987628e-003  1.6987628e-003  1.6960412e-003
  4.7197801e+002  1.6887046e-003  1.6887046e-003  1.6861098e-003
  4.7199033e+002  1.6789497e-003  1.6789497e-003  1.6764482e-003
  4.7200265e+002  1.6696396e-003  1.6696396e-003  1.6670160e-003
  4.7201497e+002  1.6605816e-003  1.6605816e-003  1.6578682e-003
  4.7202729e+002  1.6515226e-003  1.6515226e-003  1.6490771e-003
  4.7203962e+002  1.6423115e-003  1.6423115e-003  1.6406504e-003
  4.7205194e+002  1.6330956e-003  1.6330956e-003  1.6324066e-003
  4.7206426e+002  1.6240765e-003  1.6240765e-003  1.6241297e-003
  4.7207658e+002  1.6154110e-003  1.6154110e-003  1.6157048e-003
  4.7208890e+002  1.6071240e-003  1.6071240e-003  1.6073148e-003
  4.7210122e+002  1.5992160e-003  1.5992160e-003  1.5991971e-003
  4.7211354e+002  1.5916423e-003  1.5916423e-003  1.5914971e-003
  4.7212586e+002  1.5842242e-003  1.5842242e-003  1.5840851e-003
  4.7213818e+002  1.5767579e-003  1.5767579e-003  1.5767808e-003
  4.7215051e+002  1.5691414e-003  1.5691414e-003  1.5694279e-003
  4.7216283e+002  1.5615782e-003  1.5615782e-003  1.5619433e-003
  4.7217515e+002  1.5543285e-003  1.5543285e-003  1.5542575e-003
  4.7218747e+002  1.5475347e-003  1.5475347e-003  1.5464156e-003
  4.7219979e+002  1.5409799e-003  1.5409799e-003  1.5388107e-003
  4.7221211e+002  1.5343796e-003  1.5343796e-003  1.5319014e-003
  4.7222443e+002  1.5275806e-003  1.5275806e-003  1.5259057e-003
  4.7223675e+002  1.5208300e-003  1.5208300e-003  1.5203065e-003
  4.7224907e+002  1.5144511e-003  1.5144511e-003  1.5144464e-003
  4.7226139e+002  1.5086009e-003  1.5086009e-003  1.5079176e-003
  4.7227371e+002  1.5029226e-003  1.5029226e-003  1.5010812e-003
  4.7228604e+002  1.4969605e-003  1.4969605e-003  1.4944462e-003
  4.7229836e+002  1.4904386e-003  1.4904386e-003  1.4883563e-003
  4.7231068e+002  1.4836398e-003  1.4836398e-003  1.4826401e-003
  4.7232300e+002  1.4769557e-003  1.4769557e-003  1.4770263e-003
  4.7233532e+002  1.4706948e-003  1.4706948e-003  1.4713053e-003
  4.7234764e+002  1.4649056e-003  1.4649056e-003  1.4654615e-003
  4.7235996e+002  1.4595857e-003  1.4595857e-003  1.4595171e-003
  4.7237228e+002  1.4546535e-003  1.4546535e-003  1.4535277e-003
  4.7238460e+002  1.4497768e-003  1.4497768e-003  1.4476548e-003
  4.7239693e+002  1.4445741e-003  1.4445741e-003  1.4420804e-003
  4.7240925e+002  1.4388297e-003  1.4388297e-003  1.4369082e-003
  4.7242157e+002  1.4328592e-003  1.4328592e-003  1.4319912e-003
  4.7243389e+002  1.4270840e-003  1.4270840e-003  1.4271322e-003
  4.7244621e+002  1.4217987e-003  1.4217987e-003  1.4221852e-003
  4.7245853e+002  1.4168893e-003  1.4168893e-003  1.4171696e-003
  4.7247085e+002  1.4121599e-003  1.4121599e-003  1.4121378e-003
  4.7248317e+002  1.4074151e-003  1.4074151e-003  1.4071290e-003
  4.7249549e+002  1.4024639e-003  1.4024639e-003  1.4021392e-003
  4.7250781e+002  1.3971156e-003  1.3971156e-003  1.3971557e-003
  4.7252013e+002  1.3912998e-003  1.3912998e-003  1.3921679e-003
  4.7253246e+002  1.3853402e-003  1.3853402e-003  1.3871729e-003
  4.7254478e+002  1.3796411e-003  1.3796411e-003  1.3821693e-003
  4.7255710e+002  1.3744622e-003  1.3744622e-003  1.3771597e-003
  4.7256942e+002  1.3695832e-003  1.3695832e-003  1.3721597e-003
  4.7258174e+002  1.3646847e-003  1.3646847e-003  1.3671878e-003
  4.7259406e+002  1.3595742e-003  1.3595742e-003  1.3622443e-003
  4.7260638e+002  1.3544825e-003  1.3544825e-003  1.3572696e-003
  4.7261870e+002  1.3497289e-003  1.3497289e-003  1.3521917e-003
  4.7263102e+002  1.3454904e-003  1.3454904e-003  1.3470056e-003
  4.7264335e+002  1.3414642e-003  1.3414642e-003  1.3419339e-003
  4.7265567e+002  1.3372460e-003  1.3372460e-003  1.3372465e-003
  4.7266799e+002  1.3325476e-003  1.3325476e-003  1.3330724e-003
  4.7268031e+002  1.3274745e-003  1.3274745e-003  1.3290590e-003
  4.7269263e+002  1.3222158e-003  1.3222158e-003  1.3247516e-003
  4.7270495e+002  1.3169629e-003  1.3169629e-003  1.3198687e-003
  4.7271727e+002  1.3119156e-003  1.3119156e-003  1.3147239e-003
  4.7272959e+002  1.3072753e-003  1.3072753e-003  1.3097579e-003
  4.7274191e+002  1.3031201e-003  1.3031201e-003  1.3052887e-003
  4.7275423e+002  1.2991015e-003  1.2991015e-003  1.3012071e-003
  4.7276655e+002  1.2947786e-003  1.2947786e-003  1.2973117e-003
  4.7277888e+002  1.2898809e-003  1.2898809e-003  1.2934035e-003
  4.7279120e+002  1.2847327e-003  1.2847327e-003  1.2892914e-003
  4.7280352e+002  1.2797884e-003  1.2797884e-003  1.2847864e-003
  4.7281584e+002  1.2753661e-003  1.2753661e-003  1.2798111e-003
  4.7282816e+002  1.2713028e-003  1.2713028e-003  1.2746828e-003
  4.7284048e+002  1.2673296e-003  1.2673296e-003  1.2698056e-003
  4.7285280e+002  1.2632406e-003  1.2632406e-003  1.2654484e-003
  4.7286512e+002  1.2590533e-003  1.2590533e-003  1.2613986e-003
  4.7287744e+002  1.2548347e-003  1.2548347e-003  1.2573362e-003
  4.7288977e+002  1.2506397e-003  1.2506397e-003  1.2530604e-003
  4.7290209e+002  1.2464784e-003  1.2464784e-003  1.2487965e-003
  4.7291441e+002  1.2423508e-003  1.2423508e-003  1.2448654e-003
  4.7292673e+002  1.2382447e-003  1.2382447e-003  1.2414538e-003
  4.7293905e+002  1.2341027e-003  1.2341027e-003  1.2382616e-003
  4.7295137e+002  1.2298571e-003  1.2298571e-003  1.2348784e-003
  4.7296369e+002  1.2255020e-003  1.2255020e-003  1.2310073e-003
  4.7297601e+002  1.2212561e-003  1.2212561e-003  1.2267662e-003
  4.7298833e+002  1.2173897e-003  1.2173897e-003  1.2223677e-003
  4.7300065e+002  1.2140413e-003  1.2140413e-003  1.2180066e-003
  4.7301297e+002  1.2108635e-003  1.2108635e-003  1.2138118e-003
  4.7302530e+002  1.2073968e-003  1.2073968e-003  1.2098971e-003
  4.7303762e+002  1.2033463e-003  1.2033463e-003  1.2063354e-003
  4.7304994e+002  1.1990294e-003  1.1990294e-003  1.2030484e-003
  4.7306226e+002  1.1949056e-003  1.1949056e-003  1.1999223e-003
  4.7307458e+002  1.1913049e-003  1.1913049e-003  1.1968257e-003
  4.7308690e+002  1.1880702e-003  1.1880702e-003  1.1935615e-003
  4.7309922e+002  1.1849299e-003  1.1849299e-003  1.1899169e-003
  4.7311154e+002  1.1816731e-003  1.1816731e-003  1.1857888e-003
  4.7312386e+002  1.1783179e-003  1.1783179e-003  1.1814897e-003
  4.7313619e+002  1.1749367e-003  1.1749367e-003  1.1774302e-003
  4.7314851e+002  1.1715862e-003  1.1715862e-003  1.1738933e-003
  4.7316083e+002  1.1682625e-003  1.1682625e-003  1.1706733e-003
  4.7317315e+002  1.1649476e-003  1.1649476e-003  1.1674474e-003
  4.7318547e+002  1.1616266e-003  1.1616266e-003  1.1640050e-003
  4.7319779e+002  1.1582965e-003  1.1582965e-003  1.1605679e-003
  4.7321011e+002  1.1549574e-003  1.1549574e-003  1.1574620e-003
  4.7322243e+002  1.1516124e-003  1.1516124e-003  1.1548842e-003
  4.7323475e+002  1.1482766e-003  1.1482766e-003  1.1525296e-003
  4.7324707e+002  1.1449679e-003  1.1449679e-003  1.1499708e-003
  4.7325939e+002  1.1416892e-003  1.1416892e-003  1.1468999e-003
  4.7327172e+002  1.1383830e-003  1.1383830e-003  1.1434770e-003
  4.7328404e+002  1.1349773e-003  1.1349773e-003  1.1399774e-003
  4.7329636e+002  1.1314577e-003  1.1314577e-003  1.1366098e-003
  4.7330868e+002  1.1280379e-003  1.1280379e-003  1.1333199e-003
  4.7332100e+002  1.1249879e-003  1.1249879e-003  1.1299878e-003
  4.7333332e+002  1.1224572e-003  1.1224572e-003  1.1265480e-003
  4.7334564e+002  1.1201117e-003  1.1201117e-003  1.1231498e-003
  4.7335796e+002  1.1174967e-003  1.1174967e-003  1.1199968e-003
  4.7337028e+002  1.1143053e-003  1.1143053e-003  1.1172357e-003
  4.7338261e+002  1.1108282e-003  1.1108282e-003  1.1147840e-003
  4.7339493e+002  1.1075067e-003  1.1075067e-003  1.1125015e-003
  4.7340725e+002  1.1046766e-003  1.1046766e-003  1.1102388e-003
  4.7341957e+002  1.1022447e-003  1.1022447e-003  1.1078089e-003
  4.7343189e+002  1.1000080e-003  1.1000080e-003  1.1050155e-003
  4.7344421e+002  1.0977670e-003  1.0977670e-003  1.1017544e-003
  4.7345653e+002  1.0953341e-003  1.0953341e-003  1.0983002e-003
  4.7346885e+002  1.0925250e-003  1.0925250e-003  1.0950250e-003
  4.7348117e+002  1.0892472e-003  1.0892472e-003  1.0922113e-003
  4.7349349e+002  1.0857881e-003  1.0857881e-003  1.0897715e-003
  4.7350581e+002  1.0825337e-003  1.0825337e-003  1.0875216e-003
  4.7351814e+002  1.0797684e-003  1.0797684e-003  1.0852767e-003
  4.7353046e+002  1.0773514e-003  1.0773514e-003  1.0828476e-003
  4.7354278e+002  1.0750309e-003  1.0750309e-003  1.0800435e-003
  4.7355510e+002  1.0726053e-003  1.0726053e-003  1.0767659e-003
  4.7356742e+002  1.0700864e-003  1.0700864e-003  1.0733046e-003
  4.7357974e+002  1.0675418e-003  1.0675418e-003  1.0700518e-003
  4.7359206e+002  1.0650258e-003  1.0650258e-003  1.0672961e-003
  4.7360438e+002  1.0625345e-003  1.0625345e-003  1.0648844e-003
  4.7361670e+002  1.0600484e-003  1.0600484e-003  1.0625461e-003
  4.7362903e+002  1.0575527e-003  1.0575527e-003  1.0600736e-003
  4.7364135e+002  1.0550519e-003  1.0550519e-003  1.0575306e-003
  4.7365367e+002  1.0525560e-003  1.0525560e-003  1.0550534e-003
  4.7366599e+002  1.0500702e-003  1.0500702e-003  1.0527154e-003
  4.7367831e+002  1.0475799e-003  1.0475799e-003  1.0503156e-003
  4.7369063e+002  1.0450649e-003  1.0450649e-003  1.0475790e-003
  4.7370295e+002  1.0425189e-003  1.0425189e-003  1.0443346e-003
  4.7371527e+002  1.0399960e-003  1.0399960e-003  1.0408679e-003
  4.7372759e+002  1.0375667e-003  1.0375667e-003  1.0375892e-003
  4.7373991e+002  1.0352514e-003  1.0352514e-003  1.0348081e-003
  4.7375223e+002  1.0328492e-003  1.0328492e-003  1.0323890e-003
  4.7376456e+002  1.0300979e-003  1.0300979e-003  1.0300737e-003
  4.7377688e+002  1.0268378e-003  1.0268378e-003  1.0276525e-003
  4.7378920e+002  1.0233659e-003  1.0233659e-003  1.0251342e-003
  4.7380152e+002  1.0201061e-003  1.0201061e-003  1.0225880e-003
  4.7381384e+002  1.0173716e-003  1.0173716e-003  1.0200702e-003
  4.7382616e+002  1.0149763e-003  1.0149763e-003  1.0175784e-003
  4.7383848e+002  1.0125938e-003  1.0125938e-003  1.0150937e-003
  4.7385080e+002  1.0099938e-003  1.0099938e-003  1.0126008e-003
  4.7386312e+002  1.0073802e-003  1.0073802e-003  1.0101013e-003
  4.7387545e+002  1.0050802e-003  1.0050802e-003  1.0076017e-003
  4.7388777e+002  1.0033113e-003  1.0033113e-003  1.0051063e-003
  4.7390009e+002  1.0017886e-003  1.0017886e-003  1.0026112e-003
  4.7391241e+002  1.0000831e-003  1.0000831e-003  1.0001097e-003
  4.7392473e+002  9.9786820e-004  9.9786820e-004  9.9759917e-004
  4.7393705e+002  9.9528793e-004  9.9528793e-004  9.9509430e-004
  4.7394937e+002  9.9262253e-004  9.9262253e-004  9.9261485e-004
  4.7396169e+002  9.9009262e-004  9.9009262e-004  9.9016743e-004
  4.7397401e+002  9.8764100e-004  9.8764100e-004  9.8769738e-004
  4.7398633e+002  9.8512955e-004  9.8512955e-004  9.8513218e-004
  4.7399865e+002  9.8247803e-004  9.8247803e-004  9.8244768e-004
  4.7401098e+002  9.7987870e-004  9.7987870e-004  9.7984730e-004
  4.7402330e+002  9.7760386e-004  9.7760386e-004  9.7760135e-004
  4.7403562e+002  9.7583227e-004  9.7583227e-004  9.7587881e-004
  4.7404794e+002  9.7429840e-004  9.7429840e-004  9.7436751e-004
  4.7406026e+002  9.7260500e-004  9.7260500e-004  9.7261263e-004
  4.7407258e+002  9.7043870e-004  9.7043870e-004  9.7028335e-004
  4.7408490e+002  9.6788821e-004  9.6788821e-004  9.6764316e-004
  4.7409722e+002  9.6516255e-004  9.6516255e-004  9.6513335e-004
  4.7410954e+002  9.6245788e-004  9.6245788e-004  9.6310695e-004
  4.7412187e+002  9.5990802e-004  9.5990802e-004  9.6149018e-004
  4.7413419e+002  9.5762803e-004  9.5762803e-004  9.6008043e-004
  4.7414651e+002  9.5570167e-004  9.5570167e-004  9.5867750e-004
  4.7415883e+002  9.5406012e-004  9.5406012e-004  9.5709312e-004
  4.7417115e+002  9.5258810e-004  9.5258810e-004  9.5514265e-004
  4.7418347e+002  9.5115787e-004  9.5115787e-004  9.5271837e-004
  4.7419579e+002  9.4958052e-004  9.4958052e-004  9.5009120e-004
  4.7420811e+002  9.4764831e-004  9.4764831e-004  9.4764840e-004
  4.7422043e+002  9.4523343e-004  9.4523343e-004  9.4569151e-004
  4.7423275e+002  9.4260509e-004  9.4260509e-004  9.4409589e-004
  4.7424507e+002  9.4015561e-004  9.4015561e-004  9.4260475e-004
  4.7425740e+002  9.3819209e-004  9.3819209e-004  9.4100652e-004
  4.7426972e+002  9.3659437e-004  9.3659437e-004  9.3931629e-004
  4.7428204e+002  9.3510863e-004  9.3510863e-004  9.3762009e-004
  4.7429436e+002  9.3352319e-004  9.3352319e-004  9.3598130e-004
  4.7430668e+002  9.3183990e-004  9.3183990e-004  9.3434875e-004
  4.7431900e+002  9.3012795e-004  9.3012795e-004  9.3263511e-004
  4.7433132e+002  9.2844464e-004  9.2844464e-004  9.3079841e-004
  4.7434364e+002  9.2678632e-004  9.2678632e-004  9.2902819e-004
  4.7435596e+002  9.2512996e-004  9.2512996e-004  9.2758777e-004
  4.7436829e+002  9.2345838e-004  9.2345838e-004  9.2665396e-004
  4.7438061e+002  9.2178483e-004  9.2178483e-004  9.2595792e-004
  4.7439293e+002  9.2013226e-004  9.2013226e-004  9.2508765e-004
  4.7440525e+002  9.1851203e-004  9.1851203e-004  9.2371849e-004
  4.7441757e+002  9.1687488e-004  9.1687488e-004  9.2198025e-004
  4.7442989e+002  9.1515194e-004  9.1515194e-004  9.2015002e-004
  4.7444221e+002  9.1331468e-004  9.1331468e-004  9.1845224e-004
  4.7445453e+002  9.1154638e-004  9.1154638e-004  9.1683471e-004
  4.7446685e+002  9.1009957e-004  9.1009957e-004  9.1515478e-004
  4.7447917e+002  9.0914725e-004  9.0914725e-004  9.1332401e-004
  4.7449149e+002  9.0844099e-004  9.0844099e-004  9.1154120e-004
  4.7450382e+002  9.0759339e-004  9.0759339e-004  9.1009992e-004
  4.7451614e+002  9.0628799e-004  9.0628799e-004  9.0919881e-004
  4.7452846e+002  9.0458801e-004  9.0458801e-004  9.0852899e-004
  4.7454078e+002  9.0268301e-004  9.0268301e-004  9.0761267e-004
  4.7455310e+002  9.0076178e-004  9.0076178e-004  9.0609239e-004
  4.7456542e+002  8.9900868e-004  8.9900868e-004  9.0426013e-004
  4.7457774e+002  8.9760654e-004  8.9760654e-004  9.0262589e-004
  4.7459006e+002  8.9667187e-004  8.9667187e-004  9.0158338e-004
  4.7460238e+002  8.9595994e-004  8.9595994e-004  9.0089244e-004
  4.7461471e+002  8.9510370e-004  8.9510370e-004  9.0009831e-004
  4.7462703e+002  8.9380113e-004  8.9380113e-004  8.9882449e-004
  4.7463935e+002  8.9210786e-004  8.9210786e-004  8.9712550e-004
  4.7465167e+002  8.9020175e-004  8.9020175e-004  8.9520308e-004
  4.7466399e+002  8.8826442e-004  8.8826442e-004  8.9325906e-004
  4.7467631e+002  8.8649806e-004  8.8649806e-004  8.9149487e-004
  4.7468863e+002  8.8511193e-004  8.8511193e-004  8.9011182e-004
  4.7470095e+002  8.8423681e-004  8.8423681e-004  8.8923461e-004
  4.7471327e+002  8.8356441e-004  8.8356441e-004  8.8855919e-004
  4.7472559e+002  8.8263377e-004  8.8263377e-004  8.8763248e-004
  4.7473791e+002  8.8109834e-004  8.8109834e-004  8.8611213e-004
  4.7475024e+002  8.7925839e-004  8.7925839e-004  8.8428214e-004
  4.7476256e+002  8.7764106e-004  8.7764106e-004  8.8264615e-004
  4.7477488e+002  8.7665123e-004  8.7665123e-004  8.8159811e-004
  4.7478720e+002  8.7599555e-004  8.7599555e-004  8.8090543e-004
  4.7479952e+002  8.7513368e-004  8.7513368e-004  8.8011387e-004
  4.7481184e+002  8.7364625e-004  8.7364625e-004  8.7884396e-004
  4.7482416e+002  8.7181140e-004  8.7181140e-004  8.7714782e-004
  4.7483648e+002  8.7015620e-004  8.7015620e-004  8.7523163e-004
  4.7484880e+002  8.6909696e-004  8.6909696e-004  8.7329910e-004
  4.7486113e+002  8.6840502e-004  8.6840502e-004  8.7153871e-004
  4.7487345e+002  8.6761958e-004  8.6761958e-004  8.7013345e-004
  4.7488577e+002  8.6635406e-004  8.6635406e-004  8.6920319e-004
  4.7489809e+002  8.6465893e-004  8.6465893e-004  8.6849802e-004
  4.7491041e+002  8.6274332e-004  8.6274332e-004  8.6763375e-004
  4.7492273e+002  8.6081309e-004  8.6081309e-004  8.6629547e-004
  4.7493505e+002  8.5905340e-004  8.5905340e-004  8.6457922e-004
  4.7494737e+002  8.5764181e-004  8.5764181e-004  8.6273156e-004
  4.7495969e+002  8.5669670e-004  8.5669670e-004  8.6096707e-004
  4.7497201e+002  8.5598313e-004  8.5598313e-004  8.5930803e-004
  4.7498433e+002  8.5513557e-004  8.5513557e-004  8.5770563e-004
  4.7499666e+002  8.5384690e-004  8.5384690e-004  8.5611075e-004
  4.7500898e+002  8.5216287e-004  8.5216287e-004  8.5447273e-004
  4.7502130e+002  8.5026079e-004  8.5026079e-004  8.5274041e-004
  4.7503362e+002  8.4832161e-004  8.4832161e-004  8.5089511e-004
  4.7504594e+002  8.4654699e-004  8.4654699e-004  8.4911598e-004
  4.7505826e+002  8.4514642e-004  8.4514642e-004  8.4765654e-004
  4.7507058e+002  8.4425852e-004  8.4425852e-004  8.4670040e-004
  4.7508290e+002  8.4358696e-004  8.4358696e-004  8.4600137e-004
  4.7509522e+002  8.4267045e-004  8.4267045e-004  8.4515026e-004
  4.7510755e+002  8.4115089e-004  8.4115089e-004  8.4380925e-004
  4.7511987e+002  8.3931162e-004  8.3931162e-004  8.4208470e-004
  4.7513219e+002  8.3768128e-004  8.3768128e-004  8.4025286e-004
  4.7514451e+002  8.3667776e-004  8.3667776e-004  8.3854693e-004
  4.7515683e+002  8.3602291e-004  8.3602291e-004  8.3692883e-004
  4.7516915e+002  8.3517004e-004  8.3517004e-004  8.3525581e-004
  4.7518147e+002  8.3368436e-004  8.3368436e-004  8.3342971e-004
  4.7519379e+002  8.3184106e-004  8.3184106e-004  8.3163548e-004
  4.7520611e+002  8.3019158e-004  8.3019158e-004  8.3016820e-004
  4.7521843e+002  8.2917612e-004  8.2917612e-004  8.2924427e-004
  4.7523075e+002  8.2852190e-004  8.2852190e-004  8.2857712e-004
  4.7524308e+002  8.2767631e-004  8.2767631e-004  8.2768271e-004
  4.7525540e+002  8.2619688e-004  8.2619688e-004  8.2617864e-004
  4.7526772e+002  8.2435398e-004  8.2435398e-004  8.2433915e-004
  4.7528004e+002  8.2270019e-004  8.2270019e-004  8.2269844e-004
  4.7529236e+002  8.2167926e-004  8.2167926e-004  8.2168414e-004
  4.7530468e+002  8.2102384e-004  8.2102384e-004  8.2102782e-004
  4.7531700e+002  8.2018259e-004  8.2018259e-004  8.2018307e-004
  4.7532932e+002  8.1871122e-004  8.1871122e-004  8.1870991e-004
  4.7534164e+002  8.1687169e-004  8.1687169e-004  8.1687062e-004
  4.7535397e+002  8.1521045e-004  8.1521045e-004  8.1521032e-004
  4.7536629e+002  8.1417035e-004  8.1417035e-004  8.1417070e-004
  4.7537861e+002  8.1350368e-004  8.1350368e-004  8.1350396e-004
  4.7539093e+002  8.1268217e-004  8.1268217e-004  8.1268221e-004
  4.7540325e+002  8.1127178e-004  8.1127178e-004  8.1127168e-004
  4.7541557e+002  8.0947298e-004  8.0947298e-004  8.0947290e-004
  4.7542789e+002  8.0774621e-004  8.0774621e-004  8.0774619e-004
  4.7544021e+002  8.0648915e-004  8.0648915e-004  8.0648920e-004
  4.7545253e+002  8.0567129e-004  8.0567129e-004  8.0567135e-004
  4.7546485e+002  8.0508515e-004  8.0508515e-004  8.0508516e-004
  4.7547717e+002  8.0452504e-004  8.0452504e-004  8.0452496e-004
  4.7548950e+002  8.0380131e-004  8.0380131e-004  8.0380118e-004
  4.7550182e+002  8.0273099e-004  8.0273099e-004  8.0273095e-004
  4.7551414e+002  8.0118395e-004  8.0118395e-004  8.0118421e-004
  4.7552646e+002  7.9939306e-004  7.9939306e-004  7.9939353e-004
  4.7553878e+002  7.9774372e-004  7.9774372e-004  7.9774387e-004
  4.7555110e+002  7.9656320e-004  7.9656320e-004  7.9656225e-004
  4.7556342e+002  7.9577163e-004  7.9577163e-004  7.9576990e-004
  4.7557574e+002  7.9511659e-004  7.9511659e-004  7.9511604e-004
  4.7558806e+002  7.9437460e-004  7.9437460e-004  7.9437810e-004
  4.7560039e+002  7.9352917e-004  7.9352917e-004  7.9353561e-004
  4.7561271e+002  7.9265236e-004  7.9265236e-004  7.9265447e-004
  4.7562503e+002  7.9180676e-004  7.9180676e-004  7.9179372e-004
  4.7563735e+002  7.9098585e-004  7.9098585e-004  7.9096181e-004
  4.7564967e+002  7.9015330e-004  7.9015330e-004  7.9014534e-004
  4.7566199e+002  7.8928245e-004  7.8928245e-004  7.8933092e-004
  4.7567431e+002  7.8841626e-004  7.8841626e-004  7.8850594e-004
  4.7568663e+002  7.8762796e-004  7.8762796e-004  7.8765812e-004
  4.7569895e+002  7.8696190e-004  7.8696190e-004  7.8678173e-004
  4.7571127e+002  7.8625318e-004  7.8625318e-004  7.8591854e-004
  4.7572359e+002  7.8524516e-004  7.8524516e-004  7.8513108e-004
  4.7573592e+002  7.8373797e-004  7.8373797e-004  7.8445585e-004
  4.7574824e+002  7.8194772e-004  7.8194772e-004  7.8373909e-004
  4.7576056e+002  7.8027447e-004  7.8027447e-004  7.8274292e-004
  4.7577288e+002  7.7906414e-004  7.7906414e-004  7.8127847e-004
  4.7578520e+002  7.7825893e-004  7.7825893e-004  7.7951969e-004
  4.7579752e+002  7.7762095e-004  7.7762095e-004  7.7780233e-004
  4.7580984e+002  7.7693179e-004  7.7693179e-004  7.7643430e-004
  4.7582216e+002  7.7612350e-004  7.7612350e-004  7.7551146e-004
  4.7583448e+002  7.7519578e-004  7.7519578e-004  7.7503430e-004
  4.7584681e+002  7.7416871e-004  7.7416871e-004  7.7497457e-004
  4.7585913e+002  7.7321243e-004  7.7321243e-004  7.7509219e-004
  4.7587145e+002  7.7256519e-004  7.7256519e-004  7.7505102e-004
  4.7588377e+002  7.7241249e-004  7.7241249e-004  7.7456222e-004
  4.7589609e+002  7.7253843e-004  7.7253843e-004  7.7369833e-004
  4.7590841e+002  7.7254351e-004  7.7254351e-004  7.7269722e-004
  4.7592073e+002  7.7208117e-004  7.7208117e-004  7.7177269e-004
  4.7593305e+002  7.7121608e-004  7.7121608e-004  7.7094857e-004
  4.7594537e+002  7.7020262e-004  7.7020262e-004  7.7016103e-004
  4.7595769e+002  7.6926997e-004  7.6926997e-004  7.6935249e-004
  4.7597001e+002  7.6844537e-004  7.6844537e-004  7.6851720e-004
  4.7598234e+002  7.6766217e-004  7.6766217e-004  7.6767348e-004
  4.7599466e+002  7.6685962e-004  7.6685962e-004  7.6683754e-004
  4.7600698e+002  7.6602738e-004  7.6602738e-004  7.6600809e-004
  4.7601930e+002  7.6517869e-004  7.6517869e-004  7.6517561e-004
  4.7603162e+002  7.6432696e-004  7.6432696e-004  7.6433287e-004
  4.7604394e+002  7.6348576e-004  7.6348576e-004  7.6349094e-004
  4.7605626e+002  7.6266871e-004  7.6266871e-004  7.6266955e-004
  4.7606858e+002  7.6188304e-004  7.6188304e-004  7.6188146e-004
  4.7608090e+002  7.6108522e-004  7.6108522e-004  7.6108383e-004
  4.7609323e+002  7.6020748e-004  7.6020748e-004  7.6020726e-004
  4.7610555e+002  7.5920718e-004  7.5920718e-004  7.5920761e-004
  4.7611787e+002  7.5824428e-004  7.5824428e-004  7.5824465e-004
  4.7613019e+002  7.5757616e-004  7.5757616e-004  7.5757622e-004
  4.7614251e+002  7.5740962e-004  7.5740962e-004  7.5740951e-004
  4.7615483e+002  7.5753683e-004  7.5753683e-004  7.5753673e-004
  4.7616715e+002  7.5754888e-004  7.5754888e-004  7.5754887e-004
  4.7617947e+002  7.5708744e-004  7.5708744e-004  7.5708747e-004
  4.7619179e+002  7.5621869e-004  7.5621869e-004  7.5621871e-004
  4.7620411e+002  7.5521635e-004  7.5521635e-004  7.5521635e-004
  4.7621643e+002  7.5432476e-004  7.5432476e-004  7.5432475e-004
  4.7622876e+002  7.5353380e-004  7.5353380e-004  7.5353379e-004
  4.7624108e+002  7.5270790e-004  7.5270790e-004  7.5270789e-004
  4.7625340e+002  7.5174071e-004  7.5174071e-004  7.5174072e-004
  4.7626572e+002  7.5077713e-004  7.5077713e-004  7.5077713e-004
  4.7627804e+002  7.5008691e-004  7.5008691e-004  7.5008691e-004
  4.7629036e+002  7.4989226e-004  7.4989226e-004  7.4989226e-004
  4.7630268e+002  7.5000705e-004  7.5000705e-004  7.5000705e-004
  4.7631500e+002  7.5004046e-004  7.5004046e-004  7.5004046e-004
  4.7632732e+002  7.4964229e-004  7.4964229e-004  7.4964229e-004
  4.7633965e+002  7.4882087e-004  7.4882087e-004  7.4882087e-004
  4.7635197e+002  7.4776571e-004  7.4776571e-004  7.4776571e-004
  4.7636429e+002  7.4666716e-004  7.4666716e-004  7.4666716e-004
  4.7637661e+002  7.4571036e-004  7.4571036e-004  7.4571036e-004
  4.7638893e+002  7.4507785e-004  7.4507785e-004  7.4507785e-004
  4.7640125e+002  7.4491335e-004  7.4491335e-004  7.4491335e-004
  4.7641357e+002  7.4502414e-004  7.4502414e-004  7.4502414e-004
  4.7642589e+002  7.4504461e-004  7.4504461e-004  7.4504461e-004
  4.7643821e+002  7.4464568e-004  7.4464568e-004  7.4464568e-004
  4.7645053e+002  7.4383126e-004  7.4383126e-004  7.4383126e-004
  4.7646285e+002  7.4277779e-004  7.4277779e-004  7.4277779e-004
  4.7647518e+002  7.4166531e-004  7.4166531e-004  7.4166531e-004
  4.7648750e+002  7.4069308e-004  7.4069308e-004  7.4069308e-004
  4.7649982e+002  7.4007043e-004  7.4007043e-004  7.4007043e-004
  4.7651214e+002  7.3996111e-004  7.3996111e-004  7.3996111e-004
  4.7652446e+002  7.4012053e-004  7.4012053e-004  7.4012053e-004
  4.7653678e+002  7.4008904e-004  7.4008904e-004  7.4008904e-004
  4.7654910e+002  7.3947163e-004  7.3947163e-004  7.3947163e-004
  4.7656142e+002  7.3847499e-004  7.3847499e-004  7.3847499e-004
  4.7657374e+002  7.3762533e-004  7.3762533e-004  7.3762533e-004
  4.7658607e+002  7.3738034e-004  7.3738034e-004  7.3738034e-004
  4.7659839e+002  7.3754536e-004  7.3754536e-004  7.3754536e-004
  4.7661071e+002  7.3757647e-004  7.3757647e-004  7.3757647e-004
  4.7662303e+002  7.3699848e-004  7.3699848e-004  7.3699848e-004
  4.7663535e+002  7.3600109e-004  7.3600109e-004  7.3600109e-004
  4.7664767e+002  7.3513286e-004  7.3513286e-004  7.3513286e-004
  4.7665999e+002  7.3487428e-004  7.3487428e-004  7.3487428e-004
  4.7667231e+002  7.3503877e-004  7.3503877e-004  7.3503877e-004
  4.7668463e+002  7.3507669e-004  7.3507669e-004  7.3507669e-004
  4.7669695e+002  7.3450553e-004  7.3450553e-004  7.3450553e-004
  4.7670927e+002  7.3350917e-004  7.3350917e-004  7.3350917e-004
  4.7672160e+002  7.3263711e-004  7.3263711e-004  7.3263711e-004
  4.7673392e+002  7.3237282e-004  7.3237282e-004  7.3237282e-004
  4.7674624e+002  7.3253554e-004  7.3253554e-004  7.3253554e-004
  4.7675856e+002  7.3257709e-004  7.3257709e-004  7.3257709e-004
  4.7677088e+002  7.3201398e-004  7.3201398e-004  7.3201398e-004
  4.7678320e+002  7.3102184e-004  7.3102184e-004  7.3102184e-004
  4.7679552e+002  7.3014394e-004  7.3014394e-004  7.3014394e-004
  4.7680784e+002  7.2986119e-004  7.2986119e-004  7.2986119e-004
  4.7682016e+002  7.3001057e-004  7.3001057e-004  7.3001057e-004
  4.7683249e+002  7.3006699e-004  7.3006699e-004  7.3006699e-004
  4.7684481e+002  7.2956157e-004  7.2956157e-004  7.2956157e-004
  4.7685713e+002  7.2861681e-004  7.2861681e-004  7.2861681e-004
  4.7686945e+002  7.2769043e-004  7.2769043e-004  7.2769043e-004
  4.7688177e+002  7.2720372e-004  7.2720372e-004  7.2720372e-004
  4.7689409e+002  7.2717835e-004  7.2717835e-004  7.2717835e-004
  4.7690641e+002  7.2740759e-004  7.2740759e-004  7.2740759e-004
  4.7691873e+002  7.2768392e-004  7.2768392e-004  7.2768392e-004
  4.7693105e+002  7.2781854e-004  7.2781854e-004  7.2781854e-004
  4.7694337e+002  7.2763344e-004  7.2763344e-004  7.2763344e-004
  4.7695569e+002  7.2698266e-004  7.2698266e-004  7.2698266e-004
  4.7696802e+002  7.2604326e-004  7.2604326e-004  7.2604326e-004
  4.7698034e+002  7.2517997e-004  7.2517997e-004  7.2517997e-004
  4.7699266e+002  7.2472804e-004  7.2472804e-004  7.2472804e-004
  4.7700498e+002  7.2469773e-004  7.2469773e-004  7.2469773e-004
  4.7701730e+002  7.2490894e-004  7.2490894e-004  7.2490894e-004
  4.7702962e+002  7.2517869e-004  7.2517869e-004  7.2517869e-004
  4.7704194e+002  7.2531903e-004  7.2531903e-004  7.2531903e-004
  4.7705426e+002  7.2513906e-004  7.2513906e-004  7.2513906e-004
  4.7706658e+002  7.2448073e-004  7.2448073e-004  7.2448073e-004
  4.7707891e+002  7.2352931e-004  7.2352931e-004  7.2352931e-004
  4.7709123e+002  7.2267442e-004  7.2267442e-004  7.2267442e-004
  4.7710355e+002  7.2227153e-004  7.2227153e-004  7.2227153e-004
  4.7711587e+002  7.2228677e-004  7.2228677e-004  7.2228676e-004
  4.7712819e+002  7.2245262e-004  7.2245262e-004  7.2245261e-004
  4.7714051e+002  7.2252076e-004  7.2252076e-004  7.2252078e-004
  4.7715283e+002  7.2248140e-004  7.2248140e-004  7.2248144e-004
  4.7716515e+002  7.2246901e-004  7.2246901e-004  7.2246903e-004
  4.7717747e+002  7.2259775e-004  7.2259775e-004  7.2259769e-004
  4.7718979e+002  7.2274119e-004  7.2274119e-004  7.2274106e-004
  4.7720211e+002  7.2262615e-004  7.2262615e-004  7.2262609e-004
  4.7721444e+002  7.2201407e-004  7.2201407e-004  7.2201428e-004
  4.7722676e+002  7.2106622e-004  7.2106622e-004  7.2106668e-004
  4.7723908e+002  7.2018970e-004  7.2018970e-004  7.2018995e-004
  4.7725140e+002  7.1975981e-004  7.1975981e-004  7.1975902e-004
  4.7726372e+002  7.1976202e-004  7.1976202e-004  7.1976029e-004
  4.7727604e+002  7.1994026e-004  7.1994026e-004  7.1993935e-004
  4.7728836e+002  7.2005225e-004  7.2005225e-004  7.2005518e-004
  4.7730068e+002  7.2004932e-004  7.2004932e-004  7.2005578e-004
  4.7731300e+002  7.2000381e-004  7.2000381e-004  7.2000724e-004
  4.7732533e+002  7.1998418e-004  7.1998418e-004  7.1997329e-004
  4.7733765e+002  7.1999455e-004  7.1999455e-004  7.1997048e-004
  4.7734997e+002  7.1999856e-004  7.1999856e-004  7.1998566e-004
  4.7736229e+002  7.1996482e-004  7.1996482e-004  7.2000525e-004
  4.7737461e+002  7.1992592e-004  7.1992592e-004  7.2001570e-004
  4.7738693e+002  7.1995507e-004  7.1995507e-004  7.2000354e-004
  4.7739925e+002  7.2010947e-004  7.2010947e-004  7.1995933e-004
  4.7741157e+002  7.2025514e-004  7.2025514e-004  7.1992029e-004
  4.7742389e+002  7.2013566e-004  7.2013566e-004  7.1995347e-004
  4.7743621e+002  7.1952545e-004  7.1952545e-004  7.2011040e-004
  4.7744853e+002  7.1858023e-004  7.1858023e-004  7.2025649e-004
  4.7746086e+002  7.1770173e-004  7.1770173e-004  7.2013703e-004
  4.7747318e+002  7.1726347e-004  7.1726347e-004  7.1952757e-004
  4.7748550e+002  7.1725939e-004  7.1725939e-004  7.1858275e-004
  4.7749782e+002  7.1743655e-004  7.1743655e-004  7.1770376e-004
  4.7751014e+002  7.1755345e-004  7.1755345e-004  7.1726414e-004
  4.7752246e+002  7.1755481e-004  7.1755481e-004  7.1725915e-004
  4.7753478e+002  7.1750737e-004  7.1750737e-004  7.1743604e-004
  4.7754710e+002  7.1747589e-004  7.1747589e-004  7.1755322e-004
  4.7755942e+002  7.1747540e-004  7.1747540e-004  7.1755476e-004
  4.7757175e+002  7.1748814e-004  7.1748814e-004  7.1750744e-004
  4.7758407e+002  7.1749681e-004  7.1749681e-004  7.1747613e-004
  4.7759639e+002  7.1749714e-004  7.1749714e-004  7.1747585e-004
  4.7760871e+002  7.1749359e-004  7.1749359e-004  7.1748837e-004
  4.7762103e+002  7.1749052e-004  7.1749052e-004  7.1749604e-004
  4.7763335e+002  7.1748971e-004  7.1748971e-004  7.1749543e-004
  4.7764567e+002  7.1749121e-004  7.1749121e-004  7.1749262e-004
  4.7765799e+002  7.1749479e-004  7.1749479e-004  7.1749331e-004
  4.7767031e+002  7.1749766e-004  7.1749766e-004  7.1749613e-004
  4.7768263e+002  7.1749526e-004  7.1749526e-004  7.1749488e-004
  4.7769495e+002  7.1748403e-004  7.1748403e-004  7.1748442e-004
  4.7770728e+002  7.1747333e-004  7.1747333e-004  7.1747373e-004
  4.7771960e+002  7.1748137e-004  7.1748137e-004  7.1748146e-004
  4.7773192e+002  7.1752263e-004  7.1752263e-004  7.1752254e-004
  4.7774424e+002  7.1756263e-004  7.1756263e-004  7.1756255e-004
  4.7775656e+002  7.1753319e-004  7.1753319e-004  7.1753318e-004
  4.7776888e+002  7.1737967e-004  7.1737967e-004  7.1737964e-004
  4.7778120e+002  7.1722999e-004  7.1722999e-004  7.1722990e-004
  4.7779352e+002  7.1733865e-004  7.1733865e-004  7.1733859e-004
  4.7780584e+002  7.1793418e-004  7.1793418e-004  7.1793437e-004
  4.7781817e+002  7.1887509e-004  7.1887509e-004  7.1887554e-004
  4.7783049e+002  7.1976130e-004  7.1976130e-004  7.1976157e-004
  4.7784281e+002  7.2021550e-004  7.2021550e-004  7.2021477e-004
  4.7785513e+002  7.2022919e-004  7.2022919e-004  7.2022749e-004
  4.7786745e+002  7.2005367e-004  7.2005367e-004  7.2005265e-004
  4.7787977e+002  7.1993207e-004  7.1993207e-004  7.1993477e-004
  4.7789209e+002  7.1992743e-004  7.1992743e-004  7.1993382e-004
  4.7790441e+002  7.1997491e-004  7.1997491e-004  7.1997873e-004
  4.7791673e+002  7.2001027e-004  7.2001027e-004  7.2000022e-004
  4.7792905e+002  7.2001423e-004  7.2001423e-004  7.1999042e-004
  4.7794137e+002  7.1999970e-004  7.1999970e-004  7.1998536e-004
  4.7795370e+002  7.1998026e-004  7.1998026e-004  7.2001754e-004
  4.7796602e+002  7.1996927e-004  7.1996927e-004  7.2005805e-004
  4.7797834e+002  7.1997988e-004  7.1997988e-004  7.2003371e-004
  4.7799066e+002  7.2002208e-004  7.2002208e-004  7.1988370e-004
  4.7800298e+002  7.2006212e-004  7.2006212e-004  7.1973104e-004
  4.7801530e+002  7.2003448e-004  7.2003448e-004  7.1983239e-004
  4.7802762e+002  7.1988544e-004  7.1988544e-004  7.2042098e-004
  4.7803994e+002  7.1973593e-004  7.1973593e-004  7.2136207e-004
  4.7805226e+002  7.1983486e-004  7.1983486e-004  7.2225115e-004
  4.7806459e+002  7.2040923e-004  7.2040923e-004  7.2270424e-004
  4.7807691e+002  7.2133624e-004  7.2133624e-004  7.2271274e-004
  4.7808923e+002  7.2223468e-004  7.2223468e-004  7.2254542e-004
  4.7810155e+002  7.2273937e-004  7.2273937e-004  7.2246177e-004
  4.7811387e+002  7.2279983e-004  7.2279983e-004  7.2249660e-004
  4.7812619e+002  7.2259995e-004  7.2259995e-004  7.2251742e-004
  4.7813851e+002  7.2232893e-004  7.2232893e-004  7.2240310e-004
  4.7815083e+002  7.2217267e-004  7.2217267e-004  7.2225404e-004
  4.7816315e+002  7.2231458e-004  7.2231458e-004  7.2233689e-004
  4.7817547e+002  7.2291747e-004  7.2291747e-004  7.2289765e-004
  4.7818779e+002  7.2384458e-004  7.2384458e-004  7.2382274e-004
  4.7820012e+002  7.2473258e-004  7.2473258e-004  7.2472656e-004
  4.7821244e+002  7.2523283e-004  7.2523283e-004  7.2523812e-004
  4.7822476e+002  7.2529598e-004  7.2529598e-004  7.2530184e-004
  4.7823708e+002  7.2510096e-004  7.2510096e-004  7.2510259e-004
  4.7824940e+002  7.2483241e-004  7.2483241e-004  7.2483100e-004
  4.7826172e+002  7.2467472e-004  7.2467472e-004  7.2467315e-004
  4.7827404e+002  7.2481206e-004  7.2481206e-004  7.2481162e-004
  4.7828636e+002  7.2540900e-004  7.2540900e-004  7.2540938e-004
  4.7829868e+002  7.2633366e-004  7.2633366e-004  7.2633408e-004
  4.7831101e+002  7.2722456e-004  7.2722456e-004  7.2722468e-004
  4.7832333e+002  7.2773331e-004  7.2773331e-004  7.2773320e-004
  4.7833565e+002  7.2780371e-004  7.2780371e-004  7.2780360e-004
  4.7834797e+002  7.2760773e-004  7.2760773e-004  7.2760770e-004
  4.7836029e+002  7.2732443e-004  7.2732443e-004  7.2732446e-004
  4.7837261e+002  7.2714965e-004  7.2714965e-004  7.2714968e-004
  4.7838493e+002  7.2729240e-004  7.2729240e-004  7.2729240e-004
  4.7839725e+002  7.2793922e-004  7.2793922e-004  7.2793921e-004
  4.7840957e+002  7.2891961e-004  7.2891961e-004  7.2891960e-004
  4.7842189e+002  7.2977978e-004  7.2977978e-004  7.2977977e-004
  4.7843421e+002  7.3009133e-004  7.3009133e-004  7.3009133e-004
  4.7844654e+002  7.2995141e-004  7.2995141e-004  7.2995142e-004
  4.7845886e+002  7.2987741e-004  7.2987741e-004  7.2987741e-004
  4.7847118e+002  7.3036295e-004  7.3036295e-004  7.3036295e-004
  4.7848350e+002  7.3133258e-004  7.3133258e-004  7.3133258e-004
  4.7849582e+002  7.3225222e-004  7.3225222e-004  7.3225222e-004
  4.7850814e+002  7.3261038e-004  7.3261038e-004  7.3261038e-004
  4.7852046e+002  7.3247471e-004  7.3247471e-004  7.3247471e-004
  4.7853278e+002  7.3238324e-004  7.3238324e-004  7.3238324e-004
  4.7854510e+002  7.3285235e-004  7.3285235e-004  7.3285235e-004
  4.7855743e+002  7.3381886e-004  7.3381886e-004  7.3381886e-004
  4.7856975e+002  7.3474507e-004  7.3474507e-004  7.3474507e-004
  4.7858207e+002  7.3511392e-004  7.3511392e-004  7.3511392e-004
  4.7859439e+002  7.3498364e-004  7.3498364e-004  7.3498364e-004
  4.7860671e+002  7.3488716e-004  7.3488716e-004  7.3488716e-004
  4.7861903e+002  7.3533829e-004  7.3533829e-004  7.3533829e-004
  4.7863135e+002  7.3628919e-004  7.3628919e-004  7.3628919e-004
  4.7864367e+002  7.3722496e-004  7.3722496e-004  7.3722496e-004
  4.7865599e+002  7.3764667e-004  7.3764667e-004  7.3764667e-004
  4.7866831e+002  7.3757065e-004  7.3757065e-004  7.3757065e-004
  4.7868064e+002  7.3744510e-004  7.3744510e-004  7.3744510e-004
  4.7869296e+002  7.3771148e-004  7.3771148e-004  7.3771148e-004
  4.7870528e+002  7.3846345e-004  7.3846345e-004  7.3846345e-004
  4.7871760e+002  7.3950086e-004  7.3950086e-004  7.3950086e-004
  4.7872992e+002  7.4061524e-004  7.4061524e-004  7.4061524e-004
  4.7874224e+002  7.4161441e-004  7.4161441e-004  7.4161440e-004
  4.7875456e+002  7.4232000e-004  7.4232000e-004  7.4231999e-004
  4.7876688e+002  7.4256993e-004  7.4256993e-004  7.4256994e-004
  4.7877920e+002  7.4248273e-004  7.4248273e-004  7.4248276e-004
  4.7879152e+002  7.4241774e-004  7.4241774e-004  7.4241776e-004
  4.7880385e+002  7.4272639e-004  7.4272639e-004  7.4272634e-004
  4.7881617e+002  7.4347790e-004  7.4347790e-004  7.4347778e-004
  4.7882849e+002  7.4449738e-004  7.4449738e-004  7.4449729e-004
  4.7884081e+002  7.4560169e-004  7.4560169e-004  7.4560186e-004
  4.7885313e+002  7.4660449e-004  7.4660449e-004  7.4660494e-004
  4.7886545e+002  7.4731663e-004  7.4731663e-004  7.4731694e-004
  4.7887777e+002  7.4756475e-004  7.4756475e-004  7.4756413e-004
  4.7889009e+002  7.4746864e-004  7.4746864e-004  7.4746697e-004
  4.7890241e+002  7.4740560e-004  7.4740560e-004  7.4740442e-004
  4.7891473e+002  7.4774446e-004  7.4774446e-004  7.4774677e-004
  4.7892706e+002  7.4853255e-004  7.4853255e-004  7.4853878e-004
  4.7893938e+002  7.4953243e-004  7.4953243e-004  7.4953686e-004
  4.7895170e+002  7.5050476e-004  7.5050476e-004  7.5049620e-004
  4.7896402e+002  7.5136015e-004  7.5136015e-004  7.5133693e-004
  4.7897634e+002  7.5214302e-004  7.5214302e-004  7.5212641e-004
  4.7898866e+002  7.5290253e-004  7.5290253e-004  7.5293430e-004
  4.7900098e+002  7.5368869e-004  7.5368869e-004  7.5377526e-004
  4.7901330e+002  7.5455225e-004  7.5455225e-004  7.5461449e-004
  4.7902562e+002  7.5553612e-004  7.5553612e-004  7.5541829e-004
  4.7903794e+002  7.5653107e-004  7.5653107e-004  7.5620833e-004
  4.7905027e+002  7.5728988e-004  7.5728988e-004  7.5705654e-004
  4.7906259e+002  7.5757705e-004  7.5757705e-004  7.5802817e-004
  4.7907491e+002  7.5748556e-004  7.5748556e-004  7.5902234e-004
  4.7908723e+002  7.5740855e-004  7.5740855e-004  7.5978626e-004
  4.7909955e+002  7.5773366e-004  7.5773366e-004  7.6007821e-004
  4.7911187e+002  7.5851899e-004  7.5851899e-004  7.5998761e-004
  4.7912419e+002  7.5951914e-004  7.5951914e-004  7.5990887e-004
  4.7913651e+002  7.6048536e-004  7.6048536e-004  7.6023147e-004
  4.7914883e+002  7.6133071e-004  7.6133071e-004  7.6101561e-004
  4.7916115e+002  7.6211837e-004  7.6211837e-004  7.6201581e-004
  4.7917348e+002  7.6291511e-004  7.6291511e-004  7.6298289e-004
  4.7918580e+002  7.6374429e-004  7.6374429e-004  7.6382882e-004
  4.7919812e+002  7.6458869e-004  7.6458869e-004  7.6461636e-004
  4.7921044e+002  7.6543012e-004  7.6543012e-004  7.6541202e-004
  4.7922276e+002  7.6626273e-004  7.6626273e-004  7.6624006e-004
  4.7923508e+002  7.6709235e-004  7.6709235e-004  7.6708488e-004
  4.7924740e+002  7.6792493e-004  7.6792493e-004  7.6792976e-004
  4.7925972e+002  7.6876030e-004  7.6876030e-004  7.6876638e-004
  4.7927204e+002  7.6959242e-004  7.6959242e-004  7.6959443e-004
  4.7928436e+002  7.7041560e-004  7.7041560e-004  7.7041432e-004
  4.7929669e+002  7.7123643e-004  7.7123643e-004  7.7123480e-004
  4.7930901e+002  7.7207321e-004  7.7207321e-004  7.7207266e-004
  4.7932133e+002  7.7294274e-004  7.7294274e-004  7.7294309e-004
  4.7933365e+002  7.7381910e-004  7.7381910e-004  7.7381954e-004
  4.7934597e+002  7.7463509e-004  7.7463509e-004  7.7463523e-004
  4.7935829e+002  7.7532904e-004  7.7532904e-004  7.7532895e-004
  4.7937061e+002  7.7599745e-004  7.7599745e-004  7.7599733e-004
  4.7938293e+002  7.7689069e-004  7.7689069e-004  7.7689065e-004
  4.7939525e+002  7.7825110e-004  7.7825110e-004  7.7825113e-004
  4.7940757e+002  7.8000124e-004  7.8000124e-004  7.8000127e-004
  4.7941990e+002  7.8175008e-004  7.8175008e-004  7.8175009e-004
  4.7943222e+002  7.8310749e-004  7.8310749e-004  7.8310749e-004
  4.7944454e+002  7.8399971e-004  7.8399971e-004  7.8399970e-004
  4.7945686e+002  7.8466565e-004  7.8466565e-004  7.8466564e-004
  4.7946918e+002  7.8535114e-004  7.8535114e-004  7.8535114e-004
  4.7948150e+002  7.8615657e-004  7.8615657e-004  7.8615657e-004
  4.7949382e+002  7.8703737e-004  7.8703737e-004  7.8703737e-004
  4.7950614e+002  7.8794278e-004  7.8794278e-004  7.8794278e-004
  4.7951846e+002  7.8882290e-004  7.8882290e-004  7.8882290e-004
  4.7953078e+002  7.8962870e-004  7.8962870e-004  7.8962870e-004
  4.7954311e+002  7.9031717e-004  7.9031717e-004  7.9031717e-004
  4.7955543e+002  7.9098622e-004  7.9098622e-004  7.9098622e-004
  4.7956775e+002  7.9187629e-004  7.9187629e-004  7.9187629e-004
  4.7958007e+002  7.9322162e-004  7.9322162e-004  7.9322162e-004
  4.7959239e+002  7.9495701e-004  7.9495701e-004  7.9495701e-004
  4.7960471e+002  7.9671195e-004  7.9671195e-004  7.9671195e-004
  4.7961703e+002  7.9811325e-004  7.9811325e-004  7.9811325e-004
  4.7962935e+002  7.9905557e-004  7.9905557e-004  7.9905557e-004
  4.7964167e+002  7.9970884e-004  7.9970884e-004  7.9970884e-004
  4.7965399e+002  8.0025604e-004  8.0025604e-004  8.0025604e-004
  4.7966632e+002  8.0089224e-004  8.0089224e-004  8.0089224e-004
  4.7967864e+002  8.0182502e-004  8.0182502e-004  8.0182502e-004
  4.7969096e+002  8.0324993e-004  8.0324993e-004  8.0324993e-004
  4.7970328e+002  8.0504872e-004  8.0504872e-004  8.0504872e-004
  4.7971560e+002  8.0677552e-004  8.0677552e-004  8.0677552e-004
  4.7972792e+002  8.0798739e-004  8.0798739e-004  8.0798739e-004
  4.7974024e+002  8.0870375e-004  8.0870375e-004  8.0870375e-004
  4.7975256e+002  8.0943048e-004  8.0943048e-004  8.0943048e-004
  4.7976488e+002  8.1067709e-004  8.1067709e-004  8.1067709e-004
  4.7977720e+002  8.1245272e-004  8.1245272e-004  8.1245272e-004
  4.7978953e+002  8.1423581e-004  8.1423581e-004  8.1423581e-004
  4.7980185e+002  8.1549879e-004  8.1549879e-004  8.1549879e-004
  4.7981417e+002  8.1622292e-004  8.1622292e-004  8.1622292e-004
  4.7982649e+002  8.1693338e-004  8.1693338e-004  8.1693338e-004
  4.7983881e+002  8.1816263e-004  8.1816263e-004  8.1816263e-004
  4.7985113e+002  8.1993411e-004  8.1993411e-004  8.1993411e-004
  4.7986345e+002  8.2172291e-004  8.2172291e-004  8.2172291e-004
  4.7987577e+002  8.2299582e-004  8.2299582e-004  8.2299582e-004
  4.7988809e+002  8.2372517e-004  8.2372517e-004  8.2372517e-004
  4.7990041e+002  8.2443220e-004  8.2443220e-004  8.2443220e-004
  4.7991274e+002  8.2564745e-004  8.2564745e-004  8.2564745e-004
  4.7992506e+002  8.2740576e-004  8.2740576e-004  8.2740576e-004
  4.7993738e+002  8.2919941e-004  8.2919941e-004  8.2919941e-004
  4.7994970e+002  8.3050993e-004  8.3050993e-004  8.3050993e-004
  4.7996202e+002  8.3128328e-004  8.3128328e-004  8.3128328e-004
  4.7997434e+002  8.3197769e-004  8.3197769e-004  8.3197769e-004
  4.7998666e+002  8.3306514e-004  8.3306514e-004  8.3306514e-004
  4.7999898e+002  8.3466396e-004  8.3466396e-004  8.3466396e-004
  4.8001130e+002  8.3649927e-004  8.3649927e-004  8.3649927e-004
  4.8002362e+002  8.3828263e-004  8.3828263e-004  8.3828263e-004
  4.8003595e+002  8.3992358e-004  8.3992358e-004  8.3992358e-004
  4.8004827e+002  8.4155347e-004  8.4155347e-004  8.4155347e-004
  4.8006059e+002  8.4330885e-004  8.4330885e-004  8.4330885e-004
  4.8007291e+002  8.4513744e-004  8.4513744e-004  8.4513744e-004
  4.8008523e+002  8.4677374e-004  8.4677374e-004  8.4677374e-004
  4.8009755e+002  8.4795127e-004  8.4795127e-004  8.4795127e-004
  4.8010987e+002  8.4871143e-004  8.4871143e-004  8.4871143e-004
  4.8012219e+002  8.4944601e-004  8.4944601e-004  8.4944601e-004
  4.8013451e+002  8.5055581e-004  8.5055581e-004  8.5055581e-004
  4.8014683e+002  8.5214334e-004  8.5214334e-004  8.5214334e-004
  4.8015916e+002  8.5396890e-004  8.5396890e-004  8.5396890e-004
  4.8017148e+002  8.5577877e-004  8.5577877e-004  8.5577877e-004
  4.8018380e+002  8.5746475e-004  8.5746475e-004  8.5746475e-004
  4.8019612e+002  8.5908680e-004  8.5908680e-004  8.5908681e-004
  4.8020844e+002  8.6071303e-004  8.6071303e-004  8.6071303e-004
  4.8022076e+002  8.6237253e-004  8.6237253e-004  8.6237252e-004
  4.8023308e+002  8.6404895e-004  8.6404895e-004  8.6404894e-004
  4.8024540e+002  8.6572371e-004  8.6572371e-004  8.6572372e-004
  4.8025772e+002  8.6738936e-004  8.6738936e-004  8.6738939e-004
  4.8027004e+002  8.6905146e-004  8.6905146e-004  8.6905149e-004
  4.8028237e+002  8.7071614e-004  8.7071614e-004  8.7071610e-004
  4.8029469e+002  8.7238400e-004  8.7238400e-004  8.7238389e-004
  4.8030701e+002  8.7404913e-004  8.7404913e-004  8.7404903e-004
  4.8031933e+002  8.7570555e-004  8.7570555e-004  8.7570568e-004
  4.8033165e+002  8.7735830e-004  8.7735830e-004  8.7735873e-004
  4.8034397e+002  8.7902552e-004  8.7902552e-004  8.7902588e-004
  4.8035629e+002  8.8072495e-004  8.8072495e-004  8.8072448e-004
  4.8036861e+002  8.8243605e-004  8.8243605e-004  8.8243446e-004
  4.8038093e+002  8.8409220e-004  8.8409220e-004  8.8409082e-004
  4.8039325e+002  8.8562828e-004  8.8562828e-004  8.8563003e-004
  4.8040558e+002  8.8712082e-004  8.8712082e-004  8.8712675e-004
  4.8041790e+002  8.8881798e-004  8.8881798e-004  8.8882313e-004
  4.8043022e+002  8.9096977e-004  8.9096977e-004  8.9096328e-004
  4.8044254e+002  8.9353843e-004  8.9353843e-004  8.9351631e-004
  4.8045486e+002  8.9613465e-004  8.9613465e-004  8.9611535e-004
  4.8046718e+002  8.9835626e-004  8.9835626e-004  8.9838028e-004
  4.8047950e+002  9.0009527e-004  9.0009527e-004  9.0017771e-004
  4.8049182e+002  9.0160584e-004  9.0160584e-004  9.0167808e-004
  4.8050414e+002  9.0315938e-004  9.0315938e-004  9.0307047e-004
  4.8051646e+002  9.0484927e-004  9.0484927e-004  9.0454203e-004
  4.8052879e+002  9.0654796e-004  9.0654796e-004  9.0627753e-004
  4.8054111e+002  9.0811924e-004  9.0811924e-004  9.0845499e-004
  4.8055343e+002  9.0960933e-004  9.0960933e-004  9.1101557e-004
  4.8056575e+002  9.1129261e-004  9.1129261e-004  9.1360418e-004
  4.8057807e+002  9.1344916e-004  9.1344916e-004  9.1585377e-004
  4.8059039e+002  9.1604298e-004  9.1604298e-004  9.1764061e-004
  4.8060271e+002  9.1863964e-004  9.1863964e-004  9.1914775e-004
  4.8061503e+002  9.2078949e-004  9.2078949e-004  9.2057686e-004
  4.8062735e+002  9.2242230e-004  9.2242230e-004  9.2209366e-004
  4.8063967e+002  9.2394994e-004  9.2394994e-004  9.2381818e-004
  4.8065200e+002  9.2580823e-004  9.2580823e-004  9.2586490e-004
  4.8066432e+002  9.2816223e-004  9.2816223e-004  9.2825037e-004
  4.8067664e+002  9.3083020e-004  9.3083020e-004  9.3086571e-004
  4.8068896e+002  9.3360800e-004  9.3360800e-004  9.3359290e-004
  4.8070128e+002  9.3630197e-004  9.3630197e-004  9.3627833e-004
  4.8071360e+002  9.3873198e-004  9.3873198e-004  9.3872241e-004
  4.8072592e+002  9.4072459e-004  9.4072459e-004  9.4072862e-004
  4.8073824e+002  9.4233287e-004  9.4233287e-004  9.4233921e-004
  4.8075056e+002  9.4390454e-004  9.4390454e-004  9.4390712e-004
  4.8076288e+002  9.4580135e-004  9.4580135e-004  9.4580027e-004
  4.8077521e+002  9.4815815e-004  9.4815815e-004  9.4815645e-004
  4.8078753e+002  9.5081228e-004  9.5081228e-004  9.5081158e-004
  4.8079985e+002  9.5358079e-004  9.5358079e-004  9.5358108e-004
  4.8081217e+002  9.5627788e-004  9.5627788e-004  9.5627833e-004
  4.8082449e+002  9.5871384e-004  9.5871384e-004  9.5871403e-004
  4.8083681e+002  9.6070450e-004  9.6070450e-004  9.6070442e-004
  4.8084913e+002  9.6230192e-004  9.6230192e-004  9.6230179e-004
  4.8086145e+002  9.6387297e-004  9.6387297e-004  9.6387292e-004
  4.8087377e+002  9.6580013e-004  9.6580013e-004  9.6580015e-004
  4.8088609e+002  9.6820340e-004  9.6820340e-004  9.6820343e-004
  4.8089842e+002  9.7085035e-004  9.7085035e-004  9.7085037e-004
  4.8091074e+002  9.7348705e-004  9.7348705e-004  9.7348705e-004
  4.8092306e+002  9.7599838e-004  9.7599838e-004  9.7599837e-004
  4.8093538e+002  9.7845712e-004  9.7845712e-004  9.7845711e-004
  4.8094770e+002  9.8094780e-004  9.8094780e-004  9.8094780e-004
  4.8096002e+002  9.8348516e-004  9.8348516e-004  9.8348516e-004
  4.8097234e+002  9.8598867e-004  9.8598867e-004  9.8598867e-004
  4.8098466e+002  9.8837414e-004  9.8837414e-004  9.8837414e-004
  4.8099698e+002  9.9069777e-004  9.9069777e-004  9.9069777e-004
  4.8100930e+002  9.9320883e-004  9.9320883e-004  9.9320883e-004
  4.8102163e+002  9.9616469e-004  9.9616469e-004  9.9616469e-004
  4.8103395e+002  9.9955367e-004  9.9955367e-004  9.9955367e-004
  4.8104627e+002  1.0029912e-003  1.0029912e-003  1.0029912e-003
  4.8105859e+002  1.0060712e-003  1.0060712e-003  1.0060712e-003
  4.8107091e+002  1.0086607e-003  1.0086607e-003  1.0086607e-003
  4.8108323e+002  1.0110082e-003  1.0110082e-003  1.0110082e-003
  4.8109555e+002  1.0133872e-003  1.0133872e-003  1.0133872e-003
  4.8110787e+002  1.0159059e-003  1.0159059e-003  1.0159059e-003
  4.8112019e+002  1.0184399e-003  1.0184399e-003  1.0184399e-003
  4.8113251e+002  1.0208510e-003  1.0208510e-003  1.0208510e-003
  4.8114484e+002  1.0231704e-003  1.0231704e-003  1.0231704e-003
  4.8115716e+002  1.0256704e-003  1.0256704e-003  1.0256704e-003
  4.8116948e+002  1.0286352e-003  1.0286352e-003  1.0286352e-003
  4.8118180e+002  1.0320540e-003  1.0320540e-003  1.0320540e-003
  4.8119412e+002  1.0354933e-003  1.0354933e-003  1.0354933e-003
  4.8120644e+002  1.0384941e-003  1.0384941e-003  1.0384941e-003
  4.8121876e+002  1.0409598e-003  1.0409598e-003  1.0409598e-003
  4.8123108e+002  1.0433158e-003  1.0433158e-003  1.0433158e-003
  4.8124340e+002  1.0460226e-003  1.0460226e-003  1.0460226e-003
  4.8125572e+002  1.0492480e-003  1.0492480e-003  1.0492480e-003
  4.8126805e+002  1.0527348e-003  1.0527348e-003  1.0527348e-003
  4.8128037e+002  1.0561954e-003  1.0561954e-003  1.0561954e-003
  4.8129269e+002  1.0595090e-003  1.0595090e-003  1.0595090e-003
  4.8130501e+002  1.0627993e-003  1.0627993e-003  1.0627993e-003
  4.8131733e+002  1.0662061e-003  1.0662061e-003  1.0662061e-003
  4.8132965e+002  1.0697073e-003  1.0697073e-003  1.0697073e-003
  4.8134197e+002  1.0730405e-003  1.0730405e-003  1.0730405e-003
  4.8135429e+002  1.0759295e-003  1.0759295e-003  1.0759295e-003
  4.8136661e+002  1.0783679e-003  1.0783679e-003  1.0783679e-003
  4.8137893e+002  1.0807518e-003  1.0807518e-003  1.0807518e-003
  4.8139126e+002  1.0835047e-003  1.0835047e-003  1.0835047e-003
  4.8140358e+002  1.0867647e-003  1.0867647e-003  1.0867647e-003
  4.8141590e+002  1.0902413e-003  1.0902413e-003  1.0902413e-003
  4.8142822e+002  1.0936127e-003  1.0936127e-003  1.0936127e-003
  4.8144054e+002  1.0968009e-003  1.0968009e-003  1.0968009e-003
  4.8145286e+002  1.1000961e-003  1.1000961e-003  1.1000961e-003
  4.8146518e+002  1.1038148e-003  1.1038148e-003  1.1038148e-003
  4.8147750e+002  1.1080016e-003  1.1080016e-003  1.1080016e-003
  4.8148982e+002  1.1122873e-003  1.1122873e-003  1.1122873e-003
  4.8150214e+002  1.1162714e-003  1.1162714e-003  1.1162714e-003
  4.8151447e+002  1.1197740e-003  1.1197740e-003  1.1197740e-003
  4.8152679e+002  1.1229541e-003  1.1229541e-003  1.1229541e-003
  4.8153911e+002  1.1259999e-003  1.1259999e-003  1.1259999e-003
  4.8155143e+002  1.1291061e-003  1.1291061e-003  1.1291061e-003
  4.8156375e+002  1.1324783e-003  1.1324783e-003  1.1324783e-003
  4.8157607e+002  1.1363186e-003  1.1363186e-003  1.1363186e-003
  4.8158839e+002  1.1405843e-003  1.1405843e-003  1.1405843e-003
  4.8160071e+002  1.1448493e-003  1.1448493e-003  1.1448493e-003
  4.8161303e+002  1.1486600e-003  1.1486600e-003  1.1486600e-003
  4.8162535e+002  1.1519228e-003  1.1519228e-003  1.1519228e-003
  4.8163768e+002  1.1551112e-003  1.1551112e-003  1.1551112e-003
  4.8165000e+002  1.1587424e-003  1.1587424e-003  1.1587424e-003
  4.8166232e+002  1.1629515e-003  1.1629515e-003  1.1629515e-003
  4.8167464e+002  1.1672663e-003  1.1672663e-003  1.1672663e-003
  4.8168696e+002  1.1711664e-003  1.1711664e-003  1.1711664e-003
  4.8169928e+002  1.1744934e-003  1.1744934e-003  1.1744934e-003
  4.8171160e+002  1.1776681e-003  1.1776681e-003  1.1776681e-003
  4.8172392e+002  1.1811596e-003  1.1811596e-003  1.1811596e-003
  4.8173624e+002  1.1851736e-003  1.1851736e-003  1.1851736e-003
  4.8174856e+002  1.1894903e-003  1.1894903e-003  1.1894903e-003
  4.8176089e+002  1.1938528e-003  1.1938528e-003  1.1938528e-003
  4.8177321e+002  1.1980991e-003  1.1980991e-003  1.1980991e-003
  4.8178553e+002  1.2022211e-003  1.2022211e-003  1.2022211e-003
  4.8179785e+002  1.2062264e-003  1.2062264e-003  1.2062264e-003
  4.8181017e+002  1.2102032e-003  1.2102032e-003  1.2102032e-003
  4.8182249e+002  1.2143726e-003  1.2143726e-003  1.2143726e-003
  4.8183481e+002  1.2189647e-003  1.2189647e-003  1.2189647e-003
  4.8184713e+002  1.2239905e-003  1.2239905e-003  1.2239905e-003
  4.8185945e+002  1.2290985e-003  1.2290985e-003  1.2290985e-003
  4.8187177e+002  1.2339058e-003  1.2339058e-003  1.2339058e-003
  4.8188410e+002  1.2382365e-003  1.2382365e-003  1.2382365e-003
  4.8189642e+002  1.2422591e-003  1.2422591e-003  1.2422591e-003
  4.8190874e+002  1.2461748e-003  1.2461748e-003  1.2461748e-003
  4.8192106e+002  1.2501608e-003  1.2501608e-003  1.2501608e-003
  4.8193338e+002  1.2543555e-003  1.2543555e-003  1.2543555e-003
  4.8194570e+002  1.2588917e-003  1.2588917e-003  1.2588917e-003
  4.8195802e+002  1.2637911e-003  1.2637911e-003  1.2637911e-003
  4.8197034e+002  1.2688872e-003  1.2688872e-003  1.2688872e-003
  4.8198266e+002  1.2739962e-003  1.2739962e-003  1.2739962e-003
  4.8199498e+002  1.2790161e-003  1.2790161e-003  1.2790161e-003
  4.8200731e+002  1.2839840e-003  1.2839840e-003  1.2839840e-003
  4.8201963e+002  1.2889504e-003  1.2889504e-003  1.2889504e-003
  4.8203195e+002  1.2939420e-003  1.2939420e-003  1.2939420e-003
  4.8204427e+002  1.2989443e-003  1.2989443e-003  1.2989443e-003
  4.8205659e+002  1.3039392e-003  1.3039392e-003  1.3039392e-003
  4.8206891e+002  1.3089224e-003  1.3089224e-003  1.3089224e-003
  4.8208123e+002  1.3139146e-003  1.3139146e-003  1.3139146e-003
  4.8209355e+002  1.3189385e-003  1.3189385e-003  1.3189385e-003
  4.8210587e+002  1.3239838e-003  1.3239838e-003  1.3239838e-003
  4.8211819e+002  1.3289824e-003  1.3289824e-003  1.3289824e-003
  4.8213052e+002  1.3338622e-003  1.3338622e-003  1.3338622e-003
  4.8214284e+002  1.3386675e-003  1.3386675e-003  1.3386675e-003
  4.8215516e+002  1.3436493e-003  1.3436493e-003  1.3436493e-003
  4.8216748e+002  1.3490768e-003  1.3490768e-003  1.3490768e-003
  4.8217980e+002  1.3549730e-003  1.3549730e-003  1.3549730e-003
  4.8219212e+002  1.3609227e-003  1.3609227e-003  1.3609227e-003
  4.8220444e+002  1.3664693e-003  1.3664693e-003  1.3664693e-003
  4.8221676e+002  1.3714638e-003  1.3714638e-003  1.3714638e-003
  4.8222908e+002  1.3763097e-003  1.3763097e-003  1.3763097e-003
  4.8224140e+002  1.3814653e-003  1.3814653e-003  1.3814653e-003
  4.8225373e+002  1.3871440e-003  1.3871440e-003  1.3871440e-003
  4.8226605e+002  1.3931169e-003  1.3931169e-003  1.3931169e-003
  4.8227837e+002  1.3991096e-003  1.3991096e-003  1.3991096e-003
  4.8229069e+002  1.4049678e-003  1.4049678e-003  1.4049678e-003
  4.8230301e+002  1.4107556e-003  1.4107556e-003  1.4107556e-003
  4.8231533e+002  1.4165597e-003  1.4165597e-003  1.4165597e-003
  4.8232765e+002  1.4224141e-003  1.4224141e-003  1.4224141e-003
  4.8233997e+002  1.4282554e-003  1.4282554e-003  1.4282554e-003
  4.8235229e+002  1.4340108e-003  1.4340108e-003  1.4340108e-003
  4.8236461e+002  1.4396993e-003  1.4396993e-003  1.4396993e-003
  4.8237694e+002  1.4455101e-003  1.4455101e-003  1.4455101e-003
  4.8238926e+002  1.4516497e-003  1.4516497e-003  1.4516497e-003
  4.8240158e+002  1.4581912e-003  1.4581912e-003  1.4581912e-003
  4.8241390e+002  1.4649587e-003  1.4649587e-003  1.4649587e-003
  4.8242622e+002  1.4717499e-003  1.4717499e-003  1.4717499e-003
  4.8243854e+002  1.4784443e-003  1.4784443e-003  1.4784443e-003
  4.8245086e+002  1.4850758e-003  1.4850758e-003  1.4850758e-003
  4.8246318e+002  1.4916950e-003  1.4916950e-003  1.4916950e-003
  4.8247550e+002  1.4983361e-003  1.4983361e-003  1.4983361e-003
  4.8248782e+002  1.5050025e-003  1.5050025e-003  1.5050025e-003
  4.8250015e+002  1.5116941e-003  1.5116941e-003  1.5116941e-003
  4.8251247e+002  1.5183944e-003  1.5183944e-003  1.5183944e-003
  4.8252479e+002  1.5250568e-003  1.5250568e-003  1.5250568e-003
  4.8253711e+002  1.5316314e-003  1.5316314e-003  1.5316314e-003
  4.8254943e+002  1.5381484e-003  1.5381484e-003  1.5381484e-003
  4.8256175e+002  1.5447916e-003  1.5447916e-003  1.5447916e-003
  4.8257407e+002  1.5517614e-003  1.5517614e-003  1.5517614e-003
  4.8258639e+002  1.5591313e-003  1.5591313e-003  1.5591313e-003
  4.8259871e+002  1.5667286e-003  1.5667286e-003  1.5667286e-003
  4.8261103e+002  1.5743524e-003  1.5743524e-003  1.5743524e-003
  4.8262336e+002  1.5818807e-003  1.5818807e-003  1.5818807e-003
  4.8263568e+002  1.5893455e-003  1.5893455e-003  1.5893455e-003
  4.8264800e+002  1.5967966e-003  1.5967966e-003  1.5967966e-003
  4.8266032e+002  1.6042690e-003  1.6042690e-003  1.6042690e-003
  4.8267264e+002  1.6117674e-003  1.6117674e-003  1.6117674e-003
  4.8268496e+002  1.6192930e-003  1.6192930e-003  1.6192930e-003
  4.8269728e+002  1.6268297e-003  1.6268297e-003  1.6268297e-003
  4.8270960e+002  1.6343260e-003  1.6343260e-003  1.6343260e-003
  4.8272192e+002  1.6417270e-003  1.6417270e-003  1.6417270e-003
  4.8273424e+002  1.6490624e-003  1.6490624e-003  1.6490624e-003
  4.8274657e+002  1.6565328e-003  1.6565328e-003  1.6565328e-003
  4.8275889e+002  1.6643577e-003  1.6643577e-003  1.6643577e-003
  4.8277121e+002  1.6726063e-003  1.6726063e-003  1.6726063e-003
  4.8278353e+002  1.6810418e-003  1.6810418e-003  1.6810418e-003
  4.8279585e+002  1.6893914e-003  1.6893914e-003  1.6893914e-003
  4.8280817e+002  1.6975627e-003  1.6975627e-003  1.6975627e-003
  4.8282049e+002  1.7058312e-003  1.7058312e-003  1.7058312e-003
  4.8283281e+002  1.7145160e-003  1.7145160e-003  1.7145160e-003
  4.8284513e+002  1.7237029e-003  1.7237029e-003  1.7237029e-003
  4.8285745e+002  1.7329966e-003  1.7329966e-003  1.7329966e-003
  4.8286978e+002  1.7419438e-003  1.7419438e-003  1.7419438e-003
  4.8288210e+002  1.7503443e-003  1.7503443e-003  1.7503443e-003
  4.8289442e+002  1.7585230e-003  1.7585230e-003  1.7585230e-003
  4.8290674e+002  1.7668699e-003  1.7668699e-003  1.7668699e-003
  4.8291906e+002  1.7756588e-003  1.7756588e-003  1.7756588e-003
  4.8293138e+002  1.7849206e-003  1.7849206e-003  1.7849206e-003
  4.8294370e+002  1.7946545e-003  1.7946545e-003  1.7946545e-003
  4.8295602e+002  1.8047447e-003  1.8047447e-003  1.8047447e-003
  4.8296834e+002  1.8148311e-003  1.8148311e-003  1.8148311e-003
  4.8298066e+002  1.8245241e-003  1.8245241e-003  1.8245241e-003
  4.8299299e+002  1.8336825e-003  1.8336825e-003  1.8336825e-003
  4.8300531e+002  1.8426945e-003  1.8426945e-003  1.8426945e-003
  4.8301763e+002  1.8520152e-003  1.8520152e-003  1.8520152e-003
  4.8302995e+002  1.8618716e-003  1.8618716e-003  1.8618716e-003
  4.8304227e+002  1.8720011e-003  1.8720011e-003  1.8720011e-003
  4.8305459e+002  1.8820783e-003  1.8820783e-003  1.8820783e-003
  4.8306691e+002  1.8919575e-003  1.8919575e-003  1.8919574e-003
  4.8307923e+002  1.9018828e-003  1.9018828e-003  1.9018827e-003
  4.8309155e+002  1.9121483e-003  1.9121483e-003  1.9121484e-003
  4.8310387e+002  1.9228772e-003  1.9228772e-003  1.9228775e-003
  4.8311620e+002  1.9338190e-003  1.9338190e-003  1.9338195e-003
  4.8312852e+002  1.9446750e-003  1.9446750e-003  1.9446748e-003
  4.8314084e+002  1.9553318e-003  1.9553318e-003  1.9553304e-003
  4.8315316e+002  1.9660850e-003  1.9660850e-003  1.9660834e-003
  4.8316548e+002  1.9772837e-003  1.9772837e-003  1.9772845e-003
  4.8317780e+002  1.9890225e-003  1.9890225e-003  1.9890277e-003
  4.8319012e+002  2.0008303e-003  2.0008303e-003  2.0008364e-003
  4.8320244e+002  2.0121614e-003  2.0121614e-003  2.0121585e-003
  4.8321476e+002  2.0228300e-003  2.0228300e-003  2.0228106e-003
  4.8322708e+002  2.0334577e-003  2.0334577e-003  2.0334350e-003
  4.8323941e+002  2.0447743e-003  2.0447743e-003  2.0447847e-003
  4.8325173e+002  2.0571045e-003  2.0571045e-003  2.0571767e-003
  4.8326405e+002  2.0698572e-003  2.0698572e-003  2.0699423e-003
  4.8327637e+002  2.0823170e-003  2.0823170e-003  2.0822791e-003
  4.8328869e+002  2.0940992e-003  2.0940992e-003  2.0938305e-003
  4.8330101e+002  2.1055735e-003  2.1055735e-003  2.1052557e-003
  4.8331333e+002  2.1172136e-003  2.1172136e-003  2.1173533e-003
  4.8332565e+002  2.1293425e-003  2.1293425e-003  2.1304984e-003
  4.8333797e+002  2.1419358e-003  2.1419358e-003  2.1440921e-003
  4.8335029e+002  2.1549207e-003  2.1549207e-003  2.1574003e-003
  4.8336262e+002  2.1681940e-003  2.1681940e-003  2.1700216e-003
  4.8337494e+002  2.1815825e-003  2.1815825e-003  2.1823265e-003
  4.8338726e+002  2.1949036e-003  2.1949036e-003  2.1947936e-003
  4.8339958e+002  2.2080926e-003  2.2080926e-003  2.2077512e-003
  4.8341190e+002  2.2213617e-003  2.2213617e-003  2.2211751e-003
  4.8342422e+002  2.2349618e-003  2.2349618e-003  2.2349908e-003
  4.8343654e+002  2.2490032e-003  2.2490032e-003  2.2490947e-003
  4.8344886e+002  2.2632650e-003  2.2632650e-003  2.2633152e-003
  4.8346118e+002  2.2774789e-003  2.2774789e-003  2.2774712e-003
  4.8347350e+002  2.2915209e-003  2.2915209e-003  2.2914964e-003
  4.8348583e+002  2.3056111e-003  2.3056111e-003  2.3055976e-003
  4.8349815e+002  2.3200188e-003  2.3200188e-003  2.3200208e-003
  4.8351047e+002  2.3348732e-003  2.3348732e-003  2.3348797e-003
  4.8352279e+002  2.3499668e-003  2.3499668e-003  2.3499704e-003
  4.8353511e+002  2.3650432e-003  2.3650432e-003  2.3650426e-003
  4.8354743e+002  2.3799677e-003  2.3799677e-003  2.3799659e-003
  4.8355975e+002  2.3949002e-003  2.3949002e-003  2.3948992e-003
  4.8357207e+002  2.4100442e-003  2.4100442e-003  2.4100443e-003
  4.8358439e+002  2.4255488e-003  2.4255488e-003  2.4255492e-003
  4.8359671e+002  2.4414299e-003  2.4414299e-003  2.4414301e-003
  4.8360904e+002  2.4576835e-003  2.4576835e-003  2.4576835e-003
  4.8362136e+002  2.4742577e-003  2.4742577e-003  2.4742575e-003
  4.8363368e+002  2.4909820e-003  2.4909820e-003  2.4909820e-003
  4.8364600e+002  2.5076688e-003  2.5076688e-003  2.5076688e-003
  4.8365832e+002  2.5242313e-003  2.5242313e-003  2.5242313e-003
  4.8367064e+002  2.5408335e-003  2.5408335e-003  2.5408335e-003
  4.8368296e+002  2.5576778e-003  2.5576778e-003  2.5576778e-003
  4.8369528e+002  2.5748970e-003  2.5748970e-003  2.5748970e-003
  4.8370760e+002  2.5924501e-003  2.5924501e-003  2.5924501e-003
  4.8371992e+002  2.6102694e-003  2.6102694e-003  2.6102694e-003
  4.8373225e+002  2.6283220e-003  2.6283220e-003  2.6283220e-003
  4.8374457e+002  2.6466629e-003  2.6466629e-003  2.6466629e-003
  4.8375689e+002  2.6653607e-003  2.6653607e-003  2.6653607e-003
  4.8376921e+002  2.6844141e-003  2.6844141e-003  2.6844140e-003
  4.8378153e+002  2.7036439e-003  2.7036439e-003  2.7036439e-003
  4.8379385e+002  2.7228437e-003  2.7228437e-003  2.7228437e-003
  4.8380617e+002  2.7419102e-003  2.7419102e-003  2.7419102e-003
  4.8381849e+002  2.7610063e-003  2.7610063e-003  2.7610063e-003
  4.8383081e+002  2.7803371e-003  2.7803371e-003  2.7803371e-003
  4.8384313e+002  2.8000415e-003  2.8000415e-003  2.8000415e-003
  4.8385546e+002  2.8200872e-003  2.8200872e-003  2.8200872e-003
  4.8386778e+002  2.8404147e-003  2.8404147e-003  2.8404147e-003
  4.8388010e+002  2.8609875e-003  2.8609875e-003  2.8609875e-003
  4.8389242e+002  2.8818291e-003  2.8818291e-003  2.8818291e-003
  4.8390474e+002  2.9029725e-003  2.9029725e-003  2.9029725e-003
  4.8391706e+002  2.9244248e-003  2.9244248e-003  2.9244248e-003
  4.8392938e+002  2.9461241e-003  2.9461241e-003  2.9461241e-003
  4.8394170e+002  2.9679974e-003  2.9679974e-003  2.9679974e-003
  4.8395402e+002  2.9900529e-003  2.9900529e-003  2.9900529e-003
  4.8396634e+002  3.0125143e-003  3.0125143e-003  3.0125143e-003
  4.8397867e+002  3.0356406e-003  3.0356406e-003  3.0356406e-003
  4.8399099e+002  3.0595287e-003  3.0595287e-003  3.0595287e-003
  4.8400331e+002  3.0838408e-003  3.0838408e-003  3.0838408e-003
  4.8401563e+002  3.1081673e-003  3.1081673e-003  3.1081673e-003
  4.8402795e+002  3.1322625e-003  3.1322625e-003  3.1322625e-003
  4.8404027e+002  3.1563249e-003  3.1563249e-003  3.1563249e-003
  4.8405259e+002  3.1806268e-003  3.1806268e-003  3.1806268e-003
  4.8406491e+002  3.2053456e-003  3.2053456e-003  3.2053456e-003
  4.8407723e+002  3.2303983e-003  3.2303983e-003  3.2303983e-003
  4.8408955e+002  3.2556580e-003  3.2556580e-003  3.2556580e-003
  4.8410188e+002  3.2810837e-003  3.2810837e-003  3.2810837e-003
  4.8411420e+002  3.3068701e-003  3.3068701e-003  3.3068701e-003
  4.8412652e+002  3.3332524e-003  3.3332524e-003  3.3332524e-003
  4.8413884e+002  3.3603492e-003  3.3603492e-003  3.3603493e-003
  4.8415116e+002  3.3879564e-003  3.3879564e-003  3.3879565e-003
  4.8416348e+002  3.4158143e-003  3.4158143e-003  3.4158143e-003
  4.8417580e+002  3.4437821e-003  3.4437821e-003  3.4437820e-003
  4.8418812e+002  3.4720521e-003  3.4720521e-003  3.4720520e-003
  4.8420044e+002  3.5008745e-003  3.5008745e-003  3.5008746e-003
  4.8421276e+002  3.5303983e-003  3.5303983e-003  3.5303987e-003
  4.8422509e+002  3.5604862e-003  3.5604862e-003  3.5604867e-003
  4.8423741e+002  3.5909510e-003  3.5909510e-003  3.5909508e-003
  4.8424973e+002  3.6216356e-003  3.6216356e-003  3.6216343e-003
  4.8426205e+002  3.6524702e-003  3.6524702e-003  3.6524685e-003
  4.8427437e+002  3.6834002e-003  3.6834002e-003  3.6834006e-003
  4.8428669e+002  3.7144758e-003  3.7144758e-003  3.7144807e-003
  4.8429901e+002  3.7460493e-003  3.7460493e-003  3.7460556e-003
  4.8431133e+002  3.7785261e-003  3.7785261e-003  3.7785246e-003
  4.8432365e+002  3.8121162e-003  3.8121162e-003  3.8120982e-003
  4.8433597e+002  3.8464609e-003  3.8464609e-003  3.8464373e-003
  4.8434830e+002  3.8810992e-003  3.8810992e-003  3.8811045e-003
  4.8436062e+002  3.9157475e-003  3.9157475e-003  3.9158148e-003
  4.8437294e+002  3.9506424e-003  3.9506424e-003  3.9507306e-003
  4.8438526e+002  3.9861149e-003  3.9861149e-003  3.9860956e-003
  4.8439758e+002  4.0223536e-003  4.0223536e-003  4.0221031e-003
  4.8440990e+002  4.0591263e-003  4.0591263e-003  4.0587970e-003
  4.8442222e+002  4.0961237e-003  4.0961237e-003  4.0961937e-003
  4.8443454e+002  4.1331826e-003  4.1331826e-003  4.1342377e-003
  4.8444686e+002  4.1705749e-003  4.1705749e-003  4.1726590e-003
  4.8445918e+002  4.2086534e-003  4.2086534e-003  4.2111479e-003
  4.8447151e+002  4.2476949e-003  4.2476949e-003  4.2496088e-003
  4.8448383e+002  4.2877484e-003  4.2877484e-003  4.2885904e-003
  4.8449615e+002  4.3288200e-003  4.3288200e-003  4.3287610e-003
  4.8450847e+002  4.3708327e-003  4.3708327e-003  4.3704915e-003
  4.8452079e+002  4.4134563e-003  4.4134563e-003  4.4132484e-003
  4.8453311e+002  4.4563128e-003  4.4563128e-003  4.4563281e-003
  4.8454543e+002  4.4991915e-003  4.4991915e-003  4.4992829e-003
  4.8455775e+002  4.5423927e-003  4.5423927e-003  4.5424486e-003
  4.8457007e+002  4.5863143e-003  4.5863143e-003  4.5863104e-003
  4.8458239e+002  4.6312465e-003  4.6312465e-003  4.6312220e-003
  4.8459472e+002  4.6771476e-003  4.6771476e-003  4.6771325e-003
  4.8460704e+002  4.7239120e-003  4.7239120e-003  4.7239130e-003
  4.8461936e+002  4.7714618e-003  4.7714618e-003  4.7714684e-003
  4.8463168e+002  4.8198046e-003  4.8198046e-003  4.8198087e-003
  4.8464400e+002  4.8689646e-003  4.8689646e-003  4.8689643e-003
  4.8465632e+002  4.9189627e-003  4.9189627e-003  4.9189609e-003
  4.8466864e+002  4.9698096e-003  4.9698096e-003  4.9698085e-003
  4.8468096e+002  5.0215140e-003  5.0215140e-003  5.0215141e-003
  4.8469328e+002  5.0740706e-003  5.0740706e-003  5.0740711e-003
  4.8470560e+002  5.1274291e-003  5.1274291e-003  5.1274294e-003
  4.8471793e+002  5.1815304e-003  5.1815304e-003  5.1815304e-003
  4.8473025e+002  5.2363748e-003  5.2363748e-003  5.2363746e-003
  4.8474257e+002  5.2921520e-003  5.2921520e-003  5.2921519e-003
  4.8475489e+002  5.3490898e-003  5.3490898e-003  5.3490898e-003
  4.8476721e+002  5.4073080e-003  5.4073080e-003  5.4073080e-003
  4.8477953e+002  5.4665788e-003  5.4665788e-003  5.4665788e-003
  4.8479185e+002  5.5266046e-003  5.5266046e-003  5.5266046e-003
  4.8480417e+002  5.5872316e-003  5.5872316e-003  5.5872316e-003
  4.8481649e+002  5.6487739e-003  5.6487739e-003  5.6487739e-003
  4.8482881e+002  5.7116409e-003  5.7116409e-003  5.7116409e-003
  4.8484114e+002  5.7761126e-003  5.7761126e-003  5.7761126e-003
  4.8485346e+002  5.8420441e-003  5.8420441e-003  5.8420441e-003
  4.8486578e+002  5.9092036e-003  5.9092036e-003  5.9092036e-003
  4.8487810e+002  5.9773985e-003  5.9773985e-003  5.9773985e-003
  4.8489042e+002  6.0465661e-003  6.0465661e-003  6.0465661e-003
  4.8490274e+002  6.1166705e-003  6.1166705e-003  6.1166705e-003
  4.8491506e+002  6.1877573e-003  6.1877573e-003  6.1877573e-003
  4.8492738e+002  6.2601451e-003  6.2601451e-003  6.2601451e-003
  4.8493970e+002  6.3342094e-003  6.3342094e-003  6.3342094e-003
  4.8495202e+002  6.4101811e-003  6.4101811e-003  6.4101811e-003
  4.8496435e+002  6.4878048e-003  6.4878048e-003  6.4878048e-003
  4.8497667e+002  6.5667223e-003  6.5667223e-003  6.5667223e-003
  4.8498899e+002  6.6467438e-003  6.6467438e-003  6.6467438e-003
  4.8500131e+002  6.7282505e-003  6.7282505e-003  6.7282505e-003
  4.8501363e+002  6.8117453e-003  6.8117453e-003  6.8117453e-003
  4.8502595e+002  6.8975282e-003  6.8975282e-003  6.8975282e-003
  4.8503827e+002  6.9852030e-003  6.9852030e-003  6.9852030e-003
  4.8505059e+002  7.0742239e-003  7.0742239e-003  7.0742239e-003
  4.8506291e+002  7.1642596e-003  7.1642596e-003  7.1642596e-003
  4.8507523e+002  7.2557216e-003  7.2557216e-003  7.2557216e-003
  4.8508756e+002  7.3491818e-003  7.3491818e-003  7.3491818e-003
  4.8509988e+002  7.4450883e-003  7.4450883e-003  7.4450883e-003
  4.8511220e+002  7.5434547e-003  7.5434547e-003  7.5434547e-003
  4.8512452e+002  7.6442001e-003  7.6442001e-003  7.6442001e-003
  4.8513684e+002  7.7472120e-003  7.7472120e-003  7.7472120e-003
  4.8514916e+002  7.8522668e-003  7.8522668e-003  7.8522668e-003
  4.8516148e+002  7.9591163e-003  7.9591163e-003  7.9591163e-003
  4.8517380e+002  8.0676560e-003  8.0676560e-003  8.0676560e-003
  4.8518612e+002  8.1782918e-003  8.1782918e-003  8.1782918e-003
  4.8519844e+002  8.2915433e-003  8.2915433e-003  8.2915433e-003
  4.8521077e+002  8.4078025e-003  8.4078025e-003  8.4078025e-003
  4.8522309e+002  8.5270037e-003  8.5270037e-003  8.5270037e-003
  4.8523541e+002  8.6489787e-003  8.6489787e-003  8.6489787e-003
  4.8524773e+002  8.7736182e-003  8.7736182e-003  8.7736182e-003
  4.8526005e+002  8.9010276e-003  8.9010276e-003  8.9010276e-003
  4.8527237e+002  9.0313608e-003  9.0313608e-003  9.0313608e-003
  4.8528469e+002  9.1647632e-003  9.1647632e-003  9.1647632e-003
  4.8529701e+002  9.3013484e-003  9.3013484e-003  9.3013484e-003
  4.8530933e+002  9.4412230e-003  9.4412230e-003  9.4412230e-003
  4.8532165e+002  9.5844695e-003  9.5844695e-003  9.5844695e-003
  4.8533398e+002  9.7310822e-003  9.7310822e-003  9.7310822e-003
  4.8534630e+002  9.8810351e-003  9.8810351e-003  9.8810351e-003
  4.8535862e+002  1.0034405e-002  1.0034405e-002  1.0034405e-002
  4.8537094e+002  1.0191655e-002  1.0191655e-002  1.0191655e-002
  4.8538326e+002  1.0353337e-002  1.0353337e-002  1.0353337e-002
  4.8539558e+002  1.0519811e-002  1.0519811e-002  1.0519811e-002
  4.8540790e+002  1.0690726e-002  1.0690726e-002  1.0690727e-002
  4.8542022e+002  1.0865565e-002  1.0865565e-002  1.0865565e-002
  4.8543254e+002  1.1044069e-002  1.1044069e-002  1.1044068e-002
  4.8544486e+002  1.1226974e-002  1.1226974e-002  1.1226972e-002
  4.8545719e+002  1.1415249e-002  1.1415249e-002  1.1415249e-002
  4.8546951e+002  1.1609591e-002  1.1609591e-002  1.1609595e-002
  4.8548183e+002  1.1809659e-002  1.1809659e-002  1.1809665e-002
  4.8549415e+002  1.2014864e-002  1.2014864e-002  1.2014864e-002
  4.8550647e+002  1.2224861e-002  1.2224861e-002  1.2224845e-002
  4.8551879e+002  1.2440259e-002  1.2440259e-002  1.2440235e-002
  4.8553111e+002  1.2661891e-002  1.2661891e-002  1.2661891e-002
  4.8554343e+002  1.2890453e-002  1.2890453e-002  1.2890514e-002
  4.8555575e+002  1.3126096e-002  1.3126096e-002  1.3126184e-002
  4.8556807e+002  1.3368835e-002  1.3368835e-002  1.3368834e-002
  4.8558040e+002  1.3618720e-002  1.3618720e-002  1.3618495e-002
  4.8559272e+002  1.3875925e-002  1.3875925e-002  1.3875594e-002
  4.8560504e+002  1.4140654e-002  1.4140654e-002  1.4140656e-002
  4.8561736e+002  1.4413218e-002  1.4413218e-002  1.4414150e-002
  4.8562968e+002  1.4694337e-002  1.4694337e-002  1.4696315e-002
  4.8564200e+002  1.4984839e-002  1.4984839e-002  1.4987339e-002
  4.8565432e+002  1.5285379e-002  1.5285379e-002  1.5287440e-002
  4.8566664e+002  1.5595944e-002  1.5595944e-002  1.5596980e-002
  4.8567896e+002  1.5916352e-002  1.5916352e-002  1.5916354e-002
  4.8569128e+002  1.6246619e-002  1.6246619e-002  1.6246058e-002
  4.8570361e+002  1.6587553e-002  1.6587553e-002  1.6586992e-002
  4.8571593e+002  1.6940163e-002  1.6940163e-002  1.6940158e-002
  4.8572825e+002  1.7305386e-002  1.7305386e-002  1.7306397e-002
  4.8574057e+002  1.7683875e-002  1.7683875e-002  1.7685904e-002
  4.8575289e+002  1.8076206e-002  1.8076206e-002  1.8078706e-002
  4.8576521e+002  1.8482954e-002  1.8482954e-002  1.8485005e-002
  4.8577753e+002  1.8904681e-002  1.8904681e-002  1.8905719e-002
  4.8578985e+002  1.9341943e-002  1.9341943e-002  1.9341953e-002
  4.8580217e+002  1.9795380e-002  1.9795380e-002  1.9794808e-002
  4.8581449e+002  2.0265974e-002  2.0265974e-002  2.0265384e-002
  4.8582682e+002  2.0754793e-002  2.0754793e-002  2.0754779e-002
  4.8583914e+002  2.1262936e-002  2.1262936e-002  2.1264013e-002
  4.8585146e+002  2.1791630e-002  2.1791630e-002  2.1793767e-002
  4.8586378e+002  2.2342133e-002  2.2342133e-002  2.2344636e-002
  4.8587610e+002  2.2915678e-002  2.2915678e-002  2.2917446e-002
  4.8588842e+002  2.3513390e-002  2.3513390e-002  2.3514002e-002
  4.8590074e+002  2.4136365e-002  2.4136365e-002  2.4136365e-002
  4.8591306e+002  2.4785858e-002  2.4785858e-002  2.4786454e-002
  4.8592538e+002  2.5463800e-002  2.5463800e-002  2.5465557e-002
  4.8593770e+002  2.6172304e-002  2.6172304e-002  2.6174799e-002
  4.8595003e+002  2.6913391e-002  2.6913391e-002  2.6915486e-002
  4.8596235e+002  2.7688699e-002  2.7688699e-002  2.7689711e-002
  4.8597467e+002  2.8499762e-002  2.8499762e-002  2.8499780e-002
  4.8598699e+002  2.9348312e-002  2.9348312e-002  2.9348013e-002
  4.8599931e+002  3.0236947e-002  3.0236947e-002  3.0236786e-002
  4.8601163e+002  3.1168496e-002  3.1168496e-002  3.1168496e-002
  4.8602395e+002  3.2145764e-002  3.2145764e-002  3.2145639e-002
  4.8603627e+002  3.3171435e-002  3.3171435e-002  3.3171163e-002
  4.8604859e+002  3.4248162e-002  3.4248162e-002  3.4248142e-002
  4.8606091e+002  3.5378759e-002  3.5378759e-002  3.5379642e-002
  4.8607324e+002  3.6566759e-002  3.6566759e-002  3.6568710e-002
  4.8608556e+002  3.7815890e-002  3.7815890e-002  3.7818389e-002
  4.8609788e+002  3.9129845e-002  3.9129845e-002  3.9131884e-002
  4.8611020e+002  4.0512147e-002  4.0512147e-002  4.0513139e-002
  4.8612252e+002  4.1966275e-002  4.1966275e-002  4.1966302e-002
  4.8613484e+002  4.3495860e-002  4.3495860e-002  4.3495527e-002
  4.8614716e+002  4.5105223e-002  4.5105223e-002  4.5104989e-002
  4.8615948e+002  4.6798877e-002  4.6798877e-002  4.6798870e-002
  4.8617180e+002  4.8581335e-002  4.8581335e-002  4.8581413e-002
  4.8618412e+002  5.0457097e-002  5.0457097e-002  5.0457142e-002
  4.8619645e+002  5.2430661e-002  5.2430661e-002  5.2430662e-002
  4.8620877e+002  5.4506544e-002  5.4506544e-002  5.4506566e-002
  4.8622109e+002  5.6689357e-002  5.6689357e-002  5.6689411e-002
  4.8623341e+002  5.8983735e-002  5.8983735e-002  5.8983741e-002
  4.8624573e+002  6.1394238e-002  6.1394238e-002  6.1394072e-002
  4.8625805e+002  6.3925066e-002  6.3925066e-002  6.3924801e-002
  4.8627037e+002  6.6580315e-002  6.6580315e-002  6.6580289e-002
  4.8628269e+002  6.9364055e-002  6.9364055e-002  6.9364773e-002
  4.8629501e+002  7.2280225e-002  7.2280225e-002  7.2281913e-002
  4.8630733e+002  7.5332727e-002  7.5332727e-002  7.5335198e-002
  4.8631966e+002  7.8525182e-002  7.8525182e-002  7.8527934e-002
  4.8633198e+002  8.1859875e-002  8.1859875e-002  8.1862548e-002
  4.8634430e+002  8.5338702e-002  8.5338702e-002  8.5341208e-002
  4.8635662e+002  8.8963390e-002  8.8963390e-002  8.8965862e-002
  4.8636894e+002  9.2734879e-002  9.2734879e-002  9.2737395e-002
  4.8638126e+002  9.6653871e-002  9.6653871e-002  9.6656376e-002
  4.8639358e+002  1.0072071e-001  1.0072071e-001  1.0072307e-001
  4.8640590e+002  1.0493396e-001  1.0493396e-001  1.0493623e-001
  4.8641822e+002  1.0929171e-001  1.0929171e-001  1.0929418e-001
  4.8643054e+002  1.1379164e-001  1.1379164e-001  1.1379480e-001
  4.8644287e+002  1.1842970e-001  1.1842970e-001  1.1843381e-001
  4.8645519e+002  1.2320133e-001  1.2320133e-001  1.2320629e-001
  4.8646751e+002  1.2810157e-001  1.2810157e-001  1.2810699e-001
  4.8647983e+002  1.3312352e-001  1.3312352e-001  1.3312896e-001
  4.8649215e+002  1.3825973e-001  1.3825973e-001  1.3826477e-001
  4.8650447e+002  1.4350232e-001  1.4350232e-001  1.4350659e-001
  4.8651679e+002  1.4884148e-001  1.4884148e-001  1.4884483e-001
  4.8652911e+002  1.5426677e-001  1.5426677e-001  1.5426932e-001
  4.8654143e+002  1.5976745e-001  1.5976745e-001  1.5976954e-001
  4.8655375e+002  1.6533116e-001  1.6533116e-001  1.6533321e-001
  4.8656608e+002  1.7094503e-001  1.7094503e-001  1.7094748e-001
  4.8657840e+002  1.7659605e-001  1.7659605e-001  1.7659931e-001
  4.8659072e+002  1.8227044e-001  1.8227044e-001  1.8227465e-001
  4.8660304e+002  1.8795421e-001  1.8795421e-001  1.8795917e-001
  4.8661536e+002  1.9363317e-001  1.9363317e-001  1.9363841e-001
  4.8662768e+002  1.9929229e-001  1.9929229e-001  1.9929747e-001
  4.8664000e+002  2.0491629e-001  2.0491629e-001  2.0492130e-001
  4.8665232e+002  2.1048997e-001  2.1048997e-001  2.1049491e-001
  4.8666464e+002  2.1599863e-001  2.1599863e-001  2.1600358e-001
  4.8667696e+002  2.2142770e-001  2.2142770e-001  2.2143270e-001
  4.8668929e+002  2.2676285e-001  2.2676285e-001  2.2676787e-001
  4.8670161e+002  2.3199083e-001  2.3199083e-001  2.3199583e-001
  4.8671393e+002  2.3709872e-001  2.3709872e-001  2.3710372e-001
  4.8672625e+002  2.4207389e-001  2.4207389e-001  2.4207890e-001
  4.8673857e+002  2.4690508e-001  2.4690508e-001  2.4691010e-001
  4.8675089e+002  2.5158146e-001  2.5158146e-001  2.5158647e-001
  4.8676321e+002  2.5609264e-001  2.5609264e-001  2.5609758e-001
  4.8677553e+002  2.6043038e-001  2.6043038e-001  2.6043529e-001
  4.8678785e+002  2.6458716e-001  2.6458716e-001  2.6459214e-001
  4.8680017e+002  2.6855582e-001  2.6855582e-001  2.6856103e-001
  4.8681250e+002  2.7233120e-001  2.7233120e-001  2.7233656e-001
  4.8682482e+002  2.7590881e-001  2.7590881e-001  2.7591388e-001
  4.8683714e+002  2.7928444e-001  2.7928444e-001  2.7928855e-001
  4.8684946e+002  2.8245540e-001  2.8245540e-001  2.8245841e-001
  4.8686178e+002  2.8541953e-001  2.8541953e-001  2.8542202e-001
  4.8687410e+002  2.8817505e-001  2.8817505e-001  2.8817813e-001
  4.8688642e+002  2.9072224e-001  2.9072224e-001  2.9072645e-001
  4.8689874e+002  2.9306207e-001  2.9306207e-001  2.9306705e-001
  4.8691106e+002  2.9519558e-001  2.9519558e-001  2.9520024e-001
  4.8692338e+002  2.9712424e-001  2.9712424e-001  2.9712785e-001
  4.8693571e+002  2.9884967e-001  2.9884967e-001  2.9885225e-001
  4.8694803e+002  3.0037365e-001  3.0037365e-001  3.0037581e-001
  4.8696035e+002  3.0169895e-001  3.0169895e-001  3.0170120e-001
  4.8697267e+002  3.0282869e-001  3.0282869e-001  3.0283117e-001
  4.8698499e+002  3.0376597e-001  3.0376597e-001  3.0376852e-001
  4.8699731e+002  3.0451392e-001  3.0451392e-001  3.0451642e-001
  4.8700963e+002  3.0507566e-001  3.0507566e-001  3.0507815e-001
  4.8702195e+002  3.0545433e-001  3.0545433e-001  3.0545696e-001
  4.8703427e+002  3.0565312e-001  3.0565312e-001  3.0565587e-001
  4.8704659e+002  3.0567527e-001  3.0567527e-001  3.0567782e-001
  4.8705892e+002  3.0552394e-001  3.0552394e-001  3.0552579e-001
  4.8707124e+002  3.0520205e-001  3.0520205e-001  3.0520293e-001
  4.8708356e+002  3.0471241e-001  3.0471241e-001  3.0471248e-001
  4.8709588e+002  3.0405788e-001  3.0405788e-001  3.0405762e-001
  4.8710820e+002  3.0324161e-001  3.0324161e-001  3.0324141e-001
  4.8712052e+002  3.0226684e-001  3.0226684e-001  3.0226683e-001
  4.8713284e+002  3.0113681e-001  3.0113681e-001  3.0113688e-001
  4.8714516e+002  2.9985459e-001  2.9985459e-001  2.9985463e-001
  4.8715748e+002  2.9842319e-001  2.9842319e-001  2.9842320e-001
  4.8716980e+002  2.9684571e-001  2.9684571e-001  2.9684571e-001
  4.8718213e+002  2.9512551e-001  2.9512551e-001  2.9512552e-001
  4.8719445e+002  2.9326608e-001  2.9326608e-001  2.9326609e-001
  4.8720677e+002  2.9127091e-001  2.9127091e-001  2.9127085e-001
  4.8721909e+002  2.8914351e-001  2.8914351e-001  2.8914342e-001
  4.8723141e+002  2.8688744e-001  2.8688744e-001  2.8688742e-001
  4.8724373e+002  2.8450627e-001  2.8450627e-001  2.8450648e-001
  4.8725605e+002  2.8200387e-001  2.8200387e-001  2.8200423e-001
  4.8726837e+002  2.7938420e-001  2.7938420e-001  2.7938429e-001
  4.8728069e+002  2.7665116e-001  2.7665116e-001  2.7665030e-001
  4.8729301e+002  2.7380821e-001  2.7380821e-001  2.7380624e-001
  4.8730534e+002  2.7085867e-001  2.7085867e-001  2.7085616e-001
  4.8731766e+002  2.6780591e-001  2.6780591e-001  2.6780399e-001
  4.8732998e+002  2.6465364e-001  2.6465364e-001  2.6465287e-001
  4.8734230e+002  2.6140567e-001  2.6140567e-001  2.6140565e-001
  4.8735462e+002  2.5806574e-001  2.5806574e-001  2.5806529e-001
  4.8736694e+002  2.5463705e-001  2.5463705e-001  2.5463546e-001
  4.8737926e+002  2.5112258e-001  2.5112258e-001  2.5112012e-001
  4.8739158e+002  2.4752531e-001  2.4752531e-001  2.4752306e-001
  4.8740390e+002  2.4384830e-001  2.4384830e-001  2.4384706e-001
  4.8741622e+002  2.4009463e-001  2.4009463e-001  2.4009450e-001
  4.8742855e+002  2.3626736e-001  2.3626736e-001  2.3626786e-001
  4.8744087e+002  2.3236950e-001  2.3236950e-001  2.3237005e-001
  4.8745319e+002  2.2840407e-001  2.2840407e-001  2.2840417e-001
  4.8746551e+002  2.2437408e-001  2.2437408e-001  2.2437336e-001
  4.8747783e+002  2.2028269e-001  2.2028269e-001  2.2028102e-001
  4.8749015e+002  2.1613307e-001  2.1613307e-001  2.1613065e-001
  4.8750247e+002  2.1192854e-001  2.1192854e-001  2.1192581e-001
  4.8751479e+002  2.0767300e-001  2.0767300e-001  2.0767031e-001
  4.8752711e+002  2.0337061e-001  2.0337061e-001  2.0336809e-001
  4.8753943e+002  1.9902559e-001  1.9902559e-001  1.9902315e-001
  4.8755176e+002  1.9464236e-001  1.9464236e-001  1.9463990e-001
  4.8756408e+002  1.9022544e-001  1.9022544e-001  1.9022294e-001
  4.8757640e+002  1.8577950e-001  1.8577950e-001  1.8577699e-001
  4.8758872e+002  1.8131017e-001  1.8131017e-001  1.8130766e-001
  4.8760104e+002  1.7682342e-001  1.7682342e-001  1.7682092e-001
  4.8761336e+002  1.7232530e-001  1.7232530e-001  1.7232279e-001
  4.8762568e+002  1.6782209e-001  1.6782209e-001  1.6781958e-001
  4.8763800e+002  1.6332022e-001  1.6332022e-001  1.6331772e-001
  4.8765032e+002  1.5882616e-001  1.5882616e-001  1.5882370e-001
  4.8766264e+002  1.5434687e-001  1.5434687e-001  1.5434443e-001
  4.8767497e+002  1.4988949e-001  1.4988949e-001  1.4988701e-001
  4.8768729e+002  1.4546112e-001  1.4546112e-001  1.4545848e-001
  4.8769961e+002  1.4106846e-001  1.4106846e-001  1.4106571e-001
  4.8771193e+002  1.3671803e-001  1.3671803e-001  1.3671545e-001
  4.8772425e+002  1.3241637e-001  1.3241637e-001  1.3241445e-001
  4.8773657e+002  1.2817008e-001  1.2817008e-001  1.2816908e-001
  4.8774889e+002  1.2398573e-001  1.2398573e-001  1.2398561e-001
  4.8776121e+002  1.1986980e-001  1.1986980e-001  1.1987019e-001
  4.8777353e+002  1.1582793e-001  1.1582793e-001  1.1582839e-001
  4.8778585e+002  1.1186545e-001  1.1186545e-001  1.1186556e-001
  4.8779818e+002  1.0798752e-001  1.0798752e-001  1.0798688e-001
  4.8781050e+002  1.0419828e-001  1.0419828e-001  1.0419673e-001
  4.8782282e+002  1.0050149e-001  1.0050149e-001  1.0049911e-001
  4.8783514e+002  9.6900760e-002  9.6900760e-002  9.6897878e-002
  4.8784746e+002  9.3398883e-002  9.3398883e-002  9.3395919e-002
  4.8785978e+002  8.9998298e-002  8.9998298e-002  8.9995687e-002
  4.8787210e+002  8.6701301e-002  8.6701301e-002  8.6699464e-002
  4.8788442e+002  8.3509216e-002  8.3509216e-002  8.3508330e-002
  4.8789674e+002  8.0422952e-002  8.0422952e-002  8.0422853e-002
  4.8790906e+002  7.7443287e-002  7.7443287e-002  7.7443522e-002
  4.8792139e+002  7.4570082e-002  7.4570082e-002  7.4570279e-002
  4.8793371e+002  7.1802807e-002  7.1802807e-002  7.1802833e-002
  4.8794603e+002  6.9140837e-002  6.9140837e-002  6.9140774e-002
  4.8795835e+002  6.6582903e-002  6.6582903e-002  6.6582851e-002
  4.8797067e+002  6.4127457e-002  6.4127457e-002  6.4127450e-002
  4.8798299e+002  6.1772847e-002  6.1772847e-002  6.1772863e-002
  4.8799531e+002  5.9516704e-002  5.9516704e-002  5.9516716e-002
  4.8800763e+002  5.7356343e-002  5.7356343e-002  5.7356344e-002
  4.8801995e+002  5.5289081e-002  5.5289081e-002  5.5289080e-002
  4.8803227e+002  5.3312247e-002  5.3312247e-002  5.3312250e-002
  4.8804460e+002  5.1423178e-002  5.1423178e-002  5.1423179e-002
  4.8805692e+002  4.9619154e-002  4.9619154e-002  4.9619142e-002
  4.8806924e+002  4.7897075e-002  4.7897075e-002  4.7897051e-002
  4.8808156e+002  4.6253669e-002  4.6253669e-002  4.6253660e-002
  4.8809388e+002  4.4685680e-002  4.4685680e-002  4.4685728e-002
  4.8810620e+002  4.3189976e-002  4.3189976e-002  4.3190067e-002
  4.8811852e+002  4.1763477e-002  4.1763477e-002  4.1763509e-002
  4.8813084e+002  4.0403091e-002  4.0403091e-002  4.0402910e-002
  4.8814316e+002  3.9105620e-002  3.9105620e-002  3.9105279e-002
  4.8815548e+002  3.7867817e-002  3.7867817e-002  3.7867696e-002
  4.8816781e+002  3.6686522e-002  3.6686522e-002  3.6687243e-002
  4.8818013e+002  3.5559226e-002  3.5559226e-002  3.5561031e-002
  4.8819245e+002  3.4483713e-002  3.4483713e-002  3.4486187e-002
  4.8820477e+002  3.3457714e-002  3.3457714e-002  3.3459890e-002
  4.8821709e+002  3.2478564e-002  3.2478564e-002  3.2479750e-002
  4.8822941e+002  3.1543412e-002  3.1543412e-002  3.1543571e-002
  4.8824173e+002  3.0649486e-002  3.0649486e-002  3.0649157e-002
  4.8825405e+002  2.9794616e-002  2.9794616e-002  2.9794317e-002
  4.8826637e+002  2.8976909e-002  2.8976909e-002  2.8976857e-002
  4.8827869e+002  2.8194486e-002  2.8194486e-002  2.8194622e-002
  4.8829102e+002  2.7445539e-002  2.7445539e-002  2.7445710e-002
  4.8830334e+002  2.6728297e-002  2.6728297e-002  2.6728345e-002
  4.8831566e+002  2.6041006e-002  2.6041006e-002  2.6040792e-002
  4.8832798e+002  2.5382053e-002  2.5382053e-002  2.5381668e-002
  4.8834030e+002  2.4749890e-002  2.4749890e-002  2.4749749e-002
  4.8835262e+002  2.4143022e-002  2.4143022e-002  2.4143781e-002
  4.8836494e+002  2.3560354e-002  2.3560354e-002  2.3562243e-002
  4.8837726e+002  2.3000985e-002  2.3000985e-002  2.3003492e-002
  4.8838958e+002  2.2463965e-002  2.2463965e-002  2.2465970e-002
  4.8840190e+002  2.1947980e-002  2.1947980e-002  2.1948833e-002
  4.8841422e+002  2.1451538e-002  2.1451538e-002  2.1451574e-002
  4.8842655e+002  2.0973237e-002  2.0973237e-002  2.0973627e-002
  4.8843887e+002  2.0512397e-002  2.0512397e-002  2.0513914e-002
  4.8845119e+002  2.0068686e-002  2.0068686e-002  2.0071113e-002
  4.8846351e+002  1.9641718e-002  1.9641718e-002  1.9643977e-002
  4.8847583e+002  1.9230650e-002  1.9230650e-002  1.9231902e-002
  4.8848815e+002  1.8834420e-002  1.8834420e-002  1.8834596e-002
  4.8850047e+002  1.8452013e-002  1.8452013e-002  1.8451727e-002
  4.8851279e+002  1.8082830e-002  1.8082830e-002  1.8082625e-002
  4.8852511e+002  1.7726471e-002  1.7726471e-002  1.7726457e-002
  4.8853744e+002  1.7382518e-002  1.7382518e-002  1.7382433e-002
  4.8854976e+002  1.7050386e-002  1.7050386e-002  1.7050125e-002
  4.8856208e+002  1.6729406e-002  1.6729406e-002  1.6729281e-002
  4.8857440e+002  1.6418939e-002  1.6418939e-002  1.6419603e-002
  4.8858672e+002  1.6118607e-002  1.6118607e-002  1.6120364e-002
  4.8859904e+002  1.5828162e-002  1.5828162e-002  1.5830626e-002
  4.8861136e+002  1.5547333e-002  1.5547333e-002  1.5549527e-002
  4.8862368e+002  1.5275661e-002  1.5275661e-002  1.5276865e-002
  4.8863600e+002  1.5012591e-002  1.5012591e-002  1.5012769e-002
  4.8864832e+002  1.4757587e-002  1.4757587e-002  1.4757309e-002
  4.8866065e+002  1.4510267e-002  1.4510267e-002  1.4510052e-002
  4.8867297e+002  1.4270332e-002  1.4270332e-002  1.4270309e-002
  4.8868529e+002  1.4037468e-002  1.4037468e-002  1.4037429e-002
  4.8869761e+002  1.3811268e-002  1.3811268e-002  1.3811100e-002
  4.8870993e+002  1.3591275e-002  1.3591275e-002  1.3591185e-002
  4.8872225e+002  1.3377056e-002  1.3377056e-002  1.3377528e-002
  4.8873457e+002  1.3168411e-002  1.3168411e-002  1.3169795e-002
  4.8874689e+002  1.2965252e-002  1.2965252e-002  1.2967558e-002
  4.8875921e+002  1.2767479e-002  1.2767479e-002  1.2770395e-002
  4.8877153e+002  1.2574854e-002  1.2574854e-002  1.2577916e-002
  4.8878386e+002  1.2387064e-002  1.2387064e-002  1.2389751e-002
  4.8879618e+002  1.2203797e-002  1.2203797e-002  1.2205572e-002
  4.8880850e+002  1.2024728e-002  1.2024728e-002  1.2025428e-002
  4.8882082e+002  1.1849530e-002  1.1849530e-002  1.1849565e-002
  4.8883314e+002  1.1677896e-002  1.1677896e-002  1.1678172e-002
  4.8884546e+002  1.1509693e-002  1.1509693e-002  1.1510908e-002
  4.8885778e+002  1.1344883e-002  1.1344883e-002  1.1347158e-002
  4.8887010e+002  1.1183424e-002  1.1183424e-002  1.1186344e-002
  4.8888242e+002  1.1025255e-002  1.1025255e-002  1.1028275e-002
  4.8889474e+002  1.0870303e-002  1.0870303e-002  1.0872964e-002
  4.8890706e+002  1.0718487e-002  1.0718487e-002  1.0720424e-002
  4.8891939e+002  1.0569630e-002  1.0569630e-002  1.0570666e-002
  4.8893171e+002  1.0423507e-002  1.0423507e-002  1.0423696e-002
  4.8894403e+002  1.0279901e-002  1.0279901e-002  1.0279517e-002
  4.8895635e+002  1.0138646e-002  1.0138646e-002  1.0138104e-002
  4.8896867e+002  9.9996078e-003  9.9996078e-003  9.9994146e-003
  4.8898099e+002  9.8626732e-003  9.8626732e-003  9.8633827e-003
  4.8899331e+002  9.7279383e-003  9.7279383e-003  9.7297338e-003
  4.8900563e+002  9.5956117e-003  9.5956117e-003  9.5980792e-003
  4.8901795e+002  9.4658804e-003  9.4658804e-003  9.4680856e-003
  4.8903028e+002  9.3387137e-003  9.3387137e-003  9.3399523e-003
  4.8904260e+002  9.2139617e-003  9.2139617e-003  9.2141708e-003
  4.8905492e+002  9.0914727e-003  9.0914727e-003  9.0911742e-003
  4.8906724e+002  8.9710902e-003  8.9710902e-003  8.9708093e-003
  4.8907956e+002  8.8526552e-003  8.8526552e-003  8.8525991e-003
  4.8909188e+002  8.7360332e-003  8.7360332e-003  8.7361128e-003
  4.8910420e+002  8.6213249e-003  8.6213249e-003  8.6214000e-003
  4.8911652e+002  8.5087626e-003  8.5087626e-003  8.5087776e-003
  4.8912884e+002  8.3985517e-003  8.3985517e-003  8.3985310e-003
  4.8914116e+002  8.2906256e-003  8.2906256e-003  8.2906068e-003
  4.8915349e+002  8.1847650e-003  8.1847650e-003  8.1847615e-003
  4.8916581e+002  8.0807678e-003  8.0807678e-003  8.0807711e-003
  4.8917813e+002  7.9786225e-003  7.9786225e-003  7.9786229e-003
  4.8919045e+002  7.8784255e-003  7.8784255e-003  7.8784242e-003
  4.8920277e+002  7.7802583e-003  7.7802583e-003  7.7802658e-003
  4.8921509e+002  7.6840437e-003  7.6840437e-003  7.6840612e-003
  4.8922741e+002  7.5896138e-003  7.5896138e-003  7.5896227e-003
  4.8923973e+002  7.4968112e-003  7.4968112e-003  7.4967781e-003
  4.8925205e+002  7.4055933e-003  7.4055933e-003  7.4055229e-003
  4.8926437e+002  7.3159834e-003  7.3159834e-003  7.3159489e-003
  4.8927670e+002  7.2280086e-003  7.2280086e-003  7.2281330e-003
  4.8928902e+002  7.1417242e-003  7.1417242e-003  7.1419882e-003
  4.8930134e+002  7.0572020e-003  7.0572020e-003  7.0573323e-003
  4.8931366e+002  6.9744920e-003  6.9744920e-003  6.9739973e-003
  4.8932598e+002  6.8934164e-003  6.8934164e-003  6.8919753e-003
  4.8933830e+002  6.8136647e-003  6.8136647e-003  6.8113521e-003
  4.8935062e+002  6.7349462e-003  6.7349462e-003  6.7322000e-003
  4.8936294e+002  6.6571959e-003  6.6571959e-003  6.6544437e-003
  4.8937526e+002  6.5804817e-003  6.5804817e-003  6.5779204e-003
  4.8938758e+002  6.5048714e-003  6.5048714e-003  6.5024763e-003
  4.8939990e+002  6.4304113e-003  6.4304113e-003  6.4280627e-003
  4.8941223e+002  6.3571349e-003  6.3571349e-003  6.3546939e-003
  4.8942455e+002  6.2850624e-003  6.2850624e-003  6.2823896e-003
  4.8943687e+002  6.2140750e-003  6.2140750e-003  6.2112222e-003
  4.8944919e+002  6.1439708e-003  6.1439708e-003  6.1412956e-003
  4.8946151e+002  6.0745701e-003  6.0745701e-003  6.0726846e-003
  4.8947383e+002  6.0059444e-003  6.0059444e-003  6.0051499e-003
  4.8948615e+002  5.9383170e-003  5.9383170e-003  5.9382619e-003
  4.8949847e+002  5.8718933e-003  5.8718933e-003  5.8716401e-003
  4.8951079e+002  5.8066623e-003  5.8066623e-003  5.8054579e-003
  4.8952312e+002  5.7424812e-003  5.7424812e-003  5.7402269e-003
  4.8953544e+002  5.6792021e-003  5.6792021e-003  5.6764077e-003
  4.8954776e+002  5.6166450e-003  5.6166450e-003  5.6138535e-003
  4.8956008e+002  5.5546101e-003  5.5546101e-003  5.5520443e-003
  4.8957240e+002  5.4929287e-003  5.4929287e-003  5.4905076e-003
  4.8958472e+002  5.4317756e-003  5.4317756e-003  5.4293543e-003
  4.8959704e+002  5.3715389e-003  5.3715389e-003  5.3690570e-003
  4.8960936e+002  5.3125761e-003  5.3125761e-003  5.3100543e-003
  4.8962168e+002  5.2548687e-003  5.2548687e-003  5.2523459e-003
  4.8963400e+002  5.1981629e-003  5.1981629e-003  5.1956572e-003
  4.8964632e+002  5.1422193e-003  5.1422193e-003  5.1397280e-003
  4.8965865e+002  5.0869952e-003  5.0869952e-003  5.0845077e-003
  4.8967097e+002  5.0325721e-003  5.0325721e-003  5.0300771e-003
  4.8968329e+002  4.9790254e-003  4.9790254e-003  4.9765125e-003
  4.8969561e+002  4.9263380e-003  4.9263380e-003  4.9238111e-003
  4.8970793e+002  4.8744341e-003  4.8744341e-003  4.8719200e-003
  4.8972025e+002  4.8232521e-003  4.8232521e-003  4.8207950e-003
  4.8973257e+002  4.7729029e-003  4.7729029e-003  4.7704981e-003
  4.8974489e+002  4.7236081e-003  4.7236081e-003  4.7211597e-003
  4.8975721e+002  4.6755668e-003  4.6755668e-003  4.6729089e-003
  4.8976954e+002  4.6286996e-003  4.6286996e-003  4.6258461e-003
  4.8978186e+002  4.5827468e-003  4.5827468e-003  4.5800530e-003
  4.8979418e+002  4.5374721e-003  4.5374721e-003  4.5355853e-003
  4.8980650e+002  4.4929456e-003  4.4929456e-003  4.4921891e-003
  4.8981882e+002  4.4494369e-003  4.4494369e-003  4.4494099e-003
  4.8983114e+002  4.4071924e-003  4.4071924e-003  4.4068426e-003
  4.8984346e+002  4.3661458e-003  4.3661458e-003  4.3647106e-003
  4.8985578e+002  4.3260252e-003  4.3260252e-003  4.3236493e-003
  4.8986810e+002  4.2865814e-003  4.2865814e-003  4.2842495e-003
  4.8988042e+002  4.2478782e-003  4.2478782e-003  4.2464792e-003
  4.8989274e+002  4.2101866e-003  4.2101866e-003  4.2098952e-003
  4.8990507e+002  4.1737556e-003  4.1737556e-003  4.1740703e-003
  4.8991739e+002  4.1385257e-003  4.1385257e-003  4.1388631e-003
  4.8992971e+002  4.1042318e-003  4.1042318e-003  4.1043221e-003
  4.8994203e+002  4.0706288e-003  4.0706288e-003  4.0705085e-003
  4.8995435e+002  4.0377640e-003  4.0377640e-003  4.0375905e-003
  4.8996667e+002  4.0058804e-003  4.0058804e-003  4.0058088e-003
  4.8997899e+002  3.9752064e-003  3.9752064e-003  3.9753731e-003
  4.8999131e+002  3.9457374e-003  3.9457374e-003  3.9460932e-003
  4.9000363e+002  3.9173115e-003  3.9173115e-003  3.9175082e-003
  4.9001596e+002  3.8897650e-003  3.8897650e-003  3.8891959e-003
  4.9002828e+002  3.8629472e-003  3.8629472e-003  3.8612867e-003
  4.9004060e+002  3.8367169e-003  3.8367169e-003  3.8342881e-003
  4.9005292e+002  3.8109467e-003  3.8109467e-003  3.8086704e-003
  4.9006524e+002  3.7856877e-003  3.7856877e-003  3.7843427e-003
  4.9007756e+002  3.7611134e-003  3.7611134e-003  3.7608277e-003
  4.9008988e+002  3.7373918e-003  3.7373918e-003  3.7376757e-003
  4.9010220e+002  3.7145872e-003  3.7145872e-003  3.7148859e-003
  4.9011452e+002  3.6926924e-003  3.6926924e-003  3.6927686e-003
  4.9012684e+002  3.6716932e-003  3.6716932e-003  3.6716171e-003
  4.9013916e+002  3.6515009e-003  3.6515009e-003  3.6514203e-003
  4.9015149e+002  3.6319755e-003  3.6319755e-003  3.6319546e-003
  4.9016381e+002  3.6129823e-003  3.6129823e-003  3.6130033e-003
  4.9017613e+002  3.5944768e-003  3.5944768e-003  3.5945000e-003
  4.9018845e+002  3.5764778e-003  3.5764778e-003  3.5764843e-003
  4.9020077e+002  3.5590070e-003  3.5590070e-003  3.5589989e-003
  4.9021309e+002  3.5421090e-003  3.5421090e-003  3.5420970e-003
  4.9022541e+002  3.5258444e-003  3.5258444e-003  3.5258392e-003
  4.9023773e+002  3.5102608e-003  3.5102608e-003  3.5102721e-003
  4.9025005e+002  3.4952257e-003  3.4952257e-003  3.4952507e-003
  4.9026238e+002  3.4804782e-003  3.4804782e-003  3.4804927e-003
  4.9027470e+002  3.4657829e-003  3.4657829e-003  3.4657458e-003
  4.9028702e+002  3.4512937e-003  3.4512937e-003  3.4512058e-003
  4.9029934e+002  3.4374450e-003  3.4374450e-003  3.4373919e-003
  4.9031166e+002  3.4246441e-003  3.4246441e-003  3.4247805e-003
  4.9032398e+002  3.4128406e-003  3.4128406e-003  3.4131668e-003
  4.9033630e+002  3.4016510e-003  3.4016510e-003  3.4018500e-003
  4.9034862e+002  3.3907004e-003  3.3907004e-003  3.3901726e-003
  4.9036094e+002  3.3798369e-003  3.3798369e-003  3.3782294e-003
  4.9037326e+002  3.3690721e-003  3.3690721e-003  3.3666673e-003
  4.9038558e+002  3.3584335e-003  3.3584335e-003  3.3561097e-003
  4.9039791e+002  3.3481206e-003  3.3481206e-003  3.3466747e-003
  4.9041023e+002  3.3384604e-003  3.3384604e-003  3.3381067e-003
  4.9042255e+002  3.3297614e-003  3.3297614e-003  3.3301457e-003
  4.9043487e+002  3.3220283e-003  3.3220283e-003  3.3225904e-003
  4.9044719e+002  3.3150397e-003  3.3150397e-003  3.3152833e-003
  4.9045951e+002  3.3085780e-003  3.3085780e-003  3.3080869e-003
  4.9047183e+002  3.3025623e-003  3.3025623e-003  3.3011309e-003
  4.9048415e+002  3.2970139e-003  3.2970139e-003  3.2947463e-003
  4.9049647e+002  3.2919607e-003  3.2919607e-003  3.2892532e-003
  4.9050880e+002  3.2874890e-003  3.2874890e-003  3.2847472e-003
  4.9052112e+002  3.2837290e-003  3.2837290e-003  3.2811539e-003
  4.9053344e+002  3.2808077e-003  3.2808077e-003  3.2783967e-003
  4.9054576e+002  3.2787830e-003  3.2787830e-003  3.2764303e-003
  4.9055808e+002  3.2776602e-003  3.2776602e-003  3.2752328e-003
  4.9057040e+002  3.2774379e-003  3.2774379e-003  3.2747899e-003
  4.9058272e+002  3.2780328e-003  3.2780328e-003  3.2751863e-003
  4.9059504e+002  3.2792991e-003  3.2792991e-003  3.2765833e-003
  4.9060736e+002  3.2811152e-003  3.2811152e-003  3.2791357e-003
  4.9061968e+002  3.2837539e-003  3.2837539e-003  3.2828684e-003
  4.9063200e+002  3.2877938e-003  3.2877938e-003  3.2877062e-003
  4.9064433e+002  3.2937816e-003  3.2937816e-003  3.2935793e-003
  4.9065665e+002  3.3016634e-003  3.3016634e-003  3.3005387e-003
  4.9066897e+002  3.3109154e-003  3.3109154e-003  3.3087303e-003
  4.9068129e+002  3.3210357e-003  3.3210357e-003  3.3182984e-003
  4.9069361e+002  3.3320488e-003  3.3320488e-003  3.3293290e-003
  4.9070593e+002  3.3443935e-003  3.3443935e-003  3.3418623e-003
  4.9071825e+002  3.3584993e-003  3.3584993e-003  3.3559442e-003
  4.9073057e+002  3.3744729e-003  3.3744729e-003  3.3717333e-003
  4.9074289e+002  3.3921649e-003  3.3921649e-003  3.3894777e-003
  4.9075522e+002  3.4114300e-003  3.4114300e-003  3.4094033e-003
  4.9076754e+002  3.4322990e-003  3.4322990e-003  3.4313447e-003
  4.9077986e+002  3.4549435e-003  3.4549435e-003  3.4548235e-003
  4.9079218e+002  3.4795333e-003  3.4795333e-003  3.4793882e-003
  4.9080450e+002  3.5061502e-003  3.5061502e-003  3.5051567e-003
  4.9081682e+002  3.5348046e-003  3.5348046e-003  3.5327059e-003
  4.9082914e+002  3.5654977e-003  3.5654977e-003  3.5625995e-003
  4.9084146e+002  3.5981164e-003  3.5981164e-003  3.5949795e-003
  4.9085378e+002  3.6324542e-003  3.6324542e-003  3.6296451e-003
  4.9086610e+002  3.6683173e-003  3.6683173e-003  3.6663826e-003
  4.9087842e+002  3.7057661e-003  3.7057661e-003  3.7049312e-003
  4.9089075e+002  3.7450686e-003  3.7450686e-003  3.7449912e-003
  4.9090307e+002  3.7864801e-003  3.7864801e-003  3.7862808e-003
  4.9091539e+002  3.8299371e-003  3.8299371e-003  3.8288362e-003
  4.9092771e+002  3.8751134e-003  3.8751134e-003  3.8729557e-003
  4.9094003e+002  3.9216838e-003  3.9216838e-003  3.9189247e-003
  4.9095235e+002  3.9694736e-003  3.9694736e-003  3.9666753e-003
  4.9096467e+002  4.0184336e-003  4.0184336e-003  4.0158464e-003
  4.9097699e+002  4.0685185e-003  4.0685185e-003  4.0660810e-003
  4.9098931e+002  4.1196870e-003  4.1196870e-003  4.1172495e-003
  4.9100164e+002  4.1719015e-003  4.1719015e-003  4.1694131e-003
  4.9101396e+002  4.2251147e-003  4.2251147e-003  4.2226230e-003
  4.9102628e+002  4.2791134e-003  4.2791134e-003  4.2766621e-003
  4.9103860e+002  4.3335441e-003  4.3335441e-003  4.3310860e-003
  4.9105092e+002  4.3880537e-003  4.3880537e-003  4.3854588e-003
  4.9106324e+002  4.4423748e-003  4.4423748e-003  4.4396178e-003
  4.9107556e+002  4.4963127e-003  4.4963127e-003  4.4936328e-003
  4.9108788e+002  4.5496811e-003  4.5496811e-003  4.5475666e-003
  4.9110020e+002  4.6024031e-003  4.6024031e-003  4.6012310e-003
  4.9111252e+002  4.6544949e-003  4.6544949e-003  4.6542219e-003
  4.9112484e+002  4.7059630e-003  4.7059630e-003  4.7061372e-003
  4.9113717e+002  4.7565782e-003  4.7565782e-003  4.7567373e-003
  4.9114949e+002  4.8059079e-003  4.8059079e-003  4.8059230e-003
  4.9116181e+002  4.8535273e-003  4.8535273e-003  4.8535935e-003
  4.9117413e+002  4.8992750e-003  4.8992750e-003  4.8995334e-003
  4.9118645e+002  4.9432200e-003  4.9432200e-003  4.9434277e-003
  4.9119877e+002  4.9854250e-003  4.9854250e-003  4.9849738e-003
  4.9121109e+002  5.0256996e-003  5.0256996e-003  5.0241643e-003
  4.9122341e+002  5.0636308e-003  5.0636308e-003  5.0612512e-003
  4.9123573e+002  5.0988081e-003  5.0988081e-003  5.0964682e-003
  4.9124806e+002  5.1310058e-003  5.1310058e-003  5.1295492e-003
  4.9126038e+002  5.1601621e-003  5.1601621e-003  5.1597855e-003
  4.9127270e+002  5.1862246e-003  5.1862246e-003  5.1864836e-003
  4.9128502e+002  5.2092158e-003  5.2092158e-003  5.2095288e-003
  4.9129734e+002  5.2292249e-003  5.2292249e-003  5.2293233e-003
  4.9130966e+002  5.2463330e-003  5.2463330e-003  5.2462655e-003
  4.9132198e+002  5.2604186e-003  5.2604186e-003  5.2603391e-003
  4.9133430e+002  5.2711781e-003  5.2711781e-003  5.2711548e-003
  4.9134662e+002  5.2783107e-003  5.2783107e-003  5.2783226e-003
  4.9135894e+002  5.2816916e-003  5.2816916e-003  5.2816960e-003
  4.9137126e+002  5.2813557e-003  5.2813557e-003  5.2813498e-003
  4.9138359e+002  5.2773465e-003  5.2773465e-003  5.2773663e-003
  4.9139591e+002  5.2697607e-003  5.2697607e-003  5.2698227e-003
  4.9140823e+002  5.2587434e-003  5.2587434e-003  5.2587910e-003
  4.9142055e+002  5.2444362e-003  5.2444362e-003  5.2443457e-003
  4.9143287e+002  5.2268698e-003  5.2268698e-003  5.2266173e-003
  4.9144519e+002  5.2059730e-003  5.2059730e-003  5.2057878e-003
  4.9145751e+002  5.1816763e-003  5.1816763e-003  5.1820301e-003
  4.9146983e+002  5.1540237e-003  5.1540237e-003  5.1553003e-003
  4.9148215e+002  5.1231644e-003  5.1231644e-003  5.1253529e-003
  4.9149448e+002  5.0892485e-003  5.0892485e-003  5.0919474e-003
  4.9150680e+002  5.0523578e-003  5.0523578e-003  5.0551050e-003
  4.9151912e+002  5.0125106e-003  5.0125106e-003  5.0150908e-003
  4.9153144e+002  4.9697304e-003  4.9697304e-003  4.9721794e-003
  4.9154376e+002  4.9241992e-003  4.9241992e-003  4.9266389e-003
  4.9155608e+002  4.8762484e-003  4.8762484e-003  4.8787313e-003
  4.9156840e+002  4.8262018e-003  4.8262018e-003  4.8287074e-003
  4.9158072e+002  4.7740904e-003  4.7740904e-003  4.7765839e-003
  4.9159304e+002  4.7196675e-003  4.7196675e-003  4.7221552e-003
  4.9160536e+002  4.6626973e-003  4.6626973e-003  4.6652254e-003
  4.9161768e+002  4.6034095e-003  4.6034095e-003  4.6059953e-003
  4.9163001e+002  4.5424793e-003  4.5424793e-003  4.5450457e-003
  4.9164233e+002  4.4805775e-003  4.4805775e-003  4.4829602e-003
  4.9165465e+002  4.4178908e-003  4.4178908e-003  4.4200541e-003
  4.9166697e+002  4.3541386e-003  4.3541386e-003  4.3563840e-003
  4.9167929e+002  4.2890390e-003  4.2890390e-003  4.2919896e-003
  4.9169161e+002  4.2227012e-003  4.2227012e-003  4.2267789e-003
  4.9170393e+002  4.1556154e-003  4.1556154e-003  4.1605317e-003
  4.9171625e+002  4.0882749e-003  4.0882749e-003  4.0930459e-003
  4.9172857e+002  4.0208985e-003  4.0208985e-003  4.0246431e-003
  4.9174090e+002  3.9534360e-003  3.9534360e-003  3.9561582e-003
  4.9175322e+002  3.8858335e-003  3.8858335e-003  3.8884201e-003
  4.9176554e+002  3.8182086e-003  3.8182086e-003  3.8216373e-003
  4.9177786e+002  3.7508484e-003  3.7508484e-003  3.7554050e-003
  4.9179018e+002  3.6840411e-003  3.6840411e-003  3.6893080e-003
  4.9180250e+002  3.6179294e-003  3.6179294e-003  3.6232883e-003
  4.9181482e+002  3.5525111e-003  3.5525111e-003  3.5576435e-003
  4.9182714e+002  3.4877840e-003  3.4877840e-003  3.4926863e-003
  4.9183946e+002  3.4238901e-003  3.4238901e-003  3.4287162e-003
  4.9185178e+002  3.3611161e-003  3.3611161e-003  3.3660202e-003
  4.9186411e+002  3.2997478e-003  3.2997478e-003  3.3048718e-003
  4.9187643e+002  3.2399051e-003  3.2399051e-003  3.2452409e-003
  4.9188875e+002  3.1815397e-003  3.1815397e-003  3.1867905e-003
  4.9190107e+002  3.1245955e-003  3.1245955e-003  3.1291882e-003
  4.9191339e+002  3.0690098e-003  3.0690098e-003  3.0725346e-003
  4.9192571e+002  3.0147128e-003  3.0147128e-003  3.0173723e-003
  4.9193803e+002  2.9616423e-003  2.9616423e-003  2.9642480e-003
  4.9195035e+002  2.9099280e-003  2.9099280e-003  2.9133306e-003
  4.9196267e+002  2.8598973e-003  2.8598973e-003  2.8644006e-003
  4.9197499e+002  2.8118765e-003  2.8118765e-003  2.8172221e-003
  4.9198732e+002  2.7659556e-003  2.7659556e-003  2.7715920e-003
  4.9199964e+002  2.7219789e-003  2.7219789e-003  2.7273416e-003
  4.9201196e+002  2.6797787e-003  2.6797787e-003  2.6843133e-003
  4.9202428e+002  2.6391607e-003  2.6391607e-003  2.6425932e-003
  4.9203660e+002  2.5999037e-003  2.5999037e-003  2.6025222e-003
  4.9204892e+002  2.5617983e-003  2.5617983e-003  2.5644436e-003
  4.9206124e+002  2.5249744e-003  2.5249744e-003  2.5284735e-003
  4.9207356e+002  2.4899188e-003  2.4899188e-003  2.4944876e-003
  4.9208588e+002  2.4571138e-003  2.4571138e-003  2.4623466e-003
  4.9209820e+002  2.4264890e-003  2.4264890e-003  2.4318041e-003
  4.9211053e+002  2.3973880e-003  2.3973880e-003  2.4025006e-003
  4.9212285e+002  2.3691483e-003  2.3691483e-003  2.3740862e-003
  4.9213517e+002  2.3416904e-003  2.3416904e-003  2.3466059e-003
  4.9214749e+002  2.3155571e-003  2.3155571e-003  2.3205267e-003
  4.9215981e+002  2.2913031e-003  2.2913031e-003  2.2963195e-003
  4.9217213e+002  2.2689876e-003  2.2689876e-003  2.2740098e-003
  4.9218445e+002  2.2481358e-003  2.2481358e-003  2.2531435e-003
  4.9219677e+002  2.2282604e-003  2.2282604e-003  2.2332565e-003
  4.9220909e+002  2.2092534e-003  2.2092534e-003  2.2142489e-003
  4.9222141e+002  2.1914177e-003  2.1914177e-003  2.1964168e-003
  4.9223374e+002  2.1750676e-003  2.1750676e-003  2.1800668e-003
  4.9224606e+002  2.1602597e-003  2.1602597e-003  2.1652553e-003
  4.9225838e+002  2.1467686e-003  2.1467686e-003  2.1517642e-003
  4.9227070e+002  2.1343598e-003  2.1343598e-003  2.1393666e-003
  4.9228302e+002  2.1229451e-003  2.1229451e-003  2.1279672e-003
  4.9229534e+002  2.1125975e-003  2.1125975e-003  2.1176159e-003
  4.9230766e+002  2.1033959e-003  2.1033959e-003  2.1083693e-003
  4.9231998e+002  2.0953429e-003  2.0953429e-003  2.1002587e-003
  4.9233230e+002  2.0883573e-003  2.0883573e-003  2.0932878e-003
  4.9234462e+002  2.0823588e-003  2.0823588e-003  2.0874573e-003
  4.9235695e+002  2.0774239e-003  2.0774239e-003  2.0827378e-003
  4.9236927e+002  2.0738053e-003  2.0738053e-003  2.0790656e-003
  4.9238159e+002  2.0717542e-003  2.0717542e-003  2.0763802e-003
  4.9239391e+002  2.0712213e-003  2.0712213e-003  2.0747675e-003
  4.9240623e+002  2.0718171e-003  2.0718171e-003  2.0744787e-003
  4.9241855e+002  2.0731444e-003  2.0731444e-003  2.0757633e-003
  4.9243087e+002  2.0751047e-003  2.0751047e-003  2.0785663e-003
  4.9244319e+002  2.0779403e-003  2.0779403e-003  2.0824861e-003
  4.9245551e+002  2.0819065e-003  2.0819065e-003  2.0871132e-003
  4.9246783e+002  2.0871067e-003  2.0871067e-003  2.0923655e-003
  4.9248016e+002  2.0934697e-003  2.0934697e-003  2.0985365e-003
  4.9249248e+002  2.1009169e-003  2.1009169e-003  2.1059315e-003
  4.9250480e+002  2.1094331e-003  2.1094331e-003  2.1145913e-003
  4.9251712e+002  2.1190767e-003  2.1190767e-003  2.1242511e-003
  4.9252944e+002  2.1299068e-003  2.1299068e-003  2.1346363e-003
  4.9254176e+002  2.1418804e-003  2.1418804e-003  2.1457125e-003
  4.9255408e+002  2.1548350e-003  2.1548350e-003  2.1577240e-003
  4.9256640e+002  2.1686049e-003  2.1686049e-003  2.1709245e-003
  4.9257872e+002  2.1831250e-003  2.1831250e-003  2.1853630e-003
  4.9259104e+002  2.1984481e-003  2.1984481e-003  2.2008486e-003
  4.9260337e+002  2.2146323e-003  2.2146323e-003  2.2171791e-003
  4.9261569e+002  2.2316786e-003  2.2316786e-003  2.2342448e-003
  4.9262801e+002  2.2495212e-003  2.2495212e-003  2.2520446e-003
  4.9264033e+002  2.2680866e-003  2.2680866e-003  2.2705785e-003
  4.9265265e+002  2.2871863e-003  2.2871863e-003  2.2896832e-003
  4.9266497e+002  2.3064939e-003  2.3064939e-003  2.3090002e-003
  4.9267729e+002  2.3256835e-003  2.3256835e-003  2.3281693e-003
  4.9268961e+002  2.3447042e-003  2.3447042e-003  2.3471499e-003
  4.9270193e+002  2.3638355e-003  2.3638355e-003  2.3662862e-003
  4.9271425e+002  2.3833687e-003  2.3833687e-003  2.3859330e-003
  4.9272658e+002  2.4033325e-003  2.4033325e-003  2.4060523e-003
  4.9273890e+002  2.4234377e-003  2.4234377e-003  2.4261293e-003
  4.9275122e+002  2.4433776e-003  2.4433776e-003  2.4456291e-003
  4.9276354e+002  2.4629036e-003  2.4629036e-003  2.4643134e-003
  4.9277586e+002  2.4818381e-003  2.4818381e-003  2.4823052e-003
  4.9278818e+002  2.5000086e-003  2.5000086e-003  2.4997477e-003
  4.9280050e+002  2.5172714e-003  2.5172714e-003  2.5167054e-003
  4.9281282e+002  2.5335181e-003  2.5335181e-003  2.5331469e-003
  4.9282514e+002  2.5486444e-003  2.5486444e-003  2.5490285e-003
  4.9283746e+002  2.5626101e-003  2.5626101e-003  2.5640885e-003
  4.9284979e+002  2.5754541e-003  2.5754541e-003  2.5777945e-003
  4.9286211e+002  2.5872191e-003  2.5872191e-003  2.5896106e-003
  4.9287443e+002  2.5978994e-003  2.5978994e-003  2.5994769e-003
  4.9288675e+002  2.6074290e-003  2.6074290e-003  2.6079281e-003
  4.9289907e+002  2.6157351e-003  2.6157351e-003  2.6155229e-003
  4.9291139e+002  2.6226401e-003  2.6226401e-003  2.6223108e-003
  4.9292371e+002  2.6278340e-003  2.6278340e-003  2.6276997e-003
  4.9293603e+002  2.6310049e-003  2.6310049e-003  2.6310672e-003
  4.9294835e+002  2.6320733e-003  2.6320733e-003  2.6321821e-003
  4.9296067e+002  2.6312556e-003  2.6312556e-003  2.6313101e-003
  4.9297300e+002  2.6287837e-003  2.6287837e-003  2.6287455e-003
  4.9298532e+002  2.6247621e-003  2.6247621e-003  2.6246566e-003
  4.9299764e+002  2.6191324e-003  2.6191324e-003  2.6190493e-003
  4.9300996e+002  2.6118266e-003  2.6118266e-003  2.6119164e-003
  4.9302228e+002  2.6028227e-003  2.6028227e-003  2.6031355e-003
  4.9303460e+002  2.5921582e-003  2.5921582e-003  2.5924366e-003
  4.9304692e+002  2.5798731e-003  2.5798731e-003  2.5795486e-003
  4.9305924e+002  2.5659501e-003  2.5659501e-003  2.5645528e-003
  4.9307156e+002  2.5502978e-003  2.5502978e-003  2.5479894e-003
  4.9308388e+002  2.5328245e-003  2.5328245e-003  2.5304196e-003
  4.9309621e+002  2.5136198e-003  2.5136198e-003  2.5120286e-003
  4.9310853e+002  2.4930121e-003  2.4930121e-003  2.4925087e-003
  4.9312085e+002  2.4713402e-003  2.4713402e-003  2.4715247e-003
  4.9313317e+002  2.4487312e-003  2.4487312e-003  2.4489797e-003
  4.9314549e+002  2.4250310e-003  2.4250310e-003  2.4250923e-003
  4.9315781e+002  2.4000720e-003  2.4000720e-003  2.4000994e-003
  4.9317013e+002  2.3738988e-003  2.3738988e-003  2.3741135e-003
  4.9318245e+002  2.3468397e-003  2.3468397e-003  2.3470807e-003
  4.9319477e+002  2.3192380e-003  2.3192380e-003  2.3189420e-003
  4.9320709e+002  2.2912509e-003  2.2912509e-003  2.2898985e-003
  4.9321942e+002  2.2627855e-003  2.2627855e-003  2.2605006e-003
  4.9323174e+002  2.2337330e-003  2.2337330e-003  2.2313124e-003
  4.9324406e+002  2.2040677e-003  2.2040677e-003  2.2024340e-003
  4.9325638e+002  2.1738761e-003  2.1738761e-003  2.1733368e-003
  4.9326870e+002  2.1432544e-003  2.1432544e-003  2.1434588e-003
  4.9328102e+002  2.1123761e-003  2.1123761e-003  2.1127136e-003
  4.9329334e+002  2.0815205e-003  2.0815205e-003  2.0816639e-003
  4.9330566e+002  2.0509707e-003  2.0509707e-003  2.0509120e-003
  4.9331798e+002  2.0208412e-003  2.0208412e-003  2.0207345e-003
  4.9333030e+002  1.9910148e-003  1.9910148e-003  1.9909611e-003
  4.9334263e+002  1.9613608e-003  1.9613608e-003  1.9613923e-003
  4.9335495e+002  1.9319011e-003  1.9319011e-003  1.9319903e-003
  4.9336727e+002  1.9028699e-003  1.9028699e-003  1.9029411e-003
  4.9337959e+002  1.8745121e-003  1.8745121e-003  1.8744448e-003
  4.9339191e+002  1.8468502e-003  1.8468502e-003  1.8466007e-003
  4.9340423e+002  1.8195971e-003  1.8195971e-003  1.8193661e-003
  4.9341655e+002  1.7924485e-003  1.7924485e-003  1.7926885e-003
  4.9342887e+002  1.7653955e-003  1.7653955e-003  1.7665402e-003
  4.9344119e+002  1.7388452e-003  1.7388452e-003  1.7409282e-003
  4.9345351e+002  1.7132298e-003  1.7132298e-003  1.7158620e-003
  4.9346584e+002  1.6886776e-003  1.6886776e-003  1.6913533e-003
  4.9347816e+002  1.6648861e-003  1.6648861e-003  1.6674165e-003
  4.9349048e+002  1.6415253e-003  1.6415253e-003  1.6440657e-003
  4.9350280e+002  1.6185326e-003  1.6185326e-003  1.6212825e-003
  4.9351512e+002  1.5962279e-003  1.5962279e-003  1.5990022e-003
  4.9352744e+002  1.5749539e-003  1.5749539e-003  1.5771589e-003
  4.9353976e+002  1.5547203e-003  1.5547203e-003  1.5558140e-003
  4.9355208e+002  1.5350562e-003  1.5350562e-003  1.5352115e-003
  4.9356440e+002  1.5154618e-003  1.5154618e-003  1.5156050e-003
  4.9357672e+002  1.4958559e-003  1.4958559e-003  1.4969888e-003
  4.9358905e+002  1.4767659e-003  1.4767659e-003  1.4789808e-003
  4.9360137e+002  1.4587579e-003  1.4587579e-003  1.4611744e-003
  4.9361369e+002  1.4419132e-003  1.4419132e-003  1.4434292e-003
  4.9362601e+002  1.4256027e-003  1.4256027e-003  1.4259949e-003
  4.9363833e+002  1.4091492e-003  1.4091492e-003  1.4091488e-003
  4.9365065e+002  1.3923313e-003  1.3923313e-003  1.3930012e-003
  4.9366297e+002  1.3756005e-003  1.3756005e-003  1.3774148e-003
  4.9367529e+002  1.3594574e-003  1.3594574e-003  1.3622323e-003
  4.9368761e+002  1.3441230e-003  1.3441230e-003  1.3472775e-003
  4.9369993e+002  1.3294014e-003  1.3294014e-003  1.3323464e-003
  4.9371226e+002  1.3150638e-003  1.3150638e-003  1.3172373e-003
  4.9372458e+002  1.3009144e-003  1.3009144e-003  1.3019881e-003
  4.9373690e+002  1.2868081e-003  1.2868081e-003  1.2869974e-003
  4.9374922e+002  1.2726061e-003  1.2726061e-003  1.2726877e-003
  4.9376154e+002  1.2583135e-003  1.2583135e-003  1.2591704e-003
  4.9377386e+002  1.2441528e-003  1.2441528e-003  1.2460866e-003
  4.9378618e+002  1.2303611e-003  1.2303611e-003  1.2330410e-003
  4.9379850e+002  1.2169858e-003  1.2169858e-003  1.2198088e-003
  4.9381082e+002  1.2037839e-003  1.2037839e-003  1.2064251e-003
  4.9382314e+002  1.1904918e-003  1.1904918e-003  1.1929476e-003
  4.9383547e+002  1.1770473e-003  1.1770473e-003  1.1794761e-003
  4.9384779e+002  1.1636983e-003  1.1636983e-003  1.1661756e-003
  4.9386011e+002  1.1507158e-003  1.1507158e-003  1.1532140e-003
  4.9387243e+002  1.1381668e-003  1.1381668e-003  1.1406282e-003
  4.9388475e+002  1.1258023e-003  1.1258023e-003  1.1282513e-003
  4.9389707e+002  1.1133495e-003  1.1133495e-003  1.1159002e-003
  4.9390939e+002  1.1007392e-003  1.1007392e-003  1.1034645e-003
  4.9392171e+002  1.0882200e-003  1.0882200e-003  1.0909474e-003
  4.9393403e+002  1.0760650e-003  1.0760650e-003  1.0783628e-003
  4.9394635e+002  1.0643452e-003  1.0643452e-003  1.0657681e-003
  4.9395868e+002  1.0528133e-003  1.0528133e-003  1.0532888e-003
  4.9397100e+002  1.0411969e-003  1.0411969e-003  1.0410561e-003
  4.9398332e+002  1.0294230e-003  1.0294230e-003  1.0291580e-003
  4.9399564e+002  1.0177348e-003  1.0177348e-003  1.0176145e-003
  4.9400796e+002  1.0064007e-003  1.0064007e-003  1.0064382e-003
  4.9402028e+002  9.9549804e-004  9.9549804e-004  9.9556911e-004
  4.9403260e+002  9.8479823e-004  9.8479823e-004  9.8483064e-004
  4.9404492e+002  9.7404773e-004  9.7404773e-004  9.7403776e-004
  4.9405724e+002  9.6315690e-004  9.6315690e-004  9.6313782e-004
  4.9406956e+002  9.5230053e-004  9.5230053e-004  9.5229178e-004
  4.9408189e+002  9.4167648e-004  9.4167648e-004  9.4167915e-004
  4.9409421e+002  9.3141659e-004  9.3141659e-004  9.3142178e-004
  4.9410653e+002  9.2154535e-004  9.2154535e-004  9.2154778e-004
  4.9411885e+002  9.1207599e-004  9.1207599e-004  9.1207522e-004
  4.9413117e+002  9.0292486e-004  9.0292486e-004  9.0292317e-004
  4.9414349e+002  8.9384938e-004  8.9384938e-004  8.9384842e-004
  4.9415581e+002  8.8459577e-004  8.8459577e-004  8.8459622e-004
  4.9416813e+002  8.7516473e-004  8.7516473e-004  8.7516627e-004
  4.9418045e+002  8.6597755e-004  8.6597755e-004  8.6597892e-004
  4.9419277e+002  8.5749047e-004  8.5749047e-004  8.5748947e-004
  4.9420510e+002  8.4982902e-004  8.4982902e-004  8.4982452e-004
  4.9421742e+002  8.4256753e-004  8.4256753e-004  8.4256297e-004
  4.9422974e+002  8.3523196e-004  8.3523196e-004  8.3523550e-004
  4.9424206e+002  8.2763584e-004  8.2763584e-004  8.2765224e-004
  4.9425438e+002  8.2007589e-004  8.2007589e-004  8.2009277e-004
  4.9426670e+002  8.1289199e-004  8.1289199e-004  8.1287894e-004
  4.9427902e+002  8.0618605e-004  8.0618605e-004  8.0612506e-004
  4.9429134e+002  7.9965696e-004  7.9965696e-004  7.9959388e-004
  4.9430366e+002  7.9296812e-004  7.9296812e-004  7.9301625e-004
  4.9431598e+002  7.8606133e-004  7.8606133e-004  7.8628853e-004
  4.9432831e+002  7.7935371e-004  7.7935371e-004  7.7958964e-004
  4.9434063e+002  7.7330521e-004  7.7330521e-004  7.7312524e-004
  4.9435295e+002  7.6807605e-004  7.6807605e-004  7.6702950e-004
  4.9436527e+002  7.6331062e-004  7.6331062e-004  7.6131350e-004
  4.9437759e+002  7.5860423e-004  7.5860423e-004  7.5597531e-004
  4.9438991e+002  7.5371021e-004  7.5371021e-004  7.5094416e-004
  4.9440223e+002  7.4865618e-004  7.4865618e-004  7.4602980e-004
  4.9441455e+002  7.4349766e-004  7.4349766e-004  7.4103187e-004
  4.9442687e+002  7.3833498e-004  7.3833498e-004  7.3590597e-004
  4.9443919e+002  7.3334683e-004  7.3334683e-004  7.3088049e-004
  4.9445152e+002  7.2871813e-004  7.2871813e-004  7.2620936e-004
  4.9446384e+002  7.2448691e-004  7.2448691e-004  7.2196929e-004
  4.9447616e+002  7.2043205e-004  7.2043205e-004  7.1792446e-004
  4.9448848e+002  7.1630786e-004  7.1630786e-004  7.1380920e-004
  4.9450080e+002  7.1203594e-004  7.1203594e-004  7.0953560e-004
  4.9451312e+002  7.0783530e-004  7.0783530e-004  7.0533198e-004
  4.9452544e+002  7.0395398e-004  7.0395398e-004  7.0145746e-004
  4.9453776e+002  7.0049057e-004  7.0049057e-004  6.9800969e-004
  4.9455008e+002  6.9727577e-004  6.9727577e-004  6.9479687e-004
  4.9456240e+002  6.9411300e-004  6.9411300e-004  6.9159811e-004
  4.9457473e+002  6.9086636e-004  6.9086636e-004  6.8829053e-004
  4.9458705e+002  6.8750959e-004  6.8750959e-004  6.8492849e-004
  4.9459937e+002  6.8402887e-004  6.8402887e-004  6.8158448e-004
  4.9461169e+002  6.8049989e-004  6.8049989e-004  6.7828374e-004
  4.9462401e+002  6.7716149e-004  6.7716149e-004  6.7496546e-004
  4.9463633e+002  6.7426748e-004  6.7426748e-004  6.7156058e-004
  4.9464865e+002  6.7183775e-004  6.7183775e-004  6.6809097e-004
  4.9466097e+002  6.6946244e-004  6.6946244e-004  6.6474561e-004
  4.9467329e+002  6.6668844e-004  6.6668844e-004  6.6173009e-004
  4.9468561e+002  6.6336174e-004  6.6336174e-004  6.5911594e-004
  4.9469794e+002  6.5988239e-004  6.5988239e-004  6.5672634e-004
  4.9471026e+002  6.5670820e-004  6.5670820e-004  6.5435831e-004
  4.9472258e+002  6.5405795e-004  6.5405795e-004  6.5189261e-004
  4.9473490e+002  6.5170393e-004  6.5170393e-004  6.4936636e-004
  4.9474722e+002  6.4937064e-004  6.4937064e-004  6.4683359e-004
  4.9475954e+002  6.4690158e-004  6.4690158e-004  6.4432661e-004
  4.9477186e+002  6.4436441e-004  6.4436441e-004  6.4183672e-004
  4.9478418e+002  6.4185107e-004  6.4185107e-004  6.3935075e-004
  4.9479650e+002  6.3939397e-004  6.3939397e-004  6.3685932e-004
  4.9480882e+002  6.3691249e-004  6.3691249e-004  6.3436021e-004
  4.9482115e+002  6.3431444e-004  6.3431444e-004  6.3185208e-004
  4.9483347e+002  6.3162666e-004  6.3162666e-004  6.2934002e-004
  4.9484579e+002  6.2910392e-004  6.2910392e-004  6.2684146e-004
  4.9485811e+002  6.2702467e-004  6.2702467e-004  6.2437500e-004
  4.9487043e+002  6.2542825e-004  6.2542825e-004  6.2192985e-004
  4.9488275e+002  6.2389251e-004  6.2389251e-004  6.1943856e-004
  4.9489507e+002  6.2194516e-004  6.2194516e-004  6.1682811e-004
  4.9490739e+002  6.1942410e-004  6.1942410e-004  6.1413585e-004
  4.9491971e+002  6.1677076e-004  6.1677076e-004  6.1161387e-004
  4.9493203e+002  6.1449371e-004  6.1449371e-004  6.0953714e-004
  4.9494436e+002  6.1279751e-004  6.1279751e-004  6.0794414e-004
  4.9495668e+002  6.1129025e-004  6.1129025e-004  6.0640928e-004
  4.9496900e+002  6.0951227e-004  6.0951227e-004  6.0445543e-004
  4.9498132e+002  6.0721759e-004  6.0721759e-004  6.0192025e-004
  4.9499364e+002  6.0458304e-004  6.0458304e-004  5.9926418e-004
  4.9500596e+002  6.0183487e-004  6.0183487e-004  5.9701837e-004
  4.9501828e+002  5.9916308e-004  5.9916308e-004  5.9538028e-004
  4.9503060e+002  5.9668540e-004  5.9668540e-004  5.9388170e-004
  4.9504292e+002  5.9451050e-004  5.9451050e-004  5.9197783e-004
  4.9505524e+002  5.9268004e-004  5.9268004e-004  5.8945969e-004
  4.9506757e+002  5.9110097e-004  5.9110097e-004  5.8679380e-004
  4.9507989e+002  5.8966381e-004  5.8966381e-004  5.8452532e-004
  4.9509221e+002  5.8822344e-004  5.8822344e-004  5.8286951e-004
  4.9510453e+002  5.8656248e-004  5.8656248e-004  5.8137242e-004
  4.9511685e+002  5.8445619e-004  5.8445619e-004  5.7950122e-004
  4.9512917e+002  5.8188761e-004  5.8188761e-004  5.7703179e-004
  4.9514149e+002  5.7926470e-004  5.7926470e-004  5.7437146e-004
  4.9515381e+002  5.7704546e-004  5.7704546e-004  5.7200320e-004
  4.9516613e+002  5.7539734e-004  5.7539734e-004  5.7017534e-004
  4.9517845e+002  5.7388858e-004  5.7388858e-004  5.6865224e-004
  4.9519078e+002  5.7201527e-004  5.7201527e-004  5.6713938e-004
  4.9520310e+002  5.6956077e-004  5.6956077e-004  5.6547327e-004
  4.9521542e+002  5.6690589e-004  5.6690589e-004  5.6376303e-004
  4.9522774e+002  5.6450473e-004  5.6450473e-004  5.6215100e-004
  4.9524006e+002  5.6261448e-004  5.6261448e-004  5.6065474e-004
  4.9525238e+002  5.6107943e-004  5.6107943e-004  5.5903017e-004
  4.9526470e+002  5.5969191e-004  5.5969191e-004  5.5700144e-004
  4.9527702e+002  5.5825294e-004  5.5825294e-004  5.5449579e-004
  4.9528934e+002  5.5658181e-004  5.5658181e-004  5.5186976e-004
  4.9530166e+002  5.5450109e-004  5.5450109e-004  5.4953339e-004
  4.9531399e+002  5.5199325e-004  5.5199325e-004  5.4770003e-004
  4.9532631e+002  5.4938179e-004  5.4938179e-004  5.4616372e-004
  4.9533863e+002  5.4703310e-004  5.4703310e-004  5.4466520e-004
  4.9535095e+002  5.4515334e-004  5.4515334e-004  5.4304243e-004
  4.9536327e+002  5.4360422e-004  5.4360422e-004  5.4134252e-004
  4.9537559e+002  5.4220274e-004  5.4220274e-004  5.3963949e-004
  4.9538791e+002  5.4076410e-004  5.4076410e-004  5.3797521e-004
  4.9540023e+002  5.3909957e-004  5.3909957e-004  5.3632181e-004
  4.9541255e+002  5.3702076e-004  5.3702076e-004  5.3464243e-004
  4.9542487e+002  5.3450456e-004  5.3450456e-004  5.3293206e-004
  4.9543720e+002  5.3188926e-004  5.3188926e-004  5.3125537e-004
  4.9544952e+002  5.2956004e-004  5.2956004e-004  5.2968572e-004
  4.9546184e+002  5.2772133e-004  5.2772133e-004  5.2820169e-004
  4.9547416e+002  5.2617907e-004  5.2617907e-004  5.2657279e-004
  4.9548648e+002  5.2468638e-004  5.2468638e-004  5.2454152e-004
  4.9549880e+002  5.2308040e-004  5.2308040e-004  5.2203866e-004
  4.9551112e+002  5.2138510e-004  5.2138510e-004  5.1941363e-004
  4.9552344e+002  5.1964958e-004  5.1964958e-004  5.1707143e-004
  4.9553576e+002  5.1792344e-004  5.1792344e-004  5.1523038e-004
  4.9554808e+002  5.1625731e-004  5.1625731e-004  5.1369020e-004
  4.9556041e+002  5.1470158e-004  5.1470158e-004  5.1219404e-004
  4.9557273e+002  5.1322195e-004  5.1322195e-004  5.1057634e-004
  4.9558505e+002  5.1159252e-004  5.1159252e-004  5.0887801e-004
  4.9559737e+002  5.0956186e-004  5.0956186e-004  5.0716820e-004
  4.9560969e+002  5.0706081e-004  5.0706081e-004  5.0549132e-004
  4.9562201e+002  5.0443587e-004  5.0443587e-004  5.0383542e-004
  4.9563433e+002  5.0209047e-004  5.0209047e-004  5.0218075e-004
  4.9564665e+002  5.0024578e-004  5.0024578e-004  5.0051572e-004
  4.9565897e+002  4.9870381e-004  4.9870381e-004  4.9884760e-004
  4.9567129e+002  4.9720819e-004  4.9720819e-004  4.9718627e-004
  4.9568362e+002  4.9559171e-004  4.9559171e-004  4.9553345e-004
  4.9569594e+002  4.9389391e-004  4.9389391e-004  4.9387200e-004
  4.9570826e+002  4.9218348e-004  4.9218348e-004  4.9218221e-004
  4.9572058e+002  4.9050541e-004  4.9050541e-004  4.9046860e-004
  4.9573290e+002  4.8884919e-004  4.8884919e-004  4.8879241e-004
  4.9574522e+002  4.8719640e-004  4.8719640e-004  4.8722264e-004
  4.9575754e+002  4.8553495e-004  4.8553495e-004  4.8574005e-004
  4.9576986e+002  4.8386763e-004  4.8386763e-004  4.8411713e-004
  4.9578218e+002  4.8219938e-004  4.8219938e-004  4.8209699e-004
  4.9579450e+002  4.8053343e-004  4.8053343e-004  4.7960089e-004
  4.9580683e+002  4.7886907e-004  4.7886907e-004  4.7697397e-004
  4.9581915e+002  4.7720498e-004  4.7720498e-004  4.7462249e-004
  4.9583147e+002  4.7554028e-004  4.7554028e-004  4.7277457e-004
  4.9584379e+002  4.7387513e-004  4.7387513e-004  4.7123096e-004
  4.9585611e+002  4.7220988e-004  4.7220988e-004  4.6972991e-004
  4.9586843e+002  4.7054475e-004  4.7054475e-004  4.6810208e-004
  4.9588075e+002  4.6887980e-004  4.6887980e-004  4.6640175e-004
  4.9589307e+002  4.6721502e-004  4.6721502e-004  4.6471620e-004
  4.9590539e+002  4.6555033e-004  4.6555033e-004  4.6308677e-004
  4.9591771e+002  4.6388540e-004  4.6388540e-004  4.6144253e-004
  4.9593004e+002  4.6221988e-004  4.6221988e-004  4.5969604e-004
  4.9594236e+002  4.6055388e-004  4.6055388e-004  4.5785136e-004
  4.9595468e+002  4.5888865e-004  4.5888865e-004  4.5613787e-004
  4.9596700e+002  4.5722559e-004  4.5722559e-004  4.5481852e-004
  4.9597932e+002  4.5556439e-004  4.5556439e-004  4.5398146e-004
  4.9599164e+002  4.5390038e-004  4.5390038e-004  4.5328078e-004
  4.9600396e+002  4.5222824e-004  4.5222824e-004  4.5230481e-004
  4.9601628e+002  4.5054916e-004  4.5054916e-004  4.5081902e-004
  4.9602860e+002  4.4888050e-004  4.4888050e-004  4.4903238e-004
  4.9604092e+002  4.4724209e-004  4.4724209e-004  4.4722192e-004
  4.9605325e+002  4.4562976e-004  4.4562976e-004  4.4555745e-004
  4.9606557e+002  4.4397873e-004  4.4397873e-004  4.4393789e-004
  4.9607789e+002  4.4221501e-004  4.4221501e-004  4.4222032e-004
  4.9609021e+002  4.4035352e-004  4.4035352e-004  4.4037287e-004
  4.9610253e+002  4.3863562e-004  4.3863562e-004  4.3864657e-004
  4.9611485e+002  4.3733778e-004  4.3733778e-004  4.3733639e-004
  4.9612717e+002  4.3654638e-004  4.3654638e-004  4.3654129e-004
  4.9613949e+002  4.3585926e-004  4.3585926e-004  4.3585642e-004
  4.9615181e+002  4.3479739e-004  4.3479739e-004  4.3479772e-004
  4.9616413e+002  4.3313451e-004  4.3313451e-004  4.3313554e-004
  4.9617646e+002  4.3129940e-004  4.3129940e-004  4.3129974e-004
  4.9618878e+002  4.2982503e-004  4.2982503e-004  4.2982508e-004
  4.9620110e+002  4.2897689e-004  4.2897689e-004  4.2897786e-004
  4.9621342e+002  4.2832107e-004  4.2832107e-004  4.2832253e-004
  4.9622574e+002  4.2731130e-004  4.2731130e-004  4.2731080e-004
  4.9623806e+002  4.2566986e-004  4.2566986e-004  4.2566498e-004
  4.9625038e+002  4.2382722e-004  4.2382722e-004  4.2382102e-004
  4.9626270e+002  4.2232873e-004  4.2232873e-004  4.2233063e-004
  4.9627502e+002  4.2145759e-004  4.2145759e-004  4.2147609e-004
  4.9628734e+002  4.2079970e-004  4.2079970e-004  4.2082304e-004
  4.9629967e+002  4.1982670e-004  4.1982670e-004  4.1981974e-004
  4.9631199e+002  4.1824998e-004  4.1824998e-004  4.1818104e-004
  4.9632431e+002  4.1642427e-004  4.1642427e-004  4.1633704e-004
  4.9633663e+002  4.1481077e-004  4.1481077e-004  4.1483614e-004
  4.9634895e+002  4.1370950e-004  4.1370950e-004  4.1396623e-004
  4.9636127e+002  4.1298417e-004  4.1298417e-004  4.1331010e-004
  4.9637359e+002  4.1242545e-004  4.1242545e-004  4.1233284e-004
  4.9638591e+002  4.1183147e-004  4.1183147e-004  4.1074274e-004
  4.9639823e+002  4.1102086e-004  4.1102086e-004  4.0891214e-004
  4.9641055e+002  4.0981590e-004  4.0981590e-004  4.0732539e-004
  4.9642288e+002  4.0816785e-004  4.0816785e-004  4.0628224e-004
  4.9643520e+002  4.0638322e-004  4.0638322e-004  4.0557406e-004
  4.9644752e+002  4.0482897e-004  4.0482897e-004  4.0490562e-004
  4.9645984e+002  4.0374288e-004  4.0374288e-004  4.0408465e-004
  4.9647216e+002  4.0300392e-004  4.0300392e-004  4.0320488e-004
  4.9648448e+002  4.0242927e-004  4.0242927e-004  4.0240916e-004
  4.9649680e+002  4.0183449e-004  4.0183449e-004  4.0174259e-004
  4.9650912e+002  4.0103066e-004  4.0103066e-004  4.0097620e-004
  4.9652144e+002  3.9982824e-004  3.9982824e-004  3.9983360e-004
  4.9653376e+002  3.9817122e-004  3.9817122e-004  3.9819706e-004
  4.9654609e+002  3.9638113e-004  3.9638113e-004  3.9639734e-004
  4.9655841e+002  3.9484557e-004  3.9484557e-004  3.9484378e-004
  4.9657073e+002  3.9380496e-004  3.9380496e-004  3.9379352e-004
  4.9658305e+002  3.9308005e-004  3.9308005e-004  3.9306984e-004
  4.9659537e+002  3.9241740e-004  3.9241740e-004  3.9241928e-004
  4.9660769e+002  3.9163778e-004  3.9163778e-004  3.9165766e-004
  4.9662001e+002  3.9077554e-004  3.9077554e-004  3.9080016e-004
  4.9663233e+002  3.8990319e-004  3.8990319e-004  3.8989760e-004
  4.9664465e+002  3.8906859e-004  3.8906859e-004  3.8900066e-004
  4.9665697e+002  3.8824808e-004  3.8824808e-004  3.8815972e-004
  4.9666930e+002  3.8740510e-004  3.8740510e-004  3.8742505e-004
  4.9668162e+002  3.8652785e-004  3.8652785e-004  3.8677912e-004
  4.9669394e+002  3.8567687e-004  3.8567687e-004  3.8600596e-004
  4.9670626e+002  3.8492584e-004  3.8492584e-004  3.8485360e-004
  4.9671858e+002  3.8427458e-004  3.8427458e-004  3.8321603e-004
  4.9673090e+002  3.8350479e-004  3.8350479e-004  3.8141819e-004
  4.9674322e+002  3.8235822e-004  3.8235822e-004  3.7986412e-004
  4.9675554e+002  3.8072317e-004  3.8072317e-004  3.7881206e-004
  4.9676786e+002  3.7892452e-004  3.7892452e-004  3.7808582e-004
  4.9678018e+002  3.7736798e-004  3.7736798e-004  3.7742877e-004
  4.9679251e+002  3.7631416e-004  3.7631416e-004  3.7665548e-004
  4.9680483e+002  3.7558751e-004  3.7558751e-004  3.7579467e-004
  4.9681715e+002  3.7493094e-004  3.7493094e-004  3.7491513e-004
  4.9682947e+002  3.7415812e-004  3.7415812e-004  3.7406668e-004
  4.9684179e+002  3.7329742e-004  3.7329742e-004  3.7324173e-004
  4.9685411e+002  3.7241775e-004  3.7241775e-004  3.7242186e-004
  4.9686643e+002  3.7156917e-004  3.7156917e-004  3.7159367e-004
  4.9687875e+002  3.7074420e-004  3.7074420e-004  3.7075917e-004
  4.9689107e+002  3.6992436e-004  3.6992436e-004  3.6992329e-004
  4.9690339e+002  3.6909620e-004  3.6909620e-004  3.6908964e-004
  4.9691572e+002  3.6826171e-004  3.6826171e-004  3.6825769e-004
  4.9692804e+002  3.6742583e-004  3.6742583e-004  3.6742610e-004
  4.9694036e+002  3.6659217e-004  3.6659217e-004  3.6659392e-004
  4.9695268e+002  3.6576021e-004  3.6576021e-004  3.6576129e-004
  4.9696500e+002  3.6492863e-004  3.6492863e-004  3.6492856e-004
  4.9697732e+002  3.6409645e-004  3.6409645e-004  3.6409598e-004
  4.9698964e+002  3.6326382e-004  3.6326382e-004  3.6326353e-004
  4.9700196e+002  3.6243108e-004  3.6243108e-004  3.6243110e-004
  4.9701428e+002  3.6159851e-004  3.6159851e-004  3.6159863e-004
  4.9702660e+002  3.6076605e-004  3.6076605e-004  3.6076613e-004
  4.9703893e+002  3.5993363e-004  3.5993363e-004  3.5993362e-004
  4.9705125e+002  3.5910116e-004  3.5910116e-004  3.5910113e-004
  4.9706357e+002  3.5826866e-004  3.5826866e-004  3.5826864e-004
  4.9707589e+002  3.5743615e-004  3.5743615e-004  3.5743615e-004
  4.9708821e+002  3.5660365e-004  3.5660365e-004  3.5660366e-004
  4.9710053e+002  3.5577117e-004  3.5577117e-004  3.5577117e-004
  4.9711285e+002  3.5493868e-004  3.5493868e-004  3.5493868e-004
  4.9712517e+002  3.5410619e-004  3.5410619e-004  3.5410619e-004
  4.9713749e+002  3.5327370e-004  3.5327370e-004  3.5327370e-004
  4.9714981e+002  3.5244121e-004  3.5244121e-004  3.5244121e-004
  4.9716214e+002  3.5160871e-004  3.5160871e-004  3.5160871e-004
  4.9717446e+002  3.5077622e-004  3.5077622e-004  3.5077622e-004
  4.9718678e+002  3.4994373e-004  3.4994373e-004  3.4994373e-004
  4.9719910e+002  3.4911125e-004  3.4911125e-004  3.4911125e-004
  4.9721142e+002  3.4827876e-004  3.4827876e-004  3.4827876e-004
  4.9722374e+002  3.4744626e-004  3.4744626e-004  3.4744626e-004
  4.9723606e+002  3.4661375e-004  3.4661375e-004  3.4661375e-004
  4.9724838e+002  3.4578126e-004  3.4578126e-004  3.4578126e-004
  4.9726070e+002  3.4494879e-004  3.4494879e-004  3.4494879e-004
  4.9727302e+002  3.4411635e-004  3.4411635e-004  3.4411635e-004
  4.9728535e+002  3.4328388e-004  3.4328388e-004  3.4328388e-004
  4.9729767e+002  3.4245131e-004  3.4245131e-004  3.4245131e-004
  4.9730999e+002  3.4161862e-004  3.4161862e-004  3.4161862e-004
  4.9732231e+002  3.4078605e-004  3.4078605e-004  3.4078605e-004
  4.9733463e+002  3.3995387e-004  3.3995387e-004  3.3995387e-004
  4.9734695e+002  3.3912211e-004  3.3912211e-004  3.3912211e-004
  4.9735927e+002  3.3828991e-004  3.3828991e-004  3.3828991e-004
  4.9737159e+002  3.3745626e-004  3.3745626e-004  3.3745626e-004
  4.9738391e+002  3.3662106e-004  3.3662106e-004  3.3662106e-004
  4.9739623e+002  3.3578745e-004  3.3578745e-004  3.3578745e-004
  4.9740856e+002  3.3495926e-004  3.3495926e-004  3.3495926e-004
  4.9742088e+002  3.3413688e-004  3.3413688e-004  3.3413688e-004
  4.9743320e+002  3.3330862e-004  3.3330862e-004  3.3330862e-004
  4.9744552e+002  3.3246016e-004  3.3246016e-004  3.3246016e-004
  4.9745784e+002  3.3158994e-004  3.3158994e-004  3.3158994e-004
  4.9747016e+002  3.3074151e-004  3.3074151e-004  3.3074151e-004
  4.9748248e+002  3.2996833e-004  3.2996833e-004  3.2996833e-004
  4.9749480e+002  3.2927658e-004  3.2927658e-004  3.2927658e-004
  4.9750712e+002  3.2850412e-004  3.2850412e-004  3.2850412e-004
  4.9751944e+002  3.2745141e-004  3.2745141e-004  3.2745141e-004
  4.9753177e+002  3.2599122e-004  3.2599122e-004  3.2599122e-004
  4.9754409e+002  3.2425616e-004  3.2425616e-004  3.2425616e-004
  4.9755641e+002  3.2243710e-004  3.2243710e-004  3.2243710e-004
  4.9756873e+002  3.2068798e-004  3.2068798e-004  3.2068798e-004
  4.9758105e+002  3.1902904e-004  3.1902904e-004  3.1902904e-004
  4.9759337e+002  3.1745024e-004  3.1745024e-004  3.1745024e-004
  4.9760569e+002  3.1591591e-004  3.1591591e-004  3.1591591e-004
  4.9761801e+002  3.1429676e-004  3.1429676e-004  3.1429676e-004
  4.9763033e+002  3.1244211e-004  3.1244211e-004  3.1244211e-004
  4.9764265e+002  3.1023913e-004  3.1023913e-004  3.1023913e-004
  4.9765498e+002  3.0771451e-004  3.0771451e-004  3.0771451e-004
  4.9766730e+002  3.0492713e-004  3.0492713e-004  3.0492713e-004
  4.9767962e+002  3.0191014e-004  3.0191014e-004  3.0191014e-004
  4.9769194e+002  2.9860100e-004  2.9860100e-004  2.9860100e-004
  4.9770426e+002  2.9491488e-004  2.9491488e-004  2.9491488e-004
  4.9771658e+002  2.9083177e-004  2.9083177e-004  2.9083177e-004
  4.9772890e+002  2.8657494e-004  2.8657494e-004  2.8657494e-004
  4.9774122e+002  2.8242476e-004  2.8242476e-004  2.8242476e-004
  4.9775354e+002  2.7852743e-004  2.7852743e-004  2.7852743e-004
  4.9776586e+002  2.7452056e-004  2.7452056e-004  2.7452056e-004
  4.9777819e+002  2.6992129e-004  2.6992129e-004  2.6992129e-004
  4.9779051e+002  2.6442563e-004  2.6442563e-004  2.6442563e-004
  4.9780283e+002  2.5841335e-004  2.5841335e-004  2.5841335e-004
  4.9781515e+002  2.5242768e-004  2.5242768e-004  2.5242768e-004
  4.9782747e+002  2.4681739e-004  2.4681739e-004  2.4681739e-004
  4.9783979e+002  2.4118117e-004  2.4118117e-004  2.4118117e-004
  4.9785211e+002  2.3493678e-004  2.3493678e-004  2.3493678e-004
  4.9786443e+002  2.2771773e-004  2.2771773e-004  2.2771773e-004
  4.9787675e+002  2.1999758e-004  2.1999758e-004  2.1999758e-004
  4.9788907e+002  2.1245428e-004  2.1245428e-004  2.1245428e-004
  4.9790140e+002  2.0557134e-004  2.0557134e-004  2.0557134e-004
  4.9791372e+002  1.9906840e-004  1.9906840e-004  1.9906840e-004
  4.9792604e+002  1.9247754e-004  1.9247754e-004  1.9247754e-004
  4.9793836e+002  1.8533083e-004  1.8533083e-004  1.8533083e-004
  4.9795068e+002  1.7716036e-004  1.7716036e-004  1.7716036e-004
  4.9796300e+002  1.6749820e-004  1.6749820e-004  1.6749820e-004
