  4.6200000e+002  3.0075139e-003  3.0075139e-003  3.1325145e-003
  4.6201399e+002  3.1709944e-003  3.1709944e-003  3.3010709e-003
  4.6202797e+002  3.3334947e-003  3.3334947e-003  3.4694923e-003
  4.6204196e+002  3.4945352e-003  3.4945352e-003  3.6370159e-003
  4.6205594e+002  3.6536367e-003  3.6536367e-003  3.8028784e-003
  4.6206993e+002  3.8103196e-003  3.8103196e-003  3.9663167e-003
  4.6208392e+002  3.9641044e-003  3.9641044e-003  4.1265678e-003
  4.6209790e+002  4.1145293e-003  4.1145293e-003  4.2829834e-003
  4.6211189e+002  4.2612039e-003  4.2612039e-003  4.4353826e-003
  4.6212587e+002  4.4037560e-003  4.4037560e-003  4.5837037e-003
  4.6213986e+002  4.5418337e-003  4.5418337e-003  4.7277893e-003
  4.6215385e+002  4.6751681e-003  4.6751681e-003  4.8670888e-003
  4.6216783e+002  4.8035119e-003  4.8035119e-003  5.0009509e-003
  4.6218182e+002  4.9266982e-003  4.9266982e-003  5.1289014e-003
  4.6219580e+002  5.0448945e-003  5.0448945e-003  5.2512017e-003
  4.6220979e+002  5.1583551e-003  5.1583551e-003  5.3683039e-003
  4.6222378e+002  5.2672592e-003  5.2672592e-003  5.4805801e-003
  4.6223776e+002  5.3714734e-003  5.3714734e-003  5.5880689e-003
  4.6225175e+002  5.4707823e-003  5.4707823e-003  5.6907214e-003
  4.6226573e+002  5.5651003e-003  5.5651003e-003  5.7885435e-003
  4.6227972e+002  5.6548901e-003  5.6548901e-003  5.8817713e-003
  4.6229371e+002  5.7407592e-003  5.7407592e-003  5.9707022e-003
  4.6230769e+002  5.8232202e-003  5.8232202e-003  6.0556683e-003
  4.6232168e+002  5.9023819e-003  5.9023819e-003  6.1371517e-003
  4.6233566e+002  5.9782457e-003  5.9782457e-003  6.2156744e-003
  4.6234965e+002  6.0508894e-003  6.0508894e-003  6.2916512e-003
  4.6236364e+002  6.1207197e-003  6.1207197e-003  6.3650364e-003
  4.6237762e+002  6.1882315e-003  6.1882315e-003  6.4356609e-003
  4.6239161e+002  6.2538799e-003  6.2538799e-003  6.5034902e-003
  4.6240559e+002  6.3179462e-003  6.3179462e-003  6.5690748e-003
  4.6241958e+002  6.3806645e-003  6.3806645e-003  6.6331236e-003
  4.6243357e+002  6.4422685e-003  6.4422685e-003  6.6962537e-003
  4.6244755e+002  6.5029886e-003  6.5029886e-003  6.7586778e-003
  4.6246154e+002  6.5630547e-003  6.5630547e-003  6.8204986e-003
  4.6247552e+002  6.6226551e-003  6.6226551e-003  6.8818013e-003
  4.6248951e+002  6.6817948e-003  6.6817948e-003  6.9425957e-003
  4.6250350e+002  6.7404283e-003  6.7404283e-003  7.0028702e-003
  4.6251748e+002  6.7985926e-003  6.7985926e-003  7.0626894e-003
  4.6253147e+002  6.8566914e-003  6.8566914e-003  7.1224560e-003
  4.6254545e+002  6.9152308e-003  6.9152308e-003  7.1826668e-003
  4.6255944e+002  6.9745950e-003  6.9745950e-003  7.2436988e-003
  4.6257343e+002  7.0346211e-003  7.0346211e-003  7.3053891e-003
  4.6258741e+002  7.0949919e-003  7.0949919e-003  7.3674232e-003
  4.6260140e+002  7.1554675e-003  7.1554675e-003  7.4295631e-003
  4.6261538e+002  7.2161568e-003  7.2161568e-003  7.4919176e-003
  4.6262937e+002  7.2772677e-003  7.2772677e-003  7.5546940e-003
  4.6264336e+002  7.3389837e-003  7.3389837e-003  7.6180751e-003
  4.6265734e+002  7.4013759e-003  7.4013759e-003  7.6821324e-003
  4.6267133e+002  7.4644837e-003  7.4644837e-003  7.7469050e-003
  4.6268531e+002  7.5283676e-003  7.5283676e-003  7.8124538e-003
  4.6269930e+002  7.5931883e-003  7.5931883e-003  7.8789395e-003
  4.6271329e+002  7.6591351e-003  7.6591351e-003  7.9465514e-003
  4.6272727e+002  7.7263359e-003  7.7263359e-003  8.0154175e-003
  4.6274126e+002  7.7946314e-003  7.7946314e-003  8.0853783e-003
  4.6275524e+002  7.8637791e-003  7.8637791e-003  8.1561906e-003
  4.6276923e+002  7.9336027e-003  7.9336027e-003  8.2276779e-003
  4.6278322e+002  8.0042378e-003  8.0042378e-003  8.2999773e-003
  4.6279720e+002  8.0759118e-003  8.0759118e-003  8.3733180e-003
  4.6281119e+002  8.1488047e-003  8.1488047e-003  8.4478804e-003
  4.6282517e+002  8.2228702e-003  8.2228702e-003  8.5236135e-003
  4.6283916e+002  8.2979952e-003  8.2979952e-003  8.6003973e-003
  4.6285315e+002  8.3741133e-003  8.3741133e-003  8.6781635e-003
  4.6286713e+002  8.4513828e-003  8.4513828e-003  8.7570884e-003
  4.6288112e+002  8.5300285e-003  8.5300285e-003  8.8374219e-003
  4.6289510e+002  8.6102129e-003  8.6102129e-003  8.9193349e-003
  4.6290909e+002  8.6917942e-003  8.6917942e-003  9.0026169e-003
  4.6292308e+002  8.7745387e-003  8.7745387e-003  9.0869422e-003
  4.6293706e+002  8.8582658e-003  8.8582658e-003  9.1720970e-003
  4.6295105e+002  8.9430521e-003  8.9430521e-003  9.2584140e-003
  4.6296503e+002  9.0290530e-003  9.0290530e-003  9.3463926e-003
  4.6297902e+002  9.1164252e-003  9.1164252e-003  9.4363891e-003
  4.6299301e+002  9.2053328e-003  9.2053328e-003  9.5280562e-003
  4.6300699e+002  9.2959424e-003  9.2959424e-003  9.6208304e-003
  4.6302098e+002  9.3883628e-003  9.3883628e-003  9.7143093e-003
  4.6303496e+002  9.4824156e-003  9.4824156e-003  9.8088918e-003
  4.6304895e+002  9.5778332e-003  9.5778332e-003  9.9052249e-003
  4.6306294e+002  9.6744297e-003  9.6744297e-003  1.0003823e-002
  4.6307692e+002  9.7724268e-003  9.7724268e-003  1.0104531e-002
  4.6309091e+002  9.8721738e-003  9.8721738e-003  1.0206985e-002
  4.6310489e+002  9.9739716e-003  9.9739716e-003  1.0310903e-002
  4.6311888e+002  1.0077875e-002  1.0077875e-002  1.0416409e-002
  4.6313287e+002  1.0183863e-002  1.0183863e-002  1.0523756e-002
  4.6314685e+002  1.0291881e-002  1.0291881e-002  1.0633154e-002
  4.6316084e+002  1.0401720e-002  1.0401720e-002  1.0744578e-002
  4.6317482e+002  1.0513119e-002  1.0513119e-002  1.0857934e-002
  4.6318881e+002  1.0625917e-002  1.0625917e-002  1.0973155e-002
  4.6320280e+002  1.0740459e-002  1.0740459e-002  1.1090322e-002
  4.6321678e+002  1.0857255e-002  1.0857255e-002  1.1209565e-002
  4.6323077e+002  1.0976736e-002  1.0976736e-002  1.1331014e-002
  4.6324475e+002  1.1098918e-002  1.1098918e-002  1.1454799e-002
  4.6325874e+002  1.1223688e-002  1.1223688e-002  1.1581054e-002
  4.6327273e+002  1.1350939e-002  1.1350939e-002  1.1709879e-002
  4.6328671e+002  1.1480607e-002  1.1480607e-002  1.1841224e-002
  4.6330070e+002  1.1612643e-002  1.1612643e-002  1.1974984e-002
  4.6331468e+002  1.1747044e-002  1.1747044e-002  1.2111105e-002
  4.6332867e+002  1.1884041e-002  1.1884041e-002  1.2249783e-002
  4.6334266e+002  1.2023947e-002  1.2023947e-002  1.2391299e-002
  4.6335664e+002  1.2167023e-002  1.2167023e-002  1.2535909e-002
  4.6337063e+002  1.2313269e-002  1.2313269e-002  1.2683745e-002
  4.6338461e+002  1.2462595e-002  1.2462595e-002  1.2834897e-002
  4.6339860e+002  1.2614929e-002  1.2614929e-002  1.2989431e-002
  4.6341259e+002  1.2770286e-002  1.2770286e-002  1.3147303e-002
  4.6342657e+002  1.2928710e-002  1.2928710e-002  1.3308430e-002
  4.6344056e+002  1.3090296e-002  1.3090296e-002  1.3472769e-002
  4.6345454e+002  1.3255417e-002  1.3255417e-002  1.3640489e-002
  4.6346853e+002  1.3424536e-002  1.3424536e-002  1.3811834e-002
  4.6348252e+002  1.3598035e-002  1.3598035e-002  1.3987045e-002
  4.6349650e+002  1.3775828e-002  1.3775828e-002  1.4166345e-002
  4.6351049e+002  1.3957673e-002  1.3957673e-002  1.4349950e-002
  4.6352447e+002  1.4143415e-002  1.4143415e-002  1.4538052e-002
  4.6353846e+002  1.4333393e-002  1.4333393e-002  1.4730697e-002
  4.6355245e+002  1.4528116e-002  1.4528116e-002  1.4927880e-002
  4.6356643e+002  1.4728020e-002  1.4728020e-002  1.5129639e-002
  4.6358042e+002  1.4933117e-002  1.4933117e-002  1.5336247e-002
  4.6359440e+002  1.5143273e-002  1.5143273e-002  1.5548055e-002
  4.6360839e+002  1.5358436e-002  1.5358436e-002  1.5765407e-002
  4.6362238e+002  1.5579024e-002  1.5579024e-002  1.5988577e-002
  4.6363636e+002  1.5805616e-002  1.5805616e-002  1.6217818e-002
  4.6365035e+002  1.6038729e-002  1.6038729e-002  1.6453388e-002
  4.6366433e+002  1.6278520e-002  1.6278520e-002  1.6695575e-002
  4.6367832e+002  1.6525015e-002  1.6525015e-002  1.6944677e-002
  4.6369231e+002  1.6778287e-002  1.6778287e-002  1.7200984e-002
  4.6370629e+002  1.7038661e-002  1.7038661e-002  1.7464730e-002
  4.6372028e+002  1.7306556e-002  1.7306556e-002  1.7736127e-002
  4.6373426e+002  1.7582400e-002  1.7582400e-002  1.8015424e-002
  4.6374825e+002  1.7866687e-002  1.7866687e-002  1.8303058e-002
  4.6376224e+002  1.8159936e-002  1.8159936e-002  1.8599538e-002
  4.6377622e+002  1.8462635e-002  1.8462635e-002  1.8905376e-002
  4.6379021e+002  1.8775125e-002  1.8775125e-002  1.9221089e-002
  4.6380419e+002  1.9097687e-002  1.9097687e-002  1.9547196e-002
  4.6381818e+002  1.9430636e-002  1.9430636e-002  1.9884242e-002
  4.6383217e+002  1.9774471e-002  1.9774471e-002  2.0232909e-002
  4.6384615e+002  2.0129761e-002  2.0129761e-002  2.0593930e-002
  4.6386014e+002  2.0497096e-002  2.0497096e-002  2.0968004e-002
  4.6387412e+002  2.0877195e-002  2.0877195e-002  2.1355631e-002
  4.6388811e+002  2.1270826e-002  2.1270826e-002  2.1757235e-002
  4.6390210e+002  2.1678758e-002  2.1678758e-002  2.2173291e-002
  4.6391608e+002  2.2101779e-002  2.2101779e-002  2.2604577e-002
  4.6393007e+002  2.2540682e-002  2.2540682e-002  2.3051986e-002
  4.6394405e+002  2.2996230e-002  2.2996230e-002  2.3516418e-002
  4.6395804e+002  2.3468985e-002  2.3468985e-002  2.3998844e-002
  4.6397203e+002  2.3959435e-002  2.3959435e-002  2.4500257e-002
  4.6398601e+002  2.4468137e-002  2.4468137e-002  2.5021619e-002
  4.6400000e+002  2.4996063e-002  2.4996063e-002  2.5563678e-002
  4.6401398e+002  2.5544342e-002  2.5544342e-002  2.6127105e-002
  4.6402797e+002  2.6114100e-002  2.6114100e-002  2.6712636e-002
  4.6404196e+002  2.6706432e-002  2.6706432e-002  2.7321424e-002
  4.6405594e+002  2.7322423e-002  2.7322423e-002  2.7954780e-002
  4.6406993e+002  2.7963110e-002  2.7963110e-002  2.8613958e-002
  4.6408391e+002  2.8629232e-002  2.8629232e-002  2.9299830e-002
  4.6409790e+002  2.9321416e-002  2.9321416e-002  3.0013125e-002
  4.6411189e+002  3.0040365e-002  3.0040365e-002  3.0754574e-002
  4.6412587e+002  3.0787284e-002  3.0787284e-002  3.1524930e-002
  4.6413986e+002  3.1563573e-002  3.1563573e-002  3.2324956e-002
  4.6415384e+002  3.2370589e-002  3.2370589e-002  3.3155457e-002
  4.6416783e+002  3.3209415e-002  3.3209415e-002  3.4017530e-002
  4.6418182e+002  3.4081028e-002  3.4081028e-002  3.4912387e-002
  4.6419580e+002  3.4986439e-002  3.4986439e-002  3.5841165e-002
  4.6420979e+002  3.5926899e-002  3.5926899e-002  3.6804537e-002
  4.6422377e+002  3.6903750e-002  3.6903750e-002  3.7802993e-002
  4.6423776e+002  3.7918343e-002  3.7918343e-002  3.8837045e-002
  4.6425175e+002  3.8972066e-002  3.8972066e-002  3.9907345e-002
  4.6426573e+002  4.0066324e-002  4.0066324e-002  4.1014604e-002
  4.6427972e+002  4.1202570e-002  4.1202570e-002  4.2159571e-002
  4.6429370e+002  4.2382575e-002  4.2382575e-002  4.3343245e-002
  4.6430769e+002  4.3608240e-002  4.3608240e-002  4.4566724e-002
  4.6432168e+002  4.4881482e-002  4.4881482e-002  4.5831098e-002
  4.6433566e+002  4.6204327e-002  4.6204327e-002  4.7137380e-002
  4.6434965e+002  4.7578848e-002  4.7578848e-002  4.8486554e-002
  4.6436363e+002  4.9007214e-002  4.9007214e-002  4.9879666e-002
  4.6437762e+002  5.0492260e-002  5.0492260e-002  5.1318160e-002
  4.6439161e+002  5.2037093e-002  5.2037093e-002  5.2803646e-002
  4.6440559e+002  5.3644830e-002  5.3644830e-002  5.4337771e-002
  4.6441958e+002  5.5318666e-002  5.5318666e-002  5.5922425e-002
  4.6443356e+002  5.7061825e-002  5.7061825e-002  5.7559597e-002
  4.6444755e+002  5.8877650e-002  5.8877650e-002  5.9251388e-002
  4.6446154e+002  6.0770292e-002  6.0770292e-002  6.1000652e-002
  4.6447552e+002  6.2744236e-002  6.2744236e-002  6.2810555e-002
  4.6448951e+002  6.4804005e-002  6.4804005e-002  6.4684256e-002
  4.6450349e+002  6.6954357e-002  6.6954357e-002  6.6624846e-002
  4.6451748e+002  6.9200151e-002  6.9200151e-002  6.8635386e-002
  4.6453147e+002  7.1546249e-002  7.1546249e-002  7.0719022e-002
  4.6454545e+002  7.3997523e-002  7.3997523e-002  7.2879478e-002
  4.6455944e+002  7.6558853e-002  7.6558853e-002  7.5120723e-002
  4.6457342e+002  7.9235176e-002  7.9235176e-002  7.7446709e-002
  4.6458741e+002  8.2031850e-002  8.2031850e-002  7.9861258e-002
  4.6460140e+002  8.4954409e-002  8.4954409e-002  8.2368138e-002
  4.6461538e+002  8.8008250e-002  8.8008250e-002  8.4971008e-002
  4.6462937e+002  9.1197793e-002  9.1197793e-002  8.7672761e-002
  4.6464335e+002  9.4527040e-002  9.4527040e-002  9.0475963e-002
  4.6465734e+002  9.7999933e-002  9.7999933e-002  9.3383130e-002
  4.6467133e+002  1.0162004e-001  1.0162004e-001  9.6396450e-002
  4.6468531e+002  1.0539075e-001  1.0539075e-001  9.9517966e-002
  4.6469930e+002  1.0931528e-001  1.0931528e-001  1.0274947e-001
  4.6471328e+002  1.1339547e-001  1.1339547e-001  1.0609099e-001
  4.6472727e+002  1.1763258e-001  1.1763258e-001  1.0954176e-001
  4.6474126e+002  1.2202758e-001  1.2202758e-001  1.1310087e-001
  4.6475524e+002  1.2657959e-001  1.2657959e-001  1.1676646e-001
  4.6476923e+002  1.3128686e-001  1.3128686e-001  1.2053623e-001
  4.6478321e+002  1.3614743e-001  1.3614743e-001  1.2440769e-001
  4.6479720e+002  1.4115776e-001  1.4115776e-001  1.2837702e-001
  4.6481119e+002  1.4631361e-001  1.4631361e-001  1.3243979e-001
  4.6482517e+002  1.5161037e-001  1.5161037e-001  1.3659141e-001
  4.6483916e+002  1.5704083e-001  1.5704083e-001  1.4082636e-001
  4.6485314e+002  1.6259660e-001  1.6259660e-001  1.4513863e-001
  4.6486713e+002  1.6826902e-001  1.6826902e-001  1.4952223e-001
  4.6488112e+002  1.7404750e-001  1.7404750e-001  1.5397122e-001
  4.6489510e+002  1.7992061e-001  1.7992061e-001  1.5847967e-001
  4.6490909e+002  1.8587658e-001  1.8587658e-001  1.6304170e-001
  4.6492307e+002  1.9190143e-001  1.9190143e-001  1.6765192e-001
  4.6493706e+002  1.9798016e-001  1.9798016e-001  1.7230516e-001
  4.6495105e+002  2.0409750e-001  2.0409750e-001  1.7699639e-001
  4.6496503e+002  2.1023613e-001  2.1023613e-001  1.8172179e-001
  4.6497902e+002  2.1637785e-001  2.1637785e-001  1.8647808e-001
  4.6499300e+002  2.2250432e-001  2.2250432e-001  1.9126226e-001
  4.6500699e+002  2.2859638e-001  2.2859638e-001  1.9607335e-001
  4.6502098e+002  2.3463453e-001  2.3463453e-001  2.0091135e-001
  4.6503496e+002  2.4059911e-001  2.4059911e-001  2.0577640e-001
  4.6504895e+002  2.4646949e-001  2.4646949e-001  2.1067008e-001
  4.6506293e+002  2.5222455e-001  2.5222455e-001  2.1559461e-001
  4.6507692e+002  2.5784322e-001  2.5784322e-001  2.2055234e-001
  4.6509091e+002  2.6330471e-001  2.6330471e-001  2.2554665e-001
  4.6510489e+002  2.6858834e-001  2.6858834e-001  2.3058137e-001
  4.6511888e+002  2.7367361e-001  2.7367361e-001  2.3566032e-001
  4.6513286e+002  2.7854128e-001  2.7854128e-001  2.4078705e-001
  4.6514685e+002  2.8317270e-001  2.8317270e-001  2.4596501e-001
  4.6516084e+002  2.8754945e-001  2.8754945e-001  2.5119739e-001
  4.6517482e+002  2.9165463e-001  2.9165463e-001  2.5648530e-001
  4.6518881e+002  2.9547211e-001  2.9547211e-001  2.6182885e-001
  4.6520279e+002  2.9898613e-001  2.9898613e-001  2.6722774e-001
  4.6521678e+002  3.0218372e-001  3.0218372e-001  2.7267812e-001
  4.6523077e+002  3.0505330e-001  3.0505330e-001  2.7817443e-001
  4.6524475e+002  3.0758369e-001  3.0758369e-001  2.8371051e-001
  4.6525874e+002  3.0976702e-001  3.0976702e-001  2.8927544e-001
  4.6527272e+002  3.1159704e-001  3.1159704e-001  2.9485592e-001
  4.6528671e+002  3.1306787e-001  3.1306787e-001  3.0043799e-001
  4.6530070e+002  3.1417685e-001  3.1417685e-001  3.0600226e-001
  4.6531468e+002  3.1492286e-001  3.1492286e-001  3.1152663e-001
  4.6532867e+002  3.1530527e-001  3.1530527e-001  3.1698851e-001
  4.6534265e+002  3.1532726e-001  3.1532726e-001  3.2236100e-001
  4.6535664e+002  3.1499391e-001  3.1499391e-001  3.2761513e-001
  4.6537063e+002  3.1431068e-001  3.1431068e-001  3.3272150e-001
  4.6538461e+002  3.1328609e-001  3.1328609e-001  3.3764759e-001
  4.6539860e+002  3.1193021e-001  3.1193021e-001  3.4235928e-001
  4.6541258e+002  3.1025345e-001  3.1025345e-001  3.4682246e-001
  4.6542657e+002  3.0826928e-001  3.0826928e-001  3.5100317e-001
  4.6544056e+002  3.0599267e-001  3.0599267e-001  3.5486751e-001
  4.6545454e+002  3.0343887e-001  3.0343887e-001  3.5838187e-001
  4.6546853e+002  3.0062533e-001  3.0062533e-001  3.6151526e-001
  4.6548251e+002  2.9757063e-001  2.9757063e-001  3.6423796e-001
  4.6549650e+002  2.9429356e-001  2.9429356e-001  3.6652104e-001
  4.6551049e+002  2.9081466e-001  2.9081466e-001  3.6834208e-001
  4.6552447e+002  2.8715535e-001  2.8715535e-001  3.6968197e-001
  4.6553846e+002  2.8333717e-001  2.8333717e-001  3.7052258e-001
  4.6555244e+002  2.7938267e-001  2.7938267e-001  3.7085377e-001
  4.6556643e+002  2.7531494e-001  2.7531494e-001  3.7066953e-001
  4.6558042e+002  2.7115713e-001  2.7115713e-001  3.6996500e-001
  4.6559440e+002  2.6693305e-001  2.6693305e-001  3.6874480e-001
  4.6560839e+002  2.6266687e-001  2.6266687e-001  3.6701855e-001
  4.6562237e+002  2.5838273e-001  2.5838273e-001  3.6479692e-001
  4.6563636e+002  2.5410449e-001  2.5410449e-001  3.6209951e-001
  4.6565035e+002  2.4985584e-001  2.4985584e-001  3.5895067e-001
  4.6566433e+002  2.4566043e-001  2.4566043e-001  3.5537571e-001
  4.6567832e+002  2.4154137e-001  2.4154137e-001  3.5140813e-001
  4.6569230e+002  2.3752147e-001  2.3752147e-001  3.4708581e-001
  4.6570629e+002  2.3362348e-001  2.3362348e-001  3.4244715e-001
  4.6572028e+002  2.2986956e-001  2.2986956e-001  3.3753477e-001
  4.6573426e+002  2.2628159e-001  2.2628159e-001  3.3239360e-001
  4.6574825e+002  2.2288126e-001  2.2288126e-001  3.2706891e-001
  4.6576223e+002  2.1968875e-001  2.1968875e-001  3.2160933e-001
  4.6577622e+002  2.1672342e-001  2.1672342e-001  3.1606529e-001
  4.6579021e+002  2.1400461e-001  2.1400461e-001  3.1048710e-001
  4.6580419e+002  2.1155120e-001  2.1155120e-001  3.0492394e-001
  4.6581818e+002  2.0938189e-001  2.0938189e-001  2.9942432e-001
  4.6583216e+002  2.0751519e-001  2.0751519e-001  2.9403661e-001
  4.6584615e+002  2.0596810e-001  2.0596810e-001  2.8880743e-001
  4.6586014e+002  2.0475676e-001  2.0475676e-001  2.8378247e-001
  4.6587412e+002  2.0389730e-001  2.0389730e-001  2.7900695e-001
  4.6588811e+002  2.0340571e-001  2.0340571e-001  2.7452179e-001
  4.6590209e+002  2.0329786e-001  2.0329786e-001  2.7036552e-001
  4.6591608e+002  2.0358961e-001  2.0358961e-001  2.6657632e-001
  4.6593007e+002  2.0429666e-001  2.0429666e-001  2.6318899e-001
  4.6594405e+002  2.0543460e-001  2.0543460e-001  2.6023643e-001
  4.6595804e+002  2.0701901e-001  2.0701901e-001  2.5775114e-001
  4.6597202e+002  2.0906533e-001  2.0906533e-001  2.5576143e-001
  4.6598601e+002  2.1158890e-001  2.1158890e-001  2.5429327e-001
  4.6600000e+002  2.1460512e-001  2.1460512e-001  2.5337230e-001
  4.6601398e+002  2.1812981e-001  2.1812981e-001  2.5302093e-001
  4.6602797e+002  2.2217902e-001  2.2217902e-001  2.5325979e-001
  4.6604195e+002  2.2676878e-001  2.2676878e-001  2.5410924e-001
  4.6605594e+002  2.3191492e-001  2.3191492e-001  2.5558743e-001
  4.6606993e+002  2.3763311e-001  2.3763311e-001  2.5771122e-001
  4.6608391e+002  2.4393895e-001  2.4393895e-001  2.6049719e-001
  4.6609790e+002  2.5084721e-001  2.5084721e-001  2.6395918e-001
  4.6611188e+002  2.5837214e-001  2.5837214e-001  2.6810947e-001
  4.6612587e+002  2.6652778e-001  2.6652778e-001  2.7296004e-001
  4.6613986e+002  2.7532585e-001  2.7532585e-001  2.7852026e-001
  4.6615384e+002  2.8477670e-001  2.8477670e-001  2.8479796e-001
  4.6616783e+002  2.9489028e-001  2.9489028e-001  2.9180064e-001
  4.6618181e+002  3.0567219e-001  3.0567219e-001  2.9953225e-001
  4.6619580e+002  3.1712551e-001  3.1712551e-001  3.0799469e-001
  4.6620979e+002  3.2925268e-001  3.2925268e-001  3.1718931e-001
  4.6622377e+002  3.4204986e-001  3.4204986e-001  3.2711185e-001
  4.6623776e+002  3.5550952e-001  3.5550952e-001  3.3775480e-001
  4.6625174e+002  3.6962325e-001  3.6962325e-001  3.4910992e-001
  4.6626573e+002  3.8437417e-001  3.8437417e-001  3.6116213e-001
  4.6627972e+002  3.9974039e-001  3.9974039e-001  3.7389226e-001
  4.6629370e+002  4.1569893e-001  4.1569893e-001  3.8728026e-001
  4.6630769e+002  4.3221646e-001  4.3221646e-001  4.0129735e-001
  4.6632167e+002  4.4925342e-001  4.4925342e-001  4.1590956e-001
  4.6633566e+002  4.6676910e-001  4.6676910e-001  4.3108190e-001
  4.6634965e+002  4.8471166e-001  4.8471166e-001  4.4676975e-001
  4.6636363e+002  5.0302247e-001  5.0302247e-001  4.6292262e-001
  4.6637762e+002  5.2164191e-001  5.2164191e-001  4.7948911e-001
  4.6639160e+002  5.4050051e-001  5.4050051e-001  4.9640873e-001
  4.6640559e+002  5.5952276e-001  5.5952276e-001  5.1361542e-001
  4.6641958e+002  5.7863235e-001  5.7863235e-001  5.3104236e-001
  4.6643356e+002  5.9774459e-001  5.9774459e-001  5.4861503e-001
  4.6644755e+002  6.1676969e-001  6.1676969e-001  5.6625419e-001
  4.6646153e+002  6.3561745e-001  6.3561745e-001  5.8388013e-001
  4.6647552e+002  6.5419364e-001  6.5419364e-001  6.0140873e-001
  4.6648951e+002  6.7240159e-001  6.7240159e-001  6.1875314e-001
  4.6650349e+002  6.9014469e-001  6.9014469e-001  6.3582647e-001
  4.6651748e+002  7.0732736e-001  7.0732736e-001  6.5254204e-001
  4.6653146e+002  7.2385469e-001  7.2385469e-001  6.6881329e-001
  4.6654545e+002  7.3963232e-001  7.3963232e-001  6.8455406e-001
  4.6655944e+002  7.5457210e-001  7.5457210e-001  6.9968316e-001
  4.6657342e+002  7.6858973e-001  7.6858973e-001  7.1412246e-001
  4.6658741e+002  7.8160210e-001  7.8160210e-001  7.2779475e-001
  4.6660139e+002  7.9353839e-001  7.9353839e-001  7.4063278e-001
  4.6661538e+002  8.0433560e-001  8.0433560e-001  7.5257554e-001
  4.6662937e+002  8.1393216e-001  8.1393216e-001  7.6356335e-001
  4.6664335e+002  8.2228133e-001  8.2228133e-001  7.7355005e-001
  4.6665734e+002  8.2934588e-001  8.2934588e-001  7.8249817e-001
  4.6667132e+002  8.3509032e-001  8.3509032e-001  7.9037172e-001
  4.6668531e+002  8.3949768e-001  8.3949768e-001  7.9715025e-001
  4.6669930e+002  8.4256291e-001  8.4256291e-001  8.0282336e-001
  4.6671328e+002  8.4428266e-001  8.4428266e-001  8.0738218e-001
  4.6672727e+002  8.4467088e-001  8.4467088e-001  8.1083397e-001
  4.6674125e+002  8.4375279e-001  8.4375279e-001  8.1319645e-001
  4.6675524e+002  8.4155516e-001  8.4155516e-001  8.1448868e-001
  4.6676923e+002  8.3812065e-001  8.3812065e-001  8.1474324e-001
  4.6678321e+002  8.3350234e-001  8.3350234e-001  8.1400160e-001
  4.6679720e+002  8.2775448e-001  8.2775448e-001  8.1230625e-001
  4.6681118e+002  8.2094307e-001  8.2094307e-001  8.0971043e-001
  4.6682517e+002  8.1314187e-001  8.1314187e-001  8.0627450e-001
  4.6683916e+002  8.0442535e-001  8.0442535e-001  8.0205938e-001
  4.6685314e+002  7.9487480e-001  7.9487480e-001  7.9713206e-001
  4.6686713e+002  7.8457607e-001  7.8457607e-001  7.9156349e-001
  4.6688111e+002  7.7361524e-001  7.7361524e-001  7.8542480e-001
  4.6689510e+002  7.6208025e-001  7.6208025e-001  7.7878825e-001
  4.6690909e+002  7.5006024e-001  7.5006024e-001  7.7172686e-001
  4.6692307e+002  7.3764416e-001  7.3764416e-001  7.6431341e-001
  4.6693706e+002  7.2491772e-001  7.2491772e-001  7.5661773e-001
  4.6695104e+002  7.1196450e-001  7.1196450e-001  7.4870762e-001
  4.6696503e+002  6.9886746e-001  6.9886746e-001  7.4065033e-001
  4.6697902e+002  6.8570273e-001  6.8570273e-001  7.3250633e-001
  4.6699300e+002  6.7254175e-001  6.7254175e-001  7.2433151e-001
  4.6700699e+002  6.5945511e-001  6.5945511e-001  7.1618093e-001
  4.6702097e+002  6.4650343e-001  6.4650343e-001  7.0810031e-001
  4.6703496e+002  6.3374053e-001  6.3374053e-001  7.0012895e-001
  4.6704895e+002  6.2121925e-001  6.2121925e-001  6.9230523e-001
  4.6706293e+002  6.0898178e-001  6.0898178e-001  6.8465716e-001
  4.6707692e+002  5.9706293e-001  5.9706293e-001  6.7720556e-001
  4.6709090e+002  5.8549653e-001  5.8549653e-001  6.6997031e-001
  4.6710489e+002  5.7430566e-001  5.7430566e-001  6.6296095e-001
  4.6711888e+002  5.6350585e-001  5.6350585e-001  6.5617984e-001
  4.6713286e+002  5.5311177e-001  5.5311177e-001  6.4962845e-001
  4.6714685e+002  5.4312834e-001  5.4312834e-001  6.4329898e-001
  4.6716083e+002  5.3355362e-001  5.3355362e-001  6.3717708e-001
  4.6717482e+002  5.2438496e-001  5.2438496e-001  6.3124777e-001
  4.6718881e+002  5.1561236e-001  5.1561236e-001  6.2548957e-001
  4.6720279e+002  5.0722053e-001  5.0722053e-001  6.1987633e-001
  4.6721678e+002  4.9919375e-001  4.9919375e-001  6.1438154e-001
  4.6723076e+002  4.9151156e-001  4.9151156e-001  6.0897464e-001
  4.6724475e+002  4.8415012e-001  4.8415012e-001  6.0362223e-001
  4.6725874e+002  4.7708531e-001  4.7708531e-001  5.9829076e-001
  4.6727272e+002  4.7029013e-001  4.7029013e-001  5.9294597e-001
  4.6728671e+002  4.6373553e-001  4.6373553e-001  5.8755304e-001
  4.6730069e+002  4.5739245e-001  4.5739245e-001  5.8207730e-001
  4.6731468e+002  4.5123241e-001  4.5123241e-001  5.7648650e-001
  4.6732867e+002  4.4522733e-001  4.4522733e-001  5.7075011e-001
  4.6734265e+002  4.3934927e-001  4.3934927e-001  5.6483799e-001
  4.6735664e+002  4.3357208e-001  4.3357208e-001  5.5872491e-001
  4.6737062e+002  4.2787093e-001  4.2787093e-001  5.5238919e-001
  4.6738461e+002  4.2222121e-001  4.2222121e-001  5.4580969e-001
  4.6739860e+002  4.1660158e-001  4.1660158e-001  5.3897127e-001
  4.6741258e+002  4.1099309e-001  4.1099309e-001  5.3186323e-001
  4.6742657e+002  4.0537714e-001  4.0537714e-001  5.2447547e-001
  4.6744055e+002  3.9973915e-001  3.9973915e-001  5.1680469e-001
  4.6745454e+002  3.9406756e-001  3.9406756e-001  5.0885266e-001
  4.6746853e+002  3.8835112e-001  3.8835112e-001  5.0062167e-001
  4.6748251e+002  3.8258251e-001  3.8258251e-001  4.9211974e-001
  4.6749650e+002  3.7675730e-001  3.7675730e-001  4.8335921e-001
  4.6751048e+002  3.7087135e-001  3.7087135e-001  4.7435286e-001
  4.6752447e+002  3.6492388e-001  3.6492388e-001  4.6511835e-001
  4.6753846e+002  3.5891658e-001  3.5891658e-001  4.5567707e-001
  4.6755244e+002  3.5285141e-001  3.5285141e-001  4.4605063e-001
  4.6756643e+002  3.4673263e-001  3.4673263e-001  4.3626298e-001
  4.6758041e+002  3.4056631e-001  3.4056631e-001  4.2633985e-001
  4.6759440e+002  3.3435869e-001  3.3435869e-001  4.1630707e-001
  4.6760839e+002  3.2811800e-001  3.2811800e-001  4.0619158e-001
  4.6762237e+002  3.2185399e-001  3.2185399e-001  3.9602115e-001
  4.6763636e+002  3.1557646e-001  3.1557646e-001  3.8582349e-001
  4.6765034e+002  3.0929504e-001  3.0929504e-001  3.7562532e-001
  4.6766433e+002  3.0301931e-001  3.0301931e-001  3.6545259e-001
  4.6767832e+002  2.9675882e-001  2.9675882e-001  3.5533109e-001
  4.6769230e+002  2.9052348e-001  2.9052348e-001  3.4528480e-001
  4.6770629e+002  2.8432345e-001  2.8432345e-001  3.3533628e-001
  4.6772027e+002  2.7816881e-001  2.7816881e-001  3.2550784e-001
  4.6773426e+002  2.7206846e-001  2.7206846e-001  3.1581884e-001
  4.6774825e+002  2.6603040e-001  2.6603040e-001  3.0628631e-001
  4.6776223e+002  2.6006253e-001  2.6006253e-001  2.9692703e-001
  4.6777622e+002  2.5417181e-001  2.5417181e-001  2.8775523e-001
  4.6779020e+002  2.4836442e-001  2.4836442e-001  2.7878308e-001
  4.6780419e+002  2.4264648e-001  2.4264648e-001  2.7002256e-001
  4.6781818e+002  2.3702286e-001  2.3702286e-001  2.6148294e-001
  4.6783216e+002  2.3149747e-001  2.3149747e-001  2.5317139e-001
  4.6784615e+002  2.2607413e-001  2.2607413e-001  2.4509484e-001
  4.6786013e+002  2.2075573e-001  2.2075573e-001  2.3725794e-001
  4.6787412e+002  2.1554443e-001  2.1554443e-001  2.2966342e-001
  4.6788811e+002  2.1044231e-001  2.1044231e-001  2.2231389e-001
  4.6790209e+002  2.0545049e-001  2.0545049e-001  2.1521044e-001
  4.6791608e+002  2.0056931e-001  2.0056931e-001  2.0835298e-001
  4.6793006e+002  1.9579907e-001  1.9579907e-001  2.0174123e-001
  4.6794405e+002  1.9113987e-001  1.9113987e-001  1.9537336e-001
  4.6795804e+002  1.8659162e-001  1.8659162e-001  1.8924622e-001
  4.6797202e+002  1.8215423e-001  1.8215423e-001  1.8335658e-001
  4.6798601e+002  1.7782737e-001  1.7782737e-001  1.7770099e-001
  4.6799999e+002  1.7361051e-001  1.7361051e-001  1.7227575e-001
  4.6801398e+002  1.6950310e-001  1.6950310e-001  1.6707713e-001
  4.6802797e+002  1.6550429e-001  1.6550429e-001  1.6210022e-001
  4.6804195e+002  1.6161296e-001  1.6161296e-001  1.5733917e-001
  4.6805594e+002  1.5782805e-001  1.5782805e-001  1.5278812e-001
  4.6806992e+002  1.5414904e-001  1.5414904e-001  1.4844142e-001
  4.6808391e+002  1.5057594e-001  1.5057594e-001  1.4429354e-001
  4.6809790e+002  1.4710873e-001  1.4710873e-001  1.4033898e-001
  4.6811188e+002  1.4374678e-001  1.4374678e-001  1.3657169e-001
  4.6812587e+002  1.4048896e-001  1.4048896e-001  1.3298521e-001
  4.6813985e+002  1.3733415e-001  1.3733415e-001  1.2957306e-001
  4.6815384e+002  1.3428191e-001  1.3428191e-001  1.2632889e-001
  4.6816783e+002  1.3133241e-001  1.3133241e-001  1.2324645e-001
  4.6818181e+002  1.2848577e-001  1.2848577e-001  1.2031947e-001
  4.6819580e+002  1.2574142e-001  1.2574142e-001  1.1754143e-001
  4.6820978e+002  1.2309819e-001  1.2309819e-001  1.1490562e-001
  4.6822377e+002  1.2055488e-001  1.2055488e-001  1.1240529e-001
  4.6823776e+002  1.1811045e-001  1.1811045e-001  1.1003405e-001
  4.6825174e+002  1.1576398e-001  1.1576398e-001  1.0778578e-001
  4.6826573e+002  1.1351452e-001  1.1351452e-001  1.0565434e-001
  4.6827971e+002  1.1136069e-001  1.1136069e-001  1.0363343e-001
  4.6829370e+002  1.0930073e-001  1.0930073e-001  1.0171662e-001
  4.6830769e+002  1.0733282e-001  1.0733282e-001  9.9897457e-002
  4.6832167e+002  1.0545482e-001  1.0545482e-001  9.8169886e-002
  4.6833566e+002  1.0366426e-001  1.0366426e-001  9.6528153e-002
  4.6834964e+002  1.0195865e-001  1.0195865e-001  9.4966525e-002
  4.6836363e+002  1.0033507e-001  1.0033507e-001  9.3479397e-002
  4.6837762e+002  9.8790282e-002  9.8790282e-002  9.2061283e-002
  4.6839160e+002  9.7321000e-002  9.7321000e-002  9.0706725e-002
  4.6840559e+002  9.5923649e-002  9.5923649e-002  8.9410791e-002
  4.6841957e+002  9.4594397e-002  9.4594397e-002  8.8169015e-002
  4.6843356e+002  9.3329394e-002  9.3329394e-002  8.6976965e-002
  4.6844755e+002  9.2124676e-002  9.2124676e-002  8.5830503e-002
  4.6846153e+002  9.0976176e-002  9.0976176e-002  8.4725758e-002
  4.6847552e+002  8.9879817e-002  8.9879817e-002  8.3658880e-002
  4.6848950e+002  8.8831438e-002  8.8831438e-002  8.2626268e-002
  4.6850349e+002  8.7826799e-002  8.7826799e-002  8.1624549e-002
  4.6851748e+002  8.6861669e-002  8.6861669e-002  8.0650388e-002
  4.6853146e+002  8.5931993e-002  8.5931993e-002  7.9701108e-002
  4.6854545e+002  8.5033876e-002  8.5033876e-002  7.8774628e-002
  4.6855943e+002  8.4163441e-002  8.4163441e-002  7.7868902e-002
  4.6857342e+002  8.3317020e-002  8.3317020e-002  7.6982060e-002
  4.6858741e+002  8.2491132e-002  8.2491132e-002  7.6112397e-002
  4.6860139e+002  8.1682325e-002  8.1682325e-002  7.5258231e-002
  4.6861538e+002  8.0887518e-002  8.0887518e-002  7.4418163e-002
  4.6862936e+002  8.0103980e-002  8.0103980e-002  7.3591063e-002
  4.6864335e+002  7.9329003e-002  7.9329003e-002  7.2775827e-002
  4.6865734e+002  7.8560101e-002  7.8560101e-002  7.1971673e-002
  4.6867132e+002  7.7794998e-002  7.7794998e-002  7.1178124e-002
  4.6868531e+002  7.7031459e-002  7.7031459e-002  7.0394704e-002
  4.6869929e+002  7.6267896e-002  7.6267896e-002  6.9620726e-002
  4.6871328e+002  7.5503337e-002  7.5503337e-002  6.8855306e-002
  4.6872727e+002  7.4736827e-002  7.4736827e-002  6.8097561e-002
  4.6874125e+002  7.3967322e-002  7.3967322e-002  6.7346856e-002
  4.6875524e+002  7.3193691e-002  7.3193691e-002  6.6602788e-002
  4.6876922e+002  7.2414825e-002  7.2414825e-002  6.5864965e-002
  4.6878321e+002  7.1630143e-002  7.1630143e-002  6.5133040e-002
  4.6879720e+002  7.0839573e-002  7.0839573e-002  6.4406712e-002
  4.6881118e+002  7.0043068e-002  7.0043068e-002  6.3685672e-002
  4.6882517e+002  6.9240724e-002  6.9240724e-002  6.2969458e-002
  4.6883915e+002  6.8432772e-002  6.8432772e-002  6.2257456e-002
  4.6885314e+002  6.7619448e-002  6.7619448e-002  6.1549048e-002
  4.6886713e+002  6.6800977e-002  6.6800977e-002  6.0843653e-002
  4.6888111e+002  6.5977572e-002  6.5977572e-002  6.0140724e-002
  4.6889510e+002  6.5149467e-002  6.5149467e-002  5.9439728e-002
  4.6890908e+002  6.4317336e-002  6.4317336e-002  5.8740412e-002
  4.6892307e+002  6.3482288e-002  6.3482288e-002  5.8042794e-002
  4.6893706e+002  6.2645442e-002  6.2645442e-002  5.7346903e-002
  4.6895104e+002  6.1807771e-002  6.1807771e-002  5.6652688e-002
  4.6896503e+002  6.0970101e-002  6.0970101e-002  5.5960017e-002
  4.6897901e+002  6.0133261e-002  6.0133261e-002  5.5268771e-002
  4.6899300e+002  5.9298224e-002  5.9298224e-002  5.4579136e-002
  4.6900699e+002  5.8466115e-002  5.8466115e-002  5.3891600e-002
  4.6902097e+002  5.7638068e-002  5.7638068e-002  5.3206674e-002
  4.6903496e+002  5.6815299e-002  5.6815299e-002  5.2525055e-002
  4.6904894e+002  5.5999114e-002  5.5999114e-002  5.1847628e-002
  4.6906293e+002  5.5190809e-002  5.5190809e-002  5.1175278e-002
  4.6907692e+002  5.4391462e-002  5.4391462e-002  5.0508629e-002
  4.6909090e+002  5.3601922e-002  5.3601922e-002  4.9848046e-002
  4.6910489e+002  5.2823033e-002  5.2823033e-002  4.9193908e-002
  4.6911887e+002  5.2055647e-002  5.2055647e-002  4.8547168e-002
  4.6913286e+002  5.1300631e-002  5.1300631e-002  4.7909369e-002
  4.6914685e+002  5.0558846e-002  5.0558846e-002  4.7282051e-002
  4.6916083e+002  4.9831067e-002  4.9831067e-002  4.6666017e-002
  4.6917482e+002  4.9117977e-002  4.9117977e-002  4.6061320e-002
  4.6918880e+002  4.8420238e-002  4.8420238e-002  4.5467999e-002
  4.6920279e+002  4.7738068e-002  4.7738068e-002  4.4886617e-002
  4.6921678e+002  4.7071230e-002  4.7071230e-002  4.4318279e-002
  4.6923076e+002  4.6419475e-002  4.6419475e-002  4.3764094e-002
  4.6924475e+002  4.5782847e-002  4.5782847e-002  4.3224587e-002
  4.6925873e+002  4.5161687e-002  4.5161687e-002  4.2699675e-002
  4.6927272e+002  4.4556337e-002  4.4556337e-002  4.2189245e-002
  4.6928671e+002  4.3966680e-002  4.3966680e-002  4.1693178e-002
  4.6930069e+002  4.3392121e-002  4.3392121e-002  4.1211342e-002
  4.6931468e+002  4.2832051e-002  4.2832051e-002  4.0743611e-002
  4.6932866e+002  4.2286102e-002  4.2286102e-002  4.0289957e-002
  4.6934265e+002  4.1754161e-002  4.1754161e-002  3.9850454e-002
  4.6935664e+002  4.1236114e-002  4.1236114e-002  3.9425168e-002
  4.6937062e+002  4.0731605e-002  4.0731605e-002  3.9013783e-002
  4.6938461e+002  4.0240008e-002  4.0240008e-002  3.8615574e-002
  4.6939859e+002  3.9760698e-002  3.9760698e-002  3.8229811e-002
  4.6941258e+002  3.9293282e-002  3.9293282e-002  3.7856169e-002
  4.6942657e+002  3.8837628e-002  3.8837628e-002  3.7494755e-002
  4.6944055e+002  3.8393615e-002  3.8393615e-002  3.7145679e-002
  4.6945454e+002  3.7961187e-002  3.7961187e-002  3.6808592e-002
  4.6946852e+002  3.7540358e-002  3.7540358e-002  3.6482639e-002
  4.6948251e+002  3.7131135e-002  3.7131135e-002  3.6166957e-002
  4.6949650e+002  3.6733291e-002  3.6733291e-002  3.5861114e-002
  4.6951048e+002  3.6346340e-002  3.6346340e-002  3.5565150e-002
  4.6952447e+002  3.5969798e-002  3.5969798e-002  3.5279121e-002
  4.6953845e+002  3.5603551e-002  3.5603551e-002  3.5002832e-002
  4.6955244e+002  3.5247891e-002  3.5247891e-002  3.4735809e-002
  4.6956643e+002  3.4903126e-002  3.4903126e-002  3.4477571e-002
  4.6958041e+002  3.4569325e-002  3.4569325e-002  3.4227701e-002
  4.6959440e+002  3.4246295e-002  3.4246295e-002  3.3985859e-002
  4.6960838e+002  3.3933829e-002  3.3933829e-002  3.3751711e-002
  4.6962237e+002  3.3631800e-002  3.3631800e-002  3.3524895e-002
  4.6963636e+002  3.3340166e-002  3.3340166e-002  3.3305025e-002
  4.6965034e+002  3.3058886e-002  3.3058886e-002  3.3091716e-002
  4.6966433e+002  3.2787849e-002  3.2787849e-002  3.2884607e-002
  4.6967831e+002  3.2526865e-002  3.2526865e-002  3.2683365e-002
  4.6969230e+002  3.2275744e-002  3.2275744e-002  3.2487657e-002
  4.6970629e+002  3.2034504e-002  3.2034504e-002  3.2297071e-002
  4.6972027e+002  3.1803399e-002  3.1803399e-002  3.2111107e-002
  4.6973426e+002  3.1582688e-002  3.1582688e-002  3.1929257e-002
  4.6974824e+002  3.1372367e-002  3.1372367e-002  3.1751059e-002
  4.6976223e+002  3.1172138e-002  3.1172138e-002  3.1576099e-002
  4.6977622e+002  3.0981688e-002  3.0981688e-002  3.1403969e-002
  4.6979020e+002  3.0800794e-002  3.0800794e-002  3.1234418e-002
  4.6980419e+002  3.0629341e-002  3.0629341e-002  3.1067377e-002
  4.6981817e+002  3.0467212e-002  3.0467212e-002  3.0902777e-002
  4.6983216e+002  3.0314189e-002  3.0314189e-002  3.0740380e-002
  4.6984615e+002  3.0169933e-002  3.0169933e-002  3.0579745e-002
  4.6986013e+002  3.0034101e-002  3.0034101e-002  3.0420428e-002
  4.6987412e+002  2.9906428e-002  2.9906428e-002  3.0262277e-002
  4.6988810e+002  2.9786743e-002  2.9786743e-002  3.0105482e-002
  4.6990209e+002  2.9674872e-002  2.9674872e-002  2.9950244e-002
  4.6991608e+002  2.9570430e-002  2.9570430e-002  2.9796503e-002
  4.6993006e+002  2.9472782e-002  2.9472782e-002  2.9643895e-002
  4.6994405e+002  2.9381281e-002  2.9381281e-002  2.9492043e-002
  4.6995803e+002  2.9295318e-002  2.9295318e-002  2.9340835e-002
  4.6997202e+002  2.9214330e-002  2.9214330e-002  2.9190469e-002
  4.6998601e+002  2.9137760e-002  2.9137760e-002  2.9041152e-002
  4.6999999e+002  2.9065103e-002  2.9065103e-002  2.8892787e-002
  4.7001398e+002  2.8995919e-002  2.8995919e-002  2.8744914e-002
  4.7002796e+002  2.8929769e-002  2.8929769e-002  2.8597063e-002
  4.7004195e+002  2.8866206e-002  2.8866206e-002  2.8449236e-002
  4.7005594e+002  2.8804770e-002  2.8804770e-002  2.8302009e-002
  4.7006992e+002  2.8744991e-002  2.8744991e-002  2.8155970e-002
  4.7008391e+002  2.8686152e-002  2.8686152e-002  2.8011087e-002
  4.7009789e+002  2.8627230e-002  2.8627230e-002  2.7866561e-002
  4.7011188e+002  2.8567199e-002  2.8567199e-002  2.7721567e-002
  4.7012587e+002  2.8505562e-002  2.8505562e-002  2.7575874e-002
  4.7013985e+002  2.8442475e-002  2.8442475e-002  2.7429988e-002
  4.7015384e+002  2.8378122e-002  2.8378122e-002  2.7284450e-002
  4.7016782e+002  2.8312240e-002  2.8312240e-002  2.7139459e-002
  4.7018181e+002  2.8244012e-002  2.8244012e-002  2.6994791e-002
  4.7019580e+002  2.8172598e-002  2.8172598e-002  2.6850196e-002
  4.7020978e+002  2.8097467e-002  2.8097467e-002  2.6705489e-002
  4.7022377e+002  2.8018475e-002  2.8018475e-002  2.6560565e-002
  4.7023775e+002  2.7935503e-002  2.7935503e-002  2.6415326e-002
  4.7025174e+002  2.7848337e-002  2.7848337e-002  2.6269758e-002
  4.7026573e+002  2.7756643e-002  2.7756643e-002  2.6123951e-002
  4.7027971e+002  2.7660084e-002  2.7660084e-002  2.5977999e-002
  4.7029370e+002  2.7558387e-002  2.7558387e-002  2.5831833e-002
  4.7030768e+002  2.7451363e-002  2.7451363e-002  2.5685174e-002
  4.7032167e+002  2.7338830e-002  2.7338830e-002  2.5537734e-002
  4.7033566e+002  2.7220670e-002  2.7220670e-002  2.5389329e-002
  4.7034964e+002  2.7096842e-002  2.7096842e-002  2.5239910e-002
  4.7036363e+002  2.6967320e-002  2.6967320e-002  2.5089435e-002
  4.7037761e+002  2.6832217e-002  2.6832217e-002  2.4937839e-002
  4.7039160e+002  2.6691839e-002  2.6691839e-002  2.4785023e-002
  4.7040559e+002  2.6546496e-002  2.6546496e-002  2.4630888e-002
  4.7041957e+002  2.6396318e-002  2.6396318e-002  2.4475328e-002
  4.7043356e+002  2.6241197e-002  2.6241197e-002  2.4318230e-002
  4.7044754e+002  2.6081018e-002  2.6081018e-002  2.4159480e-002
  4.7046153e+002  2.5916020e-002  2.5916020e-002  2.3999014e-002
  4.7047552e+002  2.5746903e-002  2.5746903e-002  2.3836829e-002
  4.7048950e+002  2.5574398e-002  2.5574398e-002  2.3672928e-002
  4.7050349e+002  2.5399147e-002  2.5399147e-002  2.3507357e-002
  4.7051747e+002  2.5221674e-002  2.5221674e-002  2.3340219e-002
  4.7053146e+002  2.5042497e-002  2.5042497e-002  2.3171623e-002
  4.7054545e+002  2.4862136e-002  2.4862136e-002  2.3001682e-002
  4.7055943e+002  2.4681112e-002  2.4681112e-002  2.2830516e-002
  4.7057342e+002  2.4499953e-002  2.4499953e-002  2.2658251e-002
  4.7058740e+002  2.4319259e-002  2.4319259e-002  2.2485172e-002
  4.7060139e+002  2.4139737e-002  2.4139737e-002  2.2311779e-002
  4.7061538e+002  2.3962091e-002  2.3962091e-002  2.2138583e-002
  4.7062936e+002  2.3786718e-002  2.3786718e-002  2.1965900e-002
  4.7064335e+002  2.3613598e-002  2.3613598e-002  2.1793781e-002
  4.7065733e+002  2.3442687e-002  2.3442687e-002  2.1622260e-002
  4.7067132e+002  2.3274201e-002  2.3274201e-002  2.1451549e-002
  4.7068531e+002  2.3108709e-002  2.3108709e-002  2.1282096e-002
  4.7069929e+002  2.2946794e-002  2.2946794e-002  2.1114358e-002
  4.7071328e+002  2.2788535e-002  2.2788535e-002  2.0948517e-002
  4.7072726e+002  2.2633314e-002  2.2633314e-002  2.0784369e-002
  4.7074125e+002  2.2480468e-002  2.2480468e-002  2.0621691e-002
  4.7075524e+002  2.2329544e-002  2.2329544e-002  2.0460530e-002
  4.7076922e+002  2.2180382e-002  2.2180382e-002  2.0301319e-002
  4.7078321e+002  2.2032842e-002  2.2032842e-002  2.0144506e-002
  4.7079719e+002  2.1886662e-002  2.1886662e-002  1.9990164e-002
  4.7081118e+002  2.1741416e-002  2.1741416e-002  1.9837839e-002
  4.7082517e+002  2.1596659e-002  2.1596659e-002  1.9687038e-002
  4.7083915e+002  2.1451778e-002  2.1451778e-002  1.9537410e-002
  4.7085314e+002  2.1305920e-002  2.1305920e-002  1.9388796e-002
  4.7086712e+002  2.1158221e-002  2.1158221e-002  1.9241054e-002
  4.7088111e+002  2.1008178e-002  2.1008178e-002  1.9094081e-002
  4.7089510e+002  2.0855800e-002  2.0855800e-002  1.8947834e-002
  4.7090908e+002  2.0701131e-002  2.0701131e-002  1.8802270e-002
  4.7092307e+002  2.0544029e-002  2.0544029e-002  1.8657267e-002
  4.7093705e+002  2.0384087e-002  2.0384087e-002  1.8512581e-002
  4.7095104e+002  2.0220878e-002  2.0220878e-002  1.8367964e-002
  4.7096503e+002  2.0054146e-002  2.0054146e-002  1.8223239e-002
  4.7097901e+002  1.9883878e-002  1.9883878e-002  1.8078332e-002
  4.7099300e+002  1.9710081e-002  1.9710081e-002  1.7933184e-002
  4.7100698e+002  1.9532919e-002  1.9532919e-002  1.7787955e-002
  4.7102097e+002  1.9352782e-002  1.9352782e-002  1.7643131e-002
  4.7103496e+002  1.9170077e-002  1.9170077e-002  1.7499218e-002
  4.7104894e+002  1.8985059e-002  1.8985059e-002  1.7356401e-002
  4.7106293e+002  1.8797772e-002  1.8797772e-002  1.7214400e-002
  4.7107691e+002  1.8608244e-002  1.8608244e-002  1.7072908e-002
  4.7109090e+002  1.8416724e-002  1.8416724e-002  1.6932024e-002
  4.7110489e+002  1.8223787e-002  1.8223787e-002  1.6792457e-002
  4.7111887e+002  1.8030034e-002  1.8030034e-002  1.6654960e-002
  4.7113286e+002  1.7835964e-002  1.7835964e-002  1.6520018e-002
  4.7114684e+002  1.7641928e-002  1.7641928e-002  1.6387722e-002
  4.7116083e+002  1.7448263e-002  1.7448263e-002  1.6258132e-002
  4.7117482e+002  1.7255277e-002  1.7255277e-002  1.6131328e-002
  4.7118880e+002  1.7063236e-002  1.7063236e-002  1.6007423e-002
  4.7120279e+002  1.6872398e-002  1.6872398e-002  1.5886535e-002
  4.7121677e+002  1.6683033e-002  1.6683033e-002  1.5768745e-002
  4.7123076e+002  1.6495423e-002  1.6495423e-002  1.5654088e-002
  4.7124475e+002  1.6309849e-002  1.6309849e-002  1.5542596e-002
  4.7125873e+002  1.6126591e-002  1.6126591e-002  1.5434408e-002
  4.7127272e+002  1.5945919e-002  1.5945919e-002  1.5329829e-002
  4.7128670e+002  1.5768103e-002  1.5768103e-002  1.5229172e-002
  4.7130069e+002  1.5593425e-002  1.5593425e-002  1.5132561e-002
  4.7131468e+002  1.5422180e-002  1.5422180e-002  1.5039830e-002
  4.7132866e+002  1.5254665e-002  1.5254665e-002  1.4950786e-002
  4.7134265e+002  1.5091141e-002  1.5091141e-002  1.4865272e-002
  4.7135663e+002  1.4931815e-002  1.4931815e-002  1.4783180e-002
  4.7137062e+002  1.4776891e-002  1.4776891e-002  1.4704409e-002
  4.7138461e+002  1.4626494e-002  1.4626494e-002  1.4628914e-002
  4.7139859e+002  1.4480633e-002  1.4480633e-002  1.4556733e-002
  4.7141258e+002  1.4339307e-002  1.4339307e-002  1.4487913e-002
  4.7142656e+002  1.4202651e-002  1.4202651e-002  1.4422451e-002
  4.7144055e+002  1.4071001e-002  1.4071001e-002  1.4360269e-002
  4.7145454e+002  1.3944714e-002  1.3944714e-002  1.4301278e-002
  4.7146852e+002  1.3823894e-002  1.3823894e-002  1.4245331e-002
  4.7148251e+002  1.3708256e-002  1.3708256e-002  1.4192178e-002
  4.7149649e+002  1.3597482e-002  1.3597482e-002  1.4141564e-002
  4.7151048e+002  1.3491506e-002  1.3491506e-002  1.4093329e-002
  4.7152447e+002  1.3390666e-002  1.3390666e-002  1.4047465e-002
  4.7153845e+002  1.3295332e-002  1.3295332e-002  1.4003980e-002
  4.7155244e+002  1.3205513e-002  1.3205513e-002  1.3962758e-002
  4.7156642e+002  1.3120640e-002  1.3120640e-002  1.3923491e-002
  4.7158041e+002  1.3040094e-002  1.3040094e-002  1.3885852e-002
  4.7159440e+002  1.2963443e-002  1.2963443e-002  1.3849503e-002
  4.7160838e+002  1.2890554e-002  1.2890554e-002  1.3814078e-002
  4.7162237e+002  1.2821325e-002  1.2821325e-002  1.3779213e-002
  4.7163635e+002  1.2755663e-002  1.2755663e-002  1.3744519e-002
  4.7165034e+002  1.2693495e-002  1.2693495e-002  1.3709572e-002
  4.7166433e+002  1.2634746e-002  1.2634746e-002  1.3673947e-002
  4.7167831e+002  1.2579112e-002  1.2579112e-002  1.3637318e-002
  4.7169230e+002  1.2525912e-002  1.2525912e-002  1.3599530e-002
  4.7170628e+002  1.2474431e-002  1.2474431e-002  1.3560444e-002
  4.7172027e+002  1.2424270e-002  1.2424270e-002  1.3519926e-002
  4.7173426e+002  1.2375553e-002  1.2375553e-002  1.3477855e-002
  4.7174824e+002  1.2328449e-002  1.2328449e-002  1.3434109e-002
  4.7176223e+002  1.2282883e-002  1.2282883e-002  1.3388438e-002
  4.7177621e+002  1.2238365e-002  1.2238365e-002  1.3340375e-002
  4.7179020e+002  1.2194371e-002  1.2194371e-002  1.3289436e-002
  4.7180419e+002  1.2150657e-002  1.2150657e-002  1.3235449e-002
  4.7181817e+002  1.2107456e-002  1.2107456e-002  1.3178773e-002
  4.7183216e+002  1.2065046e-002  1.2065046e-002  1.3119819e-002
  4.7184614e+002  1.2023595e-002  1.2023595e-002  1.3058835e-002
  4.7186013e+002  1.1983089e-002  1.1983089e-002  1.2995802e-002
  4.7187412e+002  1.1943496e-002  1.1943496e-002  1.2930674e-002
  4.7188810e+002  1.1904742e-002  1.1904742e-002  1.2863536e-002
  4.7190209e+002  1.1866685e-002  1.1866685e-002  1.2794696e-002
  4.7191607e+002  1.1829178e-002  1.1829178e-002  1.2724485e-002
  4.7193006e+002  1.1792149e-002  1.1792149e-002  1.2653252e-002
  4.7194405e+002  1.1755658e-002  1.1755658e-002  1.2581382e-002
  4.7195803e+002  1.1719776e-002  1.1719776e-002  1.2509262e-002
  4.7197202e+002  1.1684504e-002  1.1684504e-002  1.2437070e-002
  4.7198600e+002  1.1649709e-002  1.1649709e-002  1.2364620e-002
  4.7199999e+002  1.1615249e-002  1.1615249e-002  1.2291692e-002
  4.7201398e+002  1.1581011e-002  1.1581011e-002  1.2218310e-002
  4.7202796e+002  1.1546937e-002  1.1546937e-002  1.2144935e-002
  4.7204195e+002  1.1512974e-002  1.1512974e-002  1.2072065e-002
  4.7205593e+002  1.1479019e-002  1.1479019e-002  1.1999990e-002
  4.7206992e+002  1.1444881e-002  1.1444881e-002  1.1928622e-002
  4.7208391e+002  1.1410362e-002  1.1410362e-002  1.1857838e-002
  4.7209789e+002  1.1375243e-002  1.1375243e-002  1.1787553e-002
  4.7211188e+002  1.1339268e-002  1.1339268e-002  1.1717760e-002
  4.7212586e+002  1.1302179e-002  1.1302179e-002  1.1648454e-002
  4.7213985e+002  1.1263661e-002  1.1263661e-002  1.1579494e-002
  4.7215384e+002  1.1223293e-002  1.1223293e-002  1.1510481e-002
  4.7216782e+002  1.1180649e-002  1.1180649e-002  1.1440993e-002
  4.7218181e+002  1.1135548e-002  1.1135548e-002  1.1370760e-002
  4.7219579e+002  1.1088258e-002  1.1088258e-002  1.1299788e-002
  4.7220978e+002  1.1039095e-002  1.1039095e-002  1.1228113e-002
  4.7222377e+002  1.0987991e-002  1.0987991e-002  1.1155668e-002
  4.7223775e+002  1.0934181e-002  1.0934181e-002  1.1082197e-002
  4.7225174e+002  1.0876832e-002  1.0876832e-002  1.1007424e-002
  4.7226572e+002  1.0815653e-002  1.0815653e-002  1.0931152e-002
  4.7227971e+002  1.0751359e-002  1.0751359e-002  1.0853326e-002
  4.7229370e+002  1.0684774e-002  1.0684774e-002  1.0773904e-002
  4.7230768e+002  1.0616188e-002  1.0616188e-002  1.0692822e-002
  4.7232167e+002  1.0544907e-002  1.0544907e-002  1.0609966e-002
  4.7233565e+002  1.0470134e-002  1.0470134e-002  1.0525218e-002
  4.7234964e+002  1.0391562e-002  1.0391562e-002  1.0438485e-002
  4.7236363e+002  1.0309812e-002  1.0309812e-002  1.0349722e-002
  4.7237761e+002  1.0225602e-002  1.0225602e-002  1.0258890e-002
  4.7239160e+002  1.0139285e-002  1.0139285e-002  1.0166052e-002
  4.7240558e+002  1.0050510e-002  1.0050510e-002  1.0071464e-002
  4.7241957e+002  9.9588547e-003  9.9588547e-003  9.9753985e-003
  4.7243356e+002  9.8641668e-003  9.8641668e-003  9.8778789e-003
  4.7244754e+002  9.7668180e-003  9.7668180e-003  9.7784484e-003
  4.7246153e+002  9.6672376e-003  9.6672376e-003  9.6765990e-003
  4.7247551e+002  9.5656585e-003  9.5656585e-003  9.5721938e-003
  4.7248950e+002  9.4619357e-003  9.4619357e-003  9.4658114e-003
  4.7250349e+002  9.3558822e-003  9.3558822e-003  9.3581095e-003
  4.7251747e+002  9.2474716e-003  9.2474716e-003  9.2493902e-003
  4.7253146e+002  9.1369904e-003  9.1369904e-003  9.1392642e-003
  4.7254544e+002  9.0247603e-003  9.0247603e-003  9.0272652e-003
  4.7255943e+002  8.9110041e-003  8.9110041e-003  8.9132805e-003
  4.7257342e+002  8.7957507e-003  8.7957507e-003  8.7978913e-003
  4.7258740e+002  8.6790065e-003  8.6790065e-003  8.6817565e-003
  4.7260139e+002  8.5608407e-003  8.5608407e-003  8.5651689e-003
  4.7261537e+002  8.4414454e-003  8.4414454e-003  8.4476974e-003
  4.7262936e+002  8.3210272e-003  8.3210272e-003  8.3288285e-003
  4.7264335e+002  8.1998141e-003  8.1998141e-003  8.2084710e-003
  4.7265733e+002  8.0780763e-003  8.0780763e-003  8.0873748e-003
  4.7267132e+002  7.9560893e-003  7.9560893e-003  7.9663881e-003
  4.7268530e+002  7.8341526e-003  7.8341526e-003  7.8460628e-003
  4.7269929e+002  7.7126147e-003  7.7126147e-003  7.7263559e-003
  4.7271328e+002  7.5918286e-003  7.5918286e-003  7.6071537e-003
  4.7272726e+002  7.4720307e-003  7.4720307e-003  7.4884264e-003
  4.7274125e+002  7.3532197e-003  7.3532197e-003  7.3703146e-003
  4.7275523e+002  7.2353662e-003  7.2353662e-003  7.2529806e-003
  4.7276922e+002  7.1185469e-003  7.1185469e-003  7.1367123e-003
  4.7278321e+002  7.0030553e-003  7.0030553e-003  7.0220552e-003
  4.7279719e+002  6.8892115e-003  6.8892115e-003  6.9095845e-003
  4.7281118e+002  6.7773633e-003  6.7773633e-003  6.7996257e-003
  4.7282516e+002  6.6679156e-003  6.6679156e-003  6.6919891e-003
  4.7283915e+002  6.5612787e-003  6.5612787e-003  6.5864229e-003
  4.7285314e+002  6.4576488e-003  6.4576488e-003  6.4828811e-003
  4.7286712e+002  6.3567756e-003  6.3567756e-003  6.3817463e-003
  4.7288111e+002  6.2583547e-003  6.2583547e-003  6.2834531e-003
  4.7289509e+002  6.1622485e-003  6.1622485e-003  6.1881926e-003
  4.7290908e+002  6.0686697e-003  6.0686697e-003  6.0956462e-003
  4.7292307e+002  5.9778744e-003  5.9778744e-003  6.0054327e-003
  4.7293705e+002  5.8899935e-003  5.8899935e-003  5.9174435e-003
  4.7295104e+002  5.8048927e-003  5.8048927e-003  5.8321470e-003
  4.7296502e+002  5.7224041e-003  5.7224041e-003  5.7500828e-003
  4.7297901e+002  5.6423684e-003  5.6423684e-003  5.6714338e-003
  4.7299300e+002  5.5646441e-003  5.5646441e-003  5.5956214e-003
  4.7300698e+002  5.4890925e-003  5.4890925e-003  5.5219714e-003
  4.7302097e+002  5.4156654e-003  5.4156654e-003  5.4501524e-003
  4.7303495e+002  5.3445078e-003  5.3445078e-003  5.3805700e-003
  4.7304894e+002  5.2757893e-003  5.2757893e-003  5.3137233e-003
  4.7306293e+002  5.2094728e-003  5.2094728e-003  5.2497427e-003
  4.7307691e+002  5.1450742e-003  5.1450742e-003  5.1879581e-003
  4.7309090e+002  5.0820524e-003  5.0820524e-003  5.1275965e-003
  4.7310488e+002  5.0201189e-003  5.0201189e-003  5.0682171e-003
  4.7311887e+002  4.9595392e-003  4.9595392e-003  5.0101063e-003
  4.7313286e+002  4.9006507e-003  4.9006507e-003  4.9536455e-003
  4.7314684e+002  4.8436212e-003  4.8436212e-003  4.8990500e-003
  4.7316083e+002  4.7882434e-003  4.7882434e-003  4.8461679e-003
  4.7317481e+002  4.7342607e-003  4.7342607e-003  4.7947986e-003
  4.7318880e+002  4.6815280e-003  4.6815280e-003  4.7447605e-003
  4.7320279e+002  4.6301482e-003  4.6301482e-003  4.6959147e-003
  4.7321677e+002  4.5802574e-003  4.5802574e-003  4.6481285e-003
  4.7323076e+002  4.5318717e-003  4.5318717e-003  4.6013572e-003
  4.7324474e+002  4.4847390e-003  4.4847390e-003  4.5557533e-003
  4.7325873e+002  4.4385719e-003  4.4385719e-003  4.5114962e-003
  4.7327272e+002  4.3932929e-003  4.3932929e-003  4.4687063e-003
  4.7328670e+002  4.3493007e-003  4.3493007e-003  4.4273708e-003
  4.7330069e+002  4.3070579e-003  4.3070579e-003  4.3874585e-003
  4.7331467e+002  4.2667711e-003  4.2667711e-003  4.3489318e-003
  4.7332866e+002  4.2280623e-003  4.2280623e-003  4.3117374e-003
  4.7334265e+002  4.1904732e-003  4.1904732e-003  4.2758204e-003
  4.7335663e+002  4.1537453e-003  4.1537453e-003  4.2412106e-003
  4.7337062e+002  4.1180786e-003  4.1180786e-003  4.2081330e-003
  4.7338460e+002  4.0837373e-003  4.0837373e-003  4.1768390e-003
  4.7339859e+002  4.0509008e-003  4.0509008e-003  4.1474016e-003
  4.7341258e+002  4.0195520e-003  4.0195520e-003  4.1194798e-003
  4.7342656e+002  3.9896461e-003  3.9896461e-003  4.0926746e-003
  4.7344055e+002  3.9611272e-003  3.9611272e-003  4.0667608e-003
  4.7345453e+002  3.9339139e-003  3.9339139e-003  4.0419185e-003
  4.7346852e+002  3.9079210e-003  3.9079210e-003  4.0183857e-003
  4.7348251e+002  3.8830407e-003  3.8830407e-003  3.9963363e-003
  4.7349649e+002  3.8591121e-003  3.8591121e-003  3.9757926e-003
  4.7351048e+002  3.8359668e-003  3.8359668e-003  3.9567549e-003
  4.7352446e+002  3.8135370e-003  3.8135370e-003  3.9391591e-003
  4.7353845e+002  3.7919938e-003  3.7919938e-003  3.9227869e-003
  4.7355244e+002  3.7715428e-003  3.7715428e-003  3.9073980e-003
  4.7356642e+002  3.7523080e-003  3.7523080e-003  3.8927769e-003
  4.7358041e+002  3.7342170e-003  3.7342170e-003  3.8787686e-003
  4.7359439e+002  3.7171684e-003  3.7171684e-003  3.8652270e-003
  4.7360838e+002  3.7009936e-003  3.7009936e-003  3.8521167e-003
  4.7362237e+002  3.6853617e-003  3.6853617e-003  3.8396701e-003
  4.7363635e+002  3.6699184e-003  3.6699184e-003  3.8281585e-003
  4.7365034e+002  3.6545109e-003  3.6545109e-003  3.8176802e-003
  4.7366432e+002  3.6394790e-003  3.6394790e-003  3.8079109e-003
  4.7367831e+002  3.6252358e-003  3.6252358e-003  3.7984633e-003
  4.7369230e+002  3.6120365e-003  3.6120365e-003  3.7890959e-003
  4.7370628e+002  3.5997489e-003  3.5997489e-003  3.7799252e-003
  4.7372027e+002  3.5881819e-003  3.5881819e-003  3.7711216e-003
  4.7373425e+002  3.5771411e-003  3.5771411e-003  3.7627350e-003
  4.7374824e+002  3.5664248e-003  3.5664248e-003  3.7545156e-003
  4.7376223e+002  3.5558304e-003  3.5558304e-003  3.7461685e-003
  4.7377621e+002  3.5453229e-003  3.5453229e-003  3.7375922e-003
  4.7379020e+002  3.5352870e-003  3.5352870e-003  3.7291689e-003
  4.7380418e+002  3.5261712e-003  3.5261712e-003  3.7213553e-003
  4.7381817e+002  3.5181857e-003  3.5181857e-003  3.7143829e-003
  4.7383216e+002  3.5109380e-003  3.5109380e-003  3.7079151e-003
  4.7384614e+002  3.5039421e-003  3.5039421e-003  3.7015273e-003
  4.7386013e+002  3.4969338e-003  3.4969338e-003  3.6949368e-003
  4.7387411e+002  3.4902126e-003  3.4902126e-003  3.6882215e-003
  4.7388810e+002  3.4841662e-003  3.4841662e-003  3.6815160e-003
  4.7390209e+002  3.4789558e-003  3.4789558e-003  3.6748925e-003
  4.7391607e+002  3.4741614e-003  3.4741614e-003  3.6682624e-003
  4.7393006e+002  3.4692710e-003  3.4692710e-003  3.6615118e-003
  4.7394404e+002  3.4640390e-003  3.4640390e-003  3.6546356e-003
  4.7395803e+002  3.4589083e-003  3.4589083e-003  3.6479102e-003
  4.7397202e+002  3.4544317e-003  3.4544317e-003  3.6416564e-003
  4.7398600e+002  3.4508781e-003  3.4508781e-003  3.6359626e-003
  4.7399999e+002  3.4477741e-003  3.4477741e-003  3.6303095e-003
  4.7401397e+002  3.4445270e-003  3.4445270e-003  3.6240798e-003
  4.7402796e+002  3.4407283e-003  3.4407283e-003  3.6169281e-003
  4.7404195e+002  3.4364565e-003  3.4364565e-003  3.6092251e-003
  4.7405593e+002  3.4318692e-003  3.4318692e-003  3.6014576e-003
  4.7406992e+002  3.4270762e-003  3.4270762e-003  3.5939392e-003
  4.7408390e+002  3.4220611e-003  3.4220611e-003  3.5865221e-003
  4.7409789e+002  3.4167865e-003  3.4167865e-003  3.5789824e-003
  4.7411188e+002  3.4112222e-003  3.4112222e-003  3.5711154e-003
  4.7412586e+002  3.4053567e-003  3.4053567e-003  3.5627663e-003
  4.7413985e+002  3.3991818e-003  3.3991818e-003  3.5537892e-003
  4.7415383e+002  3.3927081e-003  3.3927081e-003  3.5441342e-003
  4.7416782e+002  3.3859976e-003  3.3859976e-003  3.5340125e-003
  4.7418181e+002  3.3791206e-003  3.3791206e-003  3.5236788e-003
  4.7419579e+002  3.3720655e-003  3.3720655e-003  3.5132508e-003
  4.7420978e+002  3.3645963e-003  3.3645963e-003  3.5024724e-003
  4.7422376e+002  3.3564397e-003  3.3564397e-003  3.4910246e-003
  4.7423775e+002  3.3474981e-003  3.3474981e-003  3.4787749e-003
  4.7425174e+002  3.3381595e-003  3.3381595e-003  3.4661039e-003
  4.7426572e+002  3.3288942e-003  3.3288942e-003  3.4534798e-003
  4.7427971e+002  3.3199443e-003  3.3199443e-003  3.4411557e-003
  4.7429369e+002  3.3109181e-003  3.3109181e-003  3.4287881e-003
  4.7430768e+002  3.3013149e-003  3.3013149e-003  3.4159309e-003
  4.7432167e+002  3.2908500e-003  3.2908500e-003  3.4022907e-003
  4.7433565e+002  3.2798434e-003  3.2798434e-003  3.3880023e-003
  4.7434964e+002  3.2687200e-003  3.2687200e-003  3.3732749e-003
  4.7436362e+002  3.2577854e-003  3.2577854e-003  3.3583069e-003
  4.7437761e+002  3.2470069e-003  3.2470069e-003  3.3432673e-003
  4.7439160e+002  3.2362927e-003  3.2362927e-003  3.3283194e-003
  4.7440558e+002  3.2255586e-003  3.2255586e-003  3.3135182e-003
  4.7441957e+002  3.2147433e-003  3.2147433e-003  3.2986089e-003
  4.7443355e+002  3.2037890e-003  3.2037890e-003  3.2832820e-003
  4.7444754e+002  3.1925986e-003  3.1925986e-003  3.2672911e-003
  4.7446153e+002  3.1809606e-003  3.1809606e-003  3.2505705e-003
  4.7447551e+002  3.1686434e-003  3.1686434e-003  3.2330872e-003
  4.7448950e+002  3.1555651e-003  3.1555651e-003  3.2149155e-003
  4.7450348e+002  3.1420781e-003  3.1420781e-003  3.1964414e-003
  4.7451747e+002  3.1286129e-003  3.1286129e-003  3.1781072e-003
  4.7453146e+002  3.1154176e-003  3.1154176e-003  3.1601150e-003
  4.7454544e+002  3.1022061e-003  3.1022061e-003  3.1419642e-003
  4.7455943e+002  3.0885952e-003  3.0885952e-003  3.1230268e-003
  4.7457341e+002  3.0742858e-003  3.0742858e-003  3.1029054e-003
  4.7458740e+002  3.0592269e-003  3.0592269e-003  3.0818841e-003
  4.7460139e+002  3.0434132e-003  3.0434132e-003  3.0603720e-003
  4.7461537e+002  3.0269298e-003  3.0269298e-003  3.0387098e-003
  4.7462936e+002  3.0101316e-003  3.0101316e-003  3.0170346e-003
  4.7464334e+002  2.9934232e-003  2.9934232e-003  2.9954457e-003
  4.7465733e+002  2.9770098e-003  2.9770098e-003  2.9739653e-003
  4.7467132e+002  2.9604978e-003  2.9604978e-003  2.9523842e-003
  4.7468530e+002  2.9433812e-003  2.9433812e-003  2.9304500e-003
  4.7469929e+002  2.9253753e-003  2.9253753e-003  2.9080427e-003
  4.7471327e+002  2.9068645e-003  2.9068645e-003  2.8854432e-003
  4.7472726e+002  2.8883598e-003  2.8883598e-003  2.8630081e-003
  4.7474125e+002  2.8701691e-003  2.8701691e-003  2.8410029e-003
  4.7475523e+002  2.8519806e-003  2.8519806e-003  2.8194142e-003
  4.7476922e+002  2.8333640e-003  2.8333640e-003  2.7981756e-003
  4.7478320e+002  2.8141215e-003  2.8141215e-003  2.7772153e-003
  4.7479719e+002  2.7947713e-003  2.7947713e-003  2.7564457e-003
  4.7481118e+002  2.7759690e-003  2.7759690e-003  2.7357764e-003
  4.7482516e+002  2.7581189e-003  2.7581189e-003  2.7152268e-003
  4.7483915e+002  2.7408411e-003  2.7408411e-003  2.6951595e-003
  4.7485313e+002  2.7236039e-003  2.7236039e-003  2.6760033e-003
  4.7486712e+002  2.7060639e-003  2.7060639e-003  2.6579881e-003
  4.7488111e+002  2.6884688e-003  2.6884688e-003  2.6407188e-003
  4.7489509e+002  2.6711821e-003  2.6711821e-003  2.6236780e-003
  4.7490908e+002  2.6544147e-003  2.6544147e-003  2.6065673e-003
  4.7492306e+002  2.6378936e-003  2.6378936e-003  2.5897828e-003
  4.7493705e+002  2.6212502e-003  2.6212502e-003  2.5738580e-003
  4.7495104e+002  2.6043076e-003  2.6043076e-003  2.5591107e-003
  4.7496502e+002  2.5875004e-003  2.5875004e-003  2.5451700e-003
  4.7497901e+002  2.5713855e-003  2.5713855e-003  2.5315276e-003
  4.7499299e+002  2.5562515e-003  2.5562515e-003  2.5178599e-003
  4.7500698e+002  2.5415212e-003  2.5415212e-003  2.5044391e-003
  4.7502097e+002  2.5264437e-003  2.5264437e-003  2.4916573e-003
  4.7503495e+002  2.5105805e-003  2.5105805e-003  2.4797239e-003
  4.7504894e+002  2.4945111e-003  2.4945111e-003  2.4682533e-003
  4.7506292e+002  2.4790216e-003  2.4790216e-003  2.4567393e-003
  4.7507691e+002  2.4645919e-003  2.4645919e-003  2.4448837e-003
  4.7509090e+002  2.4506961e-003  2.4506961e-003  2.4330718e-003
  4.7510488e+002  2.4366028e-003  2.4366028e-003  2.4218290e-003
  4.7511887e+002  2.4218222e-003  2.4218222e-003  2.4114780e-003
  4.7513285e+002  2.4066679e-003  2.4066679e-003  2.4016701e-003
  4.7514684e+002  2.3916189e-003  2.3916189e-003  2.3919181e-003
  4.7516083e+002  2.3770443e-003  2.3770443e-003  2.3818939e-003
  4.7517481e+002  2.3629432e-003  2.3629432e-003  2.3718030e-003
  4.7518880e+002  2.3492382e-003  2.3492382e-003  2.3619616e-003
  4.7520278e+002  2.3358336e-003  2.3358336e-003  2.3525800e-003
  4.7521677e+002  2.3225735e-003  2.3225735e-003  2.3435089e-003
  4.7523076e+002  2.3092892e-003  2.3092892e-003  2.3345236e-003
  4.7524474e+002  2.2958838e-003  2.2958838e-003  2.3254488e-003
  4.7525873e+002  2.2825037e-003  2.2825037e-003  2.3162774e-003
  4.7527271e+002  2.2693474e-003  2.2693474e-003  2.3070378e-003
  4.7528670e+002  2.2565612e-003  2.2565612e-003  2.2977744e-003
  4.7530069e+002  2.2441123e-003  2.2441123e-003  2.2885862e-003
  4.7531467e+002  2.2319300e-003  2.2319300e-003  2.2795839e-003
  4.7532866e+002  2.2199733e-003  2.2199733e-003  2.2708727e-003
  4.7534264e+002  2.2083050e-003  2.2083050e-003  2.2625394e-003
  4.7535663e+002  2.1970107e-003  2.1970107e-003  2.2546669e-003
  4.7537062e+002  2.1861080e-003  2.1861080e-003  2.2472380e-003
  4.7538460e+002  2.1753778e-003  2.1753778e-003  2.2398873e-003
  4.7539859e+002  2.1645492e-003  2.1645492e-003  2.2321729e-003
  4.7541257e+002  2.1534863e-003  2.1534863e-003  2.2238450e-003
  4.7542656e+002  2.1425283e-003  2.1425283e-003  2.2153311e-003
  4.7544055e+002  2.1321192e-003  2.1321192e-003  2.2072075e-003
  4.7545453e+002  2.1225459e-003  2.1225459e-003  2.1998015e-003
  4.7546852e+002  2.1135351e-003  2.1135351e-003  2.1925540e-003
  4.7548250e+002  2.1046893e-003  2.1046893e-003  2.1847084e-003
  4.7549649e+002  2.0956917e-003  2.0956917e-003  2.1757945e-003
  4.7551048e+002  2.0865157e-003  2.0865157e-003  2.1663693e-003
  4.7552446e+002  2.0772001e-003  2.0772001e-003  2.1572204e-003
  4.7553845e+002  2.0678209e-003  2.0678209e-003  2.1488562e-003
  4.7555243e+002  2.0585905e-003  2.0585905e-003  2.1407734e-003
  4.7556642e+002  2.0497521e-003  2.0497521e-003  2.1322400e-003
  4.7558041e+002  2.0414212e-003  2.0414212e-003  2.1227445e-003
  4.7559439e+002  2.0332471e-003  2.0332471e-003  2.1125819e-003
  4.7560838e+002  2.0247724e-003  2.0247724e-003  2.1022317e-003
  4.7562236e+002  2.0157089e-003  2.0157089e-003  2.0920727e-003
  4.7563635e+002  2.0063911e-003  2.0063911e-003  2.0821127e-003
  4.7565034e+002  1.9972971e-003  1.9972971e-003  2.0722740e-003
  4.7566432e+002  1.9887574e-003  1.9887574e-003  2.0624628e-003
  4.7567831e+002  1.9805522e-003  1.9805522e-003  2.0525244e-003
  4.7569229e+002  1.9723339e-003  1.9723339e-003  2.0422901e-003
  4.7570628e+002  1.9638800e-003  1.9638800e-003  2.0316565e-003
  4.7572027e+002  1.9554389e-003  1.9554389e-003  2.0207645e-003
  4.7573425e+002  1.9473690e-003  1.9473690e-003  2.0098126e-003
  4.7574824e+002  1.9398723e-003  1.9398723e-003  1.9989518e-003
  4.7576222e+002  1.9325564e-003  1.9325564e-003  1.9881535e-003
  4.7577621e+002  1.9248886e-003  1.9248886e-003  1.9773465e-003
  4.7579020e+002  1.9165446e-003  1.9165446e-003  1.9664870e-003
  4.7580418e+002  1.9079990e-003  1.9079990e-003  1.9556363e-003
  4.7581817e+002  1.8999171e-003  1.8999171e-003  1.9448807e-003
  4.7583215e+002  1.8927687e-003  1.8927687e-003  1.9343400e-003
  4.7584614e+002  1.8862690e-003  1.8862690e-003  1.9242629e-003
  4.7586013e+002  1.8799512e-003  1.8799512e-003  1.9149289e-003
  4.7587411e+002  1.8734445e-003  1.8734445e-003  1.9064584e-003
  4.7588810e+002  1.8667520e-003  1.8667520e-003  1.8983513e-003
  4.7590208e+002  1.8599678e-003  1.8599678e-003  1.8899562e-003
  4.7591607e+002  1.8531853e-003  1.8531853e-003  1.8808451e-003
  4.7593006e+002  1.8464956e-003  1.8464956e-003  1.8714662e-003
  4.7594404e+002  1.8399893e-003  1.8399893e-003  1.8624829e-003
  4.7595803e+002  1.8337582e-003  1.8337582e-003  1.8543897e-003
  4.7597201e+002  1.8278987e-003  1.8278987e-003  1.8470118e-003
  4.7598600e+002  1.8225084e-003  1.8225084e-003  1.8400085e-003
  4.7599999e+002  1.8175885e-003  1.8175885e-003  1.8331201e-003
  4.7601397e+002  1.8127544e-003  1.8127544e-003  1.8264111e-003
  4.7602796e+002  1.8075251e-003  1.8075251e-003  1.8200270e-003
  4.7604194e+002  1.8016178e-003  1.8016178e-003  1.8140494e-003
  4.7605593e+002  1.7955493e-003  1.7955493e-003  1.8083020e-003
  4.7606992e+002  1.7900382e-003  1.7900382e-003  1.8025434e-003
  4.7608390e+002  1.7855659e-003  1.7855659e-003  1.7966155e-003
  4.7609789e+002  1.7816465e-003  1.7816465e-003  1.7906980e-003
  4.7611187e+002  1.7775482e-003  1.7775482e-003  1.7850570e-003
  4.7612586e+002  1.7727466e-003  1.7727466e-003  1.7798718e-003
  4.7613985e+002  1.7675698e-003  1.7675698e-003  1.7749651e-003
  4.7615383e+002  1.7625650e-003  1.7625650e-003  1.7700681e-003
  4.7616782e+002  1.7581354e-003  1.7581354e-003  1.7649961e-003
  4.7618180e+002  1.7540867e-003  1.7540867e-003  1.7599142e-003
  4.7619579e+002  1.7500700e-003  1.7500700e-003  1.7550776e-003
  4.7620978e+002  1.7458388e-003  1.7458388e-003  1.7506693e-003
  4.7622376e+002  1.7415758e-003  1.7415758e-003  1.7465698e-003
  4.7623775e+002  1.7375759e-003  1.7375759e-003  1.7425802e-003
  4.7625173e+002  1.7340437e-003  1.7340437e-003  1.7385308e-003
  4.7626572e+002  1.7308032e-003  1.7308032e-003  1.7343752e-003
  4.7627971e+002  1.7275776e-003  1.7275776e-003  1.7300993e-003
  4.7629369e+002  1.7241741e-003  1.7241741e-003  1.7257312e-003
  4.7630768e+002  1.7207554e-003  1.7207554e-003  1.7214780e-003
  4.7632166e+002  1.7175791e-003  1.7175791e-003  1.7175946e-003
  4.7633565e+002  1.7148321e-003  1.7148321e-003  1.7142263e-003
  4.7634964e+002  1.7123962e-003  1.7123962e-003  1.7110482e-003
  4.7636362e+002  1.7100711e-003  1.7100711e-003  1.7076087e-003
  4.7637761e+002  1.7076858e-003  1.7076858e-003  1.7035939e-003
  4.7639159e+002  1.7051951e-003  1.7051951e-003  1.6992852e-003
  4.7640558e+002  1.7025881e-003  1.7025881e-003  1.6951258e-003
  4.7641957e+002  1.6998925e-003  1.6998925e-003  1.6914590e-003
  4.7643355e+002  1.6973060e-003  1.6973060e-003  1.6881911e-003
  4.7644754e+002  1.6950728e-003  1.6950728e-003  1.6851089e-003
  4.7646152e+002  1.6933382e-003  1.6933382e-003  1.6820096e-003
  4.7647551e+002  1.6918109e-003  1.6918109e-003  1.6787364e-003
  4.7648950e+002  1.6900793e-003  1.6900793e-003  1.6751449e-003
  4.7650348e+002  1.6878370e-003  1.6878370e-003  1.6711479e-003
  4.7651747e+002  1.6852482e-003  1.6852482e-003  1.6669109e-003
  4.7653145e+002  1.6826078e-003  1.6826078e-003  1.6626701e-003
  4.7654544e+002  1.6801357e-003  1.6801357e-003  1.6585903e-003
  4.7655943e+002  1.6777124e-003  1.6777124e-003  1.6545151e-003
  4.7657341e+002  1.6751234e-003  1.6751234e-003  1.6501981e-003
  4.7658740e+002  1.6721871e-003  1.6721871e-003  1.6454576e-003
  4.7660138e+002  1.6688704e-003  1.6688704e-003  1.6404061e-003
  4.7661537e+002  1.6651824e-003  1.6651824e-003  1.6352398e-003
  4.7662936e+002  1.6611568e-003  1.6611568e-003  1.6301287e-003
  4.7664334e+002  1.6569395e-003  1.6569395e-003  1.6251230e-003
  4.7665733e+002  1.6527082e-003  1.6527082e-003  1.6202388e-003
  4.7667131e+002  1.6485915e-003  1.6485915e-003  1.6154525e-003
  4.7668530e+002  1.6444885e-003  1.6444885e-003  1.6105566e-003
  4.7669929e+002  1.6402321e-003  1.6402321e-003  1.6052909e-003
  4.7671327e+002  1.6356700e-003  1.6356700e-003  1.5994993e-003
  4.7672726e+002  1.6307185e-003  1.6307185e-003  1.5935116e-003
  4.7674124e+002  1.6253138e-003  1.6253138e-003  1.5877991e-003
  4.7675523e+002  1.6194606e-003  1.6194606e-003  1.5826937e-003
  4.7676922e+002  1.6134863e-003  1.6134863e-003  1.5778709e-003
  4.7678320e+002  1.6078133e-003  1.6078133e-003  1.5728136e-003
  4.7679719e+002  1.6027325e-003  1.6027325e-003  1.5671452e-003
  4.7681117e+002  1.5979112e-003  1.5979112e-003  1.5611575e-003
  4.7682516e+002  1.5928320e-003  1.5928320e-003  1.5553404e-003
  4.7683915e+002  1.5871236e-003  1.5871236e-003  1.5500697e-003
  4.7685313e+002  1.5811164e-003  1.5811164e-003  1.5451743e-003
  4.7686712e+002  1.5753504e-003  1.5753504e-003  1.5403196e-003
  4.7688110e+002  1.5702182e-003  1.5702182e-003  1.5352572e-003
  4.7689509e+002  1.5654001e-003  1.5654001e-003  1.5301560e-003
  4.7690908e+002  1.5603609e-003  1.5603609e-003  1.5253110e-003
  4.7692306e+002  1.5547052e-003  1.5547052e-003  1.5209374e-003
  4.7693705e+002  1.5487178e-003  1.5487178e-003  1.5168625e-003
  4.7695103e+002  1.5428911e-003  1.5428911e-003  1.5127951e-003
  4.7696502e+002  1.5376072e-003  1.5376072e-003  1.5085257e-003
  4.7697901e+002  1.5327065e-003  1.5327065e-003  1.5042465e-003
  4.7699299e+002  1.5278627e-003  1.5278627e-003  1.5002731e-003
  4.7700698e+002  1.5228275e-003  1.5228275e-003  1.4968235e-003
  4.7702096e+002  1.5177396e-003  1.5177396e-003  1.4936306e-003
  4.7703495e+002  1.5128579e-003  1.5128579e-003  1.4902768e-003
  4.7704894e+002  1.5083867e-003  1.5083867e-003  1.4864323e-003
  4.7706292e+002  1.5042563e-003  1.5042563e-003  1.4822064e-003
  4.7707691e+002  1.5003116e-003  1.5003116e-003  1.4778458e-003
  4.7709089e+002  1.4963928e-003  1.4963928e-003  1.4735631e-003
  4.7710488e+002  1.4923153e-003  1.4923153e-003  1.4693972e-003
  4.7711887e+002  1.4878871e-003  1.4878871e-003  1.4653324e-003
  4.7713285e+002  1.4829888e-003  1.4829888e-003  1.4613312e-003
  4.7714684e+002  1.4778719e-003  1.4778719e-003  1.4572452e-003
  4.7716082e+002  1.4729058e-003  1.4729058e-003  1.4528909e-003
  4.7717481e+002  1.4683900e-003  1.4683900e-003  1.4481333e-003
  4.7718880e+002  1.4642623e-003  1.4642623e-003  1.4430881e-003
  4.7720278e+002  1.4603440e-003  1.4603440e-003  1.4379518e-003
  4.7721677e+002  1.4564526e-003  1.4564526e-003  1.4328897e-003
  4.7723075e+002  1.4523857e-003  1.4523857e-003  1.4279060e-003
  4.7724474e+002  1.4479338e-003  1.4479338e-003  1.4229529e-003
  4.7725873e+002  1.4429721e-003  1.4429721e-003  1.4179880e-003
  4.7727271e+002  1.4378175e-003  1.4378175e-003  1.4129971e-003
  4.7728670e+002  1.4329314e-003  1.4329314e-003  1.4079757e-003
  4.7730068e+002  1.4286522e-003  1.4286522e-003  1.4029280e-003
  4.7731467e+002  1.4246661e-003  1.4246661e-003  1.3979050e-003
  4.7732866e+002  1.4204442e-003  1.4204442e-003  1.3929731e-003
  4.7734264e+002  1.4155898e-003  1.4155898e-003  1.3881585e-003
  4.7735663e+002  1.4104142e-003  1.4104142e-003  1.3832718e-003
  4.7737061e+002  1.4054640e-003  1.4054640e-003  1.3780518e-003
  4.7738460e+002  1.4011522e-003  1.4011522e-003  1.3723209e-003
  4.7739859e+002  1.3971707e-003  1.3971707e-003  1.3663520e-003
  4.7741257e+002  1.3929695e-003  1.3929695e-003  1.3605695e-003
  4.7742656e+002  1.3881304e-003  1.3881304e-003  1.3553068e-003
  4.7744054e+002  1.3829561e-003  1.3829561e-003  1.3504030e-003
  4.7745453e+002  1.3779934e-003  1.3779934e-003  1.3455300e-003
  4.7746852e+002  1.3736605e-003  1.3736605e-003  1.3404386e-003
  4.7748250e+002  1.3696696e-003  1.3696696e-003  1.3353152e-003
  4.7749649e+002  1.3654915e-003  1.3654915e-003  1.3304950e-003
  4.7751047e+002  1.3607142e-003  1.3607142e-003  1.3262193e-003
  4.7752446e+002  1.3555761e-003  1.3555761e-003  1.3222088e-003
  4.7753845e+002  1.3505395e-003  1.3505395e-003  1.3180050e-003
  4.7755243e+002  1.3459879e-003  1.3459879e-003  1.3132488e-003
  4.7756642e+002  1.3418620e-003  1.3418620e-003  1.3081382e-003
  4.7758040e+002  1.3379488e-003  1.3379488e-003  1.3030650e-003
  4.7759439e+002  1.3340407e-003  1.3340407e-003  1.2983757e-003
  4.7760838e+002  1.3299629e-003  1.3299629e-003  1.2941592e-003
  4.7762236e+002  1.3255521e-003  1.3255521e-003  1.2904139e-003
  4.7763635e+002  1.3206993e-003  1.3206993e-003  1.2870941e-003
  4.7765033e+002  1.3156074e-003  1.3156074e-003  1.2839032e-003
  4.7766432e+002  1.3105890e-003  1.3105890e-003  1.2804556e-003
  4.7767831e+002  1.3059238e-003  1.3059238e-003  1.2764591e-003
  4.7769229e+002  1.3016997e-003  1.3016997e-003  1.2721582e-003
  4.7770628e+002  1.2979365e-003  1.2979365e-003  1.2679888e-003
  4.7772026e+002  1.2946076e-003  1.2946076e-003  1.2643099e-003
  4.7773425e+002  1.2914182e-003  1.2914182e-003  1.2610317e-003
  4.7774824e+002  1.2879775e-003  1.2879775e-003  1.2579026e-003
  4.7776222e+002  1.2839862e-003  1.2839862e-003  1.2547007e-003
  4.7777621e+002  1.2796855e-003  1.2796855e-003  1.2513792e-003
  4.7779019e+002  1.2755128e-003  1.2755128e-003  1.2479546e-003
  4.7780418e+002  1.2718296e-003  1.2718296e-003  1.2444622e-003
  4.7781817e+002  1.2685494e-003  1.2685494e-003  1.2410467e-003
  4.7783215e+002  1.2654212e-003  1.2654212e-003  1.2378930e-003
  4.7784614e+002  1.2622226e-003  1.2622226e-003  1.2351440e-003
  4.7786012e+002  1.2589033e-003  1.2589033e-003  1.2326901e-003
  4.7787411e+002  1.2554764e-003  1.2554764e-003  1.2303288e-003
  4.7788810e+002  1.2519752e-003  1.2519752e-003  1.2278867e-003
  4.7790208e+002  1.2485528e-003  1.2485528e-003  1.2253697e-003
  4.7791607e+002  1.2454074e-003  1.2454074e-003  1.2228499e-003
  4.7793005e+002  1.2426890e-003  1.2426890e-003  1.2203828e-003
  4.7794404e+002  1.2402559e-003  1.2402559e-003  1.2179206e-003
  4.7795803e+002  1.2378562e-003  1.2378562e-003  1.2153763e-003
  4.7797201e+002  1.2352917e-003  1.2352917e-003  1.2127014e-003
  4.7798600e+002  1.2326930e-003  1.2326930e-003  1.2100817e-003
  4.7799998e+002  1.2303152e-003  1.2303152e-003  1.2077922e-003
  4.7801397e+002  1.2283644e-003  1.2283644e-003  1.2060311e-003
  4.7802796e+002  1.2267418e-003  1.2267418e-003  1.2045212e-003
  4.7804194e+002  1.2252315e-003  1.2252315e-003  1.2028036e-003
  4.7805593e+002  1.2236455e-003  1.2236455e-003  1.2005133e-003
  4.7806991e+002  1.2219708e-003  1.2219708e-003  1.1978765e-003
  4.7808390e+002  1.2202618e-003  1.2202618e-003  1.1953478e-003
  4.7809789e+002  1.2185673e-003  1.2185673e-003  1.1933094e-003
  4.7811187e+002  1.2168993e-003  1.2168993e-003  1.1916875e-003
  4.7812586e+002  1.2152554e-003  1.2152554e-003  1.1902302e-003
  4.7813984e+002  1.2136290e-003  1.2136290e-003  1.1887107e-003
  4.7815383e+002  1.2119857e-003  1.2119857e-003  1.1870652e-003
  4.7816782e+002  1.2102804e-003  1.2102804e-003  1.1852935e-003
  4.7818180e+002  1.2084908e-003  1.2084908e-003  1.1834210e-003
  4.7819579e+002  1.2067415e-003  1.2067415e-003  1.1816351e-003
  4.7820977e+002  1.2052157e-003  1.2052157e-003  1.1801878e-003
  4.7822376e+002  1.2040650e-003  1.2040650e-003  1.1792612e-003
  4.7823775e+002  1.2032376e-003  1.2032376e-003  1.1785828e-003
  4.7825173e+002  1.2026001e-003  1.2026001e-003  1.1776990e-003
  4.7826572e+002  1.2020121e-003  1.2020121e-003  1.1762448e-003
  4.7827970e+002  1.2012888e-003  1.2012888e-003  1.1744409e-003
  4.7829369e+002  1.2002275e-003  1.2002275e-003  1.1727437e-003
  4.7830768e+002  1.1986828e-003  1.1986828e-003  1.1715402e-003
  4.7832166e+002  1.1968905e-003  1.1968905e-003  1.1707531e-003
  4.7833565e+002  1.1952411e-003  1.1952411e-003  1.1701166e-003
  4.7834963e+002  1.1940638e-003  1.1940638e-003  1.1693950e-003
  4.7836362e+002  1.1932750e-003  1.1932750e-003  1.1685585e-003
  4.7837761e+002  1.1926220e-003  1.1926220e-003  1.1676611e-003
  4.7839159e+002  1.1918823e-003  1.1918823e-003  1.1667570e-003
  4.7840558e+002  1.1910383e-003  1.1910383e-003  1.1658960e-003
  4.7841956e+002  1.1901576e-003  1.1901576e-003  1.1651265e-003
  4.7843355e+002  1.1893000e-003  1.1893000e-003  1.1644691e-003
  4.7844754e+002  1.1884703e-003  1.1884703e-003  1.1637549e-003
  4.7846152e+002  1.1876509e-003  1.1876509e-003  1.1627364e-003
  4.7847551e+002  1.1868260e-003  1.1868260e-003  1.1612246e-003
  4.7848949e+002  1.1859933e-003  1.1859933e-003  1.1594377e-003
  4.7850348e+002  1.1851564e-003  1.1851564e-003  1.1577646e-003
  4.7851747e+002  1.1843189e-003  1.1843189e-003  1.1565405e-003
  4.7853145e+002  1.1834843e-003  1.1834843e-003  1.1557233e-003
  4.7854544e+002  1.1826562e-003  1.1826562e-003  1.1551112e-003
  4.7855942e+002  1.1818361e-003  1.1818361e-003  1.1545080e-003
  4.7857341e+002  1.1810122e-003  1.1810122e-003  1.1537612e-003
  4.7858740e+002  1.1801667e-003  1.1801667e-003  1.1527373e-003
  4.7860138e+002  1.1792895e-003  1.1792895e-003  1.1513311e-003
  4.7861537e+002  1.1784247e-003  1.1784247e-003  1.1496384e-003
  4.7862935e+002  1.1776395e-003  1.1776395e-003  1.1478419e-003
  4.7864334e+002  1.1769729e-003  1.1769729e-003  1.1461042e-003
  4.7865733e+002  1.1762616e-003  1.1762616e-003  1.1444440e-003
  4.7867131e+002  1.1752541e-003  1.1752541e-003  1.1428177e-003
  4.7868530e+002  1.1737547e-003  1.1737547e-003  1.1411843e-003
  4.7869928e+002  1.1719714e-003  1.1719714e-003  1.1395269e-003
  4.7871327e+002  1.1702891e-003  1.1702891e-003  1.1378389e-003
  4.7872726e+002  1.1690440e-003  1.1690440e-003  1.1361204e-003
  4.7874124e+002  1.1682128e-003  1.1682128e-003  1.1344200e-003
  4.7875523e+002  1.1676128e-003  1.1676128e-003  1.1328081e-003
  4.7876921e+002  1.1670588e-003  1.1670588e-003  1.1313252e-003
  4.7878320e+002  1.1663509e-003  1.1663509e-003  1.1297943e-003
  4.7879719e+002  1.1652823e-003  1.1652823e-003  1.1279413e-003
  4.7881117e+002  1.1637027e-003  1.1637027e-003  1.1255552e-003
  4.7882516e+002  1.1618795e-003  1.1618795e-003  1.1228969e-003
  4.7883914e+002  1.1602674e-003  1.1602674e-003  1.1204395e-003
  4.7885313e+002  1.1592414e-003  1.1592414e-003  1.1185740e-003
  4.7886712e+002  1.1585691e-003  1.1585691e-003  1.1170699e-003
  4.7888110e+002  1.1577427e-003  1.1577427e-003  1.1154144e-003
  4.7889509e+002  1.1563346e-003  1.1563346e-003  1.1131756e-003
  4.7890907e+002  1.1545341e-003  1.1545341e-003  1.1105424e-003
  4.7892306e+002  1.1528128e-003  1.1528128e-003  1.1079877e-003
  4.7893705e+002  1.1515821e-003  1.1515821e-003  1.1059243e-003
  4.7895103e+002  1.1507847e-003  1.1507847e-003  1.1042945e-003
  4.7896502e+002  1.1501469e-003  1.1501469e-003  1.1028243e-003
  4.7897900e+002  1.1494221e-003  1.1494221e-003  1.1012662e-003
  4.7899299e+002  1.1485810e-003  1.1485810e-003  1.0995920e-003
  4.7900698e+002  1.1476956e-003  1.1476956e-003  1.0978748e-003
  4.7902096e+002  1.1468312e-003  1.1468312e-003  1.0961811e-003
  4.7903495e+002  1.1459986e-003  1.1459986e-003  1.0945185e-003
  4.7904893e+002  1.1451832e-003  1.1451832e-003  1.0928674e-003
  4.7906292e+002  1.1443702e-003  1.1443702e-003  1.0912101e-003
  4.7907691e+002  1.1435461e-003  1.1435461e-003  1.0895444e-003
  4.7909089e+002  1.1426982e-003  1.1426982e-003  1.0878757e-003
  4.7910488e+002  1.1418199e-003  1.1418199e-003  1.0862089e-003
  4.7911886e+002  1.1409536e-003  1.1409536e-003  1.0845442e-003
  4.7913285e+002  1.1401653e-003  1.1401653e-003  1.0828800e-003
  4.7914684e+002  1.1394964e-003  1.1394964e-003  1.0812146e-003
  4.7916082e+002  1.1387911e-003  1.1387911e-003  1.0795488e-003
  4.7917481e+002  1.1377983e-003  1.1377983e-003  1.0778845e-003
  4.7918879e+002  1.1363155e-003  1.1363155e-003  1.0762227e-003
  4.7920278e+002  1.1345356e-003  1.1345356e-003  1.0745604e-003
  4.7921677e+002  1.1328432e-003  1.1328432e-003  1.0728922e-003
  4.7923075e+002  1.1315812e-003  1.1315812e-003  1.0712144e-003
  4.7924474e+002  1.1307388e-003  1.1307388e-003  1.0695392e-003
  4.7925872e+002  1.1301329e-003  1.1301329e-003  1.0678866e-003
  4.7927271e+002  1.1295775e-003  1.1295775e-003  1.0662694e-003
  4.7928670e+002  1.1288762e-003  1.1288762e-003  1.0646423e-003
  4.7930068e+002  1.1278272e-003  1.1278272e-003  1.0629313e-003
  4.7931467e+002  1.1262760e-003  1.1262760e-003  1.0610881e-003
  4.7932865e+002  1.1244629e-003  1.1244629e-003  1.0592811e-003
  4.7934264e+002  1.1228242e-003  1.1228242e-003  1.0577866e-003
  4.7935663e+002  1.1217334e-003  1.1217334e-003  1.0568261e-003
  4.7937061e+002  1.1210224e-003  1.1210224e-003  1.0561553e-003
  4.7938460e+002  1.1202516e-003  1.1202516e-003  1.0552964e-003
  4.7939858e+002  1.1190273e-003  1.1190273e-003  1.0538432e-003
  4.7941257e+002  1.1173630e-003  1.1173630e-003  1.0520118e-003
  4.7942656e+002  1.1154778e-003  1.1154778e-003  1.0503334e-003
  4.7944054e+002  1.1135851e-003  1.1135851e-003  1.0492644e-003
  4.7945453e+002  1.1118311e-003  1.1118311e-003  1.0485986e-003
  4.7946851e+002  1.1103277e-003  1.1103277e-003  1.0477917e-003
  4.7948250e+002  1.1091711e-003  1.1091711e-003  1.0463742e-003
  4.7949649e+002  1.1083184e-003  1.1083184e-003  1.0445451e-003
  4.7951047e+002  1.1076558e-003  1.1076558e-003  1.0428475e-003
  4.7952446e+002  1.1070624e-003  1.1070624e-003  1.0417524e-003
  4.7953844e+002  1.1063600e-003  1.1063600e-003  1.0410741e-003
  4.7955243e+002  1.1053410e-003  1.1053410e-003  1.0402869e-003
  4.7956642e+002  1.1038387e-003  1.1038387e-003  1.0389301e-003
  4.7958040e+002  1.1020527e-003  1.1020527e-003  1.0371469e-003
  4.7959439e+002  1.1003734e-003  1.1003734e-003  1.0353955e-003
  4.7960837e+002  1.0991494e-003  1.0991494e-003  1.0340915e-003
  4.7962236e+002  1.0983359e-003  1.0983359e-003  1.0332434e-003
  4.7963635e+002  1.0976814e-003  1.0976814e-003  1.0326456e-003
  4.7965033e+002  1.0969540e-003  1.0969540e-003  1.0320917e-003
  4.7966432e+002  1.0961168e-003  1.0961168e-003  1.0313902e-003
  4.7967830e+002  1.0952364e-003  1.0952364e-003  1.0303566e-003
  4.7969229e+002  1.0943748e-003  1.0943748e-003  1.0288450e-003
  4.7970628e+002  1.0935428e-003  1.0935428e-003  1.0270576e-003
  4.7972026e+002  1.0927239e-003  1.0927239e-003  1.0253831e-003
  4.7973425e+002  1.0919023e-003  1.0919023e-003  1.0241689e-003
  4.7974823e+002  1.0910723e-003  1.0910723e-003  1.0233625e-003
  4.7976222e+002  1.0902334e-003  1.0902334e-003  1.0226960e-003
  4.7977621e+002  1.0893863e-003  1.0893863e-003  1.0219255e-003
  4.7979019e+002  1.0885433e-003  1.0885433e-003  1.0210523e-003
  4.7980418e+002  1.0877229e-003  1.0877229e-003  1.0202111e-003
  4.7981816e+002  1.0869377e-003  1.0869377e-003  1.0195116e-003
  4.7983215e+002  1.0861448e-003  1.0861448e-003  1.0188168e-003
  4.7984614e+002  1.0852707e-003  1.0852707e-003  1.0178544e-003
  4.7986012e+002  1.0842638e-003  1.0842638e-003  1.0163936e-003
  4.7987411e+002  1.0832830e-003  1.0832830e-003  1.0146113e-003
  4.7988809e+002  1.0826034e-003  1.0826034e-003  1.0129103e-003
  4.7990208e+002  1.0824546e-003  1.0824546e-003  1.0116553e-003
  4.7991607e+002  1.0826132e-003  1.0826132e-003  1.0108253e-003
  4.7993005e+002  1.0826039e-003  1.0826039e-003  1.0101843e-003
  4.7994404e+002  1.0820104e-003  1.0820104e-003  1.0095081e-003
  4.7995802e+002  1.0810189e-003  1.0810189e-003  1.0087123e-003
  4.7997201e+002  1.0801545e-003  1.0801545e-003  1.0077911e-003
  4.7998600e+002  1.0798815e-003  1.0798815e-003  1.0067556e-003
  4.7999998e+002  1.0800329e-003  1.0800329e-003  1.0057740e-003
  4.8001397e+002  1.0800839e-003  1.0800839e-003  1.0051035e-003
  4.8002795e+002  1.0795660e-003  1.0795660e-003  1.0049587e-003
  4.8004194e+002  1.0786113e-003  1.0786113e-003  1.0051172e-003
  4.8005593e+002  1.0776956e-003  1.0776956e-003  1.0051073e-003
  4.8006991e+002  1.0772530e-003  1.0772530e-003  1.0045143e-003
  4.8008390e+002  1.0772660e-003  1.0772660e-003  1.0035215e-003
  4.8009788e+002  1.0774562e-003  1.0774562e-003  1.0026571e-003
  4.8011187e+002  1.0775642e-003  1.0775642e-003  1.0023901e-003
  4.8012586e+002  1.0775518e-003  1.0775518e-003  1.0025499e-003
  4.8013984e+002  1.0775096e-003  1.0775096e-003  1.0025944e-003
  4.8015383e+002  1.0775196e-003  1.0775196e-003  1.0020400e-003
  4.8016781e+002  1.0775572e-003  1.0775572e-003  1.0010502e-003
  4.8018180e+002  1.0775359e-003  1.0775359e-003  1.0001671e-003
  4.8019579e+002  1.0773882e-003  1.0773882e-003  9.9987610e-004
  4.8020977e+002  1.0772494e-003  1.0772494e-003  1.0000250e-003
  4.8022376e+002  1.0773754e-003  1.0773754e-003  1.0000850e-003
  4.8023774e+002  1.0779870e-003  1.0779870e-003  9.9957959e-004
  4.8025173e+002  1.0789254e-003  1.0789254e-003  9.9862873e-004
  4.8026572e+002  1.0798063e-003  1.0798063e-003  9.9770724e-004
  4.8027970e+002  1.0802740e-003  1.0802740e-003  9.9725261e-004
  4.8029369e+002  1.0803089e-003  1.0803089e-003  9.9725811e-004
  4.8030767e+002  1.0800935e-003  1.0800935e-003  9.9745045e-004
  4.8032166e+002  1.0798136e-003  1.0798136e-003  9.9757201e-004
  4.8033565e+002  1.0796646e-003  1.0796646e-003  9.9757081e-004
  4.8034963e+002  1.0798479e-003  1.0798479e-003  9.9751930e-004
  4.8036362e+002  1.0805301e-003  1.0805301e-003  9.9748656e-004
  4.8037760e+002  1.0815054e-003  1.0815054e-003  9.9748676e-004
  4.8039159e+002  1.0823405e-003  1.0823405e-003  9.9750059e-004
  4.8040558e+002  1.0826460e-003  1.0826460e-003  9.9750960e-004
  4.8041956e+002  1.0825407e-003  1.0825407e-003  9.9750974e-004
  4.8043355e+002  1.0824566e-003  1.0824566e-003  9.9750588e-004
  4.8044753e+002  1.0827963e-003  1.0827963e-003  9.9750272e-004
  4.8046152e+002  1.0835918e-003  1.0835918e-003  9.9750200e-004
  4.8047551e+002  1.0846450e-003  1.0846450e-003  9.9750362e-004
  4.8048949e+002  1.0857554e-003  1.0857554e-003  9.9750722e-004
  4.8050348e+002  1.0867321e-003  1.0867321e-003  9.9750994e-004
  4.8051746e+002  1.0873906e-003  1.0873906e-003  9.9750734e-004
  4.8053145e+002  1.0875754e-003  1.0875754e-003  9.9749612e-004
  4.8054544e+002  1.0874614e-003  1.0874614e-003  9.9748593e-004
  4.8055942e+002  1.0874315e-003  1.0874315e-003  9.9749464e-004
  4.8057341e+002  1.0878394e-003  1.0878394e-003  9.9753586e-004
  4.8058739e+002  1.0886706e-003  1.0886706e-003  9.9757398e-004
  4.8060138e+002  1.0896771e-003  1.0896771e-003  9.9754206e-004
  4.8061537e+002  1.0906228e-003  1.0906228e-003  9.9738865e-004
  4.8062935e+002  1.0914559e-003  1.0914559e-003  9.9724599e-004
  4.8064334e+002  1.0922418e-003  1.0922418e-003  9.9736390e-004
  4.8065732e+002  1.0930441e-003  1.0930441e-003  9.9796263e-004
  4.8067131e+002  1.0938766e-003  1.0938766e-003  9.9889657e-004
  4.8068530e+002  1.0947214e-003  1.0947214e-003  9.9978406e-004
  4.8069928e+002  1.0955613e-003  1.0955613e-003  1.0002672e-003
  4.8071327e+002  1.0963931e-003  1.0963931e-003  1.0003136e-003
  4.8072725e+002  1.0972229e-003  1.0972229e-003  1.0001024e-003
  4.8074124e+002  1.0980561e-003  1.0980561e-003  9.9981780e-004
  4.8075523e+002  1.0988914e-003  1.0988914e-003  9.9965820e-004
  4.8076921e+002  1.0997226e-003  1.0997226e-003  9.9983149e-004
  4.8078320e+002  1.1005447e-003  1.1005447e-003  1.0005140e-003
  4.8079718e+002  1.1013669e-003  1.1013669e-003  1.0015009e-003
  4.8081117e+002  1.1022073e-003  1.1022073e-003  1.0023355e-003
  4.8082516e+002  1.1030803e-003  1.1030803e-003  1.0026031e-003
  4.8083914e+002  1.1039516e-003  1.1039516e-003  1.0024509e-003
  4.8085313e+002  1.1047541e-003  1.1047541e-003  1.0024009e-003
  4.8086711e+002  1.1054350e-003  1.1054350e-003  1.0029322e-003
  4.8088110e+002  1.1061224e-003  1.1061224e-003  1.0039153e-003
  4.8089509e+002  1.1070659e-003  1.1070659e-003  1.0048118e-003
  4.8090907e+002  1.1084885e-003  1.1084885e-003  1.0051255e-003
  4.8092306e+002  1.1102525e-003  1.1102525e-003  1.0049778e-003
  4.8093704e+002  1.1119765e-003  1.1119765e-003  1.0049078e-003
  4.8095103e+002  1.1133001e-003  1.1133001e-003  1.0054141e-003
  4.8096502e+002  1.1141843e-003  1.1141843e-003  1.0063859e-003
  4.8097900e+002  1.1148094e-003  1.1148094e-003  1.0072962e-003
  4.8099299e+002  1.1153609e-003  1.1153609e-003  1.0076553e-003
  4.8100697e+002  1.1160336e-003  1.1160336e-003  1.0075462e-003
  4.8102096e+002  1.1170287e-003  1.1170287e-003  1.0074454e-003
  4.8103495e+002  1.1185199e-003  1.1185199e-003  1.0078037e-003
  4.8104893e+002  1.1203234e-003  1.1203234e-003  1.0086344e-003
  4.8106292e+002  1.1220078e-003  1.1220078e-003  1.0096485e-003
  4.8107690e+002  1.1231743e-003  1.1231743e-003  1.0105692e-003
  4.8109089e+002  1.1239115e-003  1.1239115e-003  1.0113652e-003
  4.8110488e+002  1.1246489e-003  1.1246489e-003  1.0121758e-003
  4.8111886e+002  1.1257958e-003  1.1257958e-003  1.0131263e-003
  4.8113285e+002  1.1274063e-003  1.1274063e-003  1.0141082e-003
  4.8114683e+002  1.1292842e-003  1.1292842e-003  1.0148480e-003
  4.8116082e+002  1.1312288e-003  1.1312288e-003  1.0150975e-003
  4.8117481e+002  1.1330487e-003  1.1330487e-003  1.0149904e-003
  4.8118879e+002  1.1345592e-003  1.1345592e-003  1.0149314e-003
  4.8120278e+002  1.1355991e-003  1.1355991e-003  1.0153035e-003
  4.8121676e+002  1.1363233e-003  1.1363233e-003  1.0161197e-003
  4.8123075e+002  1.1371130e-003  1.1371130e-003  1.0171287e-003
  4.8124474e+002  1.1383284e-003  1.1383284e-003  1.0180865e-003
  4.8125872e+002  1.1399773e-003  1.1399773e-003  1.0189263e-003
  4.8127271e+002  1.1418136e-003  1.1418136e-003  1.0197097e-003
  4.8128669e+002  1.1435984e-003  1.1435984e-003  1.0204984e-003
  4.8130068e+002  1.1452682e-003  1.1452682e-003  1.0213187e-003
  4.8131467e+002  1.1468872e-003  1.1468872e-003  1.0221711e-003
  4.8132865e+002  1.1485193e-003  1.1485193e-003  1.0230532e-003
  4.8134264e+002  1.1501822e-003  1.1501822e-003  1.0239271e-003
  4.8135662e+002  1.1518600e-003  1.1518600e-003  1.0247292e-003
  4.8137061e+002  1.1535365e-003  1.1535365e-003  1.0254076e-003
  4.8138460e+002  1.1552048e-003  1.1552048e-003  1.0260865e-003
  4.8139858e+002  1.1568646e-003  1.1568646e-003  1.0270198e-003
  4.8141257e+002  1.1585167e-003  1.1585167e-003  1.0284391e-003
  4.8142655e+002  1.1601708e-003  1.1601708e-003  1.0302119e-003
  4.8144054e+002  1.1618436e-003  1.1618436e-003  1.0319345e-003
  4.8145453e+002  1.1635487e-003  1.1635487e-003  1.0332230e-003
  4.8146851e+002  1.1652540e-003  1.1652540e-003  1.0340658e-003
  4.8148250e+002  1.1668933e-003  1.1668933e-003  1.0347314e-003
  4.8149648e+002  1.1684113e-003  1.1684113e-003  1.0354796e-003
  4.8151047e+002  1.1699255e-003  1.1699255e-003  1.0363468e-003
  4.8152446e+002  1.1716847e-003  1.1716847e-003  1.0372004e-003
  4.8153844e+002  1.1739171e-003  1.1739171e-003  1.0379187e-003
  4.8155243e+002  1.1765062e-003  1.1765062e-003  1.0386008e-003
  4.8156641e+002  1.1790729e-003  1.1790729e-003  1.0395144e-003
  4.8158040e+002  1.1812517e-003  1.1812517e-003  1.0409074e-003
  4.8159439e+002  1.1829846e-003  1.1829846e-003  1.0426669e-003
  4.8160837e+002  1.1844498e-003  1.1844498e-003  1.0444027e-003
  4.8162236e+002  1.1858322e-003  1.1858322e-003  1.0457393e-003
  4.8163634e+002  1.1873268e-003  1.1873268e-003  1.0466268e-003
  4.8165033e+002  1.1891361e-003  1.1891361e-003  1.0472676e-003
  4.8166432e+002  1.1914402e-003  1.1914402e-003  1.0478674e-003
  4.8167830e+002  1.1940743e-003  1.1940743e-003  1.0485817e-003
  4.8169229e+002  1.1966042e-003  1.1966042e-003  1.0495263e-003
  4.8170627e+002  1.1986195e-003  1.1986195e-003  1.0508083e-003
  4.8172026e+002  1.2001883e-003  1.2001883e-003  1.0524120e-003
  4.8173425e+002  1.2017553e-003  1.2017553e-003  1.0542250e-003
  4.8174823e+002  1.2037506e-003  1.2037506e-003  1.0561293e-003
  4.8176222e+002  1.2062186e-003  1.2062186e-003  1.0579565e-003
  4.8177620e+002  1.2088974e-003  1.2088974e-003  1.0594986e-003
  4.8179019e+002  1.2115282e-003  1.2115282e-003  1.0605671e-003
  4.8180418e+002  1.2140339e-003  1.2140339e-003  1.0612946e-003
  4.8181816e+002  1.2164829e-003  1.2164829e-003  1.0620714e-003
  4.8183215e+002  1.2189445e-003  1.2189445e-003  1.0632727e-003
  4.8184613e+002  1.2214397e-003  1.2214397e-003  1.0649195e-003
  4.8186012e+002  1.2239503e-003  1.2239503e-003  1.0667478e-003
  4.8187411e+002  1.2264576e-003  1.2264576e-003  1.0684984e-003
  4.8188809e+002  1.2289560e-003  1.2289560e-003  1.0701287e-003
  4.8190208e+002  1.2314499e-003  1.2314499e-003  1.0717718e-003
  4.8191606e+002  1.2339440e-003  1.2339440e-003  1.0735524e-003
  4.8193005e+002  1.2364405e-003  1.2364405e-003  1.0753755e-003
  4.8194404e+002  1.2389394e-003  1.2389394e-003  1.0769663e-003
  4.8195802e+002  1.2414406e-003  1.2414406e-003  1.0780667e-003
  4.8197201e+002  1.2439413e-003  1.2439413e-003  1.0787901e-003
  4.8198599e+002  1.2464369e-003  1.2464369e-003  1.0795562e-003
  4.8199998e+002  1.2489232e-003  1.2489232e-003  1.0807707e-003
  4.8201397e+002  1.2514087e-003  1.2514087e-003  1.0824441e-003
  4.8202795e+002  1.2539125e-003  1.2539125e-003  1.0842588e-003
  4.8204194e+002  1.2564513e-003  1.2564513e-003  1.0859071e-003
  4.8205592e+002  1.2589936e-003  1.2589936e-003  1.0874223e-003
  4.8206991e+002  1.2614681e-003  1.2614681e-003  1.0891232e-003
  4.8208390e+002  1.2638122e-003  1.2638122e-003  1.0913149e-003
  4.8209788e+002  1.2661420e-003  1.2661420e-003  1.0939098e-003
  4.8211187e+002  1.2687244e-003  1.2687244e-003  1.0964892e-003
  4.8212585e+002  1.2718094e-003  1.2718094e-003  1.0986445e-003
  4.8213984e+002  1.2752693e-003  1.2752693e-003  1.1003350e-003
  4.8215383e+002  1.2786544e-003  1.2786544e-003  1.1018325e-003
  4.8216781e+002  1.2815317e-003  1.2815317e-003  1.1034064e-003
  4.8218180e+002  1.2839415e-003  1.2839415e-003  1.1051070e-003
  4.8219578e+002  1.2863305e-003  1.2863305e-003  1.1067960e-003
  4.8220977e+002  1.2891378e-003  1.2891378e-003  1.1083415e-003
  4.8222376e+002  1.2924268e-003  1.2924268e-003  1.1098376e-003
  4.8223774e+002  1.2959362e-003  1.2959362e-003  1.1115731e-003
  4.8225173e+002  1.2994038e-003  1.2994038e-003  1.1138214e-003
  4.8226571e+002  1.3027443e-003  1.3027443e-003  1.1164580e-003
  4.8227970e+002  1.3060267e-003  1.3060267e-003  1.1190113e-003
  4.8229369e+002  1.3093225e-003  1.3093225e-003  1.1210259e-003
  4.8230767e+002  1.3126527e-003  1.3126527e-003  1.1225627e-003
  4.8232166e+002  1.3159940e-003  1.3159940e-003  1.1241366e-003
  4.8233564e+002  1.3193229e-003  1.3193229e-003  1.1262485e-003
  4.8234963e+002  1.3226414e-003  1.3226414e-003  1.1288621e-003
  4.8236362e+002  1.3259737e-003  1.3259737e-003  1.1314648e-003
  4.8237760e+002  1.3293422e-003  1.3293422e-003  1.1335546e-003
  4.8239159e+002  1.3327184e-003  1.3327184e-003  1.1351389e-003
  4.8240557e+002  1.3360284e-003  1.3360284e-003  1.1366801e-003
  4.8241956e+002  1.3392059e-003  1.3392059e-003  1.1386367e-003
  4.8243355e+002  1.3423623e-003  1.3423623e-003  1.1410866e-003
  4.8244753e+002  1.3457692e-003  1.3457692e-003  1.1437656e-003
  4.8246152e+002  1.3496838e-003  1.3496838e-003  1.1464063e-003
  4.8247550e+002  1.3539841e-003  1.3539841e-003  1.1489171e-003
  4.8248949e+002  1.3582038e-003  1.3582038e-003  1.1513659e-003
  4.8250348e+002  1.3618900e-003  1.3618900e-003  1.1538242e-003
  4.8251746e+002  1.3650943e-003  1.3650943e-003  1.1563173e-003
  4.8253145e+002  1.3683298e-003  1.3683298e-003  1.1588282e-003
  4.8254543e+002  1.3721000e-003  1.3721000e-003  1.1613389e-003
  4.8255942e+002  1.3763779e-003  1.3763779e-003  1.1638408e-003
  4.8257341e+002  1.3806482e-003  1.3806482e-003  1.1663334e-003
  4.8258739e+002  1.3844026e-003  1.3844026e-003  1.1688173e-003
  4.8260138e+002  1.3876447e-003  1.3876447e-003  1.1713019e-003
  4.8261536e+002  1.3908529e-003  1.3908529e-003  1.1738056e-003
  4.8262935e+002  1.3945032e-003  1.3945032e-003  1.1763444e-003
  4.8264334e+002  1.3986557e-003  1.3986557e-003  1.1788889e-003
  4.8265732e+002  1.4029808e-003  1.4029808e-003  1.1813671e-003
  4.8267131e+002  1.4071501e-003  1.4071501e-003  1.1837135e-003
  4.8268529e+002  1.4111665e-003  1.4111665e-003  1.1860355e-003
  4.8269928e+002  1.4153450e-003  1.4153450e-003  1.1886031e-003
  4.8271327e+002  1.4199956e-003  1.4199956e-003  1.1916752e-003
  4.8272725e+002  1.4250658e-003  1.4250658e-003  1.1951399e-003
  4.8274124e+002  1.4301584e-003  1.4301584e-003  1.1985328e-003
  4.8275522e+002  1.4348768e-003  1.4348768e-003  1.2013989e-003
  4.8276921e+002  1.4391273e-003  1.4391273e-003  1.2037759e-003
  4.8278320e+002  1.4431066e-003  1.4431066e-003  1.2061734e-003
  4.8279718e+002  1.4470209e-003  1.4470209e-003  1.2090962e-003
  4.8281117e+002  1.4510397e-003  1.4510397e-003  1.2125337e-003
  4.8282515e+002  1.4552964e-003  1.4552964e-003  1.2159775e-003
  4.8283914e+002  1.4599162e-003  1.4599162e-003  1.2189214e-003
  4.8285313e+002  1.4648713e-003  1.4648713e-003  1.2213480e-003
  4.8286711e+002  1.4699854e-003  1.4699854e-003  1.2237155e-003
  4.8288110e+002  1.4750810e-003  1.4750810e-003  1.2264854e-003
  4.8289508e+002  1.4800900e-003  1.4800900e-003  1.2297547e-003
  4.8290907e+002  1.4850521e-003  1.4850521e-003  1.2332633e-003
  4.8292306e+002  1.4900103e-003  1.4900103e-003  1.2367435e-003
  4.8293704e+002  1.4949899e-003  1.4949899e-003  1.2400932e-003
  4.8295103e+002  1.4999979e-003  1.4999979e-003  1.2433743e-003
  4.8296501e+002  1.5050391e-003  1.5050391e-003  1.2466543e-003
  4.8297900e+002  1.5100819e-003  1.5100819e-003  1.2499673e-003
  4.8299299e+002  1.5150583e-003  1.5150583e-003  1.2533145e-003
  4.8300697e+002  1.5199056e-003  1.5199056e-003  1.2566940e-003
  4.8302096e+002  1.5247246e-003  1.5247246e-003  1.2600721e-003
  4.8303494e+002  1.5297804e-003  1.5297804e-003  1.2633826e-003
  4.8304893e+002  1.5353300e-003  1.5353300e-003  1.2665651e-003
  4.8306292e+002  1.5412795e-003  1.5412795e-003  1.2697197e-003
  4.8307690e+002  1.5471800e-003  1.5471800e-003  1.2731093e-003
  4.8309089e+002  1.5525855e-003  1.5525855e-003  1.2769897e-003
  4.8310487e+002  1.5574978e-003  1.5574978e-003  1.2812703e-003
  4.8311886e+002  1.5623757e-003  1.5623757e-003  1.2855077e-003
  4.8313285e+002  1.5676822e-003  1.5676822e-003  1.2892603e-003
  4.8314683e+002  1.5734914e-003  1.5734914e-003  1.2925210e-003
  4.8316082e+002  1.5794771e-003  1.5794771e-003  1.2957292e-003
  4.8317480e+002  1.5853082e-003  1.5853082e-003  1.2993307e-003
  4.8318879e+002  1.5909778e-003  1.5909778e-003  1.3034269e-003
  4.8320278e+002  1.5968143e-003  1.5968143e-003  1.3077623e-003
  4.8321676e+002  1.6031464e-003  1.6031464e-003  1.3120717e-003
  4.8323075e+002  1.6099172e-003  1.6099172e-003  1.3162518e-003
  4.8324473e+002  1.6166674e-003  1.6166674e-003  1.3203682e-003
  4.8325872e+002  1.6229360e-003  1.6229360e-003  1.3244930e-003
  4.8327271e+002  1.6287007e-003  1.6287007e-003  1.3286528e-003
  4.8328669e+002  1.6344007e-003  1.6344007e-003  1.3328270e-003
  4.8330068e+002  1.6404841e-003  1.6404841e-003  1.3369934e-003
  4.8331466e+002  1.6470642e-003  1.6470642e-003  1.3411489e-003
  4.8332865e+002  1.6539000e-003  1.6539000e-003  1.3453106e-003
  4.8334264e+002  1.6607380e-003  1.6607380e-003  1.3494954e-003
  4.8335662e+002  1.6674528e-003  1.6674528e-003  1.3536889e-003
  4.8337061e+002  1.6740563e-003  1.6740563e-003  1.3578432e-003
  4.8338459e+002  1.6805698e-003  1.6805698e-003  1.3619130e-003
  4.8339858e+002  1.6870912e-003  1.6870912e-003  1.3659585e-003
  4.8341257e+002  1.6938012e-003  1.6938012e-003  1.3701537e-003
  4.8342655e+002  1.7008776e-003  1.7008776e-003  1.3746735e-003
  4.8344054e+002  1.7083205e-003  1.7083205e-003  1.3795568e-003
  4.8345452e+002  1.7159364e-003  1.7159364e-003  1.3846952e-003
  4.8346851e+002  1.7235269e-003  1.7235269e-003  1.3899704e-003
  4.8348250e+002  1.7310203e-003  1.7310203e-003  1.3951932e-003
  4.8349648e+002  1.7384832e-003  1.7384832e-003  1.4000969e-003
  4.8351047e+002  1.7459868e-003  1.7459868e-003  1.4044262e-003
  4.8352445e+002  1.7535266e-003  1.7535266e-003  1.4083420e-003
  4.8353844e+002  1.7610146e-003  1.7610146e-003  1.4124648e-003
  4.8355243e+002  1.7683650e-003  1.7683650e-003  1.4174177e-003
  4.8356641e+002  1.7756673e-003  1.7756673e-003  1.4232399e-003
  4.8358040e+002  1.7832063e-003  1.7832063e-003  1.4293214e-003
  4.8359438e+002  1.7912639e-003  1.7912639e-003  1.4350326e-003
  4.8360837e+002  1.7997477e-003  1.7997477e-003  1.4401568e-003
  4.8362236e+002  1.8081460e-003  1.8081460e-003  1.4449398e-003
  4.8363634e+002  1.8159446e-003  1.8159446e-003  1.4496495e-003
  4.8365033e+002  1.8231988e-003  1.8231988e-003  1.4544849e-003
  4.8366431e+002  1.8306068e-003  1.8306068e-003  1.4595668e-003
  4.8367830e+002  1.8388790e-003  1.8388790e-003  1.4650074e-003
  4.8369229e+002  1.8480686e-003  1.8480686e-003  1.4707845e-003
  4.8370627e+002  1.8574808e-003  1.8574808e-003  1.4767231e-003
  4.8372026e+002  1.8663994e-003  1.8663994e-003  1.4826435e-003
  4.8373424e+002  1.8746798e-003  1.8746798e-003  1.4884758e-003
  4.8374823e+002  1.8828329e-003  1.8828329e-003  1.4942757e-003
  4.8376222e+002  1.8913926e-003  1.8913926e-003  1.5001040e-003
  4.8377620e+002  1.9004972e-003  1.9004972e-003  1.5059637e-003
  4.8379019e+002  1.9098273e-003  1.9098273e-003  1.5117912e-003
  4.8380417e+002  1.9190470e-003  1.9190470e-003  1.5175227e-003
  4.8381816e+002  1.9280958e-003  1.9280958e-003  1.5232163e-003
  4.8383215e+002  1.9372340e-003  1.9372340e-003  1.5290710e-003
  4.8384613e+002  1.9467329e-003  1.9467329e-003  1.5352884e-003
  4.8386012e+002  1.9566471e-003  1.9566471e-003  1.5418874e-003
  4.8387410e+002  1.9667765e-003  1.9667765e-003  1.5486726e-003
  4.8388809e+002  1.9769096e-003  1.9769096e-003  1.5554403e-003
  4.8390208e+002  1.9869408e-003  1.9869408e-003  1.5621079e-003
  4.8391606e+002  1.9968894e-003  1.9968894e-003  1.5687363e-003
  4.8393005e+002  2.0067831e-003  2.0067831e-003  1.5753929e-003
  4.8394403e+002  2.0166852e-003  2.0166852e-003  1.5820845e-003
  4.8395802e+002  2.0267016e-003  2.0267016e-003  1.5887463e-003
  4.8397201e+002  2.0369403e-003  2.0369403e-003  1.5953126e-003
  4.8398599e+002  2.0475033e-003  2.0475033e-003  1.6018381e-003
  4.8399998e+002  2.0584852e-003  2.0584852e-003  1.6085219e-003
  4.8401396e+002  2.0699726e-003  2.0699726e-003  1.6155665e-003
  4.8402795e+002  2.0818021e-003  2.0818021e-003  1.6229947e-003
  4.8404194e+002  2.0935069e-003  2.0935069e-003  1.6306115e-003
  4.8405592e+002  2.1046177e-003  2.1046177e-003  1.6382122e-003
  4.8406991e+002  2.1151906e-003  2.1151906e-003  1.6457123e-003
  4.8408389e+002  2.1259246e-003  2.1259246e-003  1.6531734e-003
  4.8409788e+002  2.1375382e-003  2.1375382e-003  1.6606644e-003
  4.8411187e+002  2.1500900e-003  2.1500900e-003  1.6681921e-003
  4.8412585e+002  2.1628253e-003  2.1628253e-003  1.6756865e-003
  4.8413984e+002  2.1749593e-003  2.1749593e-003  1.6830769e-003
  4.8415382e+002  2.1863989e-003  2.1863989e-003  1.6904210e-003
  4.8416781e+002  2.1979093e-003  2.1979093e-003  1.6979364e-003
  4.8418180e+002  2.2102902e-003  2.2102902e-003  1.7058446e-003
  4.8419578e+002  2.2236504e-003  2.2236504e-003  1.7141512e-003
  4.8420977e+002  2.2372356e-003  2.2372356e-003  1.7225914e-003
  4.8422375e+002  2.2502547e-003  2.2502547e-003  1.7308908e-003
  4.8423774e+002  2.2625775e-003  2.2625775e-003  1.7390397e-003
  4.8425173e+002  2.2749065e-003  2.2749065e-003  1.7473623e-003
  4.8426571e+002  2.2879827e-003  2.2879827e-003  1.7561939e-003
  4.8427970e+002  2.3019973e-003  2.3019973e-003  1.7654951e-003
  4.8429368e+002  2.3164433e-003  2.3164433e-003  1.7747506e-003
  4.8430767e+002  2.3307782e-003  2.3307782e-003  1.7834283e-003
  4.8432166e+002  2.3448353e-003  2.3448353e-003  1.7915307e-003
  4.8433564e+002  2.3589287e-003  2.3589287e-003  1.7997444e-003
  4.8434963e+002  2.3733971e-003  2.3733971e-003  1.8087852e-003
  4.8436361e+002  2.3883206e-003  2.3883206e-003  1.8187654e-003
  4.8437760e+002  2.4034454e-003  2.4034454e-003  1.8290185e-003
  4.8439159e+002  2.4185007e-003  2.4185007e-003  1.8388391e-003
  4.8440557e+002  2.4334146e-003  2.4334146e-003  1.8480179e-003
  4.8441956e+002  2.4483740e-003  2.4483740e-003  1.8569908e-003
  4.8443354e+002  2.4635812e-003  2.4635812e-003  1.8662313e-003
  4.8444753e+002  2.4791595e-003  2.4791595e-003  1.8759775e-003
  4.8446152e+002  2.4951287e-003  2.4951287e-003  1.8861590e-003
  4.8447550e+002  2.5114989e-003  2.5114989e-003  1.8966845e-003
  4.8448949e+002  2.5281701e-003  2.5281701e-003  1.9074529e-003
  4.8450347e+002  2.5448968e-003  2.5448968e-003  1.9183508e-003
  4.8451746e+002  2.5614307e-003  2.5614307e-003  1.9292648e-003
  4.8453145e+002  2.5778134e-003  2.5778134e-003  1.9401263e-003
  4.8454543e+002  2.5944733e-003  2.5944733e-003  1.9509259e-003
  4.8455942e+002  2.6118566e-003  2.6118566e-003  1.9616598e-003
  4.8457340e+002  2.6300389e-003  2.6300389e-003  1.9723811e-003
  4.8458739e+002  2.6485980e-003  2.6485980e-003  1.9832198e-003
  4.8460138e+002  2.6670834e-003  2.6670834e-003  1.9943099e-003
  4.8461536e+002  2.6853372e-003  2.6853372e-003  2.0057383e-003
  4.8462935e+002  2.7035972e-003  2.7035972e-003  2.0175276e-003
  4.8464333e+002  2.7221265e-003  2.7221265e-003  2.0296940e-003
  4.8465732e+002  2.7410599e-003  2.7410599e-003  2.0421625e-003
  4.8467131e+002  2.7603571e-003  2.7603571e-003  2.0547342e-003
  4.8468529e+002  2.7799654e-003  2.7799654e-003  2.0672055e-003
  4.8469928e+002  2.7998311e-003  2.7998311e-003  2.0795598e-003
  4.8471326e+002  2.8198995e-003  2.8198995e-003  2.0920378e-003
  4.8472725e+002  2.8401184e-003  2.8401184e-003  2.1048941e-003
  4.8474124e+002  2.8605663e-003  2.8605663e-003  2.1181702e-003
  4.8475522e+002  2.8815023e-003  2.8815023e-003  2.1316121e-003
  4.8476921e+002  2.9031922e-003  2.9031922e-003  2.1449489e-003
  4.8478319e+002  2.9256034e-003  2.9256034e-003  2.1581338e-003
  4.8479718e+002  2.9482863e-003  2.9482863e-003  2.1714334e-003
  4.8481117e+002  2.9707687e-003  2.9707687e-003  2.1851322e-003
  4.8482515e+002  2.9929821e-003  2.9929821e-003  2.1992705e-003
  4.8483914e+002  3.0154265e-003  3.0154265e-003  2.2135449e-003
  4.8485312e+002  3.0386352e-003  3.0386352e-003  2.2276324e-003
  4.8486711e+002  3.0627003e-003  3.0627003e-003  2.2415255e-003
  4.8488110e+002  3.0870874e-003  3.0870874e-003  2.2556642e-003
  4.8489508e+002  3.1112244e-003  3.1112244e-003  2.2705152e-003
  4.8490907e+002  3.1350312e-003  3.1350312e-003  2.2861806e-003
  4.8492305e+002  3.1591319e-003  3.1591319e-003  2.3022417e-003
  4.8493704e+002  3.1841957e-003  3.1841957e-003  2.3182450e-003
  4.8495103e+002  3.2104464e-003  3.2104464e-003  2.3340140e-003
  4.8496501e+002  3.2374648e-003  3.2374648e-003  2.3497719e-003
  4.8497900e+002  3.2647860e-003  3.2647860e-003  2.3657710e-003
  4.8499298e+002  3.2921615e-003  3.2921615e-003  2.3821638e-003
  4.8500697e+002  3.3196570e-003  3.3196570e-003  2.3989574e-003
  4.8502096e+002  3.3473631e-003  3.3473631e-003  2.4161460e-003
  4.8503494e+002  3.3753767e-003  3.3753767e-003  2.4336339e-003
  4.8504893e+002  3.4038044e-003  3.4038044e-003  2.4511943e-003
  4.8506291e+002  3.4327526e-003  3.4327526e-003  2.4685942e-003
  4.8507690e+002  3.4623003e-003  3.4623003e-003  2.4858447e-003
  4.8509089e+002  3.4924858e-003  3.4924858e-003  2.5033166e-003
  4.8510487e+002  3.5233423e-003  3.5233423e-003  2.5214053e-003
  4.8511886e+002  3.5547955e-003  3.5547955e-003  2.5402572e-003
  4.8513284e+002  3.5866109e-003  3.5866109e-003  2.5596479e-003
  4.8514683e+002  3.6185457e-003  3.6185457e-003  2.5793250e-003
  4.8516082e+002  3.6506022e-003  3.6506022e-003  2.5991569e-003
  4.8517480e+002  3.6831503e-003  3.6831503e-003  2.6191930e-003
  4.8518879e+002  3.7165861e-003  3.7165861e-003  2.6394971e-003
  4.8520277e+002  3.7510623e-003  3.7510623e-003  2.6601078e-003
  4.8521676e+002  3.7863631e-003  3.7863631e-003  2.6810257e-003
  4.8523075e+002  3.8222443e-003  3.8222443e-003  2.7022477e-003
  4.8524473e+002  3.8585649e-003  3.8585649e-003  2.7237517e-003
  4.8525872e+002  3.8953426e-003  3.8953426e-003  2.7454868e-003
  4.8527270e+002  3.9326089e-003  3.9326089e-003  2.7674009e-003
  4.8528669e+002  3.9704294e-003  3.9704294e-003  2.7895431e-003
  4.8530068e+002  4.0089224e-003  4.0089224e-003  2.8121170e-003
  4.8531466e+002  4.0482102e-003  4.0482102e-003  2.8353363e-003
  4.8532865e+002  4.0883813e-003  4.0883813e-003  2.8592386e-003
  4.8534263e+002  4.1294720e-003  4.1294720e-003  2.8835874e-003
  4.8535662e+002  4.1715126e-003  4.1715126e-003  2.9081261e-003
  4.8537061e+002  4.2144292e-003  4.2144292e-003  2.9327928e-003
  4.8538459e+002  4.2579858e-003  4.2579858e-003  2.9578295e-003
  4.8539858e+002  4.3019362e-003  4.3019362e-003  2.9835017e-003
  4.8541256e+002  4.3462776e-003  4.3462776e-003  3.0098810e-003
  4.8542655e+002  4.3913914e-003  4.3913914e-003  3.0367338e-003
  4.8544054e+002  4.4376884e-003  4.4376884e-003  3.0638024e-003
  4.8545452e+002  4.4853183e-003  4.4853183e-003  3.0910040e-003
  4.8546851e+002  4.5340162e-003  4.5340162e-003  3.1185331e-003
  4.8548249e+002  4.5834831e-003  4.5834831e-003  3.1466073e-003
  4.8549648e+002  4.6336160e-003  4.6336160e-003  3.1753422e-003
  4.8551047e+002  4.6846253e-003  4.6846253e-003  3.2046899e-003
  4.8552445e+002  4.7367475e-003  4.7367475e-003  3.2345884e-003
  4.8553844e+002  4.7900982e-003  4.7900982e-003  3.2650092e-003
  4.8555242e+002  4.8445968e-003  4.8445968e-003  3.2959786e-003
  4.8556641e+002  4.9001465e-003  4.9001465e-003  3.3275272e-003
  4.8558040e+002  4.9567410e-003  4.9567410e-003  3.3596524e-003
  4.8559438e+002  5.0145208e-003  5.0145208e-003  3.3922971e-003
  4.8560837e+002  5.0736397e-003  5.0736397e-003  3.4254009e-003
  4.8562235e+002  5.1342088e-003  5.1342088e-003  3.4590025e-003
  4.8563634e+002  5.1962698e-003  5.1962698e-003  3.4933033e-003
  4.8565033e+002  5.2598562e-003  5.2598562e-003  3.5285177e-003
  4.8566431e+002  5.3248847e-003  5.3248847e-003  3.5646942e-003
  4.8567830e+002  5.3910782e-003  5.3910782e-003  3.6016084e-003
  4.8569228e+002  5.4581462e-003  5.4581462e-003  3.6390122e-003
  4.8570627e+002  5.5261099e-003  5.5261099e-003  3.6768270e-003
  4.8572026e+002  5.5955111e-003  5.5955111e-003  3.7152571e-003
  4.8573424e+002  5.6669359e-003  5.6669359e-003  3.7545314e-003
  4.8574823e+002  5.7406210e-003  5.7406210e-003  3.7947566e-003
  4.8576221e+002  5.8162157e-003  5.8162157e-003  3.8358336e-003
  4.8577620e+002  5.8933172e-003  5.8933172e-003  3.8776449e-003
  4.8579019e+002  5.9718326e-003  5.9718326e-003  3.9202001e-003
  4.8580417e+002  6.0521937e-003  6.0521937e-003  3.9637233e-003
  4.8581816e+002  6.1348797e-003  6.1348797e-003  4.0084573e-003
  4.8583214e+002  6.2200577e-003  6.2200577e-003  4.0544534e-003
  4.8584613e+002  6.3073632e-003  6.3073632e-003  4.1014361e-003
  4.8586012e+002  6.3963840e-003  6.3963840e-003  4.1491014e-003
  4.8587410e+002  6.4870681e-003  6.4870681e-003  4.1973990e-003
  4.8588809e+002  6.5799844e-003  6.5799844e-003  4.2467160e-003
  4.8590207e+002  6.6757582e-003  6.6757582e-003  4.2974796e-003
  4.8591606e+002  6.7746482e-003  6.7746482e-003  4.3498648e-003
  4.8593005e+002  6.8762768e-003  6.8762768e-003  4.4036097e-003
  4.8594403e+002  6.9802067e-003  6.9802067e-003  4.4584109e-003
  4.8595802e+002  7.0863487e-003  7.0863487e-003  4.5141500e-003
  4.8597200e+002  7.1952229e-003  7.1952229e-003  4.5710329e-003
  4.8598599e+002  7.3074079e-003  7.3074079e-003  4.6292972e-003
  4.8599998e+002  7.4232096e-003  7.4232096e-003  4.6890672e-003
  4.8601396e+002  7.5424540e-003  7.5424540e-003  4.7502682e-003
  4.8602795e+002  7.6649199e-003  7.6649199e-003  4.8128060e-003
  4.8604193e+002  7.7905659e-003  7.7905659e-003  4.8766660e-003
  4.8605592e+002  7.9196700e-003  7.9196700e-003  4.9419752e-003
  4.8606991e+002  8.0525422e-003  8.0525422e-003  5.0088749e-003
  4.8608389e+002  8.1894180e-003  8.1894180e-003  5.0774868e-003
  4.8609788e+002  8.3303984e-003  8.3303984e-003  5.1478974e-003
  4.8611186e+002  8.4755721e-003  8.4755721e-003  5.2201895e-003
  4.8612585e+002  8.6251474e-003  8.6251474e-003  5.2944454e-003
  4.8613984e+002  8.7795493e-003  8.7795493e-003  5.3707462e-003
  4.8615382e+002  8.9392236e-003  8.9392236e-003  5.4491729e-003
  4.8616781e+002  9.1043960e-003  9.1043960e-003  5.5298289e-003
  4.8618179e+002  9.2748921e-003  9.2748921e-003  5.6128568e-003
  4.8619578e+002  9.4504989e-003  9.4504989e-003  5.6984030e-003
  4.8620977e+002  9.6313946e-003  9.6313946e-003  5.7865275e-003
  4.8622375e+002  9.8184758e-003  9.8184758e-003  5.8771317e-003
  4.8623774e+002  1.0012712e-002  1.0012712e-002  5.9701012e-003
  4.8625172e+002  1.0214639e-002  1.0214639e-002  6.0654625e-003
  4.8626571e+002  1.0423990e-002  1.0423990e-002  6.1635028e-003
  4.8627970e+002  1.0640412e-002  1.0640412e-002  6.2645365e-003
  4.8629368e+002  1.0863995e-002  1.0863995e-002  6.3687631e-003
  4.8630767e+002  1.1095650e-002  1.1095650e-002  6.4761677e-003
  4.8632165e+002  1.1336374e-002  1.1336374e-002  6.5867135e-003
  4.8633564e+002  1.1586918e-002  1.1586918e-002  6.7005019e-003
  4.8634963e+002  1.1847563e-002  1.1847563e-002  6.8178958e-003
  4.8636361e+002  1.2118542e-002  1.2118542e-002  6.9392861e-003
  4.8637760e+002  1.2400285e-002  1.2400285e-002  7.0649810e-003
  4.8639158e+002  1.2693597e-002  1.2693597e-002  7.1951312e-003
  4.8640557e+002  1.2999326e-002  1.2999326e-002  7.3298702e-003
  4.8641956e+002  1.3318307e-002  1.3318307e-002  7.4693473e-003
  4.8643354e+002  1.3651354e-002  1.3651354e-002  7.6137420e-003
  4.8644753e+002  1.3999276e-002  1.3999276e-002  7.7632375e-003
  4.8646151e+002  1.4362913e-002  1.4362913e-002  7.9180358e-003
  4.8647550e+002  1.4743153e-002  1.4743153e-002  8.0783753e-003
  4.8648949e+002  1.5140894e-002  1.5140894e-002  8.2444991e-003
  4.8650347e+002  1.5557287e-002  1.5557287e-002  8.4167341e-003
  4.8651746e+002  1.5993975e-002  1.5993975e-002  8.5955703e-003
  4.8653144e+002  1.6452657e-002  1.6452657e-002  8.7815163e-003
  4.8654543e+002  1.6934866e-002  1.6934866e-002  8.9750756e-003
  4.8655942e+002  1.7441804e-002  1.7441804e-002  9.1767416e-003
  4.8657340e+002  1.7974640e-002  1.7974640e-002  9.3870063e-003
  4.8658739e+002  1.8534958e-002  1.8534958e-002  9.6062990e-003
  4.8660137e+002  1.9125161e-002  1.9125161e-002  9.8349258e-003
  4.8661536e+002  1.9747751e-002  1.9747751e-002  1.0073180e-002
  4.8662935e+002  2.0405110e-002  2.0405110e-002  1.0321608e-002
  4.8664333e+002  2.1099391e-002  2.1099391e-002  1.0581262e-002
  4.8665732e+002  2.1832721e-002  2.1832721e-002  1.0853249e-002
  4.8667130e+002  2.2607619e-002  2.2607619e-002  1.1138416e-002
  4.8668529e+002  2.3427394e-002  2.3427394e-002  1.1437075e-002
  4.8669928e+002  2.4295449e-002  2.4295449e-002  1.1749477e-002
  4.8671326e+002  2.5215091e-002  2.5215091e-002  1.2076340e-002
  4.8672725e+002  2.6189440e-002  2.6189440e-002  1.2419319e-002
  4.8674123e+002  2.7221592e-002  2.7221592e-002  1.2780182e-002
  4.8675522e+002  2.8314966e-002  2.8314966e-002  1.3160288e-002
  4.8676921e+002  2.9473639e-002  2.9473639e-002  1.3560165e-002
  4.8678319e+002  3.0701768e-002  3.0701768e-002  1.3980240e-002
  4.8679718e+002  3.2003491e-002  3.2003491e-002  1.4421437e-002
  4.8681116e+002  3.3382906e-002  3.3382906e-002  1.4885698e-002
  4.8682515e+002  3.4844105e-002  3.4844105e-002  1.5375093e-002
  4.8683914e+002  3.6391107e-002  3.6391107e-002  1.5891450e-002
  4.8685312e+002  3.8027772e-002  3.8027772e-002  1.6436096e-002
  4.8686711e+002  3.9757941e-002  3.9757941e-002  1.7010299e-002
  4.8688109e+002  4.1585445e-002  4.1585445e-002  1.7615630e-002
  4.8689508e+002  4.3514092e-002  4.3514092e-002  1.8254291e-002
  4.8690907e+002  4.5547683e-002  4.5547683e-002  1.8928563e-002
  4.8692305e+002  4.7689484e-002  4.7689484e-002  1.9640583e-002
  4.8693704e+002  4.9941626e-002  4.9941626e-002  2.0392180e-002
  4.8695102e+002  5.2306092e-002  5.2306092e-002  2.1185146e-002
  4.8696501e+002  5.4784576e-002  5.4784576e-002  2.2021553e-002
  4.8697900e+002  5.7378146e-002  5.7378146e-002  2.2904064e-002
  4.8699298e+002  6.0087789e-002  6.0087789e-002  2.3835420e-002
  4.8700697e+002  6.2913597e-002  6.2913597e-002  2.4818202e-002
  4.8702095e+002  6.5853752e-002  6.5853752e-002  2.5854658e-002
  4.8703494e+002  6.8906183e-002  6.8906183e-002  2.6946991e-002
  4.8704893e+002  7.2068158e-002  7.2068158e-002  2.8097593e-002
  4.8706291e+002  7.5335513e-002  7.5335513e-002  2.9309259e-002
  4.8707690e+002  7.8703895e-002  7.8703895e-002  3.0584839e-002
  4.8709088e+002  8.2167993e-002  8.2167993e-002  3.1927071e-002
  4.8710487e+002  8.5720411e-002  8.5720411e-002  3.3338447e-002
  4.8711886e+002  8.9353473e-002  8.9353473e-002  3.4821428e-002
  4.8713284e+002  9.3058730e-002  9.3058730e-002  3.6378417e-002
  4.8714683e+002  9.6826030e-002  9.6826030e-002  3.8011695e-002
  4.8716081e+002  1.0064499e-001  1.0064499e-001  3.9723526e-002
  4.8717480e+002  1.0450469e-001  1.0450469e-001  4.1516034e-002
  4.8718879e+002  1.0839299e-001  1.0839299e-001  4.3391038e-002
  4.8720277e+002  1.1229761e-001  1.1229761e-001  4.5350312e-002
  4.8721676e+002  1.1620574e-001  1.1620574e-001  4.7395300e-002
  4.8723074e+002  1.2010340e-001  1.2010340e-001  4.9526705e-002
  4.8724473e+002  1.2397648e-001  1.2397648e-001  5.1745124e-002
  4.8725872e+002  1.2781096e-001  1.2781096e-001  5.4050750e-002
  4.8727270e+002  1.3159305e-001  1.3159305e-001  5.6442853e-002
  4.8728669e+002  1.3530903e-001  1.3530903e-001  5.8920573e-002
  4.8730067e+002  1.3894522e-001  1.3894522e-001  6.1482380e-002
  4.8731466e+002  1.4248818e-001  1.4248818e-001  6.4125222e-002
  4.8732865e+002  1.4592448e-001  1.4592448e-001  6.6845827e-002
  4.8734263e+002  1.4924116e-001  1.4924116e-001  6.9640168e-002
  4.8735662e+002  1.5242631e-001  1.5242631e-001  7.2502472e-002
  4.8737060e+002  1.5546818e-001  1.5546818e-001  7.5426714e-002
  4.8738459e+002  1.5835568e-001  1.5835568e-001  7.8405999e-002
  4.8739858e+002  1.6107924e-001  1.6107924e-001  8.1431397e-002
  4.8741256e+002  1.6362954e-001  1.6362954e-001  8.4493688e-002
  4.8742655e+002  1.6599762e-001  1.6599762e-001  8.7582608e-002
  4.8744053e+002  1.6817541e-001  1.6817541e-001  9.0685443e-002
  4.8745452e+002  1.7015497e-001  1.7015497e-001  9.3789131e-002
  4.8746851e+002  1.7192920e-001  1.7192920e-001  9.6880091e-002
  4.8748249e+002  1.7349293e-001  1.7349293e-001  9.9943523e-002
  4.8749648e+002  1.7484129e-001  1.7484129e-001  1.0296445e-001
  4.8751046e+002  1.7596975e-001  1.7596975e-001  1.0592712e-001
  4.8752445e+002  1.7687463e-001  1.7687463e-001  1.0881391e-001
  4.8753844e+002  1.7755238e-001  1.7755238e-001  1.1160697e-001
  4.8755242e+002  1.7800003e-001  1.7800003e-001  1.1428846e-001
  4.8756641e+002  1.7821596e-001  1.7821596e-001  1.1684072e-001
  4.8758039e+002  1.7819879e-001  1.7819879e-001  1.1924610e-001
  4.8759438e+002  1.7794785e-001  1.7794785e-001  1.2148747e-001
  4.8760837e+002  1.7746428e-001  1.7746428e-001  1.2354900e-001
  4.8762235e+002  1.7674951e-001  1.7674951e-001  1.2541505e-001
  4.8763634e+002  1.7580534e-001  1.7580534e-001  1.2707087e-001
  4.8765032e+002  1.7463459e-001  1.7463459e-001  1.2850386e-001
  4.8766431e+002  1.7324021e-001  1.7324021e-001  1.2970172e-001
  4.8767830e+002  1.7162613e-001  1.7162613e-001  1.3065364e-001
  4.8769228e+002  1.6979871e-001  1.6979871e-001  1.3135241e-001
  4.8770627e+002  1.6776468e-001  1.6776468e-001  1.3179137e-001
  4.8772025e+002  1.6553148e-001  1.6553148e-001  1.3196561e-001
  4.8773424e+002  1.6310832e-001  1.6310832e-001  1.3187467e-001
  4.8774823e+002  1.6050466e-001  1.6050466e-001  1.3151874e-001
  4.8776221e+002  1.5773076e-001  1.5773076e-001  1.3089963e-001
  4.8777620e+002  1.5479873e-001  1.5479873e-001  1.3002316e-001
  4.8779018e+002  1.5172100e-001  1.5172100e-001  1.2889578e-001
  4.8780417e+002  1.4851053e-001  1.4851053e-001  1.2752557e-001
  4.8781816e+002  1.4518161e-001  1.4518161e-001  1.2592468e-001
  4.8783214e+002  1.4174874e-001  1.4174874e-001  1.2410591e-001
  4.8784613e+002  1.3822681e-001  1.3822681e-001  1.2208302e-001
  4.8786011e+002  1.3463163e-001  1.3463163e-001  1.1987221e-001
  4.8787410e+002  1.3097916e-001  1.3097916e-001  1.1749009e-001
  4.8788809e+002  1.2728519e-001  1.2728519e-001  1.1495396e-001
  4.8790207e+002  1.2356503e-001  1.2356503e-001  1.1228295e-001
  4.8791606e+002  1.1983394e-001  1.1983394e-001  1.0949650e-001
  4.8793004e+002  1.1610696e-001  1.1610696e-001  1.0661384e-001
  4.8794403e+002  1.1239861e-001  1.1239861e-001  1.0365375e-001
  4.8795802e+002  1.0872332e-001  1.0872332e-001  1.0063491e-001
  4.8797200e+002  1.0509487e-001  1.0509487e-001  9.7575761e-002
  4.8798599e+002  1.0152528e-001  1.0152528e-001  9.4494116e-002
  4.8799997e+002  9.8026332e-002  9.8026332e-002  9.1407674e-002
  4.8801396e+002  9.4608929e-002  9.4608929e-002  8.8333107e-002
  4.8802795e+002  9.1281744e-002  9.1281744e-002  8.5284381e-002
  4.8804193e+002  8.8053078e-002  8.8053078e-002  8.2275016e-002
  4.8805592e+002  8.4930533e-002  8.4930533e-002  7.9317854e-002
  4.8806990e+002  8.1919838e-002  8.1919838e-002  7.6423929e-002
  4.8808389e+002  7.9026413e-002  7.9026413e-002  7.3603979e-002
  4.8809788e+002  7.6254882e-002  7.6254882e-002  7.0867486e-002
  4.8811186e+002  7.3607734e-002  7.3607734e-002  6.8220568e-002
  4.8812585e+002  7.1087104e-002  7.1087104e-002  6.5668785e-002
  4.8813983e+002  6.8694450e-002  6.8694450e-002  6.3217089e-002
  4.8815382e+002  6.6429413e-002  6.6429413e-002  6.0868775e-002
  4.8816781e+002  6.4291323e-002  6.4291323e-002  5.8626864e-002
  4.8818179e+002  6.2279007e-002  6.2279007e-002  5.6493543e-002
  4.8819578e+002  6.0389908e-002  6.0389908e-002  5.4468721e-002
  4.8820976e+002  5.8621237e-002  5.8621237e-002  5.2551922e-002
  4.8822375e+002  5.6970124e-002  5.6970124e-002  5.0742256e-002
  4.8823774e+002  5.5433477e-002  5.5433477e-002  4.9037689e-002
  4.8825172e+002  5.4008166e-002  5.4008166e-002  4.7435992e-002
  4.8826571e+002  5.2690578e-002  5.2690578e-002  4.5934674e-002
  4.8827969e+002  5.1475756e-002  5.1475756e-002  4.4530508e-002
  4.8829368e+002  5.0358516e-002  5.0358516e-002  4.3220146e-002
  4.8830767e+002  4.9333988e-002  4.9333988e-002  4.2000141e-002
  4.8832165e+002  4.8398201e-002  4.8398201e-002  4.0866784e-002
  4.8833564e+002  4.7547336e-002  4.7547336e-002  3.9816321e-002
  4.8834962e+002  4.6777425e-002  4.6777425e-002  3.8844862e-002
  4.8836361e+002  4.6084075e-002  4.6084075e-002  3.7948134e-002
  4.8837760e+002  4.5462819e-002  4.5462819e-002  3.7121796e-002
  4.8839158e+002  4.4909472e-002  4.4909472e-002  3.6361757e-002
  4.8840557e+002  4.4420654e-002  4.4420654e-002  3.5664637e-002
  4.8841955e+002  4.3993127e-002  4.3993127e-002  3.5027179e-002
  4.8843354e+002  4.3623817e-002  4.3623817e-002  3.4446155e-002
  4.8844753e+002  4.3310118e-002  4.3310118e-002  3.3918422e-002
  4.8846151e+002  4.3049508e-002  4.3049508e-002  3.3440849e-002
  4.8847550e+002  4.2839667e-002  4.2839667e-002  3.3010448e-002
  4.8848948e+002  4.2678860e-002  4.2678860e-002  3.2624642e-002
  4.8850347e+002  4.2565459e-002  4.2565459e-002  3.2280929e-002
  4.8851746e+002  4.2498116e-002  4.2498116e-002  3.1977083e-002
  4.8853144e+002  4.2476302e-002  4.2476302e-002  3.1711699e-002
  4.8854543e+002  4.2499638e-002  4.2499638e-002  3.1483517e-002
  4.8855941e+002  4.2568038e-002  4.2568038e-002  3.1291264e-002
  4.8857340e+002  4.2682271e-002  4.2682271e-002  3.1133623e-002
  4.8858739e+002  4.2843267e-002  4.2843267e-002  3.1009269e-002
  4.8860137e+002  4.3052113e-002  4.3052113e-002  3.0917150e-002
  4.8861536e+002  4.3310371e-002  4.3310371e-002  3.0857028e-002
  4.8862934e+002  4.3619689e-002  4.3619689e-002  3.0828815e-002
  4.8864333e+002  4.3982013e-002  4.3982013e-002  3.0832566e-002
  4.8865732e+002  4.4400176e-002  4.4400176e-002  3.0868770e-002
  4.8867130e+002  4.4877177e-002  4.4877177e-002  3.0937997e-002
  4.8868529e+002  4.5416251e-002  4.5416251e-002  3.1040817e-002
  4.8869927e+002  4.6021340e-002  4.6021340e-002  3.1177811e-002
  4.8871326e+002  4.6696522e-002  4.6696522e-002  3.1349557e-002
  4.8872725e+002  4.7445967e-002  4.7445967e-002  3.1556964e-002
  4.8874123e+002  4.8274130e-002  4.8274130e-002  3.1801935e-002
  4.8875522e+002  4.9185520e-002  4.9185520e-002  3.2086565e-002
  4.8876920e+002  5.0184875e-002  5.0184875e-002  3.2412836e-002
  4.8878319e+002  5.1277641e-002  5.1277641e-002  3.2782379e-002
  4.8879718e+002  5.2469399e-002  5.2469399e-002  3.3196762e-002
  4.8881116e+002  5.3765670e-002  5.3765670e-002  3.3657794e-002
  4.8882515e+002  5.5171780e-002  5.5171780e-002  3.4168048e-002
  4.8883913e+002  5.6693021e-002  5.6693021e-002  3.4730244e-002
  4.8885312e+002  5.8334817e-002  5.8334817e-002  3.5347173e-002
  4.8886711e+002  6.0103024e-002  6.0103024e-002  3.6021856e-002
  4.8888109e+002  6.2003578e-002  6.2003578e-002  3.6757356e-002
  4.8889508e+002  6.4042053e-002  6.4042053e-002  3.7556672e-002
  4.8890906e+002  6.6222870e-002  6.6222870e-002  3.8422592e-002
  4.8892305e+002  6.8550224e-002  6.8550224e-002  3.9357867e-002
  4.8893704e+002  7.1028126e-002  7.1028126e-002  4.0365548e-002
  4.8895102e+002  7.3660013e-002  7.3660013e-002  4.1449662e-002
  4.8896501e+002  7.6449207e-002  7.6449207e-002  4.2614432e-002
  4.8897899e+002  7.9398512e-002  7.9398512e-002  4.3863843e-002
  4.8899298e+002  8.2509062e-002  8.2509062e-002  4.5201124e-002
  4.8900697e+002  8.5781657e-002  8.5781657e-002  4.6629349e-002
  4.8902095e+002  8.9216395e-002  8.9216395e-002  4.8151889e-002
  4.8903494e+002  9.2811098e-002  9.2811098e-002  4.9773075e-002
  4.8904892e+002  9.6563129e-002  9.6563129e-002  5.1497432e-002
  4.8906291e+002  1.0046922e-001  1.0046922e-001  5.3329218e-002
  4.8907690e+002  1.0452404e-001  1.0452404e-001  5.5271805e-002
  4.8909088e+002  1.0872184e-001  1.0872184e-001  5.7328388e-002
  4.8910487e+002  1.1305596e-001  1.1305596e-001  5.9502380e-002
  4.8911885e+002  1.1751664e-001  1.1751664e-001  6.1797935e-002
  4.8913284e+002  1.2209354e-001  1.2209354e-001  6.4219359e-002
  4.8914683e+002  1.2677573e-001  1.2677573e-001  6.6770667e-002
  4.8916081e+002  1.3155043e-001  1.3155043e-001  6.9454911e-002
  4.8917480e+002  1.3640449e-001  1.3640449e-001  7.2274938e-002
  4.8918878e+002  1.4132404e-001  1.4132404e-001  7.5233546e-002
  4.8920277e+002  1.4629282e-001  1.4629282e-001  7.8333348e-002
  4.8921676e+002  1.5129409e-001  1.5129409e-001  8.1576924e-002
  4.8923074e+002  1.5631108e-001  1.5631108e-001  8.4966698e-002
  4.8924473e+002  1.6132705e-001  1.6132705e-001  8.8504575e-002
  4.8925871e+002  1.6632524e-001  1.6632524e-001  9.2192350e-002
  4.8927270e+002  1.7128873e-001  1.7128873e-001  9.6031403e-002
  4.8928669e+002  1.7620005e-001  1.7620005e-001  1.0002170e-001
  4.8930067e+002  1.8104161e-001  1.8104161e-001  1.0416290e-001
  4.8931466e+002  1.8579646e-001  1.8579646e-001  1.0845423e-001
  4.8932864e+002  1.9044988e-001  1.9044988e-001  1.1289336e-001
  4.8934263e+002  1.9498762e-001  1.9498762e-001  1.1747763e-001
  4.8935662e+002  1.9939588e-001  1.9939588e-001  1.2220381e-001
  4.8937060e+002  2.0366249e-001  2.0366249e-001  1.2706669e-001
  4.8938459e+002  2.0777564e-001  2.0777564e-001  1.3206063e-001
  4.8939857e+002  2.1172438e-001  2.1172438e-001  1.3717922e-001
  4.8941256e+002  2.1550088e-001  2.1550088e-001  1.4241340e-001
  4.8942655e+002  2.1909799e-001  2.1909799e-001  1.4775353e-001
  4.8944053e+002  2.2250918e-001  2.2250918e-001  1.5318916e-001
  4.8945452e+002  2.2573005e-001  2.2573005e-001  1.5870699e-001
  4.8946850e+002  2.2875671e-001  2.2875671e-001  1.6429309e-001
  4.8948249e+002  2.3158577e-001  2.3158577e-001  1.6993260e-001
  4.8949648e+002  2.3421576e-001  2.3421576e-001  1.7560748e-001
  4.8951046e+002  2.3664565e-001  2.3664565e-001  1.8129891e-001
  4.8952445e+002  2.3887476e-001  2.3887476e-001  1.8698749e-001
  4.8953843e+002  2.4090364e-001  2.4090364e-001  1.9265149e-001
  4.8955242e+002  2.4273317e-001  2.4273317e-001  1.9826871e-001
  4.8956641e+002  2.4436421e-001  2.4436421e-001  2.0381625e-001
  4.8958039e+002  2.4579768e-001  2.4579768e-001  2.0926888e-001
  4.8959438e+002  2.4703449e-001  2.4703449e-001  2.1460079e-001
  4.8960836e+002  2.4807537e-001  2.4807537e-001  2.1978629e-001
  4.8962235e+002  2.4892039e-001  2.4892039e-001  2.2480004e-001
  4.8963634e+002  2.4956945e-001  2.4956945e-001  2.2961677e-001
  4.8965032e+002  2.5002248e-001  2.5002248e-001  2.3421130e-001
  4.8966431e+002  2.5027947e-001  2.5027947e-001  2.3855863e-001
  4.8967829e+002  2.5034042e-001  2.5034042e-001  2.4263382e-001
  4.8969228e+002  2.5020516e-001  2.5020516e-001  2.4641299e-001
  4.8970627e+002  2.4987282e-001  2.4987282e-001  2.4987620e-001
  4.8972025e+002  2.4934234e-001  2.4934234e-001  2.5300446e-001
  4.8973424e+002  2.4861282e-001  2.4861282e-001  2.5577969e-001
  4.8974822e+002  2.4768387e-001  2.4768387e-001  2.5818736e-001
  4.8976221e+002  2.4655522e-001  2.4655522e-001  2.6021374e-001
  4.8977620e+002  2.4522690e-001  2.4522690e-001  2.6184679e-001
  4.8979018e+002  2.4370022e-001  2.4370022e-001  2.6308073e-001
  4.8980417e+002  2.4197676e-001  2.4197676e-001  2.6391129e-001
  4.8981815e+002  2.4005849e-001  2.4005849e-001  2.6433567e-001
  4.8983214e+002  2.3794896e-001  2.3794896e-001  2.6435669e-001
  4.8984613e+002  2.3565207e-001  2.3565207e-001  2.6397855e-001
  4.8986011e+002  2.3317229e-001  2.3317229e-001  2.6320682e-001
  4.8987410e+002  2.3051624e-001  2.3051624e-001  2.6205265e-001
  4.8988808e+002  2.2769110e-001  2.2769110e-001  2.6052847e-001
  4.8990207e+002  2.2470451e-001  2.2470451e-001  2.5864798e-001
  4.8991606e+002  2.2156610e-001  2.2156610e-001  2.5642964e-001
  4.8993004e+002  2.1828596e-001  2.1828596e-001  2.5389310e-001
  4.8994403e+002  2.1487454e-001  2.1487454e-001  2.5105869e-001
  4.8995801e+002  2.1134378e-001  2.1134378e-001  2.4794933e-001
  4.8997200e+002  2.0770596e-001  2.0770596e-001  2.4458863e-001
  4.8998599e+002  2.0397354e-001  2.0397354e-001  2.4100050e-001
  4.8999997e+002  2.0015966e-001  2.0015966e-001  2.3721018e-001
  4.9001396e+002  1.9627766e-001  1.9627766e-001  2.3324323e-001
  4.9002794e+002  1.9234088e-001  1.9234088e-001  2.2912500e-001
  4.9004193e+002  1.8836294e-001  1.8836294e-001  2.2487997e-001
  4.9005592e+002  1.8435747e-001  1.8435747e-001  2.2053239e-001
  4.9006990e+002  1.8033781e-001  1.8033781e-001  2.1610596e-001
  4.9008389e+002  1.7631615e-001  1.7631615e-001  2.1162214e-001
  4.9009787e+002  1.7230436e-001  1.7230436e-001  2.0710178e-001
  4.9011186e+002  1.6831405e-001  1.6831405e-001  2.0256495e-001
  4.9012585e+002  1.6435582e-001  1.6435582e-001  1.9802828e-001
  4.9013983e+002  1.6043998e-001  1.6043998e-001  1.9350754e-001
  4.9015382e+002  1.5657636e-001  1.5657636e-001  1.8901768e-001
  4.9016780e+002  1.5277271e-001  1.5277271e-001  1.8457035e-001
  4.9018179e+002  1.4903624e-001  1.4903624e-001  1.8017635e-001
  4.9019578e+002  1.4537376e-001  1.4537376e-001  1.7584550e-001
  4.9020976e+002  1.4179029e-001  1.4179029e-001  1.7158363e-001
  4.9022375e+002  1.3829041e-001  1.3829041e-001  1.6739553e-001
  4.9023773e+002  1.3487830e-001  1.3487830e-001  1.6328549e-001
  4.9025172e+002  1.3155659e-001  1.3155659e-001  1.5925571e-001
  4.9026571e+002  1.2832746e-001  1.2832746e-001  1.5530782e-001
  4.9027969e+002  1.2519269e-001  1.2519269e-001  1.5144290e-001
  4.9029368e+002  1.2215214e-001  1.2215214e-001  1.4765966e-001
  4.9030766e+002  1.1920520e-001  1.1920520e-001  1.4395617e-001
  4.9032165e+002  1.1635114e-001  1.1635114e-001  1.4033046e-001
  4.9033564e+002  1.1358869e-001  1.1358869e-001  1.3678035e-001
  4.9034962e+002  1.1091650e-001  1.1091650e-001  1.3330359e-001
  4.9036361e+002  1.0833286e-001  1.0833286e-001  1.2989783e-001
  4.9037759e+002  1.0583488e-001  1.0583488e-001  1.2656025e-001
  4.9039158e+002  1.0341928e-001  1.0341928e-001  1.2328786e-001
  4.9040557e+002  1.0108279e-001  1.0108279e-001  1.2007794e-001
  4.9041955e+002  9.8822141e-002  9.8822141e-002  1.1692882e-001
  4.9043354e+002  9.6634027e-002  9.6634027e-002  1.1383909e-001
  4.9044752e+002  9.4515130e-002  9.4515130e-002  1.1080745e-001
  4.9046151e+002  9.2461974e-002  9.2461974e-002  1.0783292e-001
  4.9047550e+002  9.0471046e-002  9.0471046e-002  1.0491461e-001
  4.9048948e+002  8.8538887e-002  8.8538887e-002  1.0205192e-001
  4.9050347e+002  8.6662282e-002  8.6662282e-002  9.9245558e-002
  4.9051745e+002  8.4838087e-002  8.4838087e-002  9.6496585e-002
  4.9053144e+002  8.3063217e-002  8.3063217e-002  9.3805984e-002
  4.9054543e+002  8.1334858e-002  8.1334858e-002  9.1174366e-002
  4.9055941e+002  7.9650274e-002  7.9650274e-002  8.8602236e-002
  4.9057340e+002  7.8006838e-002  7.8006838e-002  8.6090305e-002
  4.9058738e+002  7.6402438e-002  7.6402438e-002  8.3640207e-002
  4.9060137e+002  7.4835106e-002  7.4835106e-002  8.1253839e-002
  4.9061536e+002  7.3302929e-002  7.3302929e-002  7.8932855e-002
  4.9062934e+002  7.1804259e-002  7.1804259e-002  7.6677787e-002
  4.9064333e+002  7.0337522e-002  7.0337522e-002  7.4488850e-002
  4.9065731e+002  6.8901205e-002  6.8901205e-002  7.2366307e-002
  4.9067130e+002  6.7494075e-002  6.7494075e-002  7.0310664e-002
  4.9068529e+002  6.6114979e-002  6.6114979e-002  6.8322493e-002
  4.9069927e+002  6.4762863e-002  6.4762863e-002  6.6402167e-002
  4.9071326e+002  6.3437130e-002  6.3437130e-002  6.4549114e-002
  4.9072724e+002  6.2137318e-002  6.2137318e-002  6.2762488e-002
  4.9074123e+002  6.0862905e-002  6.0862905e-002  6.1041414e-002
  4.9075522e+002  5.9613099e-002  5.9613099e-002  5.9384865e-002
  4.9076920e+002  5.8387028e-002  5.8387028e-002  5.7791773e-002
  4.9078319e+002  5.7183952e-002  5.7183952e-002  5.6260927e-002
  4.9079717e+002  5.6003760e-002  5.6003760e-002  5.4790447e-002
  4.9081116e+002  5.4846525e-002  5.4846525e-002  5.3378253e-002
  4.9082515e+002  5.3712161e-002  5.3712161e-002  5.2022242e-002
  4.9083913e+002  5.2599812e-002  5.2599812e-002  5.0720204e-002
  4.9085312e+002  5.1508390e-002  5.1508390e-002  4.9469895e-002
  4.9086710e+002  5.0436935e-002  5.0436935e-002  4.8269072e-002
  4.9088109e+002  4.9385105e-002  4.9385105e-002  4.7115495e-002
  4.9089508e+002  4.8352746e-002  4.8352746e-002  4.6006921e-002
  4.9090906e+002  4.7339652e-002  4.7339652e-002  4.4941057e-002
  4.9092305e+002  4.6345390e-002  4.6345390e-002  4.3915341e-002
  4.9093703e+002  4.5369453e-002  4.5369453e-002  4.2927135e-002
  4.9095102e+002  4.4411324e-002  4.4411324e-002  4.1973863e-002
  4.9096501e+002  4.3470430e-002  4.3470430e-002  4.1053273e-002
  4.9097899e+002  4.2546182e-002  4.2546182e-002  4.0163212e-002
  4.9099298e+002  4.1638008e-002  4.1638008e-002  3.9301542e-002
  4.9100696e+002  4.0745421e-002  4.0745421e-002  3.8466198e-002
  4.9102095e+002  3.9867962e-002  3.9867962e-002  3.7655141e-002
  4.9103494e+002  3.9005258e-002  3.9005258e-002  3.6866352e-002
  4.9104892e+002  3.8157385e-002  3.8157385e-002  3.6097925e-002
  4.9106291e+002  3.7324558e-002  3.7324558e-002  3.5347993e-002
  4.9107689e+002  3.6506913e-002  3.6506913e-002  3.4614797e-002
  4.9109088e+002  3.5704176e-002  3.5704176e-002  3.3897153e-002
  4.9110487e+002  3.4915948e-002  3.4915948e-002  3.3194054e-002
  4.9111885e+002  3.4141916e-002  3.4141916e-002  3.2504527e-002
  4.9113284e+002  3.3382216e-002  3.3382216e-002  3.1827766e-002
  4.9114682e+002  3.2637126e-002  3.2637126e-002  3.1163015e-002
  4.9116081e+002  3.1906939e-002  3.1906939e-002  3.0509567e-002
  4.9117480e+002  3.1192026e-002  3.1192026e-002  2.9866936e-002
  4.9118878e+002  3.0492781e-002  3.0492781e-002  2.9234714e-002
  4.9120277e+002  2.9809596e-002  2.9809596e-002  2.8612564e-002
  4.9121675e+002  2.9142835e-002  2.9142835e-002  2.8000541e-002
  4.9123074e+002  2.8492852e-002  2.8492852e-002  2.7398823e-002
  4.9124473e+002  2.7860010e-002  2.7860010e-002  2.6807669e-002
  4.9125871e+002  2.7244697e-002  2.7244697e-002  2.6227744e-002
  4.9127270e+002  2.6647310e-002  2.6647310e-002  2.5659846e-002
  4.9128668e+002  2.6068230e-002  2.6068230e-002  2.5104736e-002
  4.9130067e+002  2.5507756e-002  2.5507756e-002  2.4562983e-002
  4.9131466e+002  2.4966157e-002  2.4966157e-002  2.4035091e-002
  4.9132864e+002  2.4443760e-002  2.4443760e-002  2.3521631e-002
  4.9134263e+002  2.3941203e-002  2.3941203e-002  2.3023546e-002
  4.9135661e+002  2.3459223e-002  2.3459223e-002  2.2541899e-002
  4.9137060e+002  2.2998482e-002  2.2998482e-002  2.2077720e-002
  4.9138459e+002  2.2559219e-002  2.2559219e-002  2.1631850e-002
  4.9139857e+002  2.2141531e-002  2.2141531e-002  2.1205069e-002
  4.9141256e+002  2.1745502e-002  2.1745502e-002  2.0798157e-002
  4.9142654e+002  2.1371137e-002  2.1371137e-002  2.0411916e-002
  4.9144053e+002  2.1018414e-002  2.1018414e-002  2.0047151e-002
  4.9145452e+002  2.0687379e-002  2.0687379e-002  1.9704624e-002
  4.9146850e+002  2.0378447e-002  2.0378447e-002  1.9384846e-002
  4.9148249e+002  2.0092163e-002  2.0092163e-002  1.9088247e-002
  4.9149647e+002  1.9828947e-002  1.9828947e-002  1.8815297e-002
  4.9151046e+002  1.9588544e-002  1.9588544e-002  1.8566719e-002
  4.9152445e+002  1.9370464e-002  1.9370464e-002  1.8343318e-002
  4.9153843e+002  1.9174311e-002  1.9174311e-002  1.8145768e-002
  4.9155242e+002  1.9000211e-002  1.9000211e-002  1.7973997e-002
  4.9156640e+002  1.8848468e-002  1.8848468e-002  1.7827677e-002
  4.9158039e+002  1.8719269e-002  1.8719269e-002  1.7706574e-002
  4.9159438e+002  1.8612117e-002  1.8612117e-002  1.7611009e-002
  4.9160836e+002  1.8526279e-002  1.8526279e-002  1.7541495e-002
  4.9162235e+002  1.8461087e-002  1.8461087e-002  1.7498416e-002
  4.9163633e+002  1.8416268e-002  1.8416268e-002  1.7481416e-002
  4.9165032e+002  1.8391683e-002  1.8391683e-002  1.7489881e-002
  4.9166431e+002  1.8387107e-002  1.8387107e-002  1.7523294e-002
  4.9167829e+002  1.8401790e-002  1.8401790e-002  1.7581738e-002
  4.9169228e+002  1.8434800e-002  1.8434800e-002  1.7665503e-002
  4.9170626e+002  1.8485244e-002  1.8485244e-002  1.7774726e-002
  4.9172025e+002  1.8552475e-002  1.8552475e-002  1.7908629e-002
  4.9173424e+002  1.8635935e-002  1.8635935e-002  1.8066104e-002
  4.9174822e+002  1.8734987e-002  1.8734987e-002  1.8246135e-002
  4.9176221e+002  1.8848534e-002  1.8848534e-002  1.8448234e-002
  4.9177619e+002  1.8975317e-002  1.8975317e-002  1.8672106e-002
  4.9179018e+002  1.9114097e-002  1.9114097e-002  1.8917375e-002
  4.9180417e+002  1.9263781e-002  1.9263781e-002  1.9183181e-002
  4.9181815e+002  1.9423327e-002  1.9423327e-002  1.9468488e-002
  4.9183214e+002  1.9591674e-002  1.9591674e-002  1.9772255e-002
  4.9184612e+002  1.9767646e-002  1.9767646e-002  2.0093396e-002
  4.9186011e+002  1.9950022e-002  1.9950022e-002  2.0430810e-002
  4.9187410e+002  2.0137517e-002  2.0137517e-002  2.0783386e-002
  4.9188808e+002  2.0328446e-002  2.0328446e-002  2.1149941e-002
  4.9190207e+002  2.0520976e-002  2.0520976e-002  2.1529265e-002
  4.9191605e+002  2.0713378e-002  2.0713378e-002  2.1920083e-002
  4.9193004e+002  2.0904551e-002  2.0904551e-002  2.2320729e-002
  4.9194403e+002  2.1093629e-002  2.1093629e-002  2.2729386e-002
  4.9195801e+002  2.1279639e-002  2.1279639e-002  2.3144273e-002
  4.9197200e+002  2.1460927e-002  2.1460927e-002  2.3563814e-002
  4.9198598e+002  2.1635584e-002  2.1635584e-002  2.3986510e-002
  4.9199997e+002  2.1801803e-002  2.1801803e-002  2.4410795e-002
  4.9201396e+002  2.1958427e-002  2.1958427e-002  2.4834670e-002
  4.9202794e+002  2.2104544e-002  2.2104544e-002  2.5255972e-002
  4.9204193e+002  2.2239224e-002  2.2239224e-002  2.5672549e-002
  4.9205591e+002  2.2361419e-002  2.2361419e-002  2.6082338e-002
  4.9206990e+002  2.2470035e-002  2.2470035e-002  2.6483305e-002
  4.9208389e+002  2.2564009e-002  2.2564009e-002  2.6873433e-002
  4.9209787e+002  2.2642460e-002  2.2642460e-002  2.7250794e-002
  4.9211186e+002  2.2704584e-002  2.2704584e-002  2.7613494e-002
  4.9212584e+002  2.2749643e-002  2.2749643e-002  2.7959626e-002
  4.9213983e+002  2.2777350e-002  2.2777350e-002  2.8287197e-002
  4.9215382e+002  2.2787590e-002  2.2787590e-002  2.8594184e-002
  4.9216780e+002  2.2780222e-002  2.2780222e-002  2.8878600e-002
  4.9218179e+002  2.2754917e-002  2.2754917e-002  2.9138708e-002
  4.9219577e+002  2.2711270e-002  2.2711270e-002  2.9372869e-002
  4.9220976e+002  2.2648981e-002  2.2648981e-002  2.9579524e-002
  4.9222375e+002  2.2568405e-002  2.2568405e-002  2.9757630e-002
  4.9223773e+002  2.2470159e-002  2.2470159e-002  2.9906348e-002
  4.9225172e+002  2.2354869e-002  2.2354869e-002  3.0024870e-002
  4.9226570e+002  2.2223214e-002  2.2223214e-002  3.0112569e-002
  4.9227969e+002  2.2075893e-002  2.2075893e-002  3.0168894e-002
  4.9229368e+002  2.1913582e-002  2.1913582e-002  3.0193372e-002
  4.9230766e+002  2.1736805e-002  2.1736805e-002  3.0186064e-002
  4.9232165e+002  2.1546025e-002  2.1546025e-002  3.0147243e-002
  4.9233563e+002  2.1341787e-002  2.1341787e-002  3.0077267e-002
  4.9234962e+002  2.1125192e-002  2.1125192e-002  2.9977026e-002
  4.9236361e+002  2.0897568e-002  2.0897568e-002  2.9847629e-002
  4.9237759e+002  2.0660201e-002  2.0660201e-002  2.9690159e-002
  4.9239158e+002  2.0414081e-002  2.0414081e-002  2.9505515e-002
  4.9240556e+002  2.0160076e-002  2.0160076e-002  2.9294519e-002
  4.9241955e+002  1.9899095e-002  1.9899095e-002  2.9058127e-002
  4.9243354e+002  1.9632316e-002  1.9632316e-002  2.8798206e-002
  4.9244752e+002  1.9361028e-002  1.9361028e-002  2.8517003e-002
  4.9246151e+002  1.9086459e-002  1.9086459e-002  2.8216677e-002
  4.9247549e+002  1.8809408e-002  1.8809408e-002  2.7898754e-002
  4.9248948e+002  1.8530491e-002  1.8530491e-002  2.7564494e-002
  4.9250347e+002  1.8250382e-002  1.8250382e-002  2.7215187e-002
  4.9251745e+002  1.7970143e-002  1.7970143e-002  2.6852320e-002
  4.9253144e+002  1.7691000e-002  1.7691000e-002  2.6477465e-002
  4.9254542e+002  1.7414122e-002  1.7414122e-002  2.6092220e-002
  4.9255941e+002  1.7140254e-002  1.7140254e-002  2.5698374e-002
  4.9257340e+002  1.6869962e-002  1.6869962e-002  2.5297793e-002
  4.9258738e+002  1.6603795e-002  1.6603795e-002  2.4892211e-002
  4.9260137e+002  1.6342190e-002  1.6342190e-002  2.4482412e-002
  4.9261535e+002  1.6085540e-002  1.6085540e-002  2.4068769e-002
  4.9262934e+002  1.5834258e-002  1.5834258e-002  2.3651768e-002
  4.9264333e+002  1.5588914e-002  1.5588914e-002  2.3232686e-002
  4.9265731e+002  1.5350152e-002  1.5350152e-002  2.2813152e-002
  4.9267130e+002  1.5118538e-002  1.5118538e-002  2.2394677e-002
  4.9268528e+002  1.4894118e-002  1.4894118e-002  2.1977944e-002
  4.9269927e+002  1.4676704e-002  1.4676704e-002  2.1563274e-002
  4.9271326e+002  1.4466136e-002  1.4466136e-002  2.1151040e-002
  4.9272724e+002  1.4262438e-002  1.4262438e-002  2.0742036e-002
  4.9274123e+002  1.4065717e-002  1.4065717e-002  2.0337239e-002
  4.9275521e+002  1.3876050e-002  1.3876050e-002  1.9937561e-002
  4.9276920e+002  1.3693294e-002  1.3693294e-002  1.9543422e-002
  4.9278319e+002  1.3517207e-002  1.3517207e-002  1.9155023e-002
  4.9279717e+002  1.3347547e-002  1.3347547e-002  1.8772633e-002
  4.9281116e+002  1.3184068e-002  1.3184068e-002  1.8397015e-002
  4.9282514e+002  1.3026524e-002  1.3026524e-002  1.8029158e-002
  4.9283913e+002  1.2874652e-002  1.2874652e-002  1.7669990e-002
  4.9285312e+002  1.2728073e-002  1.2728073e-002  1.7319991e-002
  4.9286710e+002  1.2586355e-002  1.2586355e-002  1.6979437e-002
  4.9288109e+002  1.2449082e-002  1.2449082e-002  1.6648591e-002
  4.9289507e+002  1.2315958e-002  1.2315958e-002  1.6327622e-002
  4.9290906e+002  1.2186744e-002  1.2186744e-002  1.6016657e-002
  4.9292305e+002  1.2061196e-002  1.2061196e-002  1.5715840e-002
  4.9293703e+002  1.1939055e-002  1.1939055e-002  1.5425439e-002
  4.9295102e+002  1.1820049e-002  1.1820049e-002  1.5145777e-002
  4.9296500e+002  1.1703902e-002  1.1703902e-002  1.4877129e-002
  4.9297899e+002  1.1590294e-002  1.1590294e-002  1.4619362e-002
  4.9299298e+002  1.1478885e-002  1.1478885e-002  1.4372158e-002
  4.9300696e+002  1.1369359e-002  1.1369359e-002  1.4135210e-002
  4.9302095e+002  1.1261596e-002  1.1261596e-002  1.3908316e-002
  4.9303493e+002  1.1155566e-002  1.1155566e-002  1.3691324e-002
  4.9304892e+002  1.1051236e-002  1.1051236e-002  1.3484035e-002
  4.9306291e+002  1.0948528e-002  1.0948528e-002  1.3285890e-002
  4.9307689e+002  1.0847340e-002  1.0847340e-002  1.3096155e-002
  4.9309088e+002  1.0747571e-002  1.0747571e-002  1.2914137e-002
  4.9310486e+002  1.0649103e-002  1.0649103e-002  1.2739449e-002
  4.9311885e+002  1.0551812e-002  1.0551812e-002  1.2571851e-002
  4.9313284e+002  1.0455584e-002  1.0455584e-002  1.2411083e-002
  4.9314682e+002  1.0360416e-002  1.0360416e-002  1.2256703e-002
  4.9316081e+002  1.0266355e-002  1.0266355e-002  1.2108185e-002
  4.9317479e+002  1.0173439e-002  1.0173439e-002  1.1965011e-002
  4.9318878e+002  1.0081638e-002  1.0081638e-002  1.1826725e-002
  4.9320277e+002  9.9908877e-003  9.9908877e-003  1.1692906e-002
  4.9321675e+002  9.9011443e-003  9.9011443e-003  1.1563163e-002
  4.9323074e+002  9.8125346e-003  9.8125346e-003  1.1437368e-002
  4.9324472e+002  9.7252687e-003  9.7252687e-003  1.1315522e-002
  4.9325871e+002  9.6395246e-003  9.6395246e-003  1.1197574e-002
  4.9327270e+002  9.5552118e-003  9.5552118e-003  1.1083046e-002
  4.9328668e+002  9.4721067e-003  9.4721067e-003  1.0971248e-002
  4.9330067e+002  9.3900115e-003  9.3900115e-003  1.0861581e-002
  4.9331465e+002  9.3089485e-003  9.3089485e-003  1.0754208e-002
  4.9332864e+002  9.2290494e-003  9.2290494e-003  1.0649677e-002
  4.9334263e+002  9.1504149e-003  9.1504149e-003  1.0548467e-002
  4.9335661e+002  9.0728752e-003  9.0728752e-003  1.0450477e-002
  4.9337060e+002  8.9961255e-003  8.9961255e-003  1.0355313e-002
  4.9338458e+002  8.9199208e-003  8.9199208e-003  1.0262604e-002
  4.9339857e+002  8.8445343e-003  8.8445343e-003  1.0172174e-002
  4.9341256e+002  8.7705014e-003  8.7705014e-003  1.0083944e-002
  4.9342654e+002  8.6982686e-003  8.6982686e-003  9.9978544e-003
  4.9344053e+002  8.6275013e-003  8.6275013e-003  9.9139823e-003
  4.9345451e+002  8.5574672e-003  8.5574672e-003  9.8324754e-003
  4.9346850e+002  8.4875349e-003  8.4875349e-003  9.7534352e-003
  4.9348249e+002  8.4179787e-003  8.4179787e-003  9.6765560e-003
  4.9349647e+002  8.3495384e-003  8.3495384e-003  9.6013232e-003
  4.9351046e+002  8.2828655e-003  8.2828655e-003  9.5272741e-003
  4.9352444e+002  8.2178048e-003  8.2178048e-003  9.4544179e-003
  4.9353843e+002  8.1537827e-003  8.1537827e-003  9.3830084e-003
  4.9355242e+002  8.0902935e-003  8.0902935e-003  9.3132489e-003
  4.9356640e+002  8.0274615e-003  8.0274615e-003  9.2448776e-003
  4.9358039e+002  7.9657404e-003  7.9657404e-003  9.1773900e-003
  4.9359437e+002  7.9055461e-003  7.9055461e-003  9.1103213e-003
  4.9360836e+002  7.8469305e-003  7.8469305e-003  9.0435817e-003
  4.9362235e+002  7.7897543e-003  7.7897543e-003  8.9772784e-003
  4.9363633e+002  7.7338930e-003  7.7338930e-003  8.9115183e-003
  4.9365032e+002  7.6793737e-003  7.6793737e-003  8.8463838e-003
  4.9366430e+002  7.6263039e-003  7.6263039e-003  8.7819446e-003
  4.9367829e+002  7.5747654e-003  7.5747654e-003  8.7182768e-003
  4.9369228e+002  7.5245973e-003  7.5245973e-003  8.6555149e-003
  4.9370626e+002  7.4755088e-003  7.4755088e-003  8.5938247e-003
  4.9372025e+002  7.4272603e-003  7.4272603e-003  8.5333496e-003
  4.9373423e+002  7.3800946e-003  7.3800946e-003  8.4740235e-003
  4.9374822e+002  7.3345148e-003  7.3345148e-003  8.4156676e-003
  4.9376221e+002  7.2909536e-003  7.2909536e-003  8.3581493e-003
  4.9377619e+002  7.2491623e-003  7.2491623e-003  8.3017793e-003
  4.9379018e+002  7.2085214e-003  7.2085214e-003  8.2471092e-003
  4.9380416e+002  7.1684683e-003  7.1684683e-003  8.1946337e-003
  4.9381815e+002  7.1290118e-003  7.1290118e-003  8.1442882e-003
  4.9383214e+002  7.0904742e-003  7.0904742e-003  8.0957010e-003
  4.9384612e+002  7.0531526e-003  7.0531526e-003  8.0485457e-003
  4.9386011e+002  7.0170733e-003  7.0170733e-003  8.0029561e-003
  4.9387409e+002  6.9821130e-003  6.9821130e-003  7.9593209e-003
  4.9388808e+002  6.9481309e-003  6.9481309e-003  7.9180019e-003
  4.9390207e+002  6.9148334e-003  6.9148334e-003  7.8790766e-003
  4.9391605e+002  6.8818417e-003  6.8818417e-003  7.8424641e-003
  4.9393004e+002  6.8488325e-003  6.8488325e-003  7.8080490e-003
  4.9394402e+002  6.8160303e-003  6.8160303e-003  7.7753976e-003
  4.9395801e+002  6.7839678e-003  6.7839678e-003  7.7438972e-003
  4.9397200e+002  6.7531086e-003  6.7531086e-003  7.7129904e-003
  4.9398598e+002  6.7232041e-003  6.7232041e-003  7.6826810e-003
  4.9399997e+002  6.6936018e-003  6.6936018e-003  7.6532912e-003
  4.9401395e+002  6.6637103e-003  6.6637103e-003  7.6250858e-003
  4.9402794e+002  6.6335850e-003  6.6335850e-003  7.5977257e-003
  4.9404193e+002  6.6036519e-003  6.6036519e-003  7.5705265e-003
  4.9405591e+002  6.5742851e-003  6.5742851e-003  7.5428533e-003
  4.9406990e+002  6.5453009e-003  6.5453009e-003  7.5146062e-003
  4.9408388e+002  6.5161938e-003  6.5161938e-003  7.4859938e-003
  4.9409787e+002  6.4865135e-003  6.4865135e-003  7.4571739e-003
  4.9411186e+002  6.4564078e-003  6.4564078e-003  7.4277553e-003
  4.9412584e+002  6.4263720e-003  6.4263720e-003  7.3970275e-003
  4.9413983e+002  6.3968547e-003  6.3968547e-003  7.3643422e-003
  4.9415381e+002  6.3677838e-003  6.3677838e-003  7.3297279e-003
  4.9416780e+002  6.3387820e-003  6.3387820e-003  7.2936094e-003
  4.9418179e+002  6.3094856e-003  6.3094856e-003  7.2563663e-003
  4.9419577e+002  6.2797059e-003  6.2797059e-003  7.2178584e-003
  4.9420976e+002  6.2493583e-003  6.2493583e-003  7.1776387e-003
  4.9422374e+002  6.2183731e-003  6.2183731e-003  7.1352966e-003
  4.9423773e+002  6.1868244e-003  6.1868244e-003  7.0908439e-003
  4.9425172e+002  6.1548718e-003  6.1548718e-003  7.0445434e-003
  4.9426570e+002  6.1226669e-003  6.1226669e-003  6.9966433e-003
  4.9427969e+002  6.0902633e-003  6.0902633e-003  6.9471999e-003
  4.9429367e+002  6.0576559e-003  6.0576559e-003  6.8961545e-003
  4.9430766e+002  6.0248317e-003  6.0248317e-003  6.8434485e-003
  4.9432165e+002  5.9917005e-003  5.9917005e-003  6.7890445e-003
  4.9433563e+002  5.9581259e-003  5.9581259e-003  6.7329173e-003
  4.9434962e+002  5.9239780e-003  5.9239780e-003  6.6750522e-003
  4.9436360e+002  5.8892078e-003  5.8892078e-003  6.6155422e-003
  4.9437759e+002  5.8538156e-003  5.8538156e-003  6.5545460e-003
  4.9439158e+002  5.8178094e-003  5.8178094e-003  6.4922113e-003
  4.9440556e+002  5.7812744e-003  5.7812744e-003  6.4285583e-003
  4.9441955e+002  5.7443437e-003  5.7443437e-003  6.3635282e-003
  4.9443353e+002  5.7071446e-003  5.7071446e-003  6.2970687e-003
  4.9444752e+002  5.6697379e-003  5.6697379e-003  6.2292082e-003
  4.9446151e+002  5.6321429e-003  5.6321429e-003  6.1600258e-003
  4.9447549e+002  5.5943667e-003  5.5943667e-003  6.0896122e-003
  4.9448948e+002  5.5562842e-003  5.5562842e-003  6.0181833e-003
  4.9450346e+002  5.5176881e-003  5.5176881e-003  5.9460332e-003
  4.9451745e+002  5.4783940e-003  5.4783940e-003  5.8734341e-003
  4.9453144e+002  5.4384896e-003  5.4384896e-003  5.8003989e-003
  4.9454542e+002  5.3982339e-003  5.3982339e-003  5.7267777e-003
  4.9455941e+002  5.3578610e-003  5.3578610e-003  5.6524415e-003
  4.9457339e+002  5.3172896e-003  5.3172896e-003  5.5775314e-003
  4.9458738e+002  5.2762386e-003  5.2762386e-003  5.5023602e-003
  4.9460137e+002  5.2344540e-003  5.2344540e-003  5.4272274e-003
  4.9461535e+002  5.1920308e-003  5.1920308e-003  5.3522504e-003
  4.9462934e+002  5.1492872e-003  5.1492872e-003  5.2774299e-003
  4.9464332e+002  5.1065071e-003  5.1065071e-003  5.2027769e-003
  4.9465731e+002  5.0635315e-003  5.0635315e-003  5.1284424e-003
  4.9467130e+002  5.0199155e-003  5.0199155e-003  5.0546679e-003
  4.9468528e+002  4.9752491e-003  4.9752491e-003  4.9816913e-003
  4.9469927e+002  4.9295915e-003  4.9295915e-003  4.9096896e-003
  4.9471325e+002  4.8833062e-003  4.8833062e-003  4.8388006e-003
  4.9472724e+002  4.8367218e-003  4.8367218e-003  4.7691434e-003
  4.9474123e+002  4.7896865e-003  4.7896865e-003  4.7006232e-003
  4.9475521e+002  4.7417337e-003  4.7417337e-003  4.6330052e-003
  4.9476920e+002  4.6924331e-003  4.6924331e-003  4.5660754e-003
  4.9478318e+002  4.6418581e-003  4.6418581e-003  4.4999024e-003
  4.9479717e+002  4.5904142e-003  4.5904142e-003  4.4347414e-003
  4.9481116e+002  4.5384907e-003  4.5384907e-003  4.3708275e-003
  4.9482514e+002  4.4862052e-003  4.4862052e-003  4.3081111e-003
  4.9483913e+002  4.4334943e-003  4.4334943e-003  4.2463527e-003
  4.9485311e+002  4.3802878e-003  4.3802878e-003  4.1853279e-003
  4.9486710e+002  4.3264709e-003  4.3264709e-003  4.1250402e-003
  4.9488109e+002  4.2718995e-003  4.2718995e-003  4.0656455e-003
  4.9489507e+002  4.2164395e-003  4.2164395e-003  4.0072778e-003
  4.9490906e+002  4.1600907e-003  4.1600907e-003  3.9497592e-003
  4.9492304e+002  4.1029435e-003  4.1029435e-003  3.8927005e-003
  4.9493703e+002  4.0451007e-003  4.0451007e-003  3.8357402e-003
  4.9495102e+002  3.9867994e-003  3.9867994e-003  3.7789099e-003
  4.9496500e+002  3.9283677e-003  3.9283677e-003  3.7225097e-003
  4.9497899e+002  3.8701079e-003  3.8701079e-003  3.6668191e-003
  4.9499297e+002  3.8119651e-003  3.8119651e-003  3.6117925e-003
  4.9500696e+002  3.7536393e-003  3.7536393e-003  3.5571600e-003
  4.9502095e+002  3.6948534e-003  3.6948534e-003  3.5026700e-003
  4.9503493e+002  3.6356894e-003  3.6356894e-003  3.4483570e-003
  4.9504892e+002  3.5764780e-003  3.5764780e-003  3.3944541e-003
  4.9506290e+002  3.5175434e-003  3.5175434e-003  3.3411830e-003
  4.9507689e+002  3.4590614e-003  3.4590614e-003  3.2885658e-003
  4.9509088e+002  3.4011041e-003  3.4011041e-003  3.2364850e-003
  4.9510486e+002  3.3437358e-003  3.3437358e-003  3.1848358e-003
  4.9511885e+002  3.2869477e-003  3.2869477e-003  3.1337162e-003
  4.9513283e+002  3.2306794e-003  3.2306794e-003  3.0833676e-003
  4.9514682e+002  3.1748796e-003  3.1748796e-003  3.0340114e-003
  4.9516081e+002  3.1196283e-003  3.1196283e-003  2.9855651e-003
  4.9517479e+002  3.0650992e-003  3.0650992e-003  2.9377306e-003
  4.9518878e+002  3.0114571e-003  3.0114571e-003  2.8902346e-003
  4.9520276e+002  2.9587212e-003  2.9587212e-003  2.8432002e-003
  4.9521675e+002  2.9068066e-003  2.9068066e-003  2.7970340e-003
  4.9523074e+002  2.8556368e-003  2.8556368e-003  2.7521223e-003
  4.9524472e+002  2.8052788e-003  2.8052788e-003  2.7084904e-003
  4.9525871e+002  2.7559033e-003  2.7559033e-003  2.6659035e-003
  4.9527269e+002  2.7076744e-003  2.7076744e-003  2.6241303e-003
  4.9528668e+002  2.6606327e-003  2.6606327e-003  2.5830701e-003
  4.9530067e+002  2.6147294e-003  2.6147294e-003  2.5427165e-003
  4.9531465e+002  2.5699169e-003  2.5699169e-003  2.5030759e-003
  4.9532864e+002  2.5261922e-003  2.5261922e-003  2.4642977e-003
  4.9534262e+002  2.4835851e-003  2.4835851e-003  2.4266362e-003
  4.9535661e+002  2.4421223e-003  2.4421223e-003  2.3903200e-003
  4.9537060e+002  2.4017745e-003  2.4017745e-003  2.3551803e-003
  4.9538458e+002  2.3624711e-003  2.3624711e-003  2.3207550e-003
  4.9539857e+002  2.3241532e-003  2.3241532e-003  2.2866125e-003
  4.9541255e+002  2.2869401e-003  2.2869401e-003  2.2528566e-003
  4.9542654e+002  2.2510844e-003  2.2510844e-003  2.2199894e-003
  4.9544053e+002  2.2168171e-003  2.2168171e-003  2.1884856e-003
  4.9545451e+002  2.1840140e-003  2.1840140e-003  2.1582857e-003
  4.9546850e+002  2.1522846e-003  2.1522846e-003  2.1289297e-003
  4.9548248e+002  2.1212549e-003  2.1212549e-003  2.0999748e-003
  4.9549647e+002  2.0908882e-003  2.0908882e-003  2.0713742e-003
  4.9551046e+002  2.0614034e-003  2.0614034e-003  2.0433805e-003
  4.9552444e+002  2.0330190e-003  2.0330190e-003  2.0162437e-003
  4.9553843e+002  2.0058596e-003  2.0058596e-003  1.9900642e-003
  4.9555241e+002  1.9799779e-003  1.9799779e-003  1.9648282e-003
  4.9556640e+002  1.9554073e-003  1.9554073e-003  1.9405130e-003
  4.9558039e+002  1.9319230e-003  1.9319230e-003  1.9169999e-003
  4.9559437e+002  1.9091018e-003  1.9091018e-003  1.8940968e-003
  4.9560836e+002  1.8865502e-003  1.8865502e-003  1.8716249e-003
  4.9562234e+002  1.8644032e-003  1.8644032e-003  1.8496382e-003
  4.9563633e+002  1.8432052e-003  1.8432052e-003  1.8283708e-003
  4.9565032e+002  1.8234677e-003  1.8234677e-003  1.8080461e-003
  4.9566430e+002  1.8050388e-003  1.8050388e-003  1.7886481e-003
  4.9567829e+002  1.7872483e-003  1.7872483e-003  1.7699743e-003
  4.9569227e+002  1.7694539e-003  1.7694539e-003  1.7518257e-003
  4.9570626e+002  1.7516553e-003  1.7516553e-003  1.7341339e-003
  4.9572025e+002  1.7343578e-003  1.7343578e-003  1.7169332e-003
  4.9573423e+002  1.7180530e-003  1.7180530e-003  1.7002616e-003
  4.9574822e+002  1.7028054e-003  1.7028054e-003  1.6841685e-003
  4.9576220e+002  1.6883401e-003  1.6883401e-003  1.6687124e-003
  4.9577619e+002  1.6743848e-003  1.6743848e-003  1.6539410e-003
  4.9579018e+002  1.6608514e-003  1.6608514e-003  1.6397264e-003
  4.9580416e+002  1.6477987e-003  1.6477987e-003  1.6258002e-003
  4.9581815e+002  1.6352889e-003  1.6352889e-003  1.6119146e-003
  4.9583213e+002  1.6233673e-003  1.6233673e-003  1.5982181e-003
  4.9584612e+002  1.6120660e-003  1.6120660e-003  1.5851785e-003
  4.9586011e+002  1.6014093e-003  1.6014093e-003  1.5732398e-003
  4.9587409e+002  1.5913051e-003  1.5913051e-003  1.5623174e-003
  4.9588808e+002  1.5815667e-003  1.5815667e-003  1.5518967e-003
  4.9590206e+002  1.5720161e-003  1.5720161e-003  1.5414842e-003
  4.9591605e+002  1.5626655e-003  1.5626655e-003  1.5311382e-003
  4.9593004e+002  1.5536831e-003  1.5536831e-003  1.5213689e-003
  4.9594402e+002  1.5452377e-003  1.5452377e-003  1.5126685e-003
  4.9595801e+002  1.5374355e-003  1.5374355e-003  1.5050155e-003
  4.9597199e+002  1.5303308e-003  1.5303308e-003  1.4979642e-003
  4.9598598e+002  1.5239630e-003  1.5239630e-003  1.4910767e-003
  4.9599997e+002  1.5181435e-003  1.5181435e-003  1.4842600e-003
  4.9601395e+002  1.5124939e-003  1.5124939e-003  1.4777076e-003
  4.9602794e+002  1.5066533e-003  1.5066533e-003  1.4716220e-003
  4.9604192e+002  1.5006560e-003  1.5006560e-003  1.4662058e-003
  4.9605591e+002  1.4948672e-003  1.4948672e-003  1.4616615e-003
  4.9606990e+002  1.4896507e-003  1.4896507e-003  1.4581721e-003
  4.9608388e+002  1.4851707e-003  1.4851707e-003  1.4555774e-003
  4.9609787e+002  1.4814222e-003  1.4814222e-003  1.4534270e-003
  4.9611185e+002  1.4783856e-003  1.4783856e-003  1.4512911e-003
  4.9612584e+002  1.4758734e-003  1.4758734e-003  1.4492485e-003
  4.9613983e+002  1.4735552e-003  1.4735552e-003  1.4478118e-003
  4.9615381e+002  1.4711128e-003  1.4711128e-003  1.4474765e-003
  4.9616780e+002  1.4685251e-003  1.4685251e-003  1.4481898e-003
  4.9618178e+002  1.4660259e-003  1.4660259e-003  1.4494284e-003
  4.9619577e+002  1.4638478e-003  1.4638478e-003  1.4506841e-003
  4.9620976e+002  1.4620591e-003  1.4620591e-003  1.4519916e-003
  4.9622374e+002  1.4605852e-003  1.4605852e-003  1.4538553e-003
  4.9623773e+002  1.4593514e-003  1.4593514e-003  1.4567684e-003
  4.9625171e+002  1.4583614e-003  1.4583614e-003  1.4607366e-003
  4.9626570e+002  1.4576873e-003  1.4576873e-003  1.4653407e-003
  4.9627969e+002  1.4573955e-003  1.4573955e-003  1.4701624e-003
  4.9629367e+002  1.4574029e-003  1.4574029e-003  1.4750579e-003
  4.9630766e+002  1.4574956e-003  1.4574956e-003  1.4801245e-003
  4.9632164e+002  1.4574675e-003  1.4574675e-003  1.4854654e-003
  4.9633563e+002  1.4573485e-003  1.4573485e-003  1.4911354e-003
  4.9634962e+002  1.4573774e-003  1.4573774e-003  1.4971467e-003
  4.9636360e+002  1.4577880e-003  1.4577880e-003  1.5035057e-003
  4.9637759e+002  1.4585826e-003  1.4585826e-003  1.5101383e-003
  4.9639157e+002  1.4595569e-003  1.4595569e-003  1.5168988e-003
  4.9640556e+002  1.4605063e-003  1.4605063e-003  1.5236435e-003
  4.9641955e+002  1.4613559e-003  1.4613559e-003  1.5303179e-003
  4.9643353e+002  1.4621475e-003  1.4621475e-003  1.5369480e-003
  4.9644752e+002  1.4629267e-003  1.4629267e-003  1.5435625e-003
  4.9646150e+002  1.4637296e-003  1.4637296e-003  1.5501927e-003
  4.9647549e+002  1.4645839e-003  1.4645839e-003  1.5568721e-003
  4.9648948e+002  1.4655124e-003  1.4655124e-003  1.5636291e-003
  4.9650346e+002  1.4664461e-003  1.4664461e-003  1.5703941e-003
  4.9651745e+002  1.4672328e-003  1.4672328e-003  1.5770074e-003
  4.9653143e+002  1.4677219e-003  1.4677219e-003  1.5833120e-003
  4.9654542e+002  1.4678606e-003  1.4678606e-003  1.5892636e-003
  4.9655941e+002  1.4676861e-003  1.4676861e-003  1.5949226e-003
  4.9657339e+002  1.4672378e-003  1.4672378e-003  1.6003490e-003
  4.9658738e+002  1.4665317e-003  1.4665317e-003  1.6055249e-003
  4.9660136e+002  1.4655615e-003  1.4655615e-003  1.6103597e-003
  4.9661535e+002  1.4643202e-003  1.4643202e-003  1.6147565e-003
  4.9662934e+002  1.4627977e-003  1.4627977e-003  1.6185433e-003
  4.9664332e+002  1.4609814e-003  1.4609814e-003  1.6214781e-003
  4.9665731e+002  1.4588600e-003  1.4588600e-003  1.6233341e-003
  4.9667129e+002  1.4564575e-003  1.4564575e-003  1.6242612e-003
  4.9668528e+002  1.4538311e-003  1.4538311e-003  1.6247642e-003
  4.9669927e+002  1.4510327e-003  1.4510327e-003  1.6253327e-003
  4.9671325e+002  1.4479769e-003  1.4479769e-003  1.6258470e-003
  4.9672724e+002  1.4444480e-003  1.4444480e-003  1.6256077e-003
  4.9674122e+002  1.4402365e-003  1.4402365e-003  1.6239258e-003
  4.9675521e+002  1.4353736e-003  1.4353736e-003  1.6208119e-003
  4.9676920e+002  1.4301213e-003  1.4301213e-003  1.6169470e-003
  4.9678318e+002  1.4247377e-003  1.4247377e-003  1.6130131e-003
  4.9679717e+002  1.4191974e-003  1.4191974e-003  1.6091283e-003
  4.9681115e+002  1.4132014e-003  1.4132014e-003  1.6048665e-003
  4.9682514e+002  1.4064557e-003  1.4064557e-003  1.5997889e-003
  4.9683913e+002  1.3990186e-003  1.3990186e-003  1.5936634e-003
  4.9685311e+002  1.3912916e-003  1.3912916e-003  1.5864589e-003
  4.9686710e+002  1.3836759e-003  1.3836759e-003  1.5781651e-003
  4.9688108e+002  1.3762534e-003  1.3762534e-003  1.5690432e-003
  4.9689507e+002  1.3687926e-003  1.3687926e-003  1.5596210e-003
  4.9690906e+002  1.3610545e-003  1.3610545e-003  1.5504159e-003
  4.9692304e+002  1.3529219e-003  1.3529219e-003  1.5414582e-003
  4.9693703e+002  1.3443984e-003  1.3443984e-003  1.5322968e-003
  4.9695101e+002  1.3354970e-003  1.3354970e-003  1.5224750e-003
  4.9696500e+002  1.3263271e-003  1.3263271e-003  1.5118777e-003
  4.9697899e+002  1.3170942e-003  1.3170942e-003  1.5007298e-003
  4.9699297e+002  1.3079978e-003  1.3079978e-003  1.4892671e-003
  4.9700696e+002  1.2989963e-003  1.2989963e-003  1.4776435e-003
  4.9702094e+002  1.2898067e-003  1.2898067e-003  1.4659295e-003
  4.9703493e+002  1.2801493e-003  1.2801493e-003  1.4541920e-003
  4.9704892e+002  1.2700807e-003  1.2700807e-003  1.4424874e-003
  4.9706290e+002  1.2599973e-003  1.2599973e-003  1.4308618e-003
  4.9707689e+002  1.2502975e-003  1.2502975e-003  1.4193551e-003
  4.9709087e+002  1.2410686e-003  1.2410686e-003  1.4078668e-003
  4.9710486e+002  1.2320803e-003  1.2320803e-003  1.3961535e-003
  4.9711885e+002  1.2230934e-003  1.2230934e-003  1.3839782e-003
  4.9713283e+002  1.2139896e-003  1.2139896e-003  1.3714106e-003
  4.9714682e+002  1.2047757e-003  1.2047757e-003  1.3588360e-003
  4.9716080e+002  1.1954677e-003  1.1954677e-003  1.3466419e-003
  4.9717479e+002  1.1861673e-003  1.1861673e-003  1.3349140e-003
  4.9718878e+002  1.1770652e-003  1.1770652e-003  1.3234256e-003
  4.9720276e+002  1.1683480e-003  1.1683480e-003  1.3119400e-003
  4.9721675e+002  1.1599997e-003  1.1599997e-003  1.3003393e-003
  4.9723073e+002  1.1517924e-003  1.1517924e-003  1.2886291e-003
  4.9724472e+002  1.1434963e-003  1.1434963e-003  1.2768241e-003
  4.9725871e+002  1.1350875e-003  1.1350875e-003  1.2650252e-003
  4.9727269e+002  1.1267581e-003  1.1267581e-003  1.2534238e-003
  4.9728668e+002  1.1187067e-003  1.1187067e-003  1.2422076e-003
  4.9730066e+002  1.1110291e-003  1.1110291e-003  1.2313619e-003
  4.9731465e+002  1.1037120e-003  1.1037120e-003  1.2206564e-003
  4.9732864e+002  1.0967353e-003  1.0967353e-003  1.2098591e-003
  4.9734262e+002  1.0900272e-003  1.0900272e-003  1.1989468e-003
  4.9735661e+002  1.0834615e-003  1.0834615e-003  1.1881206e-003
  4.9737059e+002  1.0769112e-003  1.0769112e-003  1.1775876e-003
  4.9738458e+002  1.0702995e-003  1.0702995e-003  1.1674329e-003
  4.9739857e+002  1.0636043e-003  1.0636043e-003  1.1576098e-003
  4.9741255e+002  1.0568100e-003  1.0568100e-003  1.1480663e-003
  4.9742654e+002  1.0500049e-003  1.0500049e-003  1.1387746e-003
  4.9744052e+002  1.0433905e-003  1.0433905e-003  1.1297343e-003
  4.9745451e+002  1.0371660e-003  1.0371660e-003  1.1209467e-003
  4.9746850e+002  1.0313195e-003  1.0313195e-003  1.1124362e-003
  4.9748248e+002  1.0256080e-003  1.0256080e-003  1.1042520e-003
  4.9749647e+002  1.0197855e-003  1.0197855e-003  1.0964403e-003
  4.9751045e+002  1.0138389e-003  1.0138389e-003  1.0889322e-003
  4.9752444e+002  1.0080128e-003  1.0080128e-003  1.0815318e-003
  4.9753843e+002  1.0025572e-003  1.0025572e-003  1.0740431e-003
  4.9755241e+002  9.9750433e-004  9.9750433e-004  1.0664553e-003
  4.9756640e+002  9.9264436e-004  9.9264436e-004  1.0589635e-003
  4.9758038e+002  9.8775966e-004  9.8775966e-004  1.0517693e-003
  4.9759437e+002  9.8276825e-004  9.8276825e-004  1.0449510e-003
  4.9760836e+002  9.7774013e-004  9.7774013e-004  1.0384489e-003
  4.9762234e+002  9.7275074e-004  9.7275074e-004  1.0321980e-003
  4.9763633e+002  9.6780008e-004  9.6780008e-004  1.0261913e-003
  4.9765031e+002  9.6280292e-004  9.6280292e-004  1.0204876e-003
  4.9766430e+002  9.5767512e-004  9.5767512e-004  1.0151455e-003
  4.9767829e+002  9.5249858e-004  9.5249858e-004  1.0101141e-003
  4.9769227e+002  9.4754412e-004  9.4754412e-004  1.0052182e-003
  4.9770626e+002  9.4308148e-004  9.4308148e-004  1.0002802e-003
  4.9772024e+002  9.3904083e-004  9.3904083e-004  9.9525350e-004
  4.9773423e+002  9.3496289e-004  9.3496289e-004  9.9024152e-004
  4.9774822e+002  9.3038180e-004  9.3038180e-004  9.8535047e-004
  4.9776220e+002  9.2528197e-004  9.2528197e-004  9.8051942e-004
  4.9777619e+002  9.2016832e-004  9.2016832e-004  9.7549422e-004
  4.9779017e+002  9.1555929e-004  9.1555929e-004  9.7001940e-004
  4.9780416e+002  9.1149564e-004  9.1149564e-004  9.6413062e-004
  4.9781815e+002  9.0746152e-004  9.0746152e-004  9.5820282e-004
  4.9783213e+002  9.0292506e-004  9.0292506e-004  9.5262168e-004
  4.9784612e+002  8.9783583e-004  8.9783583e-004  9.4750999e-004
  4.9786010e+002  8.9270877e-004  8.9270877e-004  9.4268181e-004
  4.9787409e+002  8.8807626e-004  8.8807626e-004  9.3793454e-004
  4.9788808e+002  8.8399720e-004  8.8399720e-004  9.3309616e-004
  4.9790206e+002  8.7997001e-004  8.7997001e-004  9.2803094e-004
  4.9791605e+002  8.7547435e-004  8.7547435e-004  9.2260950e-004
  4.9793003e+002  8.7043238e-004  8.7043238e-004  9.1684109e-004
  4.9794402e+002  8.6529417e-004  8.6529417e-004  9.1090031e-004
  4.9795801e+002  8.6053062e-004  8.6053062e-004  9.0496837e-004
  4.9797199e+002  8.5628145e-004  8.5628145e-004  8.9912496e-004
  4.9798598e+002  8.5228815e-004  8.5228815e-004  8.9332768e-004
  4.9799996e+002  8.4827342e-004  8.4827342e-004  8.8752772e-004
  4.9801395e+002  8.4412236e-004  8.4412236e-004  8.8170387e-004
  4.9802794e+002  8.3991684e-004  8.3991684e-004  8.7586838e-004
  4.9804192e+002  8.3574823e-004  8.3574823e-004  8.7003521e-004
  4.9805591e+002  8.3162771e-004  8.3162771e-004  8.6420906e-004
  4.9806989e+002  8.2746855e-004  8.2746855e-004  8.5838323e-004
  4.9808388e+002  8.2318265e-004  8.2318265e-004  8.5255065e-004
  4.9809787e+002  8.1884018e-004  8.1884018e-004  8.4671389e-004
  4.9811185e+002  8.1470615e-004  8.1470615e-004  8.4088746e-004
  4.9812584e+002  8.1104863e-004  8.1104863e-004  8.3508573e-004
  4.9813982e+002  8.0782098e-004  8.0782098e-004  8.2929382e-004
  4.9815381e+002  8.0458606e-004  8.0458606e-004  8.2346042e-004
  4.9816780e+002  8.0089333e-004  8.0089333e-004  8.1753501e-004
  4.9818178e+002  7.9668358e-004  7.9668358e-004  8.1157411e-004
  4.9819577e+002  7.9238707e-004  7.9238707e-004  8.0576825e-004
  4.9820975e+002  7.8845640e-004  7.8845640e-004  8.0031186e-004
  4.9822374e+002  7.8503325e-004  7.8503325e-004  7.9523590e-004
  4.9823773e+002  7.8186736e-004  7.8186736e-004  7.9036514e-004
  4.9825171e+002  7.7868756e-004  7.7868756e-004  7.8551337e-004
  4.9826570e+002  7.7537452e-004  7.7537452e-004  7.8057378e-004
  4.9827968e+002  7.7200187e-004  7.7200187e-004  7.7554049e-004
  4.9829367e+002  7.6865400e-004  7.6865400e-004  7.7041622e-004
  4.9830766e+002  7.6535037e-004  7.6535037e-004  7.6528109e-004
  4.9832164e+002  7.6202726e-004  7.6202726e-004  7.6031439e-004
  4.9833563e+002  7.5861838e-004  7.5861838e-004  7.5569784e-004
  4.9834961e+002  7.5516544e-004  7.5516544e-004  7.5145676e-004
  4.9836360e+002  7.5184966e-004  7.5184966e-004  7.4741464e-004
  4.9837759e+002  7.4885797e-004  7.4885797e-004  7.4338382e-004
  4.9839157e+002  7.4624095e-004  7.4624095e-004  7.3926353e-004
  4.9840556e+002  7.4387178e-004  7.4387178e-004  7.3506604e-004
  4.9841954e+002  7.4161123e-004  7.4161123e-004  7.3081213e-004
  4.9843353e+002  7.3929911e-004  7.3929911e-004  7.2655996e-004
  4.9844752e+002  7.3674781e-004  7.3674781e-004  7.2241674e-004
  4.9846150e+002  7.3377325e-004  7.3377325e-004  7.1849283e-004
  4.9847549e+002  7.3040972e-004  7.3040972e-004  7.1489092e-004
  4.9848947e+002  7.2698016e-004  7.2698016e-004  7.1170363e-004
  4.9850346e+002  7.2382320e-004  7.2382320e-004  7.0901724e-004
  4.9851745e+002  7.2110741e-004  7.2110741e-004  7.0668522e-004
  4.9853143e+002  7.1877477e-004  7.1877477e-004  7.0425085e-004
  4.9854542e+002  7.1675182e-004  7.1675182e-004  7.0124745e-004
  4.9855940e+002  7.1497560e-004  7.1497560e-004  6.9769243e-004
  4.9857339e+002  7.1339727e-004  7.1339727e-004  6.9425340e-004
  4.9858738e+002  7.1196672e-004  7.1196672e-004  6.9163009e-004
  4.9860136e+002  7.1053640e-004  7.1053640e-004  6.8994554e-004
  4.9861535e+002  7.0882685e-004  7.0882685e-004  6.8854216e-004
  4.9862933e+002  7.0655792e-004  7.0655792e-004  6.8671794e-004
  4.9864332e+002  7.0382689e-004  7.0382689e-004  6.8424973e-004
  4.9865731e+002  7.0124597e-004  7.0124597e-004  6.8156781e-004
  4.9867129e+002  6.9945272e-004  6.9945272e-004  6.7914430e-004
  4.9868528e+002  6.9856592e-004  6.9856592e-004  6.7722500e-004
  4.9869926e+002  6.9799103e-004  6.9799103e-004  6.7574443e-004
  4.9871325e+002  6.9708971e-004  6.9708971e-004  6.7461415e-004
  4.9872724e+002  6.9559065e-004  6.9559065e-004  6.7373112e-004
  4.9874122e+002  6.9373128e-004  6.9373128e-004  6.7297205e-004
  4.9875521e+002  6.9178494e-004  6.9178494e-004  6.7221349e-004
  4.9876919e+002  6.8995606e-004  6.8995606e-004  6.7139472e-004
  4.9878318e+002  6.8835277e-004  6.8835277e-004  6.7054259e-004
  4.9879717e+002  6.8707411e-004  6.8707411e-004  6.6969011e-004
  4.9881115e+002  6.8613014e-004  6.8613014e-004  6.6885371e-004
  4.9882514e+002  6.8540550e-004  6.8540550e-004  6.6802646e-004
  4.9883912e+002  6.8477516e-004  6.8477516e-004  6.6719978e-004
  4.9885311e+002  6.8410194e-004  6.8410194e-004  6.6636900e-004
  4.9886710e+002  6.8323143e-004  6.8323143e-004  6.6553504e-004
  4.9888108e+002  6.8201072e-004  6.8201072e-004  6.6469927e-004
  4.9889507e+002  6.8042331e-004  6.8042331e-004  6.6386382e-004
  4.9890905e+002  6.7864792e-004  6.7864792e-004  6.6303187e-004
  4.9892304e+002  6.7687629e-004  6.7687629e-004  6.6220656e-004
  4.9893703e+002  6.7519949e-004  6.7519949e-004  6.6138414e-004
  4.9895101e+002  6.7356342e-004  6.7356342e-004  6.6055093e-004
  4.9896500e+002  6.7190371e-004  6.7190371e-004  6.5969300e-004
  4.9897898e+002  6.7020744e-004  6.7020744e-004  6.5882307e-004
  4.9899297e+002  6.6853658e-004  6.6853658e-004  6.5799265e-004
  4.9900696e+002  6.6695696e-004  6.6695696e-004  6.5725438e-004
  4.9902094e+002  6.6542914e-004  6.6542914e-004  6.5656159e-004
  4.9903493e+002  6.6375935e-004  6.6375935e-004  6.5572214e-004
  4.9904891e+002  6.6174450e-004  6.6174450e-004  6.5453525e-004
  4.9906290e+002  6.5933770e-004  6.5933770e-004  6.5295701e-004
  4.9907689e+002  6.5672277e-004  6.5672277e-004  6.5117531e-004
  4.9909087e+002  6.5410036e-004  6.5410036e-004  6.4939474e-004
  4.9910486e+002  6.5157521e-004  6.5157521e-004  6.4771528e-004
  4.9911884e+002  6.4910919e-004  6.4910919e-004  6.4608111e-004
  4.9913283e+002  6.4665290e-004  6.4665290e-004  6.4442465e-004
  4.9914682e+002  6.4417441e-004  6.4417441e-004  6.4272980e-004
  4.9916080e+002  6.4166810e-004  6.4166810e-004  6.4105767e-004
  4.9917479e+002  6.3913094e-004  6.3913094e-004  6.3947396e-004
  4.9918877e+002  6.3658515e-004  6.3658515e-004  6.3794313e-004
  4.9920276e+002  6.3409119e-004  6.3409119e-004  6.3627651e-004
  4.9921675e+002  6.3171065e-004  6.3171065e-004  6.3427516e-004
  4.9923073e+002  6.2938730e-004  6.2938730e-004  6.3188461e-004
  4.9924472e+002  6.2688520e-004  6.2688520e-004  6.2927066e-004
  4.9925870e+002  6.2395731e-004  6.2395731e-004  6.2661660e-004
  4.9927269e+002  6.2059413e-004  6.2059413e-004  6.2404376e-004
  4.9928668e+002  6.1715131e-004  6.1715131e-004  6.2157817e-004
  4.9930066e+002  6.1401206e-004  6.1401206e-004  6.1923605e-004
  4.9931465e+002  6.1134665e-004  6.1134665e-004  6.1693218e-004
  4.9932863e+002  6.0899536e-004  6.0899536e-004  6.1442404e-004
  4.9934262e+002  6.0677010e-004  6.0677010e-004  6.1145985e-004
  4.9935661e+002  6.0448270e-004  6.0448270e-004  6.0804877e-004
  4.9937059e+002  6.0194498e-004  6.0194498e-004  6.0460769e-004
  4.9938458e+002  5.9897210e-004  5.9897210e-004  6.0158368e-004
  4.9939856e+002  5.9558996e-004  5.9558996e-004  5.9909489e-004
  4.9941255e+002  5.9215640e-004  5.9215640e-004  5.9674136e-004
  4.9942654e+002  5.8905482e-004  5.8905482e-004  5.9408135e-004
  4.9944052e+002  5.8643572e-004  5.8643572e-004  5.9091635e-004
  4.9945451e+002  5.8407986e-004  5.8407986e-004  5.8743399e-004
  4.9946849e+002  5.8173687e-004  5.8173687e-004  5.8385563e-004
  4.9948248e+002  5.7927225e-004  5.7927225e-004  5.8036262e-004
  4.9949647e+002  5.7673690e-004  5.7673690e-004  5.7707228e-004
  4.9951045e+002  5.7419790e-004  5.7419790e-004  5.7409499e-004
  4.9952444e+002  5.7169149e-004  5.7169149e-004  5.7145967e-004
  4.9953842e+002  5.6920409e-004  5.6920409e-004  5.6906388e-004
  4.9955241e+002  5.6671772e-004  5.6671772e-004  5.6679275e-004
  4.9956640e+002  5.6422261e-004  5.6422261e-004  5.6449787e-004
  4.9958038e+002  5.6172240e-004  5.6172240e-004  5.6197631e-004
  4.9959437e+002  5.5922190e-004  5.5922190e-004  5.5902314e-004
  4.9960835e+002  5.5672374e-004  5.5672374e-004  5.5564737e-004
  4.9962234e+002  5.5422695e-004  5.5422695e-004  5.5220878e-004
  4.9963633e+002  5.5173024e-004  5.5173024e-004  5.4909650e-004
  4.9965031e+002  5.4923289e-004  5.4923289e-004  5.4647081e-004
  4.9966430e+002  5.4673519e-004  5.4673519e-004  5.4411365e-004
  4.9967828e+002  5.4423747e-004  5.4423747e-004  5.4177301e-004
  4.9969227e+002  5.4173993e-004  5.4173993e-004  5.3931018e-004
  4.9970626e+002  5.3924248e-004  5.3924248e-004  5.3677518e-004
  4.9972024e+002  5.3674498e-004  5.3674498e-004  5.3423552e-004
  4.9973423e+002  5.3424741e-004  5.3424741e-004  5.3172856e-004
  4.9974821e+002  5.3174988e-004  5.3174988e-004  5.2924106e-004
  4.9976220e+002  5.2925252e-004  5.2925252e-004  5.2675502e-004
  4.9977619e+002  5.2675526e-004  5.2675526e-004  5.2426030e-004
  4.9979017e+002  5.2425777e-004  5.2425777e-004  5.2176013e-004
  4.9980416e+002  5.2175965e-004  5.2175965e-004  5.1925897e-004
  4.9981814e+002  5.1926116e-004  5.1926116e-004  5.1675980e-004
  4.9983213e+002  5.1676360e-004  5.1676360e-004  5.1426296e-004
  4.9984612e+002  5.1426835e-004  5.1426835e-004  5.1176851e-004
  4.9986010e+002  5.1177450e-004  5.1177450e-004  5.0927483e-004
  4.9987409e+002  5.0927719e-004  5.0927719e-004  5.0677732e-004
  4.9988807e+002  5.0677126e-004  5.0677126e-004  5.0427122e-004
  4.9990206e+002  5.0426007e-004  5.0426007e-004  5.0176005e-004
  4.9991605e+002  5.0176176e-004  5.0176176e-004  4.9926180e-004
  4.9993003e+002  4.9929555e-004  4.9929555e-004  4.9679548e-004
  4.9994402e+002  4.9684910e-004  4.9684910e-004  4.9434878e-004
  4.9995800e+002  4.9435484e-004  4.9435484e-004  4.9185448e-004
  4.9997199e+002  4.9174093e-004  4.9174093e-004  4.8924117e-004
  4.9998598e+002  4.8905272e-004  4.8905272e-004  4.8655395e-004
  4.9999996e+002  4.8654215e-004  4.8654215e-004  4.8404346e-004
  5.0001395e+002  4.8447950e-004  4.8447950e-004  4.8197854e-004
  5.0002793e+002  4.8288672e-004  4.8288672e-004  4.8038204e-004
  5.0004192e+002  4.8134425e-004  4.8134425e-004  4.7883929e-004
  5.0005591e+002  4.7939045e-004  4.7939045e-004  4.7689392e-004
  5.0006989e+002  4.7687955e-004  4.7687955e-004  4.7439694e-004
  5.0008388e+002  4.7423201e-004  4.7423201e-004  4.7175049e-004
  5.0009786e+002  4.7192434e-004  4.7192434e-004  4.6941150e-004
  5.0011185e+002  4.7015908e-004  4.7015908e-004  4.6759424e-004
  5.0012584e+002  4.6864352e-004  4.6864352e-004  4.6607436e-004
  5.0013982e+002  4.6703522e-004  4.6703522e-004  4.6458252e-004
  5.0015381e+002  4.6521996e-004  4.6521996e-004  4.6296143e-004
  5.0016779e+002  4.6349937e-004  4.6349937e-004  4.6125792e-004
  5.0018178e+002  4.6221653e-004  4.6221653e-004  4.5954024e-004
  5.0019577e+002  4.6144177e-004  4.6144177e-004  4.5785302e-004
  5.0020975e+002  4.6074431e-004  4.6074431e-004  4.5619733e-004
  5.0022374e+002  4.5964268e-004  4.5964268e-004  4.5456944e-004
  5.0023772e+002  4.5797182e-004  4.5797182e-004  4.5294909e-004
  5.0025171e+002  4.5615282e-004  4.5615282e-004  4.5128539e-004
  5.0026570e+002  4.5466774e-004  4.5466774e-004  4.4952495e-004
  5.0027968e+002  4.5372908e-004  4.5372908e-004  4.4770353e-004
  5.0029367e+002  4.5304580e-004  4.5304580e-004  4.4602334e-004
  5.0030765e+002  4.5227380e-004  4.5227380e-004  4.4470334e-004
  5.0032164e+002  4.5129224e-004  4.5129224e-004  4.4380317e-004
  5.0033563e+002  4.5040077e-004  4.5040077e-004  4.4308237e-004
  5.0034961e+002  4.4994317e-004  4.4994317e-004  4.4226901e-004
  5.0036360e+002  4.4999694e-004  4.4999694e-004  4.4128151e-004
  5.0037758e+002  4.5013398e-004  4.5013398e-004  4.4039972e-004
  5.0039157e+002  4.4987237e-004  4.4987237e-004  4.3994172e-004
  5.0040556e+002  4.4903890e-004  4.4903890e-004  4.3997915e-004
  5.0041954e+002  4.4805131e-004  4.4805131e-004  4.4011188e-004
  5.0043353e+002  4.4739183e-004  4.4739183e-004  4.3988874e-004
  5.0044751e+002  4.4727996e-004  4.4727996e-004  4.3912419e-004
  5.0046150e+002  4.4742812e-004  4.4742812e-004  4.3814536e-004
  5.0047549e+002  4.4749263e-004  4.4749263e-004  4.3733688e-004
  5.0048947e+002  4.4734656e-004  4.4734656e-004  4.3696802e-004
  5.0050346e+002  4.4728471e-004  4.4728471e-004  4.3708347e-004
  5.0051744e+002  4.4764841e-004  4.4764841e-004  4.3770087e-004
  5.0053143e+002  4.4852340e-004  4.4852340e-004  4.3868788e-004
  5.0054542e+002  4.4949386e-004  4.4949386e-004  4.3961780e-004
  5.0055940e+002  4.5008781e-004  4.5008781e-004  4.4003254e-004
  5.0057339e+002  4.5011902e-004  4.5011902e-004  4.3983996e-004
  5.0058737e+002  4.4996661e-004  4.4996661e-004  4.3967209e-004
  5.0060136e+002  4.5007467e-004  4.5007467e-004  4.4024262e-004
  5.0061535e+002  4.5068788e-004  4.5068788e-004  4.4181366e-004
  5.0062933e+002  4.5165315e-004  4.5165315e-004  4.4374640e-004
  5.0064332e+002  4.5277018e-004  4.5277018e-004  4.4529807e-004
  5.0065730e+002  4.5383931e-004  4.5383931e-004  4.4614004e-004
  5.0067129e+002  4.5466212e-004  4.5466212e-004  4.4677671e-004
  5.0068528e+002  4.5504173e-004  4.5504173e-004  4.4780982e-004
  5.0069926e+002  4.5497561e-004  4.5497561e-004  4.4948523e-004
  5.0071325e+002  4.5485546e-004  4.5485546e-004  4.5132686e-004
  5.0072723e+002  4.5511889e-004  4.5511889e-004  4.5277352e-004
  5.0074122e+002  4.5593363e-004  4.5593363e-004  4.5359875e-004
  5.0075521e+002  4.5691546e-004  4.5691546e-004  4.5426066e-004
  5.0076919e+002  4.5761409e-004  4.5761409e-004  4.5529902e-004
  5.0078318e+002  4.5779324e-004  4.5779324e-004  4.5694130e-004
  5.0079716e+002  4.5765799e-004  4.5765799e-004  4.5877104e-004
  5.0081115e+002  4.5746737e-004  4.5746737e-004  4.6029379e-004
  5.0082514e+002  4.5739300e-004  4.5739300e-004  4.6126339e-004
  5.0083912e+002  4.5742485e-004  4.5742485e-004  4.6194987e-004
  5.0085311e+002  4.5753003e-004  4.5753003e-004  4.6268651e-004
  5.0086709e+002  4.5764713e-004  4.5764713e-004  4.6362181e-004
  5.0088108e+002  4.5765494e-004  4.5765494e-004  4.6451681e-004
  5.0089507e+002  4.5742496e-004  4.5742496e-004  4.6508471e-004
  5.0090905e+002  4.5686479e-004  4.5686479e-004  4.6520113e-004
  5.0092304e+002  4.5595848e-004  4.5595848e-004  4.6508513e-004
  5.0093702e+002  4.5470005e-004  4.5470005e-004  4.6499863e-004
  5.0095101e+002  4.5313041e-004  4.5313041e-004  4.6506521e-004
  5.0096500e+002  4.5139043e-004  4.5139043e-004  4.6511355e-004
  5.0097898e+002  4.4963350e-004  4.4963350e-004  4.6493480e-004
  5.0099297e+002  4.4795231e-004  4.4795231e-004  4.6438693e-004
  5.0100695e+002  4.4630905e-004  4.4630905e-004  4.6347154e-004
  5.0102094e+002  4.4464918e-004  4.4464918e-004  4.6220906e-004
  5.0103493e+002  4.4295285e-004  4.4295285e-004  4.6065113e-004
  5.0104891e+002  4.4127539e-004  4.4127539e-004  4.5891712e-004
  5.0106290e+002  4.3968157e-004  4.3968157e-004  4.5713511e-004
  5.0107688e+002  4.3815827e-004  4.3815827e-004  4.5540230e-004
  5.0109087e+002  4.3652202e-004  4.3652202e-004  4.5374828e-004
  5.0110486e+002  4.3456740e-004  4.3456740e-004  4.5219341e-004
  5.0111884e+002  4.3220625e-004  4.3220625e-004  4.5069192e-004
  5.0113283e+002  4.2960898e-004  4.2960898e-004  4.4905235e-004
  5.0114681e+002  4.2698013e-004  4.2698013e-004  4.4706440e-004
  5.0116080e+002  4.2444924e-004  4.2444924e-004  4.4465388e-004
  5.0117479e+002  4.2197904e-004  4.2197904e-004  4.4204917e-004
  5.0118877e+002  4.1950988e-004  4.1950988e-004  4.3951870e-004
  5.0120276e+002  4.1700857e-004  4.1700857e-004  4.3716731e-004
  5.0121674e+002  4.1450115e-004  4.1450115e-004  4.3473306e-004
  5.0123073e+002  4.1202162e-004  4.1202162e-004  4.3190496e-004
  5.0124472e+002  4.0957295e-004  4.0957295e-004  4.2857794e-004
  5.0125870e+002  4.0708807e-004  4.0708807e-004  4.2511245e-004
  5.0127269e+002  4.0449065e-004  4.0449065e-004  4.2193210e-004
  5.0128667e+002  4.0180144e-004  4.0180144e-004  4.1926540e-004
  5.0130066e+002  3.9926250e-004  3.9926250e-004  4.1689603e-004
  5.0131465e+002  3.9714578e-004  3.9714578e-004  4.1454637e-004
  5.0132863e+002  3.9552101e-004  3.9552101e-004  4.1205246e-004
  5.0134262e+002  3.9399288e-004  3.9399288e-004  4.0951161e-004
  5.0135660e+002  3.9210189e-004  3.9210189e-004  4.0705731e-004
  5.0137059e+002  3.8964103e-004  3.8964103e-004  4.0471584e-004
  5.0138458e+002  3.8698879e-004  3.8698879e-004  4.0226476e-004
  5.0139856e+002  3.8460572e-004  3.8460572e-004  3.9944705e-004
  5.0141255e+002  3.8275158e-004  3.8275158e-004  3.9616897e-004
  5.0142653e+002  3.8121648e-004  3.8121648e-004  3.9271866e-004
  5.0144052e+002  3.7972380e-004  3.7972380e-004  3.8943844e-004
  5.0145451e+002  3.7809678e-004  3.7809678e-004  3.8657667e-004
  5.0146849e+002  3.7639411e-004  3.7639411e-004  3.8416007e-004
  5.0148248e+002  3.7470824e-004  3.7470824e-004  3.8218309e-004
  5.0149646e+002  3.7308170e-004  3.7308170e-004  3.8055533e-004
  5.0151045e+002  3.7143820e-004  3.7143820e-004  3.7898450e-004
  5.0152444e+002  3.6968449e-004  3.6968449e-004  3.7714936e-004
  5.0153842e+002  3.6782724e-004  3.6782724e-004  3.7486337e-004
  5.0155241e+002  3.6611292e-004  3.6611292e-004  3.7226323e-004
  5.0156639e+002  3.6482260e-004  3.6482260e-004  3.6953311e-004
  5.0158038e+002  3.6403612e-004  3.6403612e-004  3.6684515e-004
  5.0159437e+002  3.6334640e-004  3.6334640e-004  3.6434248e-004
  5.0160835e+002  3.6227493e-004  3.6227493e-004  3.6216365e-004
  5.0162234e+002  3.6060757e-004  3.6060757e-004  3.6036207e-004
  5.0163632e+002  3.5877544e-004  3.5877544e-004  3.5878330e-004
  5.0165031e+002  3.5730549e-004  3.5730549e-004  3.5724197e-004
  5.0166430e+002  3.5645058e-004  3.5645058e-004  3.5561398e-004
  5.0167828e+002  3.5578884e-004  3.5578884e-004  3.5392602e-004
  5.0169227e+002  3.5479715e-004  3.5479715e-004  3.5222751e-004
  5.0170625e+002  3.5320690e-004  3.5320690e-004  3.5055189e-004
  5.0172024e+002  3.5138149e-004  3.5138149e-004  3.4889284e-004
  5.0173423e+002  3.4978031e-004  3.4978031e-004  3.4723801e-004
  5.0174821e+002  3.4869126e-004  3.4869126e-004  3.4557819e-004
  5.0176220e+002  3.4797277e-004  3.4797277e-004  3.4391221e-004
  5.0177618e+002  3.4741718e-004  3.4741718e-004  3.4224007e-004
  5.0179017e+002  3.4682312e-004  3.4682312e-004  3.4056495e-004
  5.0180416e+002  3.4600515e-004  3.4600515e-004  3.3889789e-004
  5.0181814e+002  3.4478066e-004  3.4478066e-004  3.3725113e-004
  5.0183213e+002  3.4311098e-004  3.4311098e-004  3.3562136e-004
  5.0184611e+002  3.4132419e-004  3.4132419e-004  3.3396568e-004
  5.0186010e+002  3.3980555e-004  3.3980555e-004  3.3223508e-004
  5.0187409e+002  3.3878014e-004  3.3878014e-004  3.3043923e-004
  5.0188807e+002  3.3806140e-004  3.3806140e-004  3.2873847e-004
  5.0190206e+002  3.3739774e-004  3.3739774e-004  3.2731685e-004
  5.0191604e+002  3.3661721e-004  3.3661721e-004  3.2627905e-004
  5.0193003e+002  3.3575435e-004  3.3575435e-004  3.2552414e-004
  5.0194402e+002  3.3487667e-004  3.3487667e-004  3.2491822e-004
  5.0195800e+002  3.3403038e-004  3.3403038e-004  3.2431037e-004
  5.0197199e+002  3.3320603e-004  3.3320603e-004  3.2350503e-004
  5.0198597e+002  3.3238522e-004  3.3238522e-004  3.2229974e-004
  5.0199996e+002  3.3155556e-004  3.3155556e-004  3.2063796e-004
  5.0201395e+002  3.3072063e-004  3.3072063e-004  3.1884792e-004
  5.0202793e+002  3.2988659e-004  3.2988659e-004  3.1732028e-004
  5.0204192e+002  3.2905657e-004  3.2905657e-004  3.1628854e-004
  5.0205590e+002  3.2822566e-004  3.2822566e-004  3.1556824e-004
  5.0206989e+002  3.2738763e-004  3.2738763e-004  3.1490633e-004
  5.0208388e+002  3.2654232e-004  3.2654232e-004  3.1412750e-004
  5.0209786e+002  3.2570581e-004  3.2570581e-004  3.1326506e-004
  5.0211185e+002  3.2489683e-004  3.2489683e-004  3.1238691e-004
  5.0212583e+002  3.2411308e-004  3.2411308e-004  3.1154017e-004
  5.0213982e+002  3.2329522e-004  3.2329522e-004  3.1071571e-004
  5.0215381e+002  3.2237450e-004  3.2237450e-004  3.0989503e-004
  5.0216779e+002  3.2135980e-004  3.2135980e-004  3.0906549e-004
  5.0218178e+002  3.2047201e-004  3.2047201e-004  3.0823057e-004
  5.0219576e+002  3.1996765e-004  3.1996765e-004  3.0739648e-004
  5.0220975e+002  3.1994681e-004  3.1994681e-004  3.0656645e-004
  5.0222374e+002  3.2007884e-004  3.2007884e-004  3.0573560e-004
  5.0223772e+002  3.1995979e-004  3.1995979e-004  3.0489765e-004
  5.0225171e+002  3.1933984e-004  3.1933984e-004  3.0405227e-004
  5.0226569e+002  3.1839736e-004  3.1839736e-004  3.0321551e-004
  5.0227968e+002  3.1738433e-004  3.1738433e-004  3.0240625e-004
  5.0229367e+002  3.1648229e-004  3.1648229e-004  3.0162281e-004
  5.0230765e+002  3.1567524e-004  3.1567524e-004  3.0080587e-004
  5.0232164e+002  3.1491284e-004  3.1491284e-004  2.9988619e-004
  5.0233562e+002  3.1414467e-004  3.1414467e-004  2.9887033e-004
  5.0234961e+002  3.1332000e-004  3.1332000e-004  2.9797911e-004
  5.0236360e+002  3.1238814e-004  3.1238814e-004  2.9747080e-004
  5.0237758e+002  3.1136819e-004  3.1136819e-004  2.9745013e-004
  5.0239157e+002  3.1047834e-004  3.1047834e-004  2.9758417e-004
  5.0240555e+002  3.0997184e-004  3.0997184e-004  2.9746262e-004
  5.0241954e+002  3.0995112e-004  3.0995112e-004  2.9683139e-004
  5.0243353e+002  3.1008472e-004  3.1008472e-004  2.9588580e-004
  5.0244751e+002  3.0996377e-004  3.0996377e-004  2.9490137e-004
  5.0246150e+002  3.0933392e-004  3.0933392e-004  2.9406016e-004
  5.0247548e+002  3.0838912e-004  3.0838912e-004  2.9327298e-004
  5.0248947e+002  3.0740410e-004  3.0740410e-004  2.9240180e-004
  5.0250346e+002  3.0656143e-004  3.0656143e-004  2.9140161e-004
  5.0251744e+002  3.0577386e-004  3.0577386e-004  2.9049966e-004
  5.0253143e+002  3.0490509e-004  3.0490509e-004  2.8997264e-004
  5.0254541e+002  3.0390936e-004  3.0390936e-004  2.8994334e-004
  5.0255940e+002  3.0300820e-004  3.0300820e-004  2.9007998e-004
  5.0257339e+002  3.0247214e-004  3.0247214e-004  2.8996741e-004
  5.0258737e+002  3.0242544e-004  3.0242544e-004  2.8934311e-004
  5.0260136e+002  3.0255658e-004  3.0255658e-004  2.8839922e-004
  5.0261534e+002  3.0247335e-004  3.0247335e-004  2.8741217e-004
  5.0262933e+002  3.0191116e-004  3.0191116e-004  2.8656791e-004
  5.0264332e+002  3.0098903e-004  3.0098903e-004  2.8578061e-004
  5.0265730e+002  2.9989778e-004  2.9989778e-004  2.8491362e-004
  5.0267129e+002  2.9882651e-004  2.9882651e-004  2.8391869e-004
  5.0268527e+002  2.9795916e-004  2.9795916e-004  2.8301553e-004
  5.0269926e+002  2.9747866e-004  2.9747866e-004  2.8247438e-004
  5.0271325e+002  2.9744904e-004  2.9744904e-004  2.8242310e-004
  5.0272723e+002  2.9757078e-004  2.9757078e-004  2.8255399e-004
  5.0274122e+002  2.9747511e-004  2.9747511e-004  2.8247642e-004
  5.0275520e+002  2.9691151e-004  2.9691151e-004  2.8192270e-004
  5.0276919e+002  2.9599432e-004  2.9599432e-004  2.8100454e-004
  5.0278318e+002  2.9490805e-004  2.9490805e-004  2.7990660e-004
  5.0279716e+002  2.9383726e-004  2.9383726e-004  2.7881805e-004
  5.0281115e+002  2.9296658e-004  2.9296658e-004  2.7794210e-004
  5.0282513e+002  2.9248064e-004  2.9248064e-004  2.7748464e-004
  5.0283912e+002  2.9244761e-004  2.9244761e-004  2.7751268e-004
  5.0285311e+002  2.9256982e-004  2.9256982e-004  2.7765715e-004
  5.0286709e+002  2.9247801e-004  2.9247801e-004  2.7746359e-004
  5.0288108e+002  2.9191845e-004  2.9191845e-004  2.7667752e-004
  5.0289506e+002  2.9100355e-004  2.9100355e-004  2.7567802e-004
  5.0290905e+002  2.8991804e-004  2.8991804e-004  2.7496934e-004
  5.0292304e+002  2.8884657e-004  2.8884657e-004  2.7485733e-004
  5.0293702e+002  2.8797340e-004  2.8797340e-004  2.7501356e-004
  5.0295101e+002  2.8748268e-004  2.8748268e-004  2.7498310e-004
  5.0296499e+002  2.8744539e-004  2.8744539e-004  2.7444696e-004
  5.0297898e+002  2.8756739e-004  2.8756739e-004  2.7352462e-004
  5.0299297e+002  2.8748109e-004  2.8748109e-004  2.7242379e-004
  5.0300695e+002  2.8693002e-004  2.8693002e-004  2.7134611e-004
  5.0302094e+002  2.8601920e-004  2.8601920e-004  2.7047361e-004
  5.0303492e+002  2.8492713e-004  2.8492713e-004  2.6998426e-004
  5.0304891e+002  2.8383815e-004  2.8383815e-004  2.6994632e-004
  5.0306290e+002  2.8295591e-004  2.8295591e-004  2.7006779e-004
  5.0307688e+002  2.8248797e-004  2.8248797e-004  2.6998284e-004
  5.0309087e+002  2.8250934e-004  2.8250934e-004  2.6943437e-004
  5.0310485e+002  2.8265590e-004  2.8265590e-004  2.6852548e-004
  5.0311884e+002  2.8247273e-004  2.8247273e-004  2.6743375e-004
  5.0313283e+002  2.8169524e-004  2.8169524e-004  2.6634309e-004
  5.0314681e+002  2.8069508e-004  2.8069508e-004  2.6545847e-004
  5.0316080e+002  2.7997664e-004  2.7997664e-004  2.6498926e-004
  5.0317478e+002  2.7985559e-004  2.7985559e-004  2.6501289e-004
  5.0318877e+002  2.8001101e-004  2.8001101e-004  2.6516184e-004
  5.0320276e+002  2.7998796e-004  2.7998796e-004  2.6497491e-004
  5.0321674e+002  2.7946076e-004  2.7946076e-004  2.6418383e-004
  5.0323073e+002  2.7854356e-004  2.7854356e-004  2.6317681e-004
  5.0324471e+002  2.7744400e-004  2.7744400e-004  2.6248156e-004
  5.0325870e+002  2.7636404e-004  2.7636404e-004  2.6241889e-004
  5.0327269e+002  2.7548618e-004  2.7548618e-004  2.6259921e-004
  5.0328667e+002  2.7498871e-004  2.7498871e-004  2.6248064e-004
  5.0330066e+002  2.7494536e-004  2.7494536e-004  2.6172725e-004
  5.0331464e+002  2.7506753e-004  2.7506753e-004  2.6071679e-004
  5.0332863e+002  2.7498823e-004  2.7498823e-004  2.5998144e-004
  5.0334262e+002  2.7444485e-004  2.7444485e-004  2.5986107e-004
  5.0335660e+002  2.7353962e-004  2.7353962e-004  2.6002343e-004
  5.0337059e+002  2.7245440e-004  2.7245440e-004  2.5998954e-004
  5.0338457e+002  2.7137326e-004  2.7137326e-004  2.5942274e-004
  5.0339856e+002  2.7048786e-004  2.7048786e-004  2.5848848e-004
  5.0341255e+002  2.6999154e-004  2.6999154e-004  2.5746282e-004
  5.0342653e+002  2.6996648e-004  2.6996648e-004  2.5655688e-004
  5.0344052e+002  2.7009925e-004  2.7009925e-004  2.5575068e-004
  5.0345450e+002  2.6998847e-004  2.6998847e-004  2.5497283e-004
  5.0346849e+002  2.6936355e-004  2.6936355e-004  2.5416694e-004
  5.0348248e+002  2.6842354e-004  2.6842354e-004  2.5333038e-004
  5.0349646e+002  2.6747285e-004  2.6747285e-004  2.5247259e-004
  5.0351045e+002  2.6671177e-004  2.6671177e-004  2.5160746e-004
  5.0352443e+002  2.6596332e-004  2.6596332e-004  2.5076495e-004
  5.0353842e+002  2.6496510e-004  2.6496510e-004  2.4997869e-004
  5.0355241e+002  2.6353735e-004  2.6353735e-004  2.4924995e-004
  5.0356639e+002  2.6180233e-004  2.6180233e-004  2.4846184e-004
  5.0358038e+002  2.5995130e-004  2.5995130e-004  2.4747043e-004
  5.0359436e+002  2.5815025e-004  2.5815025e-004  2.4615567e-004
  5.0360835e+002  2.5647190e-004  2.5647190e-004  2.4448541e-004
  5.0362234e+002  2.5496747e-004  2.5496747e-004  2.4244777e-004
  5.0363632e+002  2.5360812e-004  2.5360812e-004  2.4006726e-004
  5.0365031e+002  2.5206701e-004  2.5206701e-004  2.3750379e-004
  5.0366429e+002  2.4994798e-004  2.4994798e-004  2.3494876e-004
  5.0367828e+002  2.4700064e-004  2.4700064e-004  2.3252418e-004
  5.0369227e+002  2.4352213e-004  2.4352213e-004  2.3009136e-004
  5.0370625e+002  2.3993809e-004  2.3993809e-004  2.2745046e-004
  5.0372024e+002  2.3656439e-004  2.3656439e-004  2.2444629e-004
  5.0373422e+002  2.3330094e-004  2.3330094e-004  2.2109286e-004
  5.0374821e+002  2.2994911e-004  2.2994911e-004  2.1744431e-004
  5.0376220e+002  2.2631266e-004  2.2631266e-004  2.1354240e-004
  5.0377618e+002  2.2220436e-004  2.2220436e-004  2.0938181e-004
  5.0379017e+002  2.1743914e-004  2.1743914e-004  2.0494597e-004
  5.0380415e+002  2.1193042e-004  2.1193042e-004  2.0022325e-004
  5.0381814e+002  2.0597155e-004  2.0597155e-004  1.9522126e-004
  5.0383213e+002  1.9994750e-004  1.9994750e-004  1.8995225e-004
  5.0384611e+002  1.9413506e-004  1.9413506e-004  1.8442082e-004
  5.0386010e+002  1.8838966e-004  1.8838966e-004  1.7860183e-004
  5.0387408e+002  1.8246423e-004  1.8246423e-004  1.7246291e-004
  5.0388807e+002  1.7616201e-004  1.7616201e-004  1.6599707e-004
  5.0390206e+002  1.6948389e-004  1.6948389e-004  1.5929707e-004
  5.0391604e+002  1.6247928e-004  1.6247928e-004  1.5248018e-004
  5.0393003e+002  1.5519759e-004  1.5519759e-004  1.4566363e-004
  5.0394401e+002  1.4768824e-004  1.4768824e-004  1.3896469e-004
  5.0395800e+002  1.4000065e-004  1.4000065e-004  1.3250061e-004
